,站号,站名,地市,区县,镇街,日期,AvgTemp,MaxTemp,MinTemp,Precip20h,SunDur
1,57988,乐昌,韶关,乐昌市,乐城街道,2025-01-01,12.2,20.8,6.4,.0,9.4
2,57988,乐昌,韶关,乐昌市,乐城街道,2025-01-02,14.7,22.9,8.3,.0,9.5
3,57988,乐昌,韶关,乐昌市,乐城街道,2025-01-03,14.0,20.7,9.3,.0,9.2
4,57988,乐昌,韶关,乐昌市,乐城街道,2025-01-04,11.7,19.8,5.9,.0,9.4
5,57988,乐昌,韶关,乐昌市,乐城街道,2025-01-05,13.8,18.6,9.7,.0,8.5
6,57988,乐昌,韶关,乐昌市,乐城街道,2025-01-06,11.4,19.8,5.5,.0,9.1
7,57988,乐昌,韶关,乐昌市,乐城街道,2025-01-07,11.7,19.2,6.2,.0,8.7
8,57988,乐昌,韶关,乐昌市,乐城街道,2025-01-08,12.8,18.7,8.3,.0,6.5
9,57988,乐昌,韶关,乐昌市,乐城街道,2025-01-09,10.0,14.9,8.2,.0,4.6
10,57988,乐昌,韶关,乐昌市,乐城街道,2025-01-10,8.6,14.2,4.2,.0,9.6
11,57988,乐昌,韶关,乐昌市,乐城街道,2025-01-11,9.8,14.6,7.1,.0,6.4
12,57988,乐昌,韶关,乐昌市,乐城街道,2025-01-12,8.6,18.6,1.5,.0,9.8
13,57988,乐昌,韶关,乐昌市,乐城街道,2025-01-13,10.3,20.5,3.0,.0,9.8
14,57988,乐昌,韶关,乐昌市,乐城街道,2025-01-14,14.3,22.7,7.3,.0,6.0
15,57988,乐昌,韶关,乐昌市,乐城街道,2025-01-15,14.9,19.1,11.9,.0,8.4
16,57988,乐昌,韶关,乐昌市,乐城街道,2025-01-16,11.4,18.8,6.5,.0,9.5
17,57988,乐昌,韶关,乐昌市,乐城街道,2025-01-17,10.2,18.5,4.1,.0,9.7
18,57988,乐昌,韶关,乐昌市,乐城街道,2025-01-18,11.3,21.2,4.5,.0,9.6
19,57988,乐昌,韶关,乐昌市,乐城街道,2025-01-19,13.3,21.8,6.6,.0,9.4
20,57988,乐昌,韶关,乐昌市,乐城街道,2025-01-20,13.8,21.9,7.7,.0,9.4
21,57988,乐昌,韶关,乐昌市,乐城街道,2025-01-21,13.9,22.6,7.3,.0,9.2
22,57988,乐昌,韶关,乐昌市,乐城街道,2025-01-22,16.1,23.2,11.2,.0,4.7
23,57988,乐昌,韶关,乐昌市,乐城街道,2025-01-23,17.2,23.6,12.1,.0,4.0
24,57988,乐昌,韶关,乐昌市,乐城街道,2025-01-24,17.3,21.5,14.7,.0,2.2
25,57988,乐昌,韶关,乐昌市,乐城街道,2025-01-25,16.1,20.8,12.3,.0,1.1
26,57988,乐昌,韶关,乐昌市,乐城街道,2025-01-26,7.0,12.3,6.3,.6,.0
27,57988,乐昌,韶关,乐昌市,乐城街道,2025-01-27,8.2,16.5,2.8,.0,9.9
28,57988,乐昌,韶关,乐昌市,乐城街道,2025-01-28,10.3,17.7,5.8,.0,8.7
29,57988,乐昌,韶关,乐昌市,乐城街道,2025-01-29,9.6,15.0,6.7,.0,1.2
30,57988,乐昌,韶关,乐昌市,乐城街道,2025-01-30,12.3,20.5,6.3,.0,5.1
31,57988,乐昌,韶关,乐昌市,乐城街道,2025-01-31,16.4,20.9,12.9,.0,.1
32,57988,乐昌,韶关,乐昌市,乐城街道,2025-02-01,14.2,18.4,12.3,.0,.0
33,57988,乐昌,韶关,乐昌市,乐城街道,2025-02-02,9.2,12.4,7.8,2.4,.0
34,57988,乐昌,韶关,乐昌市,乐城街道,2025-02-03,7.6,8.7,6.5,1.9,.0
35,57988,乐昌,韶关,乐昌市,乐城街道,2025-02-04,10.1,16.7,5.1,.0,10.0
36,57988,乐昌,韶关,乐昌市,乐城街道,2025-02-05,7.5,10.8,3.3,.0,1.4
37,57988,乐昌,韶关,乐昌市,乐城街道,2025-02-06,9.6,11.2,8.6,.0,.0
38,57988,乐昌,韶关,乐昌市,乐城街道,2025-02-07,8.2,9.9,7.5,4.4,.0
39,57988,乐昌,韶关,乐昌市,乐城街道,2025-02-08,8.2,11.2,6.2,.0,2.3
40,57988,乐昌,韶关,乐昌市,乐城街道,2025-02-09,6.9,14.9,1.0,.0,10.2
41,57988,乐昌,韶关,乐昌市,乐城街道,2025-02-10,9.7,15.6,5.6,.0,2.1
42,57988,乐昌,韶关,乐昌市,乐城街道,2025-02-11,12.8,20.6,7.1,.0,8.6
43,57988,乐昌,韶关,乐昌市,乐城街道,2025-02-12,14.1,23.9,10.6,.0,8.1
44,57988,乐昌,韶关,乐昌市,乐城街道,2025-02-13,13.0,19.7,9.3,.0,7.0
45,57988,乐昌,韶关,乐昌市,乐城街道,2025-02-14,16.2,23.7,11.2,.0,8.4
46,57988,乐昌,韶关,乐昌市,乐城街道,2025-02-15,14.7,18.0,12.9,.0,.0
47,57988,乐昌,韶关,乐昌市,乐城街道,2025-02-16,12.0,13.3,10.9,.1,.0
48,57988,乐昌,韶关,乐昌市,乐城街道,2025-02-17,12.6,16.1,10.9,.0,.6
49,57988,乐昌,韶关,乐昌市,乐城街道,2025-02-18,11.3,13.3,10.1,.0,.0
50,57988,乐昌,韶关,乐昌市,乐城街道,2025-02-19,12.6,15.7,10.7,.0,.3
51,57988,乐昌,韶关,乐昌市,乐城街道,2025-02-20,13.1,17.0,11.7,.0,.0
52,57988,乐昌,韶关,乐昌市,乐城街道,2025-02-21,11.0,12.4,9.4,6.4,.0
53,57988,乐昌,韶关,乐昌市,乐城街道,2025-02-22,10.9,12.0,10.4,.1,.0
54,57988,乐昌,韶关,乐昌市,乐城街道,2025-02-23,9.8,12.2,8.9,.2,.0
55,57988,乐昌,韶关,乐昌市,乐城街道,2025-02-24,11.1,17.5,7.3,.0,9.9
56,57988,乐昌,韶关,乐昌市,乐城街道,2025-02-25,11.3,13.2,9.7,.0,.0
57,57988,乐昌,韶关,乐昌市,乐城街道,2025-02-26,13.3,17.9,9.8,.0,1.7
58,57988,乐昌,韶关,乐昌市,乐城街道,2025-02-27,14.5,17.7,12.0,3.7,.0
59,57988,乐昌,韶关,乐昌市,乐城街道,2025-02-28,18.6,26.7,13.1,.0,8.0
60,57988,乐昌,韶关,乐昌市,乐城街道,2025-03-01,21.2,27.2,16.4,.0,4.1
61,57988,乐昌,韶关,乐昌市,乐城街道,2025-03-02,23.7,30.6,18.3,.0,9.5
62,57988,乐昌,韶关,乐昌市,乐城街道,2025-03-03,20.3,25.7,17.8,1.7,2.9
63,57988,乐昌,韶关,乐昌市,乐城街道,2025-03-04,9.5,17.7,7.8,9.7,.0
64,57988,乐昌,韶关,乐昌市,乐城街道,2025-03-05,7.4,8.9,6.4,6.2,.0
65,57988,乐昌,韶关,乐昌市,乐城街道,2025-03-06,8.5,11.7,6.8,.4,.0
66,57988,乐昌,韶关,乐昌市,乐城街道,2025-03-07,9.3,11.8,7.2,13.8,.0
67,57988,乐昌,韶关,乐昌市,乐城街道,2025-03-08,11.0,14.3,8.5,1.8,.4
68,57988,乐昌,韶关,乐昌市,乐城街道,2025-03-09,14.4,19.0,11.6,.0,1.2
69,57988,乐昌,韶关,乐昌市,乐城街道,2025-03-10,17.5,23.4,13.2,.0,2.9
70,57988,乐昌,韶关,乐昌市,乐城街道,2025-03-11,20.1,24.5,16.2,.9,.1
71,57988,乐昌,韶关,乐昌市,乐城街道,2025-03-12,23.5,30.7,17.9,.0,6.3
72,57988,乐昌,韶关,乐昌市,乐城街道,2025-03-13,22.7,29.6,19.1,.0,4.5
73,57988,乐昌,韶关,乐昌市,乐城街道,2025-03-14,19.1,22.5,17.4,12.4,.0
74,57988,乐昌,韶关,乐昌市,乐城街道,2025-03-15,13.5,19.3,10.9,4.1,.0
75,57988,乐昌,韶关,乐昌市,乐城街道,2025-03-16,12.1,14.4,10.1,.0,1.1
76,57988,乐昌,韶关,乐昌市,乐城街道,2025-03-17,13.1,18.4,10.5,.0,4.5
77,57988,乐昌,韶关,乐昌市,乐城街道,2025-03-18,14.3,21.9,9.3,2.3,9.9
78,57988,乐昌,韶关,乐昌市,乐城街道,2025-03-19,15.5,24.0,8.7,.0,11.1
79,57988,乐昌,韶关,乐昌市,乐城街道,2025-03-20,16.2,25.5,9.3,.0,11.3
80,57988,乐昌,韶关,乐昌市,乐城街道,2025-03-21,17.6,27.4,10.0,.0,11.3
81,57988,乐昌,韶关,乐昌市,乐城街道,2025-03-22,18.9,28.1,11.0,.0,11.0
82,57988,乐昌,韶关,乐昌市,乐城街道,2025-03-23,20.7,29.2,13.2,.0,9.7
83,57988,乐昌,韶关,乐昌市,乐城街道,2025-03-24,22.8,31.2,15.7,.0,10.7
84,57988,乐昌,韶关,乐昌市,乐城街道,2025-03-25,23.6,32.2,16.6,.0,10.6
85,57988,乐昌,韶关,乐昌市,乐城街道,2025-03-26,24.4,30.8,18.7,.0,9.4
86,57988,乐昌,韶关,乐昌市,乐城街道,2025-03-27,23.7,28.2,20.7,.0,3.5
87,57988,乐昌,韶关,乐昌市,乐城街道,2025-03-28,16.1,24.7,11.3,.8,.0
88,57988,乐昌,韶关,乐昌市,乐城街道,2025-03-29,9.0,11.5,7.4,31.3,.0
89,57988,乐昌,韶关,乐昌市,乐城街道,2025-03-30,7.8,9.0,7.0,5.8,.0
90,57988,乐昌,韶关,乐昌市,乐城街道,2025-03-31,8.7,10.6,7.3,.4,.0
91,57988,乐昌,韶关,乐昌市,乐城街道,2025-04-01,13.4,20.8,8.3,.0,8.6
92,57988,乐昌,韶关,乐昌市,乐城街道,2025-04-02,15.9,24.6,9.2,.0,10.5
93,57988,乐昌,韶关,乐昌市,乐城街道,2025-04-03,18.1,26.7,10.8,.0,10.9
94,57988,乐昌,韶关,乐昌市,乐城街道,2025-04-04,16.0,20.4,12.2,.0,.0
95,57988,乐昌,韶关,乐昌市,乐城街道,2025-04-05,16.4,18.9,14.6,1.3,.0
96,57988,乐昌,韶关,乐昌市,乐城街道,2025-04-06,18.0,24.2,13.3,.0,2.8
97,57988,乐昌,韶关,乐昌市,乐城街道,2025-04-07,19.2,26.1,13.3,.0,5.3
98,57988,乐昌,韶关,乐昌市,乐城街道,2025-04-08,21.3,25.9,17.6,.0,.7
99,57988,乐昌,韶关,乐昌市,乐城街道,2025-04-09,21.6,26.0,18.9,.0,.6
100,57988,乐昌,韶关,乐昌市,乐城街道,2025-04-10,22.0,27.8,18.9,67.6,4.4
101,57988,乐昌,韶关,乐昌市,乐城街道,2025-04-11,23.1,25.8,20.8,.0,.0
102,57988,乐昌,韶关,乐昌市,乐城街道,2025-04-12,20.2,24.4,16.6,12.3,.0
103,57988,乐昌,韶关,乐昌市,乐城街道,2025-04-13,17.5,24.1,12.7,.0,7.8
104,57988,乐昌,韶关,乐昌市,乐城街道,2025-04-14,20.5,31.7,11.7,.0,11.2
105,57988,乐昌,韶关,乐昌市,乐城街道,2025-04-15,22.9,31.6,15.7,.0,11.3
106,57988,乐昌,韶关,乐昌市,乐城街道,2025-04-16,22.8,31.6,15.0,.0,9.0
107,57988,乐昌,韶关,乐昌市,乐城街道,2025-04-17,23.7,28.6,18.8,.0,4.3
108,57988,乐昌,韶关,乐昌市,乐城街道,2025-04-18,23.8,28.2,19.2,1.0,4.4
109,57988,乐昌,韶关,乐昌市,乐城街道,2025-04-19,25.8,31.7,23.5,3.3,2.0
110,57988,乐昌,韶关,乐昌市,乐城街道,2025-04-20,23.9,27.2,22.4,19.2,2.0
111,57988,乐昌,韶关,乐昌市,乐城街道,2025-04-21,26.5,30.8,24.1,.2,2.7
112,57988,乐昌,韶关,乐昌市,乐城街道,2025-04-22,24.8,28.9,22.3,3.7,.7
113,57988,乐昌,韶关,乐昌市,乐城街道,2025-04-23,22.6,25.4,20.4,9.2,1.8
114,57988,乐昌,韶关,乐昌市,乐城街道,2025-04-24,21.0,23.6,20.3,23.5,.4
115,57988,乐昌,韶关,乐昌市,乐城街道,2025-04-25,18.8,21.4,17.0,6.7,.0
116,57988,乐昌,韶关,乐昌市,乐城街道,2025-04-26,18.9,21.0,16.9,.0,.0
117,57988,乐昌,韶关,乐昌市,乐城街道,2025-04-27,19.8,21.5,18.4,22.3,.0
118,57988,乐昌,韶关,乐昌市,乐城街道,2025-04-28,24.4,29.9,20.6,.0,7.0
119,57988,乐昌,韶关,乐昌市,乐城街道,2025-04-29,23.9,30.5,18.0,.0,11.4
120,57988,乐昌,韶关,乐昌市,乐城街道,2025-04-30,23.2,28.2,19.0,.0,2.7
121,57988,乐昌,韶关,乐昌市,乐城街道,2025-05-01,26.0,32.7,21.5,.7,8.6
122,57988,乐昌,韶关,乐昌市,乐城街道,2025-05-02,26.0,32.6,20.0,.0,10.3
123,57988,乐昌,韶关,乐昌市,乐城街道,2025-05-03,23.4,27.1,21.0,1.7,3.1
124,57988,乐昌,韶关,乐昌市,乐城街道,2025-05-04,21.9,23.9,20.7,20.8,.0
125,57988,乐昌,韶关,乐昌市,乐城街道,2025-05-05,24.1,29.4,22.1,9.0,1.8
126,57988,乐昌,韶关,乐昌市,乐城街道,2025-05-06,24.4,29.8,22.6,.5,4.9
127,57988,乐昌,韶关,乐昌市,乐城街道,2025-05-07,24.8,27.9,23.1,.9,.1
128,57988,乐昌,韶关,乐昌市,乐城街道,2025-05-08,24.6,26.1,23.5,16.3,.0
129,57988,乐昌,韶关,乐昌市,乐城街道,2025-05-09,24.5,29.9,21.1,23.6,5.3
130,57988,乐昌,韶关,乐昌市,乐城街道,2025-05-10,25.3,31.0,21.3,.0,7.1
131,57988,乐昌,韶关,乐昌市,乐城街道,2025-05-11,21.5,28.0,16.1,.1,11.2
132,57988,乐昌,韶关,乐昌市,乐城街道,2025-05-12,21.2,28.8,14.3,.0,12.5
133,57988,乐昌,韶关,乐昌市,乐城街道,2025-05-13,22.2,30.1,14.2,.0,12.3
134,57988,乐昌,韶关,乐昌市,乐城街道,2025-05-14,25.0,31.4,18.2,.0,8.1
135,57988,乐昌,韶关,乐昌市,乐城街道,2025-05-15,26.5,31.1,23.4,.0,1.9
136,57988,乐昌,韶关,乐昌市,乐城街道,2025-05-16,24.8,27.7,23.8,12.7,.0
137,57988,乐昌,韶关,乐昌市,乐城街道,2025-05-17,24.7,26.8,23.7,29.6,.2
138,57988,乐昌,韶关,乐昌市,乐城街道,2025-05-18,25.4,27.2,24.1,13.8,.1
139,57988,乐昌,韶关,乐昌市,乐城街道,2025-05-19,24.7,27.3,23.8,7.5,.0
140,57988,乐昌,韶关,乐昌市,乐城街道,2025-05-20,24.7,26.3,23.5,5.4,.0
141,57988,乐昌,韶关,乐昌市,乐城街道,2025-05-21,26.3,30.5,24.8,4.2,2.4
142,57988,乐昌,韶关,乐昌市,乐城街道,2025-05-22,27.8,32.8,25.1,.1,4.4
143,57988,乐昌,韶关,乐昌市,乐城街道,2025-05-23,24.6,27.3,22.7,16.5,.0
144,57988,乐昌,韶关,乐昌市,乐城街道,2025-05-24,22.9,25.0,21.0,.6,.0
145,57988,乐昌,韶关,乐昌市,乐城街道,2025-05-25,21.8,25.2,19.6,.7,.0
146,57988,乐昌,韶关,乐昌市,乐城街道,2025-05-26,21.5,26.8,18.3,2.0,6.4
147,57988,乐昌,韶关,乐昌市,乐城街道,2025-05-27,20.7,24.6,17.8,.4,2.0
148,57988,乐昌,韶关,乐昌市,乐城街道,2025-05-28,20.6,21.5,19.7,17.7,.0
149,57988,乐昌,韶关,乐昌市,乐城街道,2025-05-29,21.2,22.7,20.3,8.7,.0
150,57988,乐昌,韶关,乐昌市,乐城街道,2025-05-30,22.8,25.6,20.4,.0,.0
151,57988,乐昌,韶关,乐昌市,乐城街道,2025-05-31,24.8,28.9,22.1,.2,.9
152,57988,乐昌,韶关,乐昌市,乐城街道,2025-06-01,26.2,28.6,24.1,.1,.2
153,57988,乐昌,韶关,乐昌市,乐城街道,2025-06-02,24.8,27.4,23.0,.4,.0
154,57988,乐昌,韶关,乐昌市,乐城街道,2025-06-03,22.7,28.0,19.5,19.9,1.4
155,57988,乐昌,韶关,乐昌市,乐城街道,2025-06-04,25.1,30.3,21.4,1.7,8.3
156,57988,乐昌,韶关,乐昌市,乐城街道,2025-06-05,26.8,32.5,22.0,.0,5.8
157,57988,乐昌,韶关,乐昌市,乐城街道,2025-06-06,27.7,31.7,24.3,.0,3.4
158,57988,乐昌,韶关,乐昌市,乐城街道,2025-06-07,28.0,33.6,25.3,2.4,4.8
159,57988,乐昌,韶关,乐昌市,乐城街道,2025-06-08,25.9,31.8,24.9,17.9,3.2
160,57988,乐昌,韶关,乐昌市,乐城街道,2025-06-09,27.7,32.0,24.3,8.1,4.9
161,57988,乐昌,韶关,乐昌市,乐城街道,2025-06-10,27.9,32.1,24.9,11.9,3.6
162,57988,乐昌,韶关,乐昌市,乐城街道,2025-06-11,27.3,34.4,24.1,45.9,7.8
163,57988,乐昌,韶关,乐昌市,乐城街道,2025-06-12,26.5,31.6,22.6,20.4,2.9
164,57988,乐昌,韶关,乐昌市,乐城街道,2025-06-13,28.1,33.9,25.5,.6,7.5
165,57988,乐昌,韶关,乐昌市,乐城街道,2025-06-14,26.4,28.6,24.7,14.8,.3
166,57988,乐昌,韶关,乐昌市,乐城街道,2025-06-15,24.5,26.5,23.2,118.7,1.1
167,57988,乐昌,韶关,乐昌市,乐城街道,2025-06-16,22.9,26.8,21.3,6.6,.9
168,57988,乐昌,韶关,乐昌市,乐城街道,2025-06-17,23.9,24.9,23.3,22.6,.0
169,57988,乐昌,韶关,乐昌市,乐城街道,2025-06-18,24.0,25.2,22.9,30.4,.0
170,57988,乐昌,韶关,乐昌市,乐城街道,2025-06-19,26.7,30.2,24.2,.2,.0
171,57988,乐昌,韶关,乐昌市,乐城街道,2025-06-20,27.4,31.1,25.3,8.0,2.5
172,57988,乐昌,韶关,乐昌市,乐城街道,2025-06-21,28.0,33.0,25.1,.0,6.3
173,57988,乐昌,韶关,乐昌市,乐城街道,2025-06-22,28.9,33.8,25.5,.0,4.8
174,57988,乐昌,韶关,乐昌市,乐城街道,2025-06-23,28.8,34.4,25.1,.0,6.7
175,57988,乐昌,韶关,乐昌市,乐城街道,2025-06-24,29.1,33.9,25.7,.0,6.5
176,57988,乐昌,韶关,乐昌市,乐城街道,2025-06-25,29.5,34.6,24.7,.0,8.5
177,57988,乐昌,韶关,乐昌市,乐城街道,2025-06-26,29.0,34.6,25.1,.0,7.9
178,57988,乐昌,韶关,乐昌市,乐城街道,2025-06-27,26.7,32.1,23.8,2.1,3.0
179,57988,乐昌,韶关,乐昌市,乐城街道,2025-06-28,26.4,32.0,23.5,3.6,4.1
180,57988,乐昌,韶关,乐昌市,乐城街道,2025-06-29,25.3,31.4,23.6,.8,2.1
181,57988,乐昌,韶关,乐昌市,乐城街道,2025-06-30,27.1,33.4,24.0,.0,5.8
182,57988,乐昌,韶关,乐昌市,乐城街道,2025-07-01,27.0,32.5,24.6,.9,4.2
183,57988,乐昌,韶关,乐昌市,乐城街道,2025-07-02,28.6,34.9,23.8,.1,10.7
184,57988,乐昌,韶关,乐昌市,乐城街道,2025-07-03,30.0,36.7,25.1,.0,11.2
185,57988,乐昌,韶关,乐昌市,乐城街道,2025-07-04,30.7,36.1,26.2,.0,11.2
186,57988,乐昌,韶关,乐昌市,乐城街道,2025-07-05,30.6,36.7,26.6,.0,10.8
187,57988,乐昌,韶关,乐昌市,乐城街道,2025-07-06,29.7,37.3,24.5,2.4,8.0
188,57988,乐昌,韶关,乐昌市,乐城街道,2025-07-07,27.4,33.2,24.1,.0,6.1
189,57988,乐昌,韶关,乐昌市,乐城街道,2025-07-08,29.3,35.5,24.9,.0,9.8
190,57988,乐昌,韶关,乐昌市,乐城街道,2025-07-09,29.7,36.3,25.4,.4,7.7
191,57988,乐昌,韶关,乐昌市,乐城街道,2025-07-10,27.2,32.4,25.2,6.1,1.7
192,57988,乐昌,韶关,乐昌市,乐城街道,2025-07-11,27.1,30.3,25.4,2.6,.2
193,57988,乐昌,韶关,乐昌市,乐城街道,2025-07-12,26.1,30.8,24.7,16.2,2.6
194,57988,乐昌,韶关,乐昌市,乐城街道,2025-07-13,27.7,31.5,25.8,19.5,1.2
195,57988,乐昌,韶关,乐昌市,乐城街道,2025-07-14,28.3,33.5,25.5,.9,6.2
196,57988,乐昌,韶关,乐昌市,乐城街道,2025-07-15,29.6,33.1,26.3,.1,5.5
197,57988,乐昌,韶关,乐昌市,乐城街道,2025-07-16,29.9,34.6,26.1,3.1,9.1
198,57988,乐昌,韶关,乐昌市,乐城街道,2025-07-17,30.8,36.2,26.6,.0,11.7
199,57988,乐昌,韶关,乐昌市,乐城街道,2025-07-18,30.0,35.9,25.6,50.7,8.0
200,57988,乐昌,韶关,乐昌市,乐城街道,2025-07-19,30.1,37.2,25.8,.1,7.7
201,57988,乐昌,韶关,乐昌市,乐城街道,2025-07-20,28.9,33.3,26.6,5.9,.6
202,57988,乐昌,韶关,乐昌市,乐城街道,2025-07-21,27.1,30.4,26.0,11.4,.5
203,57988,乐昌,韶关,乐昌市,乐城街道,2025-07-22,25.5,27.3,24.7,29.3,.0
204,57988,乐昌,韶关,乐昌市,乐城街道,2025-07-23,27.7,33.5,24.7,4.6,4.6
205,57988,乐昌,韶关,乐昌市,乐城街道,2025-07-24,28.7,36.1,24.8,9.3,9.3
206,57988,乐昌,韶关,乐昌市,乐城街道,2025-07-25,28.3,35.9,23.1,11.5,7.6
207,57988,乐昌,韶关,乐昌市,乐城街道,2025-07-26,29.0,36.6,23.4,.0,12.1
208,57988,乐昌,韶关,乐昌市,乐城街道,2025-07-27,30.1,36.0,26.0,.0,8.6
209,57988,乐昌,韶关,乐昌市,乐城街道,2025-07-28,28.7,33.9,26.0,38.5,3.5
210,57988,乐昌,韶关,乐昌市,乐城街道,2025-07-29,29.8,35.3,25.4,.9,7.9
211,57988,乐昌,韶关,乐昌市,乐城街道,2025-07-30,29.7,35.9,25.9,.0,9.5
212,57988,乐昌,韶关,乐昌市,乐城街道,2025-07-31,27.6,32.6,25.8,.5,2.4
213,57988,乐昌,韶关,乐昌市,乐城街道,2025-08-01,27.3,33.3,24.7,.1,4.9
214,57988,乐昌,韶关,乐昌市,乐城街道,2025-08-02,28.4,35.4,26.0,5.0,5.6
215,57988,乐昌,韶关,乐昌市,乐城街道,2025-08-03,27.2,30.2,25.9,.8,.7
216,57988,乐昌,韶关,乐昌市,乐城街道,2025-08-04,27.0,30.3,26.1,.5,1.2
217,57988,乐昌,韶关,乐昌市,乐城街道,2025-08-05,25.7,27.6,25.3,10.9,.0
218,57988,乐昌,韶关,乐昌市,乐城街道,2025-08-06,25.1,27.3,24.3,41.4,.0
219,57988,乐昌,韶关,乐昌市,乐城街道,2025-08-07,24.9,26.3,23.4,71.6,.0
220,57988,乐昌,韶关,乐昌市,乐城街道,2025-08-08,25.8,31.9,22.6,.0,4.4
221,57988,乐昌,韶关,乐昌市,乐城街道,2025-08-09,28.9,34.9,24.4,.0,9.0
222,57988,乐昌,韶关,乐昌市,乐城街道,2025-08-10,29.0,34.0,24.8,.0,8.9
223,57988,乐昌,韶关,乐昌市,乐城街道,2025-08-11,29.3,34.7,24.7,.0,10.6
224,57988,乐昌,韶关,乐昌市,乐城街道,2025-08-12,29.2,34.5,26.2,.0,6.3
225,57988,乐昌,韶关,乐昌市,乐城街道,2025-08-13,29.4,36.4,25.6,.0,9.4
226,57988,乐昌,韶关,乐昌市,乐城街道,2025-08-14,26.7,29.7,24.0,44.0,.0
227,57988,乐昌,韶关,乐昌市,乐城街道,2025-08-15,26.0,31.9,23.1,4.9,4.3
228,57988,乐昌,韶关,乐昌市,乐城街道,2025-08-16,28.5,33.9,24.2,.0,10.0
229,57988,乐昌,韶关,乐昌市,乐城街道,2025-08-17,28.1,32.7,24.4,.0,6.8
230,57988,乐昌,韶关,乐昌市,乐城街道,2025-08-18,26.1,29.7,24.8,21.8,.8
231,57988,乐昌,韶关,乐昌市,乐城街道,2025-08-19,26.3,29.8,24.7,11.1,1.4
232,57988,乐昌,韶关,乐昌市,乐城街道,2025-08-20,27.4,31.3,25.5,7.6,1.7
233,57988,乐昌,韶关,乐昌市,乐城街道,2025-08-21,26.2,30.9,22.8,3.0,1.2
234,57988,乐昌,韶关,乐昌市,乐城街道,2025-08-22,26.5,32.2,23.2,8.0,4.2
235,57988,乐昌,韶关,乐昌市,乐城街道,2025-08-23,29.2,35.0,24.9,.0,9.8
236,57988,乐昌,韶关,乐昌市,乐城街道,2025-08-24,29.5,34.8,24.8,.0,11.9
237,57988,乐昌,韶关,乐昌市,乐城街道,2025-08-25,28.5,35.2,24.3,.0,9.7
238,57988,乐昌,韶关,乐昌市,乐城街道,2025-08-26,27.0,33.7,22.3,.2,9.4
239,57988,乐昌,韶关,乐昌市,乐城街道,2025-08-27,28.3,34.9,23.4,.0,11.9
240,57988,乐昌,韶关,乐昌市,乐城街道,2025-08-28,28.6,34.3,23.8,.0,9.8
241,57988,乐昌,韶关,乐昌市,乐城街道,2025-08-29,28.9,35.6,25.2,.0,10.4
242,57988,乐昌,韶关,乐昌市,乐城街道,2025-08-30,29.1,34.9,25.2,.0,9.6
243,57988,乐昌,韶关,乐昌市,乐城街道,2025-08-31,29.3,34.9,25.2,.0,9.3
244,57988,乐昌,韶关,乐昌市,乐城街道,2025-09-01,29.5,35.3,25.1,.0,8.7
245,57988,乐昌,韶关,乐昌市,乐城街道,2025-09-02,29.1,34.5,25.4,.0,7.9
246,57988,乐昌,韶关,乐昌市,乐城街道,2025-09-03,28.4,34.0,24.5,.0,8.3
247,57988,乐昌,韶关,乐昌市,乐城街道,2025-09-04,29.2,35.3,25.1,.0,9.4
248,57988,乐昌,韶关,乐昌市,乐城街道,2025-09-05,29.6,34.6,25.8,.0,7.7
249,57988,乐昌,韶关,乐昌市,乐城街道,2025-09-06,29.7,35.9,25.4,.0,10.3
250,57988,乐昌,韶关,乐昌市,乐城街道,2025-09-07,29.7,35.9,26.3,.1,8.8
251,57988,乐昌,韶关,乐昌市,乐城街道,2025-09-08,26.3,30.0,24.2,18.2,.4
252,57988,乐昌,韶关,乐昌市,乐城街道,2025-09-09,26.1,31.8,24.7,9.0,2.6
253,57988,乐昌,韶关,乐昌市,乐城街道,2025-09-10,26.7,32.3,24.0,12.6,6.2
254,57988,乐昌,韶关,乐昌市,乐城街道,2025-09-11,27.8,32.2,24.0,.4,6.4
255,57988,乐昌,韶关,乐昌市,乐城街道,2025-09-12,27.3,32.7,25.4,.8,5.3
256,57988,乐昌,韶关,乐昌市,乐城街道,2025-09-13,27.9,34.3,24.0,.0,10.5
257,57988,乐昌,韶关,乐昌市,乐城街道,2025-09-14,28.0,33.8,23.8,.0,10.9
258,57988,乐昌,韶关,乐昌市,乐城街道,2025-09-15,28.5,34.5,23.9,.0,11.2
259,57988,乐昌,韶关,乐昌市,乐城街道,2025-09-16,29.1,34.5,24.5,.0,11.4
260,57988,乐昌,韶关,乐昌市,乐城街道,2025-09-17,27.2,35.1,24.4,.0,7.0
261,57988,乐昌,韶关,乐昌市,乐城街道,2025-09-18,28.1,35.2,23.5,.0,10.4
262,57988,乐昌,韶关,乐昌市,乐城街道,2025-09-19,27.8,33.7,24.4,19.2,4.1
263,57988,乐昌,韶关,乐昌市,乐城街道,2025-09-20,23.9,26.4,21.6,9.8,.0
264,57988,乐昌,韶关,乐昌市,乐城街道,2025-09-21,24.2,30.5,21.2,16.9,1.7
265,57988,乐昌,韶关,乐昌市,乐城街道,2025-09-22,26.0,31.8,22.6,.6,4.1
266,57988,乐昌,韶关,乐昌市,乐城街道,2025-09-23,25.8,27.8,24.2,.0,1.4
267,57988,乐昌,韶关,乐昌市,乐城街道,2025-09-24,24.7,27.3,22.9,17.7,.0
268,57988,乐昌,韶关,乐昌市,乐城街道,2025-09-25,25.4,31.1,22.7,13.5,.8
269,57988,乐昌,韶关,乐昌市,乐城街道,2025-09-26,27.6,33.2,23.5,1.4,11.3
270,57988,乐昌,韶关,乐昌市,乐城街道,2025-09-27,28.3,34.1,24.4,.0,8.9
271,57988,乐昌,韶关,乐昌市,乐城街道,2025-09-28,28.4,33.8,24.6,.0,9.8
272,57988,乐昌,韶关,乐昌市,乐城街道,2025-09-29,27.8,33.3,24.0,.0,7.4
273,57988,乐昌,韶关,乐昌市,乐城街道,2025-09-30,28.0,34.9,23.4,.0,10.7
274,57988,乐昌,韶关,乐昌市,乐城街道,2025-10-01,28.6,35.2,24.1,.0,8.8
275,57988,乐昌,韶关,乐昌市,乐城街道,2025-10-02,27.9,33.3,24.8,.0,7.0
276,57988,乐昌,韶关,乐昌市,乐城街道,2025-10-03,27.5,34.0,23.0,.0,10.4
277,57988,乐昌,韶关,乐昌市,乐城街道,2025-10-04,28.5,34.9,23.6,.0,10.9
278,57988,乐昌,韶关,乐昌市,乐城街道,2025-10-05,27.0,31.7,24.3,1.4,3.7
279,57988,乐昌,韶关,乐昌市,乐城街道,2025-10-06,27.7,33.3,24.5,.0,9.8
280,57988,乐昌,韶关,乐昌市,乐城街道,2025-10-07,28.4,36.0,23.3,.0,11.0
281,57988,乐昌,韶关,乐昌市,乐城街道,2025-10-08,28.9,35.4,24.3,.0,10.8
282,57988,乐昌,韶关,乐昌市,乐城街道,2025-10-09,28.5,35.1,23.8,.0,10.7
283,57988,乐昌,韶关,乐昌市,乐城街道,2025-10-10,28.3,35.2,23.7,.0,10.7
284,57988,乐昌,韶关,乐昌市,乐城街道,2025-10-11,28.1,34.7,23.8,.0,10.2
285,57988,乐昌,韶关,乐昌市,乐城街道,2025-10-12,27.7,33.2,23.1,.0,9.1
286,57988,乐昌,韶关,乐昌市,乐城街道,2025-10-13,26.4,32.3,24.7,6.1,3.9
287,57988,乐昌,韶关,乐昌市,乐城街道,2025-10-14,27.1,32.9,24.2,.1,6.1
288,57988,乐昌,韶关,乐昌市,乐城街道,2025-10-15,27.3,33.4,23.7,.0,7.0
289,57988,乐昌,韶关,乐昌市,乐城街道,2025-10-16,28.0,34.3,23.7,.0,10.3
290,57988,乐昌,韶关,乐昌市,乐城街道,2025-10-17,27.8,33.8,24.1,.0,6.6
291,57988,乐昌,韶关,乐昌市,乐城街道,2025-10-18,26.4,31.7,24.0,7.8,9.3
292,57988,乐昌,韶关,乐昌市,乐城街道,2025-10-19,21.3,24.0,20.1,.0,.0
293,57988,乐昌,韶关,乐昌市,乐城街道,2025-10-20,18.8,20.2,18.0,.0,.0
294,57988,乐昌,韶关,乐昌市,乐城街道,2025-10-21,16.3,18.1,14.8,.0,.0
295,57988,乐昌,韶关,乐昌市,乐城街道,2025-10-22,14.9,15.5,14.4,.0,.0
296,57988,乐昌,韶关,乐昌市,乐城街道,2025-10-23,16.8,19.4,14.7,.0,4.9
297,57988,乐昌,韶关,乐昌市,乐城街道,2025-10-24,19.6,24.3,17.0,.0,9.6
298,57988,乐昌,韶关,乐昌市,乐城街道,2025-10-25,21.0,25.5,17.6,.0,4.5
299,57988,乐昌,韶关,乐昌市,乐城街道,2025-10-26,19.2,22.3,16.8,.0,3.0
300,57988,乐昌,韶关,乐昌市,乐城街道,2025-10-27,19.1,22.6,17.1,.0,4.8
301,57988,乐昌,韶关,乐昌市,乐城街道,2025-10-28,19.4,22.6,16.9,.0,.0
302,57988,乐昌,韶关,乐昌市,乐城街道,2025-10-29,21.1,26.4,16.9,.0,2.7
303,57988,乐昌,韶关,乐昌市,乐城街道,2025-10-30,22.1,26.1,19.4,.1,.4
304,57988,乐昌,韶关,乐昌市,乐城街道,2025-10-31,20.9,23.0,19.4,.0,.0
305,57988,乐昌,韶关,乐昌市,乐城街道,2025-11-01,20.8,26.2,16.5,.0,5.8
306,57988,乐昌,韶关,乐昌市,乐城街道,2025-11-02,20.4,24.1,18.4,.0,.9
307,57988,乐昌,韶关,乐昌市,乐城街道,2025-11-03,14.7,19.5,13.1,14.3,.0
308,57988,乐昌,韶关,乐昌市,乐城街道,2025-11-04,15.9,17.4,14.8,27.9,.0
309,57988,乐昌,韶关,乐昌市,乐城街道,2025-11-05,17.9,22.1,15.5,1.7,2.8
310,57988,乐昌,韶关,乐昌市,乐城街道,2025-11-06,18.9,22.5,16.8,.0,.7
311,57988,乐昌,韶关,乐昌市,乐城街道,2025-11-07,20.1,22.8,17.8,.4,.0
312,57988,乐昌,韶关,乐昌市,乐城街道,2025-11-08,21.7,23.6,20.8,3.4,.2
313,57988,乐昌,韶关,乐昌市,乐城街道,2025-11-09,19.3,21.0,18.9,.0,.0
314,57988,乐昌,韶关,乐昌市,乐城街道,2025-11-10,18.7,20.4,17.7,.1,.3
315,57988,乐昌,韶关,乐昌市,乐城街道,2025-11-11,18.1,20.5,16.9,.0,1.4
316,57988,乐昌,韶关,乐昌市,乐城街道,2025-11-12,16.6,18.3,15.8,.0,.0
317,57988,乐昌,韶关,乐昌市,乐城街道,2025-11-13,16.6,19.3,15.2,.0,.1
318,57988,乐昌,韶关,乐昌市,乐城街道,2025-11-14,19.3,25.7,16.2,.0,8.0
319,57988,乐昌,韶关,乐昌市,乐城街道,2025-11-15,20.5,27.2,16.4,.0,9.9
320,57988,乐昌,韶关,乐昌市,乐城街道,2025-11-16,20.9,28.0,16.1,.0,8.8
321,57988,乐昌,韶关,乐昌市,乐城街道,2025-11-17,19.3,27.1,15.8,.0,5.6
322,57988,乐昌,韶关,乐昌市,乐城街道,2025-11-18,9.4,15.8,7.8,.3,.2
323,57988,乐昌,韶关,乐昌市,乐城街道,2025-11-19,10.4,15.7,7.3,.0,4.7
324,57988,乐昌,韶关,乐昌市,乐城街道,2025-11-20,12.6,19.8,8.1,.0,8.1
325,57988,乐昌,韶关,乐昌市,乐城街道,2025-11-21,14.8,22.3,9.7,.0,8.9
326,57988,乐昌,韶关,乐昌市,乐城街道,2025-11-22,14.1,21.7,9.5,.0,8.1
327,57988,乐昌,韶关,乐昌市,乐城街道,2025-11-23,15.1,22.0,10.1,.0,3.4
328,57988,乐昌,韶关,乐昌市,乐城街道,2025-11-24,18.0,25.2,12.9,.0,9.5
329,57988,乐昌,韶关,乐昌市,乐城街道,2025-11-25,16.2,21.6,12.1,.0,9.7
330,57988,乐昌,韶关,乐昌市,乐城街道,2025-11-26,13.7,22.4,7.2,.0,9.8
331,57988,乐昌,韶关,乐昌市,乐城街道,2025-11-27,15.1,21.8,8.9,.0,9.4
332,57988,乐昌,韶关,乐昌市,乐城街道,2025-11-28,13.4,22.4,7.1,.0,9.5
333,57988,乐昌,韶关,乐昌市,乐城街道,2025-11-29,13.2,22.9,6.4,.0,9.8
334,57988,乐昌,韶关,乐昌市,乐城街道,2025-11-30,14.4,23.4,8.3,.0,5.4
335,57988,乐昌,韶关,乐昌市,乐城街道,2025-12-01,18.7,25.5,13.8,.0,4.9
336,57988,乐昌,韶关,乐昌市,乐城街道,2025-12-02,19.2,22.9,17.5,.0,1.4
337,57988,乐昌,韶关,乐昌市,乐城街道,2025-12-03,16.0,19.6,13.6,.0,6.3
338,57988,乐昌,韶关,乐昌市,乐城街道,2025-12-04,14.7,20.5,10.6,.0,7.1
339,57988,乐昌,韶关,乐昌市,乐城街道,2025-12-05,15.1,18.3,13.8,.0,2.7
340,57988,乐昌,韶关,乐昌市,乐城街道,2025-12-06,14.9,20.7,11.4,.0,5.0
341,57988,乐昌,韶关,乐昌市,乐城街道,2025-12-07,16.3,23.7,11.3,.0,8.9
342,57988,乐昌,韶关,乐昌市,乐城街道,2025-12-08,18.6,23.5,14.9,.0,8.2
343,57988,乐昌,韶关,乐昌市,乐城街道,2025-12-09,16.0,22.5,11.7,.0,9.1
344,57988,乐昌,韶关,乐昌市,乐城街道,2025-12-10,15.9,21.9,11.1,.0,1.2
345,57988,乐昌,韶关,乐昌市,乐城街道,2025-12-11,18.7,25.5,14.1,.0,6.3
346,57988,乐昌,韶关,乐昌市,乐城街道,2025-12-12,16.8,19.3,15.9,6.5,.0
347,57988,乐昌,韶关,乐昌市,乐城街道,2025-12-13,11.2,15.9,8.2,12.8,1.3
348,57988,乐昌,韶关,乐昌市,乐城街道,2025-12-14,10.4,17.7,6.3,.0,9.1
349,57988,乐昌,韶关,乐昌市,乐城街道,2025-12-15,10.4,18.2,4.8,.0,9.6
350,57988,乐昌,韶关,乐昌市,乐城街道,2025-12-16,13.7,21.8,7.8,.0,7.8
351,57988,乐昌,韶关,乐昌市,乐城街道,2025-12-17,16.6,24.3,11.7,.0,8.1
352,57988,乐昌,韶关,乐昌市,乐城街道,2025-12-18,16.9,23.1,13.5,.0,9.4
353,57988,乐昌,韶关,乐昌市,乐城街道,2025-12-19,15.7,23.9,10.5,.0,9.1
354,57988,乐昌,韶关,乐昌市,乐城街道,2025-12-20,19.3,26.7,13.5,.0,6.9
355,57988,乐昌,韶关,乐昌市,乐城街道,2025-12-21,16.6,21.8,14.2,.0,6.7
356,57988,乐昌,韶关,乐昌市,乐城街道,2025-12-22,13.5,16.6,11.5,.0,.0
357,57988,乐昌,韶关,乐昌市,乐城街道,2025-12-23,15.8,22.5,11.0,.0,4.9
358,57988,乐昌,韶关,乐昌市,乐城街道,2025-12-24,12.5,18.5,9.2,.8,.0
359,57988,乐昌,韶关,乐昌市,乐城街道,2025-12-25,8.7,10.1,7.9,4.9,.0
360,57988,乐昌,韶关,乐昌市,乐城街道,2025-12-26,8.0,14.1,3.8,.0,9.3
361,57988,乐昌,韶关,乐昌市,乐城街道,2025-12-27,10.9,18.2,6.3,.0,9.4
362,57988,乐昌,韶关,乐昌市,乐城街道,2025-12-28,12.3,19.8,7.8,.0,9.5
363,57988,乐昌,韶关,乐昌市,乐城街道,2025-12-29,13.8,20.5,8.0,.0,6.7
364,57988,乐昌,韶关,乐昌市,乐城街道,2025-12-30,17.1,23.0,12.9,.0,8.5
365,57988,乐昌,韶关,乐昌市,乐城街道,2025-12-31,15.4,21.4,11.7,.0,7.5
366,57989,仁化,韶关,仁化县,丹霞街道,2025-01-01,9.5,21.1,2.2,.0,9.3
367,57989,仁化,韶关,仁化县,丹霞街道,2025-01-02,10.6,21.8,3.4,.0,9.2
368,57989,仁化,韶关,仁化县,丹霞街道,2025-01-03,9.2,20.1,2.3,.0,9.3
369,57989,仁化,韶关,仁化县,丹霞街道,2025-01-04,8.2,20.2,.8,.0,9.3
370,57989,仁化,韶关,仁化县,丹霞街道,2025-01-05,8.9,19.3,2.6,.0,8.4
371,57989,仁化,韶关,仁化县,丹霞街道,2025-01-06,8.5,18.7,1.8,.0,8.7
372,57989,仁化,韶关,仁化县,丹霞街道,2025-01-07,9.4,19.0,1.2,.0,8.6
373,57989,仁化,韶关,仁化县,丹霞街道,2025-01-08,11.5,19.2,4.0,.0,7.5
374,57989,仁化,韶关,仁化县,丹霞街道,2025-01-09,11.2,16.5,6.0,.0,4.2
375,57989,仁化,韶关,仁化县,丹霞街道,2025-01-10,7.9,14.7,1.5,.0,9.9
376,57989,仁化,韶关,仁化县,丹霞街道,2025-01-11,6.4,14.3,1.1,.0,6.6
377,57989,仁化,韶关,仁化县,丹霞街道,2025-01-12,5.5,17.7,-3.4,.0,10.1
378,57989,仁化,韶关,仁化县,丹霞街道,2025-01-13,7.0,20.9,-1.8,.0,10.0
379,57989,仁化,韶关,仁化县,丹霞街道,2025-01-14,13.5,24.8,4.7,.0,8.5
380,57989,仁化,韶关,仁化县,丹霞街道,2025-01-15,14.9,19.6,12.8,.0,7.6
381,57989,仁化,韶关,仁化县,丹霞街道,2025-01-16,7.4,16.8,.1,.0,9.6
382,57989,仁化,韶关,仁化县,丹霞街道,2025-01-17,6.8,18.1,-1.2,.0,10.0
383,57989,仁化,韶关,仁化县,丹霞街道,2025-01-18,7.9,20.4,-.3,.0,9.7
384,57989,仁化,韶关,仁化县,丹霞街道,2025-01-19,9.5,21.6,1.8,.0,9.4
385,57989,仁化,韶关,仁化县,丹霞街道,2025-01-20,10.3,22.0,2.0,.0,9.4
386,57989,仁化,韶关,仁化县,丹霞街道,2025-01-21,11.0,23.5,2.2,.0,8.4
387,57989,仁化,韶关,仁化县,丹霞街道,2025-01-22,14.6,24.2,8.7,.0,4.2
388,57989,仁化,韶关,仁化县,丹霞街道,2025-01-23,16.1,25.5,8.6,.0,6.7
389,57989,仁化,韶关,仁化县,丹霞街道,2025-01-24,16.7,21.6,14.2,.3,.9
390,57989,仁化,韶关,仁化县,丹霞街道,2025-01-25,17.5,23.4,14.3,.0,1.7
391,57989,仁化,韶关,仁化县,丹霞街道,2025-01-26,8.1,17.4,7.2,3.6,.0
392,57989,仁化,韶关,仁化县,丹霞街道,2025-01-27,6.5,14.9,-.8,.0,10.1
393,57989,仁化,韶关,仁化县,丹霞街道,2025-01-28,8.2,17.7,3.1,.0,8.9
394,57989,仁化,韶关,仁化县,丹霞街道,2025-01-29,8.0,15.7,2.4,.0,1.4
395,57989,仁化,韶关,仁化县,丹霞街道,2025-01-30,11.2,21.6,2.9,.0,4.8
396,57989,仁化,韶关,仁化县,丹霞街道,2025-01-31,16.3,23.0,11.7,.0,.7
397,57989,仁化,韶关,仁化县,丹霞街道,2025-02-01,15.3,19.0,11.5,.0,.7
398,57989,仁化,韶关,仁化县,丹霞街道,2025-02-02,11.4,16.2,9.9,4.5,.0
399,57989,仁化,韶关,仁化县,丹霞街道,2025-02-03,8.6,9.9,8.0,3.2,.0
400,57989,仁化,韶关,仁化县,丹霞街道,2025-02-04,7.1,16.3,1.3,.0,9.2
401,57989,仁化,韶关,仁化县,丹霞街道,2025-02-05,6.1,11.2,.3,.0,1.4
402,57989,仁化,韶关,仁化县,丹霞街道,2025-02-06,9.1,11.2,8.3,.0,.0
403,57989,仁化,韶关,仁化县,丹霞街道,2025-02-07,8.2,11.2,6.9,6.9,.0
404,57989,仁化,韶关,仁化县,丹霞街道,2025-02-08,8.7,13.5,5.7,.0,3.6
405,57989,仁化,韶关,仁化县,丹霞街道,2025-02-09,4.3,13.6,-2.1,.0,10.3
406,57989,仁化,韶关,仁化县,丹霞街道,2025-02-10,8.0,16.1,.6,.0,1.8
407,57989,仁化,韶关,仁化县,丹霞街道,2025-02-11,11.9,19.9,4.2,.0,3.2
408,57989,仁化,韶关,仁化县,丹霞街道,2025-02-12,16.5,27.0,10.8,.0,9.9
409,57989,仁化,韶关,仁化县,丹霞街道,2025-02-13,13.4,19.3,10.5,.0,6.5
410,57989,仁化,韶关,仁化县,丹霞街道,2025-02-14,15.8,24.2,10.1,.0,5.8
411,57989,仁化,韶关,仁化县,丹霞街道,2025-02-15,15.3,18.6,13.2,.0,.0
412,57989,仁化,韶关,仁化县,丹霞街道,2025-02-16,12.8,14.5,11.0,.9,.0
413,57989,仁化,韶关,仁化县,丹霞街道,2025-02-17,13.3,16.4,10.8,.0,.5
414,57989,仁化,韶关,仁化县,丹霞街道,2025-02-18,11.0,14.0,9.4,.1,.0
415,57989,仁化,韶关,仁化县,丹霞街道,2025-02-19,12.4,15.5,10.4,.0,.0
416,57989,仁化,韶关,仁化县,丹霞街道,2025-02-20,14.0,17.1,11.7,.0,.0
417,57989,仁化,韶关,仁化县,丹霞街道,2025-02-21,10.7,15.0,9.1,5.4,.0
418,57989,仁化,韶关,仁化县,丹霞街道,2025-02-22,10.4,11.9,9.3,.3,.0
419,57989,仁化,韶关,仁化县,丹霞街道,2025-02-23,8.7,10.9,8.0,1.0,.0
420,57989,仁化,韶关,仁化县,丹霞街道,2025-02-24,9.8,16.8,4.2,.0,10.2
421,57989,仁化,韶关,仁化县,丹霞街道,2025-02-25,9.7,12.6,6.3,.1,.0
422,57989,仁化,韶关,仁化县,丹霞街道,2025-02-26,12.5,17.6,8.2,.0,.6
423,57989,仁化,韶关,仁化县,丹霞街道,2025-02-27,15.2,20.0,12.2,4.8,1.0
424,57989,仁化,韶关,仁化县,丹霞街道,2025-02-28,18.7,26.3,12.8,.0,4.3
425,57989,仁化,韶关,仁化县,丹霞街道,2025-03-01,20.4,28.5,16.1,.0,2.4
426,57989,仁化,韶关,仁化县,丹霞街道,2025-03-02,22.4,31.2,15.4,.0,5.8
427,57989,仁化,韶关,仁化县,丹霞街道,2025-03-03,19.7,27.3,16.1,8.7,4.0
428,57989,仁化,韶关,仁化县,丹霞街道,2025-03-04,12.8,20.3,10.9,13.8,.0
429,57989,仁化,韶关,仁化县,丹霞街道,2025-03-05,9.2,11.0,8.3,14.4,.0
430,57989,仁化,韶关,仁化县,丹霞街道,2025-03-06,9.2,11.7,7.4,.9,.0
431,57989,仁化,韶关,仁化县,丹霞街道,2025-03-07,8.8,11.1,7.3,6.1,.0
432,57989,仁化,韶关,仁化县,丹霞街道,2025-03-08,10.7,14.3,8.4,1.7,.1
433,57989,仁化,韶关,仁化县,丹霞街道,2025-03-09,14.3,18.6,11.4,.0,.1
434,57989,仁化,韶关,仁化县,丹霞街道,2025-03-10,16.8,22.9,10.8,.0,1.7
435,57989,仁化,韶关,仁化县,丹霞街道,2025-03-11,20.1,26.5,15.4,.2,.2
436,57989,仁化,韶关,仁化县,丹霞街道,2025-03-12,22.5,31.7,16.0,.0,7.8
437,57989,仁化,韶关,仁化县,丹霞街道,2025-03-13,23.6,30.9,18.5,.0,3.3
438,57989,仁化,韶关,仁化县,丹霞街道,2025-03-14,22.3,27.7,19.9,14.5,1.4
439,57989,仁化,韶关,仁化县,丹霞街道,2025-03-15,14.8,21.1,12.2,22.9,.0
440,57989,仁化,韶关,仁化县,丹霞街道,2025-03-16,12.4,15.2,10.7,.1,.2
441,57989,仁化,韶关,仁化县,丹霞街道,2025-03-17,13.0,18.9,9.3,.1,4.9
442,57989,仁化,韶关,仁化县,丹霞街道,2025-03-18,14.7,22.3,9.1,2.5,9.9
443,57989,仁化,韶关,仁化县,丹霞街道,2025-03-19,13.0,23.3,4.1,.0,11.0
444,57989,仁化,韶关,仁化县,丹霞街道,2025-03-20,14.0,24.9,4.9,.0,11.1
445,57989,仁化,韶关,仁化县,丹霞街道,2025-03-21,14.8,27.2,5.0,.0,11.1
446,57989,仁化,韶关,仁化县,丹霞街道,2025-03-22,16.3,28.9,6.3,.0,10.8
447,57989,仁化,韶关,仁化县,丹霞街道,2025-03-23,19.0,30.4,10.0,.0,10.0
448,57989,仁化,韶关,仁化县,丹霞街道,2025-03-24,20.5,31.7,12.3,.0,10.2
449,57989,仁化,韶关,仁化县,丹霞街道,2025-03-25,22.6,33.3,14.0,.0,10.1
450,57989,仁化,韶关,仁化县,丹霞街道,2025-03-26,23.1,32.0,16.2,.0,9.6
451,57989,仁化,韶关,仁化县,丹霞街道,2025-03-27,21.9,26.7,17.5,1.0,2.0
452,57989,仁化,韶关,仁化县,丹霞街道,2025-03-28,16.2,22.1,11.7,4.8,.0
453,57989,仁化,韶关,仁化县,丹霞街道,2025-03-29,8.9,11.8,7.5,29.3,.0
454,57989,仁化,韶关,仁化县,丹霞街道,2025-03-30,7.0,8.4,6.3,9.8,.0
455,57989,仁化,韶关,仁化县,丹霞街道,2025-03-31,7.8,9.2,6.5,1.6,.0
456,57989,仁化,韶关,仁化县,丹霞街道,2025-04-01,11.5,19.2,6.2,.0,8.5
457,57989,仁化,韶关,仁化县,丹霞街道,2025-04-02,13.2,23.9,5.6,.0,10.2
458,57989,仁化,韶关,仁化县,丹霞街道,2025-04-03,15.5,27.1,6.4,.0,10.6
459,57989,仁化,韶关,仁化县,丹霞街道,2025-04-04,14.6,19.7,9.1,.0,.0
460,57989,仁化,韶关,仁化县,丹霞街道,2025-04-05,15.7,17.9,14.7,1.2,.0
461,57989,仁化,韶关,仁化县,丹霞街道,2025-04-06,17.2,24.0,12.7,.0,1.5
462,57989,仁化,韶关,仁化县,丹霞街道,2025-04-07,18.5,27.4,11.1,.0,3.8
463,57989,仁化,韶关,仁化县,丹霞街道,2025-04-08,21.1,28.2,16.4,.0,2.1
464,57989,仁化,韶关,仁化县,丹霞街道,2025-04-09,21.1,25.8,17.5,.0,.1
465,57989,仁化,韶关,仁化县,丹霞街道,2025-04-10,22.2,28.2,19.3,67.9,3.6
466,57989,仁化,韶关,仁化县,丹霞街道,2025-04-11,22.8,27.4,19.6,.0,.1
467,57989,仁化,韶关,仁化县,丹霞街道,2025-04-12,20.6,26.1,15.5,18.6,.0
468,57989,仁化,韶关,仁化县,丹霞街道,2025-04-13,15.7,24.1,10.3,.0,5.1
469,57989,仁化,韶关,仁化县,丹霞街道,2025-04-14,18.4,32.2,8.9,.0,10.7
470,57989,仁化,韶关,仁化县,丹霞街道,2025-04-15,20.7,31.5,11.5,.0,11.4
471,57989,仁化,韶关,仁化县,丹霞街道,2025-04-16,21.3,33.0,11.5,.0,10.5
472,57989,仁化,韶关,仁化县,丹霞街道,2025-04-17,21.8,28.4,16.1,.0,3.2
473,57989,仁化,韶关,仁化县,丹霞街道,2025-04-18,23.1,28.4,19.0,.0,.9
474,57989,仁化,韶关,仁化县,丹霞街道,2025-04-19,25.0,31.3,21.9,27.2,1.6
475,57989,仁化,韶关,仁化县,丹霞街道,2025-04-20,24.1,27.1,21.8,30.4,1.6
476,57989,仁化,韶关,仁化县,丹霞街道,2025-04-21,25.8,31.9,22.9,.5,3.2
477,57989,仁化,韶关,仁化县,丹霞街道,2025-04-22,24.5,29.4,21.2,6.4,1.0
478,57989,仁化,韶关,仁化县,丹霞街道,2025-04-23,22.5,24.4,21.4,12.1,.0
479,57989,仁化,韶关,仁化县,丹霞街道,2025-04-24,21.1,23.7,20.4,70.4,.9
480,57989,仁化,韶关,仁化县,丹霞街道,2025-04-25,17.7,21.8,16.7,6.1,.0
481,57989,仁化,韶关,仁化县,丹霞街道,2025-04-26,18.5,20.6,16.9,.0,.0
482,57989,仁化,韶关,仁化县,丹霞街道,2025-04-27,20.0,21.9,18.7,16.0,.0
483,57989,仁化,韶关,仁化县,丹霞街道,2025-04-28,22.8,29.0,19.9,.0,7.5
484,57989,仁化,韶关,仁化县,丹霞街道,2025-04-29,21.9,32.0,14.6,.0,11.2
485,57989,仁化,韶关,仁化县,丹霞街道,2025-04-30,22.7,29.6,18.0,.0,3.0
486,57989,仁化,韶关,仁化县,丹霞街道,2025-05-01,25.4,32.9,21.3,.0,7.7
487,57989,仁化,韶关,仁化县,丹霞街道,2025-05-02,25.2,34.0,18.3,.0,10.3
488,57989,仁化,韶关,仁化县,丹霞街道,2025-05-03,22.7,27.7,19.6,2.7,1.2
489,57989,仁化,韶关,仁化县,丹霞街道,2025-05-04,22.4,25.0,21.2,12.0,.1
490,57989,仁化,韶关,仁化县,丹霞街道,2025-05-05,24.9,31.1,22.2,20.8,3.0
491,57989,仁化,韶关,仁化县,丹霞街道,2025-05-06,24.9,30.7,21.9,.2,2.7
492,57989,仁化,韶关,仁化县,丹霞街道,2025-05-07,24.4,28.9,21.9,1.7,.3
493,57989,仁化,韶关,仁化县,丹霞街道,2025-05-08,24.8,28.7,23.2,7.0,.1
494,57989,仁化,韶关,仁化县,丹霞街道,2025-05-09,23.7,29.0,21.3,33.6,2.7
495,57989,仁化,韶关,仁化县,丹霞街道,2025-05-10,25.3,30.9,20.0,.2,6.2
496,57989,仁化,韶关,仁化县,丹霞街道,2025-05-11,20.3,28.1,15.7,1.8,10.2
497,57989,仁化,韶关,仁化县,丹霞街道,2025-05-12,19.3,30.0,10.7,.0,12.3
498,57989,仁化,韶关,仁化县,丹霞街道,2025-05-13,21.0,31.8,12.2,.0,12.1
499,57989,仁化,韶关,仁化县,丹霞街道,2025-05-14,23.7,31.7,16.9,.0,6.0
500,57989,仁化,韶关,仁化县,丹霞街道,2025-05-15,26.3,32.1,22.4,.0,3.0
501,57989,仁化,韶关,仁化县,丹霞街道,2025-05-16,25.6,28.9,23.5,1.0,.4
502,57989,仁化,韶关,仁化县,丹霞街道,2025-05-17,25.3,27.2,24.0,2.5,.1
503,57989,仁化,韶关,仁化县,丹霞街道,2025-05-18,25.0,28.0,23.7,12.6,.0
504,57989,仁化,韶关,仁化县,丹霞街道,2025-05-19,24.7,28.4,23.5,7.8,.0
505,57989,仁化,韶关,仁化县,丹霞街道,2025-05-20,24.6,27.3,23.1,29.9,.3
506,57989,仁化,韶关,仁化县,丹霞街道,2025-05-21,26.7,31.9,23.9,8.5,.5
507,57989,仁化,韶关,仁化县,丹霞街道,2025-05-22,27.0,33.9,23.9,9.3,4.5
508,57989,仁化,韶关,仁化县,丹霞街道,2025-05-23,25.0,26.6,22.9,44.7,.0
509,57989,仁化,韶关,仁化县,丹霞街道,2025-05-24,22.1,24.2,20.8,.4,.0
510,57989,仁化,韶关,仁化县,丹霞街道,2025-05-25,21.4,24.9,19.0,.0,.0
511,57989,仁化,韶关,仁化县,丹霞街道,2025-05-26,21.1,27.1,18.4,.9,6.6
512,57989,仁化,韶关,仁化县,丹霞街道,2025-05-27,20.4,25.7,15.6,.6,2.4
513,57989,仁化,韶关,仁化县,丹霞街道,2025-05-28,21.0,22.0,20.0,31.6,.0
514,57989,仁化,韶关,仁化县,丹霞街道,2025-05-29,21.2,22.0,20.7,37.6,.0
515,57989,仁化,韶关,仁化县,丹霞街道,2025-05-30,22.5,25.3,20.1,.0,.0
516,57989,仁化,韶关,仁化县,丹霞街道,2025-05-31,25.7,30.4,22.3,.0,1.0
517,57989,仁化,韶关,仁化县,丹霞街道,2025-06-01,26.6,31.4,24.2,.0,1.0
518,57989,仁化,韶关,仁化县,丹霞街道,2025-06-02,26.1,29.7,24.1,1.4,.1
519,57989,仁化,韶关,仁化县,丹霞街道,2025-06-03,22.6,25.9,20.4,16.7,.1
520,57989,仁化,韶关,仁化县,丹霞街道,2025-06-04,24.7,31.2,21.0,.2,4.8
521,57989,仁化,韶关,仁化县,丹霞街道,2025-06-05,27.1,34.1,21.1,.0,10.6
522,57989,仁化,韶关,仁化县,丹霞街道,2025-06-06,27.7,34.0,23.7,.0,5.5
523,57989,仁化,韶关,仁化县,丹霞街道,2025-06-07,28.2,35.2,23.9,.0,4.1
524,57989,仁化,韶关,仁化县,丹霞街道,2025-06-08,28.6,34.7,25.0,1.3,3.9
525,57989,仁化,韶关,仁化县,丹霞街道,2025-06-09,28.2,34.5,23.8,.5,6.4
526,57989,仁化,韶关,仁化县,丹霞街道,2025-06-10,28.5,34.8,24.6,.0,5.2
527,57989,仁化,韶关,仁化县,丹霞街道,2025-06-11,26.8,35.2,23.4,67.3,6.5
528,57989,仁化,韶关,仁化县,丹霞街道,2025-06-12,26.6,31.2,23.3,2.0,1.5
529,57989,仁化,韶关,仁化县,丹霞街道,2025-06-13,28.3,34.5,24.5,4.4,6.0
530,57989,仁化,韶关,仁化县,丹霞街道,2025-06-14,26.4,29.4,25.0,11.5,.1
531,57989,仁化,韶关,仁化县,丹霞街道,2025-06-15,24.5,25.9,22.7,75.1,.4
532,57989,仁化,韶关,仁化县,丹霞街道,2025-06-16,22.6,25.4,20.6,10.7,.0
533,57989,仁化,韶关,仁化县,丹霞街道,2025-06-17,23.6,24.7,22.7,62.0,.0
534,57989,仁化,韶关,仁化县,丹霞街道,2025-06-18,24.3,26.7,22.4,16.0,.0
535,57989,仁化,韶关,仁化县,丹霞街道,2025-06-19,26.9,32.0,23.5,11.3,2.3
536,57989,仁化,韶关,仁化县,丹霞街道,2025-06-20,26.0,32.1,24.2,4.3,2.8
537,57989,仁化,韶关,仁化县,丹霞街道,2025-06-21,27.4,33.6,23.6,7.2,6.2
538,57989,仁化,韶关,仁化县,丹霞街道,2025-06-22,29.2,34.7,24.5,.0,8.4
539,57989,仁化,韶关,仁化县,丹霞街道,2025-06-23,28.9,35.3,24.0,.0,9.3
540,57989,仁化,韶关,仁化县,丹霞街道,2025-06-24,29.2,34.9,24.7,.0,7.3
541,57989,仁化,韶关,仁化县,丹霞街道,2025-06-25,29.0,36.4,23.8,.0,10.8
542,57989,仁化,韶关,仁化县,丹霞街道,2025-06-26,28.4,34.9,24.3,8.7,7.2
543,57989,仁化,韶关,仁化县,丹霞街道,2025-06-27,25.6,32.8,22.7,29.5,4.5
544,57989,仁化,韶关,仁化县,丹霞街道,2025-06-28,26.3,33.6,23.3,22.9,6.8
545,57989,仁化,韶关,仁化县,丹霞街道,2025-06-29,25.8,32.8,23.1,9.0,2.4
546,57989,仁化,韶关,仁化县,丹霞街道,2025-06-30,26.4,34.2,23.7,41.4,5.1
547,57989,仁化,韶关,仁化县,丹霞街道,2025-07-01,25.9,32.1,23.1,2.5,3.5
548,57989,仁化,韶关,仁化县,丹霞街道,2025-07-02,28.6,35.7,24.2,.0,10.4
549,57989,仁化,韶关,仁化县,丹霞街道,2025-07-03,29.5,36.4,25.0,.0,11.3
550,57989,仁化,韶关,仁化县,丹霞街道,2025-07-04,30.3,36.7,25.7,.0,9.6
551,57989,仁化,韶关,仁化县,丹霞街道,2025-07-05,30.3,36.7,25.2,.0,11.5
552,57989,仁化,韶关,仁化县,丹霞街道,2025-07-06,28.8,36.0,25.5,.3,6.4
553,57989,仁化,韶关,仁化县,丹霞街道,2025-07-07,29.1,36.6,24.0,.0,9.6
554,57989,仁化,韶关,仁化县,丹霞街道,2025-07-08,29.4,37.0,24.9,.0,9.2
555,57989,仁化,韶关,仁化县,丹霞街道,2025-07-09,28.4,34.7,24.8,.9,4.8
556,57989,仁化,韶关,仁化县,丹霞街道,2025-07-10,26.6,32.1,24.6,16.9,2.1
557,57989,仁化,韶关,仁化县,丹霞街道,2025-07-11,27.0,30.0,25.2,.9,.1
558,57989,仁化,韶关,仁化县,丹霞街道,2025-07-12,27.4,33.0,24.9,11.9,3.3
559,57989,仁化,韶关,仁化县,丹霞街道,2025-07-13,28.0,31.7,26.0,.1,.6
560,57989,仁化,韶关,仁化县,丹霞街道,2025-07-14,29.2,34.3,26.0,.0,4.1
561,57989,仁化,韶关,仁化县,丹霞街道,2025-07-15,29.6,36.4,25.7,.5,6.4
562,57989,仁化,韶关,仁化县,丹霞街道,2025-07-16,29.9,37.0,25.6,.8,8.4
563,57989,仁化,韶关,仁化县,丹霞街道,2025-07-17,30.7,37.2,26.1,.0,10.7
564,57989,仁化,韶关,仁化县,丹霞街道,2025-07-18,29.1,35.5,24.9,32.6,7.8
565,57989,仁化,韶关,仁化县,丹霞街道,2025-07-19,28.9,35.0,25.0,1.0,5.6
566,57989,仁化,韶关,仁化县,丹霞街道,2025-07-20,29.6,33.8,26.5,2.8,1.4
567,57989,仁化,韶关,仁化县,丹霞街道,2025-07-21,27.7,32.2,26.1,4.7,1.0
568,57989,仁化,韶关,仁化县,丹霞街道,2025-07-22,26.9,30.7,25.1,23.3,.0
569,57989,仁化,韶关,仁化县,丹霞街道,2025-07-23,26.9,32.4,24.8,.7,2.1
570,57989,仁化,韶关,仁化县,丹霞街道,2025-07-24,29.2,35.8,24.9,.0,10.2
571,57989,仁化,韶关,仁化县,丹霞街道,2025-07-25,28.2,36.9,24.2,.3,7.3
572,57989,仁化,韶关,仁化县,丹霞街道,2025-07-26,27.5,37.2,22.3,.4,9.0
573,57989,仁化,韶关,仁化县,丹霞街道,2025-07-27,29.5,36.5,25.4,.0,8.3
574,57989,仁化,韶关,仁化县,丹霞街道,2025-07-28,27.0,33.9,26.2,2.0,2.7
575,57989,仁化,韶关,仁化县,丹霞街道,2025-07-29,28.8,36.2,26.2,.2,8.1
576,57989,仁化,韶关,仁化县,丹霞街道,2025-07-30,28.8,35.4,25.0,.0,6.1
577,57989,仁化,韶关,仁化县,丹霞街道,2025-07-31,27.9,33.9,25.4,9.5,1.8
578,57989,仁化,韶关,仁化县,丹霞街道,2025-08-01,28.9,35.3,25.4,.0,5.9
579,57989,仁化,韶关,仁化县,丹霞街道,2025-08-02,29.0,36.3,25.7,.6,8.0
580,57989,仁化,韶关,仁化县,丹霞街道,2025-08-03,27.4,30.7,25.7,32.9,.7
581,57989,仁化,韶关,仁化县,丹霞街道,2025-08-04,26.6,29.6,25.4,.6,.2
582,57989,仁化,韶关,仁化县,丹霞街道,2025-08-05,26.0,27.7,25.5,19.7,.0
583,57989,仁化,韶关,仁化县,丹霞街道,2025-08-06,25.8,28.9,24.2,41.5,.0
584,57989,仁化,韶关,仁化县,丹霞街道,2025-08-07,24.7,27.5,23.3,18.8,.0
585,57989,仁化,韶关,仁化县,丹霞街道,2025-08-08,25.9,33.6,21.2,.4,7.2
586,57989,仁化,韶关,仁化县,丹霞街道,2025-08-09,28.3,35.8,23.7,.0,10.0
587,57989,仁化,韶关,仁化县,丹霞街道,2025-08-10,28.4,35.3,24.3,.0,7.0
588,57989,仁化,韶关,仁化县,丹霞街道,2025-08-11,29.0,36.0,24.2,.0,8.4
589,57989,仁化,韶关,仁化县,丹霞街道,2025-08-12,29.4,35.2,25.6,.0,7.5
590,57989,仁化,韶关,仁化县,丹霞街道,2025-08-13,29.7,36.7,25.5,.0,8.9
591,57989,仁化,韶关,仁化县,丹霞街道,2025-08-14,26.7,30.5,25.0,12.9,.0
592,57989,仁化,韶关,仁化县,丹霞街道,2025-08-15,26.2,33.4,23.2,7.8,4.7
593,57989,仁化,韶关,仁化县,丹霞街道,2025-08-16,28.1,34.5,24.3,10.1,9.0
594,57989,仁化,韶关,仁化县,丹霞街道,2025-08-17,28.0,34.3,23.2,.0,8.1
595,57989,仁化,韶关,仁化县,丹霞街道,2025-08-18,26.0,31.6,24.0,23.7,2.4
596,57989,仁化,韶关,仁化县,丹霞街道,2025-08-19,26.6,31.0,23.8,.5,.8
597,57989,仁化,韶关,仁化县,丹霞街道,2025-08-20,27.4,33.1,25.1,.1,2.2
598,57989,仁化,韶关,仁化县,丹霞街道,2025-08-21,27.0,32.9,23.8,1.2,1.1
599,57989,仁化,韶关,仁化县,丹霞街道,2025-08-22,27.1,34.1,23.0,.0,6.9
600,57989,仁化,韶关,仁化县,丹霞街道,2025-08-23,28.8,36.2,23.9,.0,10.4
601,57989,仁化,韶关,仁化县,丹霞街道,2025-08-24,29.0,35.2,24.4,.0,9.9
602,57989,仁化,韶关,仁化县,丹霞街道,2025-08-25,28.6,35.8,23.6,.0,9.5
603,57989,仁化,韶关,仁化县,丹霞街道,2025-08-26,26.3,34.4,22.1,27.4,7.3
604,57989,仁化,韶关,仁化县,丹霞街道,2025-08-27,28.0,35.3,22.3,.0,10.9
605,57989,仁化,韶关,仁化县,丹霞街道,2025-08-28,27.8,34.0,23.3,.8,8.2
606,57989,仁化,韶关,仁化县,丹霞街道,2025-08-29,29.1,35.4,23.9,.0,8.8
607,57989,仁化,韶关,仁化县,丹霞街道,2025-08-30,28.3,35.8,24.4,.1,10.2
608,57989,仁化,韶关,仁化县,丹霞街道,2025-08-31,28.4,35.2,24.1,.0,8.9
609,57989,仁化,韶关,仁化县,丹霞街道,2025-09-01,29.0,36.4,24.5,.0,9.8
610,57989,仁化,韶关,仁化县,丹霞街道,2025-09-02,28.9,36.4,24.9,.0,7.8
611,57989,仁化,韶关,仁化县,丹霞街道,2025-09-03,28.5,36.2,23.9,.0,8.7
612,57989,仁化,韶关,仁化县,丹霞街道,2025-09-04,29.4,36.3,24.3,.0,8.0
613,57989,仁化,韶关,仁化县,丹霞街道,2025-09-05,28.4,36.6,24.9,.4,7.8
614,57989,仁化,韶关,仁化县,丹霞街道,2025-09-06,28.8,37.0,23.4,.1,11.0
615,57989,仁化,韶关,仁化县,丹霞街道,2025-09-07,29.3,36.8,24.9,.0,8.1
616,57989,仁化,韶关,仁化县,丹霞街道,2025-09-08,26.2,30.5,24.2,10.8,.7
617,57989,仁化,韶关,仁化县,丹霞街道,2025-09-09,26.4,30.5,24.7,8.5,2.1
618,57989,仁化,韶关,仁化县,丹霞街道,2025-09-10,27.5,33.8,24.0,.2,3.5
619,57989,仁化,韶关,仁化县,丹霞街道,2025-09-11,27.6,33.7,24.5,.0,5.4
620,57989,仁化,韶关,仁化县,丹霞街道,2025-09-12,28.4,35.2,24.4,.0,9.3
621,57989,仁化,韶关,仁化县,丹霞街道,2025-09-13,28.0,35.4,22.9,.0,10.0
622,57989,仁化,韶关,仁化县,丹霞街道,2025-09-14,27.4,35.0,23.0,.0,9.9
623,57989,仁化,韶关,仁化县,丹霞街道,2025-09-15,28.3,35.9,22.7,.0,10.5
624,57989,仁化,韶关,仁化县,丹霞街道,2025-09-16,28.4,35.8,23.9,.0,10.2
625,57989,仁化,韶关,仁化县,丹霞街道,2025-09-17,27.0,36.3,23.4,7.2,6.4
626,57989,仁化,韶关,仁化县,丹霞街道,2025-09-18,28.2,36.0,22.8,.0,10.0
627,57989,仁化,韶关,仁化县,丹霞街道,2025-09-19,27.8,33.1,24.7,.1,3.7
628,57989,仁化,韶关,仁化县,丹霞街道,2025-09-20,25.8,29.8,24.8,5.1,.0
629,57989,仁化,韶关,仁化县,丹霞街道,2025-09-21,25.5,30.5,24.5,11.5,.8
630,57989,仁化,韶关,仁化县,丹霞街道,2025-09-22,27.2,31.8,24.5,1.0,4.2
631,57989,仁化,韶关,仁化县,丹霞街道,2025-09-23,26.1,29.0,22.4,.0,.5
632,57989,仁化,韶关,仁化县,丹霞街道,2025-09-24,26.5,30.5,24.7,3.4,.1
633,57989,仁化,韶关,仁化县,丹霞街道,2025-09-25,25.7,30.3,24.2,16.7,1.0
634,57989,仁化,韶关,仁化县,丹霞街道,2025-09-26,26.5,33.0,22.2,.2,7.9
635,57989,仁化,韶关,仁化县,丹霞街道,2025-09-27,27.2,33.3,23.2,.0,8.6
636,57989,仁化,韶关,仁化县,丹霞街道,2025-09-28,27.1,35.1,23.1,1.4,9.3
637,57989,仁化,韶关,仁化县,丹霞街道,2025-09-29,26.6,33.6,22.7,.2,7.1
638,57989,仁化,韶关,仁化县,丹霞街道,2025-09-30,27.4,35.4,22.4,.0,9.7
639,57989,仁化,韶关,仁化县,丹霞街道,2025-10-01,27.9,35.8,23.3,.0,8.9
640,57989,仁化,韶关,仁化县,丹霞街道,2025-10-02,27.6,34.3,23.8,.0,9.6
641,57989,仁化,韶关,仁化县,丹霞街道,2025-10-03,26.8,35.1,21.9,.0,10.2
642,57989,仁化,韶关,仁化县,丹霞街道,2025-10-04,27.5,36.4,22.0,.0,10.7
643,57989,仁化,韶关,仁化县,丹霞街道,2025-10-05,26.6,33.4,22.9,.0,5.3
644,57989,仁化,韶关,仁化县,丹霞街道,2025-10-06,27.1,34.3,22.2,.0,8.8
645,57989,仁化,韶关,仁化县,丹霞街道,2025-10-07,28.2,36.9,22.1,.0,10.9
646,57989,仁化,韶关,仁化县,丹霞街道,2025-10-08,28.8,36.8,23.6,.0,10.5
647,57989,仁化,韶关,仁化县,丹霞街道,2025-10-09,27.7,35.7,22.8,.0,10.1
648,57989,仁化,韶关,仁化县,丹霞街道,2025-10-10,27.7,36.2,22.7,.0,10.0
649,57989,仁化,韶关,仁化县,丹霞街道,2025-10-11,27.4,34.9,23.2,.0,8.4
650,57989,仁化,韶关,仁化县,丹霞街道,2025-10-12,26.9,34.0,22.3,.0,6.0
651,57989,仁化,韶关,仁化县,丹霞街道,2025-10-13,28.5,34.4,24.6,.0,6.1
652,57989,仁化,韶关,仁化县,丹霞街道,2025-10-14,27.1,33.3,23.0,54.5,7.3
653,57989,仁化,韶关,仁化县,丹霞街道,2025-10-15,27.4,33.8,23.5,.0,8.7
654,57989,仁化,韶关,仁化县,丹霞街道,2025-10-16,26.9,34.2,22.6,.0,9.5
655,57989,仁化,韶关,仁化县,丹霞街道,2025-10-17,27.1,34.4,22.8,.0,8.4
656,57989,仁化,韶关,仁化县,丹霞街道,2025-10-18,27.3,34.4,23.0,.0,8.2
657,57989,仁化,韶关,仁化县,丹霞街道,2025-10-19,23.6,26.9,22.5,.0,.1
658,57989,仁化,韶关,仁化县,丹霞街道,2025-10-20,20.1,22.5,18.2,.0,.0
659,57989,仁化,韶关,仁化县,丹霞街道,2025-10-21,16.0,18.4,14.7,5.1,.0
660,57989,仁化,韶关,仁化县,丹霞街道,2025-10-22,14.3,15.6,13.6,.3,.0
661,57989,仁化,韶关,仁化县,丹霞街道,2025-10-23,17.7,23.0,13.5,.0,3.6
662,57989,仁化,韶关,仁化县,丹霞街道,2025-10-24,20.1,25.6,15.9,.0,7.1
663,57989,仁化,韶关,仁化县,丹霞街道,2025-10-25,20.5,25.3,16.9,.0,4.6
664,57989,仁化,韶关,仁化县,丹霞街道,2025-10-26,19.4,23.3,15.3,.0,3.4
665,57989,仁化,韶关,仁化县,丹霞街道,2025-10-27,18.7,24.2,13.6,.0,4.2
666,57989,仁化,韶关,仁化县,丹霞街道,2025-10-28,18.8,23.8,17.2,.0,1.0
667,57989,仁化,韶关,仁化县,丹霞街道,2025-10-29,20.0,26.8,14.9,.0,3.6
668,57989,仁化,韶关,仁化县,丹霞街道,2025-10-30,22.4,26.9,19.2,.0,1.5
669,57989,仁化,韶关,仁化县,丹霞街道,2025-10-31,19.9,23.3,18.8,2.2,.0
670,57989,仁化,韶关,仁化县,丹霞街道,2025-11-01,19.4,25.0,15.5,.1,5.3
671,57989,仁化,韶关,仁化县,丹霞街道,2025-11-02,19.7,23.9,17.6,.0,.8
672,57989,仁化,韶关,仁化县,丹霞街道,2025-11-03,14.3,19.2,12.8,5.5,.0
673,57989,仁化,韶关,仁化县,丹霞街道,2025-11-04,15.6,16.8,14.7,24.8,.0
674,57989,仁化,韶关,仁化县,丹霞街道,2025-11-05,17.0,20.8,14.8,.6,2.1
675,57989,仁化,韶关,仁化县,丹霞街道,2025-11-06,18.1,23.8,15.5,.0,1.6
676,57989,仁化,韶关,仁化县,丹霞街道,2025-11-07,21.1,25.8,16.6,.0,1.0
677,57989,仁化,韶关,仁化县,丹霞街道,2025-11-08,22.8,26.4,21.4,3.9,.5
678,57989,仁化,韶关,仁化县,丹霞街道,2025-11-09,19.8,23.4,19.0,3.2,.0
679,57989,仁化,韶关,仁化县,丹霞街道,2025-11-10,19.0,21.8,17.6,.0,.0
680,57989,仁化,韶关,仁化县,丹霞街道,2025-11-11,19.3,22.1,17.8,.0,.2
681,57989,仁化,韶关,仁化县,丹霞街道,2025-11-12,18.1,20.8,16.6,.0,.0
682,57989,仁化,韶关,仁化县,丹霞街道,2025-11-13,15.9,19.5,14.3,.4,.4
683,57989,仁化,韶关,仁化县,丹霞街道,2025-11-14,18.8,25.1,15.4,.0,8.1
684,57989,仁化,韶关,仁化县,丹霞街道,2025-11-15,18.5,26.5,13.7,.0,10.1
685,57989,仁化,韶关,仁化县,丹霞街道,2025-11-16,18.7,28.0,12.9,.1,10.0
686,57989,仁化,韶关,仁化县,丹霞街道,2025-11-17,19.2,27.1,13.7,.0,8.2
687,57989,仁化,韶关,仁化县,丹霞街道,2025-11-18,11.9,19.2,9.7,.2,.0
688,57989,仁化,韶关,仁化县,丹霞街道,2025-11-19,10.1,14.4,7.4,.0,2.2
689,57989,仁化,韶关,仁化县,丹霞街道,2025-11-20,10.3,18.6,5.7,.0,8.0
690,57989,仁化,韶关,仁化县,丹霞街道,2025-11-21,11.4,21.2,5.3,.0,10.3
691,57989,仁化,韶关,仁化县,丹霞街道,2025-11-22,11.3,21.3,5.4,.0,6.7
692,57989,仁化,韶关,仁化县,丹霞街道,2025-11-23,13.5,21.9,7.6,.0,1.6
693,57989,仁化,韶关,仁化县,丹霞街道,2025-11-24,17.6,26.1,11.2,.0,9.7
694,57989,仁化,韶关,仁化县,丹霞街道,2025-11-25,14.8,22.7,7.5,.0,9.9
695,57989,仁化,韶关,仁化县,丹霞街道,2025-11-26,10.6,20.4,3.7,.0,10.0
696,57989,仁化,韶关,仁化县,丹霞街道,2025-11-27,10.2,22.9,2.9,.0,9.0
697,57989,仁化,韶关,仁化县,丹霞街道,2025-11-28,10.0,21.1,2.8,.0,9.5
698,57989,仁化,韶关,仁化县,丹霞街道,2025-11-29,10.2,23.6,2.6,.0,10.1
699,57989,仁化,韶关,仁化县,丹霞街道,2025-11-30,12.9,24.2,5.0,.0,4.6
700,57989,仁化,韶关,仁化县,丹霞街道,2025-12-01,18.1,25.8,12.9,.0,3.2
701,57989,仁化,韶关,仁化县,丹霞街道,2025-12-02,18.3,23.7,15.3,.0,.9
702,57989,仁化,韶关,仁化县,丹霞街道,2025-12-03,16.4,21.1,13.7,.0,6.1
703,57989,仁化,韶关,仁化县,丹霞街道,2025-12-04,12.5,20.0,6.6,.0,6.1
704,57989,仁化,韶关,仁化县,丹霞街道,2025-12-05,15.0,19.4,12.6,.0,.7
705,57989,仁化,韶关,仁化县,丹霞街道,2025-12-06,14.6,20.8,11.8,.0,5.0
706,57989,仁化,韶关,仁化县,丹霞街道,2025-12-07,14.1,24.3,8.2,.0,9.0
707,57989,仁化,韶关,仁化县,丹霞街道,2025-12-08,16.1,24.1,11.2,.0,8.9
708,57989,仁化,韶关,仁化县,丹霞街道,2025-12-09,13.6,23.0,7.6,.0,9.1
709,57989,仁化,韶关,仁化县,丹霞街道,2025-12-10,14.5,22.3,8.2,.0,1.3
710,57989,仁化,韶关,仁化县,丹霞街道,2025-12-11,17.5,26.3,11.8,.0,7.3
711,57989,仁化,韶关,仁化县,丹霞街道,2025-12-12,15.9,17.9,15.0,6.5,.0
712,57989,仁化,韶关,仁化县,丹霞街道,2025-12-13,12.4,16.0,9.6,15.6,.0
713,57989,仁化,韶关,仁化县,丹霞街道,2025-12-14,8.3,15.2,4.8,.0,7.9
714,57989,仁化,韶关,仁化县,丹霞街道,2025-12-15,8.3,18.4,1.2,.0,9.7
715,57989,仁化,韶关,仁化县,丹霞街道,2025-12-16,12.6,23.0,5.1,.0,8.8
716,57989,仁化,韶关,仁化县,丹霞街道,2025-12-17,14.7,24.2,8.2,.0,9.4
717,57989,仁化,韶关,仁化县,丹霞街道,2025-12-18,15.0,23.0,11.2,.0,9.3
718,57989,仁化,韶关,仁化县,丹霞街道,2025-12-19,14.4,25.2,7.9,.0,8.8
719,57989,仁化,韶关,仁化县,丹霞街道,2025-12-20,17.3,27.7,11.6,.0,7.2
720,57989,仁化,韶关,仁化县,丹霞街道,2025-12-21,16.2,21.0,13.7,.0,4.0
721,57989,仁化,韶关,仁化县,丹霞街道,2025-12-22,12.0,15.4,9.3,.0,.0
722,57989,仁化,韶关,仁化县,丹霞街道,2025-12-23,14.9,23.7,9.2,.0,5.8
723,57989,仁化,韶关,仁化县,丹霞街道,2025-12-24,14.8,18.1,11.2,.3,.0
724,57989,仁化,韶关,仁化县,丹霞街道,2025-12-25,9.2,11.4,7.0,4.3,.0
725,57989,仁化,韶关,仁化县,丹霞街道,2025-12-26,5.7,13.6,.6,.0,8.8
726,57989,仁化,韶关,仁化县,丹霞街道,2025-12-27,8.8,17.8,3.7,.0,9.3
727,57989,仁化,韶关,仁化县,丹霞街道,2025-12-28,10.1,20.1,4.7,.0,9.4
728,57989,仁化,韶关,仁化县,丹霞街道,2025-12-29,12.4,22.4,4.6,.0,8.4
729,57989,仁化,韶关,仁化县,丹霞街道,2025-12-30,14.7,22.5,9.0,.0,8.8
730,57989,仁化,韶关,仁化县,丹霞街道,2025-12-31,12.8,21.3,8.1,.0,5.6
731,57996,南雄,韶关,南雄市,古市镇,2025-01-01,10.8,20.6,2.4,.0,9.3
732,57996,南雄,韶关,南雄市,古市镇,2025-01-02,12.0,20.7,4.6,.0,9.2
733,57996,南雄,韶关,南雄市,古市镇,2025-01-03,11.2,18.8,4.6,.0,9.2
734,57996,南雄,韶关,南雄市,古市镇,2025-01-04,11.0,19.2,2.4,.0,9.2
735,57996,南雄,韶关,南雄市,古市镇,2025-01-05,9.8,18.1,3.2,.0,8.7
736,57996,南雄,韶关,南雄市,古市镇,2025-01-06,10.2,17.8,2.8,.0,9.1
737,57996,南雄,韶关,南雄市,古市镇,2025-01-07,10.1,18.1,2.9,.0,8.7
738,57996,南雄,韶关,南雄市,古市镇,2025-01-08,11.6,17.9,5.8,.0,8.4
739,57996,南雄,韶关,南雄市,古市镇,2025-01-09,10.5,14.3,7.3,.0,4.4
740,57996,南雄,韶关,南雄市,古市镇,2025-01-10,7.8,12.6,3.2,.0,9.9
741,57996,南雄,韶关,南雄市,古市镇,2025-01-11,7.9,13.4,4.4,.0,6.4
742,57996,南雄,韶关,南雄市,古市镇,2025-01-12,6.3,17.1,-2.4,.0,10.0
743,57996,南雄,韶关,南雄市,古市镇,2025-01-13,8.4,20.0,-.7,.0,10.0
744,57996,南雄,韶关,南雄市,古市镇,2025-01-14,14.0,25.1,5.4,.0,8.4
745,57996,南雄,韶关,南雄市,古市镇,2025-01-15,14.3,18.8,12.0,.0,7.1
746,57996,南雄,韶关,南雄市,古市镇,2025-01-16,9.4,16.1,2.6,.0,9.5
747,57996,南雄,韶关,南雄市,古市镇,2025-01-17,9.3,17.5,.6,.0,9.3
748,57996,南雄,韶关,南雄市,古市镇,2025-01-18,9.2,19.6,.9,.0,8.7
749,57996,南雄,韶关,南雄市,古市镇,2025-01-19,11.0,20.3,3.9,.0,8.5
750,57996,南雄,韶关,南雄市,古市镇,2025-01-20,11.3,21.1,3.1,.0,8.5
751,57996,南雄,韶关,南雄市,古市镇,2025-01-21,12.4,22.9,3.7,.0,8.0
752,57996,南雄,韶关,南雄市,古市镇,2025-01-22,16.0,24.2,9.0,.0,2.6
753,57996,南雄,韶关,南雄市,古市镇,2025-01-23,17.6,25.1,9.9,.0,5.7
754,57996,南雄,韶关,南雄市,古市镇,2025-01-24,17.4,20.2,14.4,.2,.2
755,57996,南雄,韶关,南雄市,古市镇,2025-01-25,18.1,24.6,14.4,.0,1.8
756,57996,南雄,韶关,南雄市,古市镇,2025-01-26,9.1,18.2,7.2,4.9,.0
757,57996,南雄,韶关,南雄市,古市镇,2025-01-27,8.1,13.1,4.0,.0,10.1
758,57996,南雄,韶关,南雄市,古市镇,2025-01-28,9.6,16.0,4.9,.0,8.4
759,57996,南雄,韶关,南雄市,古市镇,2025-01-29,10.5,18.1,5.8,.0,4.1
760,57996,南雄,韶关,南雄市,古市镇,2025-01-30,12.5,22.5,4.7,.0,3.9
761,57996,南雄,韶关,南雄市,古市镇,2025-01-31,17.5,24.2,11.7,.0,2.8
762,57996,南雄,韶关,南雄市,古市镇,2025-02-01,15.8,20.4,12.8,.0,.6
763,57996,南雄,韶关,南雄市,古市镇,2025-02-02,10.6,15.3,9.2,1.1,.0
764,57996,南雄,韶关,南雄市,古市镇,2025-02-03,8.6,9.9,7.7,.8,.0
765,57996,南雄,韶关,南雄市,古市镇,2025-02-04,8.6,14.7,4.1,.0,9.6
766,57996,南雄,韶关,南雄市,古市镇,2025-02-05,7.7,12.7,1.5,.0,1.7
767,57996,南雄,韶关,南雄市,古市镇,2025-02-06,9.2,11.2,6.9,.0,.0
768,57996,南雄,韶关,南雄市,古市镇,2025-02-07,7.8,10.3,6.4,4.8,.0
769,57996,南雄,韶关,南雄市,古市镇,2025-02-08,8.0,12.0,5.8,.0,5.2
770,57996,南雄,韶关,南雄市,古市镇,2025-02-09,5.8,12.6,-.2,.0,10.5
771,57996,南雄,韶关,南雄市,古市镇,2025-02-10,8.7,16.2,2.0,.0,1.4
772,57996,南雄,韶关,南雄市,古市镇,2025-02-11,14.4,23.4,5.6,.0,7.8
773,57996,南雄,韶关,南雄市,古市镇,2025-02-12,17.8,28.5,13.0,.0,6.1
774,57996,南雄,韶关,南雄市,古市镇,2025-02-13,13.1,18.2,9.7,.0,6.7
775,57996,南雄,韶关,南雄市,古市镇,2025-02-14,16.5,25.4,9.8,.0,8.4
776,57996,南雄,韶关,南雄市,古市镇,2025-02-15,15.1,19.0,12.1,.0,1.8
777,57996,南雄,韶关,南雄市,古市镇,2025-02-16,12.7,15.1,11.4,.0,.0
778,57996,南雄,韶关,南雄市,古市镇,2025-02-17,12.7,16.2,10.1,.0,.2
779,57996,南雄,韶关,南雄市,古市镇,2025-02-18,10.7,12.7,8.3,.0,.0
780,57996,南雄,韶关,南雄市,古市镇,2025-02-19,11.5,13.8,9.9,.0,.0
781,57996,南雄,韶关,南雄市,古市镇,2025-02-20,12.8,17.0,10.8,.0,.0
782,57996,南雄,韶关,南雄市,古市镇,2025-02-21,10.9,14.0,8.7,2.7,.3
783,57996,南雄,韶关,南雄市,古市镇,2025-02-22,9.6,12.2,8.4,.0,.0
784,57996,南雄,韶关,南雄市,古市镇,2025-02-23,8.1,9.7,7.6,.6,.0
785,57996,南雄,韶关,南雄市,古市镇,2025-02-24,10.2,15.6,5.9,.0,8.3
786,57996,南雄,韶关,南雄市,古市镇,2025-02-25,9.5,12.0,7.3,.6,.0
787,57996,南雄,韶关,南雄市,古市镇,2025-02-26,12.6,17.4,8.8,.0,.3
788,57996,南雄,韶关,南雄市,古市镇,2025-02-27,16.7,24.2,11.9,4.6,5.3
789,57996,南雄,韶关,南雄市,古市镇,2025-02-28,18.7,27.9,12.0,.0,9.1
790,57996,南雄,韶关,南雄市,古市镇,2025-03-01,21.2,28.4,16.2,.0,5.9
791,57996,南雄,韶关,南雄市,古市镇,2025-03-02,24.2,31.7,18.7,.0,7.9
792,57996,南雄,韶关,南雄市,古市镇,2025-03-03,21.6,27.0,18.8,8.3,3.6
793,57996,南雄,韶关,南雄市,古市镇,2025-03-04,12.1,20.0,9.8,13.1,.1
794,57996,南雄,韶关,南雄市,古市镇,2025-03-05,8.4,10.1,7.0,7.3,.0
795,57996,南雄,韶关,南雄市,古市镇,2025-03-06,8.5,10.6,6.9,2.5,.1
796,57996,南雄,韶关,南雄市,古市镇,2025-03-07,8.4,10.5,7.1,2.1,.0
797,57996,南雄,韶关,南雄市,古市镇,2025-03-08,10.5,14.5,7.5,.9,1.2
798,57996,南雄,韶关,南雄市,古市镇,2025-03-09,14.8,19.9,11.5,.0,1.0
799,57996,南雄,韶关,南雄市,古市镇,2025-03-10,18.0,25.6,12.1,.0,1.7
800,57996,南雄,韶关,南雄市,古市镇,2025-03-11,21.4,27.9,15.8,.0,1.0
801,57996,南雄,韶关,南雄市,古市镇,2025-03-12,23.6,31.0,17.0,.0,8.5
802,57996,南雄,韶关,南雄市,古市镇,2025-03-13,24.8,30.3,18.8,.0,5.3
803,57996,南雄,韶关,南雄市,古市镇,2025-03-14,21.5,27.7,18.8,15.4,1.2
804,57996,南雄,韶关,南雄市,古市镇,2025-03-15,15.2,21.6,12.4,63.6,.0
805,57996,南雄,韶关,南雄市,古市镇,2025-03-16,12.4,15.0,11.1,.0,.4
806,57996,南雄,韶关,南雄市,古市镇,2025-03-17,12.8,17.6,9.8,.0,5.6
807,57996,南雄,韶关,南雄市,古市镇,2025-03-18,14.4,20.6,9.3,1.1,10.5
808,57996,南雄,韶关,南雄市,古市镇,2025-03-19,13.6,22.2,5.7,.0,10.6
809,57996,南雄,韶关,南雄市,古市镇,2025-03-20,15.3,23.6,6.9,.0,11.2
810,57996,南雄,韶关,南雄市,古市镇,2025-03-21,16.0,26.3,6.3,.0,11.2
811,57996,南雄,韶关,南雄市,古市镇,2025-03-22,17.8,29.3,8.3,.0,11.0
812,57996,南雄,韶关,南雄市,古市镇,2025-03-23,20.2,30.1,11.2,.0,10.4
813,57996,南雄,韶关,南雄市,古市镇,2025-03-24,22.5,31.6,14.9,.0,10.5
814,57996,南雄,韶关,南雄市,古市镇,2025-03-25,23.5,33.2,15.3,.0,10.4
815,57996,南雄,韶关,南雄市,古市镇,2025-03-26,25.6,33.0,19.4,.0,9.5
816,57996,南雄,韶关,南雄市,古市镇,2025-03-27,24.8,28.1,22.1,.0,3.1
817,57996,南雄,韶关,南雄市,古市镇,2025-03-28,15.8,25.2,10.7,.4,.0
818,57996,南雄,韶关,南雄市,古市镇,2025-03-29,7.8,10.9,6.1,25.4,.0
819,57996,南雄,韶关,南雄市,古市镇,2025-03-30,6.5,7.8,5.7,9.3,.0
820,57996,南雄,韶关,南雄市,古市镇,2025-03-31,7.6,9.1,6.0,1.7,.0
821,57996,南雄,韶关,南雄市,古市镇,2025-04-01,11.6,18.4,6.7,.0,7.2
822,57996,南雄,韶关,南雄市,古市镇,2025-04-02,14.0,22.9,6.2,.0,10.3
823,57996,南雄,韶关,南雄市,古市镇,2025-04-03,16.7,26.3,7.8,.0,10.9
824,57996,南雄,韶关,南雄市,古市镇,2025-04-04,15.9,21.0,10.7,.0,.0
825,57996,南雄,韶关,南雄市,古市镇,2025-04-05,16.0,18.3,14.9,1.2,.0
826,57996,南雄,韶关,南雄市,古市镇,2025-04-06,17.5,23.3,13.5,.0,.4
827,57996,南雄,韶关,南雄市,古市镇,2025-04-07,19.5,28.4,11.9,.0,6.4
828,57996,南雄,韶关,南雄市,古市镇,2025-04-08,22.3,28.2,18.0,.0,.4
829,57996,南雄,韶关,南雄市,古市镇,2025-04-09,22.6,27.0,18.7,.0,.0
830,57996,南雄,韶关,南雄市,古市镇,2025-04-10,22.8,29.0,19.2,17.1,5.5
831,57996,南雄,韶关,南雄市,古市镇,2025-04-11,23.6,27.2,19.6,.0,.6
832,57996,南雄,韶关,南雄市,古市镇,2025-04-12,21.6,26.6,16.0,45.5,.0
833,57996,南雄,韶关,南雄市,古市镇,2025-04-13,17.1,24.6,11.7,.0,5.0
834,57996,南雄,韶关,南雄市,古市镇,2025-04-14,20.3,31.6,10.5,.0,11.1
835,57996,南雄,韶关,南雄市,古市镇,2025-04-15,21.7,30.6,12.8,.0,11.6
836,57996,南雄,韶关,南雄市,古市镇,2025-04-16,22.1,32.8,12.6,.0,11.3
837,57996,南雄,韶关,南雄市,古市镇,2025-04-17,23.3,28.2,18.1,.0,2.3
838,57996,南雄,韶关,南雄市,古市镇,2025-04-18,23.7,29.5,19.0,.7,4.1
839,57996,南雄,韶关,南雄市,古市镇,2025-04-19,24.9,31.0,21.7,14.1,2.3
840,57996,南雄,韶关,南雄市,古市镇,2025-04-20,23.6,27.4,21.6,27.3,.9
841,57996,南雄,韶关,南雄市,古市镇,2025-04-21,25.8,31.2,22.7,.2,4.5
842,57996,南雄,韶关,南雄市,古市镇,2025-04-22,26.3,31.0,23.0,17.3,3.8
843,57996,南雄,韶关,南雄市,古市镇,2025-04-23,22.3,23.5,21.0,7.1,.0
844,57996,南雄,韶关,南雄市,古市镇,2025-04-24,21.1,23.3,20.2,24.5,1.1
845,57996,南雄,韶关,南雄市,古市镇,2025-04-25,17.3,21.9,16.5,5.7,.0
846,57996,南雄,韶关,南雄市,古市镇,2025-04-26,18.2,19.7,16.7,.1,.0
847,57996,南雄,韶关,南雄市,古市镇,2025-04-27,19.9,21.1,18.6,11.6,.0
848,57996,南雄,韶关,南雄市,古市镇,2025-04-28,23.2,28.6,20.1,.1,6.5
849,57996,南雄,韶关,南雄市,古市镇,2025-04-29,22.7,31.1,15.3,.0,11.6
850,57996,南雄,韶关,南雄市,古市镇,2025-04-30,23.6,30.2,18.6,.0,4.0
851,57996,南雄,韶关,南雄市,古市镇,2025-05-01,26.0,31.9,23.1,.0,6.3
852,57996,南雄,韶关,南雄市,古市镇,2025-05-02,26.0,33.8,18.3,.0,10.8
853,57996,南雄,韶关,南雄市,古市镇,2025-05-03,24.0,29.0,21.2,.7,2.1
854,57996,南雄,韶关,南雄市,古市镇,2025-05-04,23.4,25.6,21.7,9.5,.3
855,57996,南雄,韶关,南雄市,古市镇,2025-05-05,24.4,31.3,22.6,14.7,1.9
856,57996,南雄,韶关,南雄市,古市镇,2025-05-06,24.2,29.4,21.9,11.1,1.7
857,57996,南雄,韶关,南雄市,古市镇,2025-05-07,24.0,28.5,22.1,3.7,.1
858,57996,南雄,韶关,南雄市,古市镇,2025-05-08,25.0,27.5,23.0,9.0,.0
859,57996,南雄,韶关,南雄市,古市镇,2025-05-09,24.5,28.3,21.1,23.9,1.4
860,57996,南雄,韶关,南雄市,古市镇,2025-05-10,25.7,30.3,21.1,.0,7.7
861,57996,南雄,韶关,南雄市,古市镇,2025-05-11,20.4,27.3,15.4,2.3,10.0
862,57996,南雄,韶关,南雄市,古市镇,2025-05-12,20.1,29.6,11.7,.0,12.4
863,57996,南雄,韶关,南雄市,古市镇,2025-05-13,22.2,31.9,13.3,.0,12.4
864,57996,南雄,韶关,南雄市,古市镇,2025-05-14,25.0,31.6,18.0,.0,8.5
865,57996,南雄,韶关,南雄市,古市镇,2025-05-15,26.9,32.5,21.6,.0,7.7
866,57996,南雄,韶关,南雄市,古市镇,2025-05-16,26.1,30.2,23.6,.8,.6
867,57996,南雄,韶关,南雄市,古市镇,2025-05-17,25.6,27.6,24.0,2.6,.0
868,57996,南雄,韶关,南雄市,古市镇,2025-05-18,24.7,28.0,23.7,20.3,.4
869,57996,南雄,韶关,南雄市,古市镇,2025-05-19,25.3,29.7,23.2,34.0,.1
870,57996,南雄,韶关,南雄市,古市镇,2025-05-20,24.1,25.6,23.4,27.0,.3
871,57996,南雄,韶关,南雄市,古市镇,2025-05-21,26.3,31.7,23.8,16.2,1.9
872,57996,南雄,韶关,南雄市,古市镇,2025-05-22,26.6,33.8,23.4,.4,3.1
873,57996,南雄,韶关,南雄市,古市镇,2025-05-23,25.3,28.8,23.1,11.7,.1
874,57996,南雄,韶关,南雄市,古市镇,2025-05-24,22.1,24.3,20.4,.4,.0
875,57996,南雄,韶关,南雄市,古市镇,2025-05-25,21.4,25.0,19.1,.0,.0
876,57996,南雄,韶关,南雄市,古市镇,2025-05-26,21.3,27.2,18.1,.6,6.1
877,57996,南雄,韶关,南雄市,古市镇,2025-05-27,21.1,26.9,15.8,.1,3.6
878,57996,南雄,韶关,南雄市,古市镇,2025-05-28,21.6,22.5,20.5,20.7,.0
879,57996,南雄,韶关,南雄市,古市镇,2025-05-29,21.2,22.0,20.2,35.4,.0
880,57996,南雄,韶关,南雄市,古市镇,2025-05-30,22.5,25.4,20.1,.1,.0
881,57996,南雄,韶关,南雄市,古市镇,2025-05-31,26.3,33.2,22.3,.0,4.3
882,57996,南雄,韶关,南雄市,古市镇,2025-06-01,27.6,31.9,24.1,.0,1.9
883,57996,南雄,韶关,南雄市,古市镇,2025-06-02,27.7,32.8,25.5,.0,1.8
884,57996,南雄,韶关,南雄市,古市镇,2025-06-03,23.1,26.3,20.6,13.8,.0
885,57996,南雄,韶关,南雄市,古市镇,2025-06-04,25.1,30.2,20.5,.0,7.1
886,57996,南雄,韶关,南雄市,古市镇,2025-06-05,27.4,34.0,21.6,.0,9.1
887,57996,南雄,韶关,南雄市,古市镇,2025-06-06,29.0,34.0,24.3,.0,10.2
888,57996,南雄,韶关,南雄市,古市镇,2025-06-07,29.5,34.9,24.5,.0,8.1
889,57996,南雄,韶关,南雄市,古市镇,2025-06-08,30.5,34.6,26.1,.0,7.6
890,57996,南雄,韶关,南雄市,古市镇,2025-06-09,28.8,34.5,25.2,9.7,6.9
891,57996,南雄,韶关,南雄市,古市镇,2025-06-10,28.8,34.4,24.7,.0,7.1
892,57996,南雄,韶关,南雄市,古市镇,2025-06-11,27.9,33.9,25.0,39.4,5.6
893,57996,南雄,韶关,南雄市,古市镇,2025-06-12,26.2,29.9,22.5,4.7,1.8
894,57996,南雄,韶关,南雄市,古市镇,2025-06-13,27.6,34.1,24.5,5.8,5.0
895,57996,南雄,韶关,南雄市,古市镇,2025-06-14,27.0,31.2,24.4,13.8,.6
896,57996,南雄,韶关,南雄市,古市镇,2025-06-15,25.3,27.1,23.8,22.9,.1
897,57996,南雄,韶关,南雄市,古市镇,2025-06-16,22.6,25.8,20.9,6.9,.0
898,57996,南雄,韶关,南雄市,古市镇,2025-06-17,23.7,26.0,23.2,23.6,.5
899,57996,南雄,韶关,南雄市,古市镇,2025-06-18,24.5,27.6,22.2,16.0,.0
900,57996,南雄,韶关,南雄市,古市镇,2025-06-19,27.6,32.0,23.4,.0,2.8
901,57996,南雄,韶关,南雄市,古市镇,2025-06-20,27.1,32.3,24.7,8.8,1.4
902,57996,南雄,韶关,南雄市,古市镇,2025-06-21,26.8,32.0,23.5,20.4,3.0
903,57996,南雄,韶关,南雄市,古市镇,2025-06-22,29.0,34.8,24.4,.0,8.8
904,57996,南雄,韶关,南雄市,古市镇,2025-06-23,29.9,35.7,24.5,.0,9.4
905,57996,南雄,韶关,南雄市,古市镇,2025-06-24,29.4,34.6,24.6,.0,8.2
906,57996,南雄,韶关,南雄市,古市镇,2025-06-25,29.3,36.6,24.7,.0,11.4
907,57996,南雄,韶关,南雄市,古市镇,2025-06-26,29.3,35.6,24.7,.0,7.4
908,57996,南雄,韶关,南雄市,古市镇,2025-06-27,27.9,33.6,24.9,.1,4.4
909,57996,南雄,韶关,南雄市,古市镇,2025-06-28,26.8,33.6,23.2,29.6,3.2
910,57996,南雄,韶关,南雄市,古市镇,2025-06-29,26.5,32.4,24.1,2.1,1.0
911,57996,南雄,韶关,南雄市,古市镇,2025-06-30,26.9,34.4,24.4,2.4,4.7
912,57996,南雄,韶关,南雄市,古市镇,2025-07-01,25.6,30.7,23.7,1.7,2.0
913,57996,南雄,韶关,南雄市,古市镇,2025-07-02,28.8,36.3,24.1,.0,9.5
914,57996,南雄,韶关,南雄市,古市镇,2025-07-03,29.4,35.3,25.5,.0,8.9
915,57996,南雄,韶关,南雄市,古市镇,2025-07-04,31.2,37.3,26.1,.0,12.1
916,57996,南雄,韶关,南雄市,古市镇,2025-07-05,31.2,36.7,25.8,.0,11.7
917,57996,南雄,韶关,南雄市,古市镇,2025-07-06,29.6,36.1,26.4,3.9,8.1
918,57996,南雄,韶关,南雄市,古市镇,2025-07-07,29.6,37.2,25.4,.0,11.2
919,57996,南雄,韶关,南雄市,古市镇,2025-07-08,29.3,37.4,25.4,.2,8.0
920,57996,南雄,韶关,南雄市,古市镇,2025-07-09,28.6,35.4,25.3,2.1,3.5
921,57996,南雄,韶关,南雄市,古市镇,2025-07-10,26.6,30.6,24.6,14.5,1.4
922,57996,南雄,韶关,南雄市,古市镇,2025-07-11,26.5,29.1,24.4,7.6,.0
923,57996,南雄,韶关,南雄市,古市镇,2025-07-12,27.3,33.5,24.6,2.7,3.4
924,57996,南雄,韶关,南雄市,古市镇,2025-07-13,27.5,32.6,25.2,.0,3.9
925,57996,南雄,韶关,南雄市,古市镇,2025-07-14,29.4,34.6,26.2,.2,4.6
926,57996,南雄,韶关,南雄市,古市镇,2025-07-15,29.3,35.8,25.8,.0,8.6
927,57996,南雄,韶关,南雄市,古市镇,2025-07-16,30.4,36.5,25.6,.0,9.6
928,57996,南雄,韶关,南雄市,古市镇,2025-07-17,31.5,37.1,26.8,.0,10.2
929,57996,南雄,韶关,南雄市,古市镇,2025-07-18,30.1,36.6,25.9,.0,8.4
930,57996,南雄,韶关,南雄市,古市镇,2025-07-19,29.9,35.5,25.4,.0,6.0
931,57996,南雄,韶关,南雄市,古市镇,2025-07-20,29.0,32.2,26.5,12.1,.4
932,57996,南雄,韶关,南雄市,古市镇,2025-07-21,27.3,30.9,26.0,3.2,.0
933,57996,南雄,韶关,南雄市,古市镇,2025-07-22,27.2,31.1,25.4,4.9,1.1
934,57996,南雄,韶关,南雄市,古市镇,2025-07-23,28.6,33.2,25.5,.0,4.7
935,57996,南雄,韶关,南雄市,古市镇,2025-07-24,30.5,35.5,25.4,.0,10.0
936,57996,南雄,韶关,南雄市,古市镇,2025-07-25,29.3,36.9,25.1,.0,8.1
937,57996,南雄,韶关,南雄市,古市镇,2025-07-26,28.2,36.1,23.5,.0,9.1
938,57996,南雄,韶关,南雄市,古市镇,2025-07-27,29.2,36.5,25.7,.0,6.6
939,57996,南雄,韶关,南雄市,古市镇,2025-07-28,27.7,34.0,26.6,24.2,3.6
940,57996,南雄,韶关,南雄市,古市镇,2025-07-29,28.7,36.1,25.1,2.3,8.1
941,57996,南雄,韶关,南雄市,古市镇,2025-07-30,28.5,35.2,25.4,.2,7.6
942,57996,南雄,韶关,南雄市,古市镇,2025-07-31,28.5,33.7,25.7,.0,2.6
943,57996,南雄,韶关,南雄市,古市镇,2025-08-01,28.5,34.1,25.8,1.9,5.6
944,57996,南雄,韶关,南雄市,古市镇,2025-08-02,29.2,36.2,25.7,.6,9.4
945,57996,南雄,韶关,南雄市,古市镇,2025-08-03,27.0,31.4,25.8,37.4,.5
946,57996,南雄,韶关,南雄市,古市镇,2025-08-04,27.3,29.6,25.7,3.8,.0
947,57996,南雄,韶关,南雄市,古市镇,2025-08-05,26.1,27.6,25.0,18.4,.0
948,57996,南雄,韶关,南雄市,古市镇,2025-08-06,26.6,29.9,24.8,8.6,.0
949,57996,南雄,韶关,南雄市,古市镇,2025-08-07,25.4,29.0,23.0,11.6,.0
950,57996,南雄,韶关,南雄市,古市镇,2025-08-08,26.9,33.7,21.7,.3,10.0
951,57996,南雄,韶关,南雄市,古市镇,2025-08-09,28.9,35.6,23.8,.0,11.2
952,57996,南雄,韶关,南雄市,古市镇,2025-08-10,29.4,34.9,25.2,.0,10.7
953,57996,南雄,韶关,南雄市,古市镇,2025-08-11,29.9,35.6,25.2,.0,11.0
954,57996,南雄,韶关,南雄市,古市镇,2025-08-12,29.4,35.6,26.0,.0,9.0
955,57996,南雄,韶关,南雄市,古市镇,2025-08-13,30.7,37.3,25.7,.0,10.2
956,57996,南雄,韶关,南雄市,古市镇,2025-08-14,26.8,31.7,24.8,16.8,.0
957,57996,南雄,韶关,南雄市,古市镇,2025-08-15,27.5,33.6,23.9,.0,6.1
958,57996,南雄,韶关,南雄市,古市镇,2025-08-16,28.6,34.1,24.2,6.4,7.3
959,57996,南雄,韶关,南雄市,古市镇,2025-08-17,27.3,33.6,23.6,.0,7.0
960,57996,南雄,韶关,南雄市,古市镇,2025-08-18,27.7,32.7,24.5,4.2,3.5
961,57996,南雄,韶关,南雄市,古市镇,2025-08-19,27.1,31.9,24.2,.2,2.7
962,57996,南雄,韶关,南雄市,古市镇,2025-08-20,27.4,33.7,24.5,1.9,.7
963,57996,南雄,韶关,南雄市,古市镇,2025-08-21,27.0,32.4,24.2,1.8,2.1
964,57996,南雄,韶关,南雄市,古市镇,2025-08-22,28.2,33.7,24.2,.0,6.8
965,57996,南雄,韶关,南雄市,古市镇,2025-08-23,29.3,36.5,24.2,.0,10.8
966,57996,南雄,韶关,南雄市,古市镇,2025-08-24,29.7,35.5,25.2,.0,8.9
967,57996,南雄,韶关,南雄市,古市镇,2025-08-25,28.0,35.7,24.7,.0,8.3
968,57996,南雄,韶关,南雄市,古市镇,2025-08-26,27.2,35.4,22.0,.0,10.6
969,57996,南雄,韶关,南雄市,古市镇,2025-08-27,28.9,36.0,22.7,.0,11.3
970,57996,南雄,韶关,南雄市,古市镇,2025-08-28,28.6,35.3,24.0,.0,6.8
971,57996,南雄,韶关,南雄市,古市镇,2025-08-29,29.9,36.1,24.4,.0,10.7
972,57996,南雄,韶关,南雄市,古市镇,2025-08-30,29.3,36.1,24.9,.0,9.6
973,57996,南雄,韶关,南雄市,古市镇,2025-08-31,28.4,36.4,24.3,18.1,8.9
974,57996,南雄,韶关,南雄市,古市镇,2025-09-01,28.6,35.7,24.0,.0,7.4
975,57996,南雄,韶关,南雄市,古市镇,2025-09-02,28.2,35.2,24.8,2.7,7.9
976,57996,南雄,韶关,南雄市,古市镇,2025-09-03,28.6,35.5,24.2,.0,9.1
977,57996,南雄,韶关,南雄市,古市镇,2025-09-04,29.9,35.9,25.1,.0,8.9
978,57996,南雄,韶关,南雄市,古市镇,2025-09-05,28.9,36.2,25.6,.0,6.9
979,57996,南雄,韶关,南雄市,古市镇,2025-09-06,28.9,36.7,23.9,.0,9.5
980,57996,南雄,韶关,南雄市,古市镇,2025-09-07,28.7,35.8,25.2,4.7,6.5
981,57996,南雄,韶关,南雄市,古市镇,2025-09-08,27.2,29.9,25.2,.2,.3
982,57996,南雄,韶关,南雄市,古市镇,2025-09-09,27.2,32.5,25.1,2.9,3.2
983,57996,南雄,韶关,南雄市,古市镇,2025-09-10,27.6,33.7,24.5,.0,6.1
984,57996,南雄,韶关,南雄市,古市镇,2025-09-11,27.9,33.4,23.9,1.0,9.0
985,57996,南雄,韶关,南雄市,古市镇,2025-09-12,29.1,35.4,24.5,.0,10.1
986,57996,南雄,韶关,南雄市,古市镇,2025-09-13,28.8,35.4,23.7,.0,11.3
987,57996,南雄,韶关,南雄市,古市镇,2025-09-14,28.5,35.4,23.8,.0,11.2
988,57996,南雄,韶关,南雄市,古市镇,2025-09-15,28.3,36.4,23.5,1.4,11.3
989,57996,南雄,韶关,南雄市,古市镇,2025-09-16,29.2,36.3,24.2,.0,10.9
990,57996,南雄,韶关,南雄市,古市镇,2025-09-17,28.8,37.2,23.9,.0,7.5
991,57996,南雄,韶关,南雄市,古市镇,2025-09-18,29.1,35.9,24.2,.0,8.9
992,57996,南雄,韶关,南雄市,古市镇,2025-09-19,28.5,33.5,25.4,.1,4.8
993,57996,南雄,韶关,南雄市,古市镇,2025-09-20,25.6,27.6,24.5,21.6,.2
994,57996,南雄,韶关,南雄市,古市镇,2025-09-21,26.3,30.6,24.8,14.9,1.5
995,57996,南雄,韶关,南雄市,古市镇,2025-09-22,27.0,31.8,24.4,.0,2.7
996,57996,南雄,韶关,南雄市,古市镇,2025-09-23,26.5,29.5,24.9,.0,.0
997,57996,南雄,韶关,南雄市,古市镇,2025-09-24,26.3,29.1,25.1,27.7,.0
998,57996,南雄,韶关,南雄市,古市镇,2025-09-25,26.3,32.2,24.5,33.6,2.3
999,57996,南雄,韶关,南雄市,古市镇,2025-09-26,26.6,33.3,22.8,.0,6.4
1000,57996,南雄,韶关,南雄市,古市镇,2025-09-27,28.1,34.3,23.9,.0,8.3
1001,57996,南雄,韶关,南雄市,古市镇,2025-09-28,28.7,35.5,23.5,.0,7.9
1002,57996,南雄,韶关,南雄市,古市镇,2025-09-29,28.1,33.8,23.5,.0,8.1
1003,57996,南雄,韶关,南雄市,古市镇,2025-09-30,28.5,34.9,23.4,.0,10.1
1004,57996,南雄,韶关,南雄市,古市镇,2025-10-01,28.3,35.5,24.2,3.7,8.4
1005,57996,南雄,韶关,南雄市,古市镇,2025-10-02,27.8,33.9,23.6,.0,10.5
1006,57996,南雄,韶关,南雄市,古市镇,2025-10-03,27.6,34.5,22.2,.0,11.0
1007,57996,南雄,韶关,南雄市,古市镇,2025-10-04,28.4,36.1,22.6,.0,10.9
1008,57996,南雄,韶关,南雄市,古市镇,2025-10-05,27.2,33.2,24.2,.0,4.9
1009,57996,南雄,韶关,南雄市,古市镇,2025-10-06,28.2,35.3,23.1,.0,10.2
1010,57996,南雄,韶关,南雄市,古市镇,2025-10-07,28.4,36.6,22.4,.0,10.5
1011,57996,南雄,韶关,南雄市,古市镇,2025-10-08,29.0,35.8,23.8,.0,9.2
1012,57996,南雄,韶关,南雄市,古市镇,2025-10-09,28.6,35.7,23.2,.0,9.9
1013,57996,南雄,韶关,南雄市,古市镇,2025-10-10,28.5,36.4,22.9,.0,10.5
1014,57996,南雄,韶关,南雄市,古市镇,2025-10-11,28.3,35.6,23.0,.0,10.1
1015,57996,南雄,韶关,南雄市,古市镇,2025-10-12,27.6,33.7,22.4,.0,5.2
1016,57996,南雄,韶关,南雄市,古市镇,2025-10-13,29.1,34.6,25.4,.0,8.2
1017,57996,南雄,韶关,南雄市,古市镇,2025-10-14,27.6,33.7,25.1,.0,5.0
1018,57996,南雄,韶关,南雄市,古市镇,2025-10-15,27.4,33.9,23.8,.0,5.8
1019,57996,南雄,韶关,南雄市,古市镇,2025-10-16,27.9,33.9,23.3,.0,9.2
1020,57996,南雄,韶关,南雄市,古市镇,2025-10-17,27.8,34.4,23.5,.0,6.9
1021,57996,南雄,韶关,南雄市,古市镇,2025-10-18,28.0,34.2,22.8,.0,9.0
1022,57996,南雄,韶关,南雄市,古市镇,2025-10-19,24.5,28.5,22.5,.0,.0
1023,57996,南雄,韶关,南雄市,古市镇,2025-10-20,19.0,22.5,16.4,.0,.0
1024,57996,南雄,韶关,南雄市,古市镇,2025-10-21,14.9,16.8,13.8,11.5,.0
1025,57996,南雄,韶关,南雄市,古市镇,2025-10-22,13.6,14.9,12.5,.5,.0
1026,57996,南雄,韶关,南雄市,古市镇,2025-10-23,17.7,21.8,13.1,.0,1.3
1027,57996,南雄,韶关,南雄市,古市镇,2025-10-24,20.3,24.5,17.0,.0,7.5
1028,57996,南雄,韶关,南雄市,古市镇,2025-10-25,20.9,25.6,16.9,.0,5.0
1029,57996,南雄,韶关,南雄市,古市镇,2025-10-26,20.0,23.1,16.7,.0,4.0
1030,57996,南雄,韶关,南雄市,古市镇,2025-10-27,19.5,24.0,16.7,.0,5.0
1031,57996,南雄,韶关,南雄市,古市镇,2025-10-28,19.4,22.8,17.9,.0,2.7
1032,57996,南雄,韶关,南雄市,古市镇,2025-10-29,21.9,26.5,18.2,.0,3.7
1033,57996,南雄,韶关,南雄市,古市镇,2025-10-30,22.6,27.6,19.3,.2,1.6
1034,57996,南雄,韶关,南雄市,古市镇,2025-10-31,20.3,22.7,19.1,1.1,.0
1035,57996,南雄,韶关,南雄市,古市镇,2025-11-01,20.5,24.8,17.2,.0,4.5
1036,57996,南雄,韶关,南雄市,古市镇,2025-11-02,20.2,24.2,18.0,.0,.6
1037,57996,南雄,韶关,南雄市,古市镇,2025-11-03,14.1,19.3,12.7,3.1,.0
1038,57996,南雄,韶关,南雄市,古市镇,2025-11-04,15.1,16.4,14.3,21.8,.0
1039,57996,南雄,韶关,南雄市,古市镇,2025-11-05,16.4,18.4,14.2,.3,1.0
1040,57996,南雄,韶关,南雄市,古市镇,2025-11-06,17.9,21.7,15.9,.0,.0
1041,57996,南雄,韶关,南雄市,古市镇,2025-11-07,21.7,27.1,16.9,.0,1.5
1042,57996,南雄,韶关,南雄市,古市镇,2025-11-08,23.7,29.2,21.4,.0,1.0
1043,57996,南雄,韶关,南雄市,古市镇,2025-11-09,21.7,24.6,20.0,.0,1.5
1044,57996,南雄,韶关,南雄市,古市镇,2025-11-10,19.1,20.6,17.9,.0,.0
1045,57996,南雄,韶关,南雄市,古市镇,2025-11-11,18.8,21.2,17.9,.0,.0
1046,57996,南雄,韶关,南雄市,古市镇,2025-11-12,16.8,19.5,15.2,.0,.0
1047,57996,南雄,韶关,南雄市,古市镇,2025-11-13,15.5,17.5,14.0,1.2,.0
1048,57996,南雄,韶关,南雄市,古市镇,2025-11-14,19.3,24.8,15.8,.0,7.1
1049,57996,南雄,韶关,南雄市,古市镇,2025-11-15,19.5,25.9,13.1,.0,10.1
1050,57996,南雄,韶关,南雄市,古市镇,2025-11-16,19.0,27.1,12.6,.0,10.1
1051,57996,南雄,韶关,南雄市,古市镇,2025-11-17,19.5,26.8,13.8,.0,9.6
1052,57996,南雄,韶关,南雄市,古市镇,2025-11-18,11.8,20.5,9.4,.0,.0
1053,57996,南雄,韶关,南雄市,古市镇,2025-11-19,10.6,14.1,8.4,.0,3.0
1054,57996,南雄,韶关,南雄市,古市镇,2025-11-20,12.0,18.1,7.4,.0,8.4
1055,57996,南雄,韶关,南雄市,古市镇,2025-11-21,13.5,20.3,6.0,.0,10.0
1056,57996,南雄,韶关,南雄市,古市镇,2025-11-22,13.4,21.1,6.4,.0,7.1
1057,57996,南雄,韶关,南雄市,古市镇,2025-11-23,14.5,22.9,7.5,.0,4.2
1058,57996,南雄,韶关,南雄市,古市镇,2025-11-24,17.5,24.9,10.8,.0,9.7
1059,57996,南雄,韶关,南雄市,古市镇,2025-11-25,15.9,21.0,12.1,.0,9.8
1060,57996,南雄,韶关,南雄市,古市镇,2025-11-26,12.7,20.7,4.7,.0,9.9
1061,57996,南雄,韶关,南雄市,古市镇,2025-11-27,13.1,21.2,4.2,.0,8.9
1062,57996,南雄,韶关,南雄市,古市镇,2025-11-28,10.9,21.3,3.5,.0,9.3
1063,57996,南雄,韶关,南雄市,古市镇,2025-11-29,11.1,22.9,2.4,.0,9.9
1064,57996,南雄,韶关,南雄市,古市镇,2025-11-30,14.7,25.3,5.5,.0,5.8
1065,57996,南雄,韶关,南雄市,古市镇,2025-12-01,19.1,27.3,13.8,.0,4.8
1066,57996,南雄,韶关,南雄市,古市镇,2025-12-02,19.3,24.9,16.1,.0,1.4
1067,57996,南雄,韶关,南雄市,古市镇,2025-12-03,16.2,19.5,14.2,.0,8.1
1068,57996,南雄,韶关,南雄市,古市镇,2025-12-04,13.2,19.0,7.6,.0,6.7
1069,57996,南雄,韶关,南雄市,古市镇,2025-12-05,15.0,19.4,12.3,.0,4.0
1070,57996,南雄,韶关,南雄市,古市镇,2025-12-06,15.1,21.1,12.3,.0,4.3
1071,57996,南雄,韶关,南雄市,古市镇,2025-12-07,14.8,24.5,7.9,.0,9.1
1072,57996,南雄,韶关,南雄市,古市镇,2025-12-08,17.0,22.5,13.6,.0,9.1
1073,57996,南雄,韶关,南雄市,古市镇,2025-12-09,15.3,23.4,8.4,.0,8.5
1074,57996,南雄,韶关,南雄市,古市镇,2025-12-10,14.9,22.2,8.9,.0,.8
1075,57996,南雄,韶关,南雄市,古市镇,2025-12-11,18.4,25.2,12.5,.0,8.2
1076,57996,南雄,韶关,南雄市,古市镇,2025-12-12,16.5,20.8,15.9,7.1,.0
1077,57996,南雄,韶关,南雄市,古市镇,2025-12-13,13.9,16.0,11.0,17.8,.0
1078,57996,南雄,韶关,南雄市,古市镇,2025-12-14,10.0,14.8,6.6,.0,8.2
1079,57996,南雄,韶关,南雄市,古市镇,2025-12-15,9.2,17.4,2.6,.0,9.7
1080,57996,南雄,韶关,南雄市,古市镇,2025-12-16,13.9,23.2,6.4,.0,9.1
1081,57996,南雄,韶关,南雄市,古市镇,2025-12-17,15.8,22.9,9.6,.0,9.6
1082,57996,南雄,韶关,南雄市,古市镇,2025-12-18,15.2,22.4,9.8,.0,9.4
1083,57996,南雄,韶关,南雄市,古市镇,2025-12-19,15.5,25.5,8.0,.0,9.5
1084,57996,南雄,韶关,南雄市,古市镇,2025-12-20,19.0,28.0,13.0,.0,9.4
1085,57996,南雄,韶关,南雄市,古市镇,2025-12-21,16.0,19.9,14.1,.0,7.0
1086,57996,南雄,韶关,南雄市,古市镇,2025-12-22,12.8,15.7,10.3,.0,.0
1087,57996,南雄,韶关,南雄市,古市镇,2025-12-23,15.7,23.8,9.6,.0,6.5
1088,57996,南雄,韶关,南雄市,古市镇,2025-12-24,15.6,18.3,12.9,.0,.0
1089,57996,南雄,韶关,南雄市,古市镇,2025-12-25,9.5,13.0,9.1,4.1,.5
1090,57996,南雄,韶关,南雄市,古市镇,2025-12-26,8.3,12.9,4.0,.0,6.7
1091,57996,南雄,韶关,南雄市,古市镇,2025-12-27,9.8,17.0,5.0,.0,8.9
1092,57996,南雄,韶关,南雄市,古市镇,2025-12-28,11.2,19.9,5.0,.0,9.4
1093,57996,南雄,韶关,南雄市,古市镇,2025-12-29,13.1,22.2,5.2,.0,8.0
1094,57996,南雄,韶关,南雄市,古市镇,2025-12-30,15.6,20.9,9.3,.0,5.0
1095,57996,南雄,韶关,南雄市,古市镇,2025-12-31,13.4,20.6,8.4,.0,4.5
1096,59071,连南,清远,连南瑶族自治县,三江镇,2025-01-01,11.7,21.1,4.9,.0,8.7
1097,59071,连南,清远,连南瑶族自治县,三江镇,2025-01-02,13.1,22.2,6.5,.0,8.3
1098,59071,连南,清远,连南瑶族自治县,三江镇,2025-01-03,11.7,19.6,5.9,.0,8.4
1099,59071,连南,清远,连南瑶族自治县,三江镇,2025-01-04,11.3,21.2,4.2,.0,8.6
1100,59071,连南,清远,连南瑶族自治县,三江镇,2025-01-05,11.4,18.0,6.9,.0,7.5
1101,59071,连南,清远,连南瑶族自治县,三江镇,2025-01-06,10.2,18.9,3.8,.0,8.4
1102,59071,连南,清远,连南瑶族自治县,三江镇,2025-01-07,10.8,18.4,4.6,.0,8.0
1103,59071,连南,清远,连南瑶族自治县,三江镇,2025-01-08,10.3,17.3,5.6,.0,7.7
1104,59071,连南,清远,连南瑶族自治县,三江镇,2025-01-09,8.6,13.5,6.2,.0,2.1
1105,59071,连南,清远,连南瑶族自治县,三江镇,2025-01-10,7.9,12.7,3.8,.0,8.9
1106,59071,连南,清远,连南瑶族自治县,三江镇,2025-01-11,9.3,14.2,6.9,.0,6.0
1107,59071,连南,清远,连南瑶族自治县,三江镇,2025-01-12,8.1,18.6,.1,.0,9.3
1108,59071,连南,清远,连南瑶族自治县,三江镇,2025-01-13,9.6,20.9,1.2,.0,9.3
1109,59071,连南,清远,连南瑶族自治县,三江镇,2025-01-14,12.8,23.3,4.5,.0,6.4
1110,59071,连南,清远,连南瑶族自治县,三江镇,2025-01-15,14.0,18.0,10.6,.1,8.0
1111,59071,连南,清远,连南瑶族自治县,三江镇,2025-01-16,10.5,16.6,5.1,.0,8.8
1112,59071,连南,清远,连南瑶族自治县,三江镇,2025-01-17,9.6,18.6,2.7,.0,9.0
1113,59071,连南,清远,连南瑶族自治县,三江镇,2025-01-18,10.2,19.5,3.2,.0,7.3
1114,59071,连南,清远,连南瑶族自治县,三江镇,2025-01-19,11.8,21.7,4.6,.0,8.9
1115,59071,连南,清远,连南瑶族自治县,三江镇,2025-01-20,12.4,22.0,5.8,.0,5.4
1116,59071,连南,清远,连南瑶族自治县,三江镇,2025-01-21,13.4,22.9,6.5,.0,7.8
1117,59071,连南,清远,连南瑶族自治县,三江镇,2025-01-22,16.7,23.8,12.3,.0,2.9
1118,59071,连南,清远,连南瑶族自治县,三江镇,2025-01-23,17.7,23.1,13.2,.0,1.1
1119,59071,连南,清远,连南瑶族自治县,三江镇,2025-01-24,18.1,21.9,15.3,.0,.1
1120,59071,连南,清远,连南瑶族自治县,三江镇,2025-01-25,15.5,18.7,12.2,.0,.0
1121,59071,连南,清远,连南瑶族自治县,三江镇,2025-01-26,7.5,12.2,6.8,2.9,.0
1122,59071,连南,清远,连南瑶族自治县,三江镇,2025-01-27,8.3,15.0,1.4,.0,9.4
1123,59071,连南,清远,连南瑶族自治县,三江镇,2025-01-28,10.6,18.6,6.3,.0,7.6
1124,59071,连南,清远,连南瑶族自治县,三江镇,2025-01-29,10.7,16.7,7.8,.0,1.3
1125,59071,连南,清远,连南瑶族自治县,三江镇,2025-01-30,12.9,20.3,7.8,.0,.7
1126,59071,连南,清远,连南瑶族自治县,三江镇,2025-01-31,16.1,20.5,12.3,1.3,.5
1127,59071,连南,清远,连南瑶族自治县,三江镇,2025-02-01,13.6,16.8,11.4,.1,.0
1128,59071,连南,清远,连南瑶族自治县,三江镇,2025-02-02,8.2,11.4,7.3,6.5,.0
1129,59071,连南,清远,连南瑶族自治县,三江镇,2025-02-03,7.3,9.3,6.1,1.8,.0
1130,59071,连南,清远,连南瑶族自治县,三江镇,2025-02-04,9.9,17.0,5.2,.0,9.1
1131,59071,连南,清远,连南瑶族自治县,三江镇,2025-02-05,7.2,10.8,4.2,.0,.0
1132,59071,连南,清远,连南瑶族自治县,三江镇,2025-02-06,9.1,11.0,8.1,.0,.0
1133,59071,连南,清远,连南瑶族自治县,三江镇,2025-02-07,7.8,8.9,6.9,.6,.0
1134,59071,连南,清远,连南瑶族自治县,三江镇,2025-02-08,7.7,10.3,5.0,.5,.1
1135,59071,连南,清远,连南瑶族自治县,三江镇,2025-02-09,6.7,14.3,.3,.0,9.4
1136,59071,连南,清远,连南瑶族自治县,三江镇,2025-02-10,11.4,15.5,9.2,.0,.1
1137,59071,连南,清远,连南瑶族自治县,三江镇,2025-02-11,12.5,20.1,6.4,.0,.1
1138,59071,连南,清远,连南瑶族自治县,三江镇,2025-02-12,14.2,20.7,11.5,.0,.2
1139,59071,连南,清远,连南瑶族自治县,三江镇,2025-02-13,11.6,15.9,7.6,.0,1.5
1140,59071,连南,清远,连南瑶族自治县,三江镇,2025-02-14,17.0,25.5,11.0,.0,6.8
1141,59071,连南,清远,连南瑶族自治县,三江镇,2025-02-15,13.1,21.0,10.1,.4,.0
1142,59071,连南,清远,连南瑶族自治县,三江镇,2025-02-16,11.2,12.5,10.2,1.5,.0
1143,59071,连南,清远,连南瑶族自治县,三江镇,2025-02-17,10.5,12.3,9.4,1.1,.0
1144,59071,连南,清远,连南瑶族自治县,三江镇,2025-02-18,9.9,11.9,8.5,1.2,.0
1145,59071,连南,清远,连南瑶族自治县,三江镇,2025-02-19,11.5,13.5,10.1,.0,.0
1146,59071,连南,清远,连南瑶族自治县,三江镇,2025-02-20,11.4,13.9,10.0,.6,.0
1147,59071,连南,清远,连南瑶族自治县,三江镇,2025-02-21,10.1,11.4,9.1,2.4,.0
1148,59071,连南,清远,连南瑶族自治县,三江镇,2025-02-22,9.6,10.6,9.1,.3,.0
1149,59071,连南,清远,连南瑶族自治县,三江镇,2025-02-23,9.1,10.8,8.3,.5,.0
1150,59071,连南,清远,连南瑶族自治县,三江镇,2025-02-24,10.0,15.6,7.4,.0,4.6
1151,59071,连南,清远,连南瑶族自治县,三江镇,2025-02-25,10.4,11.9,8.7,.2,.0
1152,59071,连南,清远,连南瑶族自治县,三江镇,2025-02-26,12.8,17.1,9.4,.0,.1
1153,59071,连南,清远,连南瑶族自治县,三江镇,2025-02-27,15.3,21.2,11.9,5.8,.6
1154,59071,连南,清远,连南瑶族自治县,三江镇,2025-02-28,19.9,26.4,14.9,.0,1.4
1155,59071,连南,清远,连南瑶族自治县,三江镇,2025-03-01,21.9,26.6,18.2,.0,.6
1156,59071,连南,清远,连南瑶族自治县,三江镇,2025-03-02,24.4,31.4,18.0,.0,8.3
1157,59071,连南,清远,连南瑶族自治县,三江镇,2025-03-03,20.6,29.2,17.9,.0,1.6
1158,59071,连南,清远,连南瑶族自治县,三江镇,2025-03-04,9.1,18.3,7.5,19.1,.0
1159,59071,连南,清远,连南瑶族自治县,三江镇,2025-03-05,6.5,7.6,5.8,3.0,.0
1160,59071,连南,清远,连南瑶族自治县,三江镇,2025-03-06,8.3,10.9,6.5,.0,.0
1161,59071,连南,清远,连南瑶族自治县,三江镇,2025-03-07,8.3,10.6,6.5,5.7,.0
1162,59071,连南,清远,连南瑶族自治县,三江镇,2025-03-08,10.4,13.4,7.9,2.1,.0
1163,59071,连南,清远,连南瑶族自治县,三江镇,2025-03-09,13.1,17.2,10.9,.0,.0
1164,59071,连南,清远,连南瑶族自治县,三江镇,2025-03-10,16.2,22.2,11.9,.0,.1
1165,59071,连南,清远,连南瑶族自治县,三江镇,2025-03-11,20.5,26.9,16.2,.0,.2
1166,59071,连南,清远,连南瑶族自治县,三江镇,2025-03-12,23.4,28.6,19.5,.0,2.1
1167,59071,连南,清远,连南瑶族自治县,三江镇,2025-03-13,19.7,24.6,17.6,2.3,.0
1168,59071,连南,清远,连南瑶族自治县,三江镇,2025-03-14,17.1,19.0,16.2,9.9,.0
1169,59071,连南,清远,连南瑶族自治县,三江镇,2025-03-15,13.0,17.4,11.3,20.6,.0
1170,59071,连南,清远,连南瑶族自治县,三江镇,2025-03-16,12.0,15.6,9.5,.3,1.9
1171,59071,连南,清远,连南瑶族自治县,三江镇,2025-03-17,11.9,16.2,9.1,.5,1.7
1172,59071,连南,清远,连南瑶族自治县,三江镇,2025-03-18,13.2,19.9,7.7,1.0,9.3
1173,59071,连南,清远,连南瑶族自治县,三江镇,2025-03-19,14.3,23.0,6.8,.0,8.4
1174,59071,连南,清远,连南瑶族自治县,三江镇,2025-03-20,15.5,24.7,7.3,.0,10.5
1175,59071,连南,清远,连南瑶族自治县,三江镇,2025-03-21,17.3,27.4,8.6,.0,10.3
1176,59071,连南,清远,连南瑶族自治县,三江镇,2025-03-22,18.9,29.1,10.8,.0,10.2
1177,59071,连南,清远,连南瑶族自治县,三江镇,2025-03-23,21.5,30.6,13.0,.0,7.6
1178,59071,连南,清远,连南瑶族自治县,三江镇,2025-03-24,22.4,31.9,14.4,.0,10.1
1179,59071,连南,清远,连南瑶族自治县,三江镇,2025-03-25,24.4,33.9,16.2,.0,10.1
1180,59071,连南,清远,连南瑶族自治县,三江镇,2025-03-26,25.3,33.8,19.2,.0,8.6
1181,59071,连南,清远,连南瑶族自治县,三江镇,2025-03-27,24.0,30.4,19.9,.4,6.5
1182,59071,连南,清远,连南瑶族自治县,三江镇,2025-03-28,16.3,24.9,11.2,.0,.0
1183,59071,连南,清远,连南瑶族自治县,三江镇,2025-03-29,8.3,11.5,7.1,23.0,.0
1184,59071,连南,清远,连南瑶族自治县,三江镇,2025-03-30,7.4,8.8,6.4,1.9,.0
1185,59071,连南,清远,连南瑶族自治县,三江镇,2025-03-31,8.4,10.3,6.7,.3,.0
1186,59071,连南,清远,连南瑶族自治县,三江镇,2025-04-01,12.7,20.0,8.4,.0,8.0
1187,59071,连南,清远,连南瑶族自治县,三江镇,2025-04-02,15.4,24.2,8.3,.0,9.9
1188,59071,连南,清远,连南瑶族自治县,三江镇,2025-04-03,17.7,27.4,9.7,.0,9.3
1189,59071,连南,清远,连南瑶族自治县,三江镇,2025-04-04,16.1,20.5,12.3,.0,.0
1190,59071,连南,清远,连南瑶族自治县,三江镇,2025-04-05,16.8,21.7,15.3,.0,.8
1191,59071,连南,清远,连南瑶族自治县,三江镇,2025-04-06,18.0,23.1,14.1,.0,.7
1192,59071,连南,清远,连南瑶族自治县,三江镇,2025-04-07,20.1,26.2,15.1,.0,.4
1193,59071,连南,清远,连南瑶族自治县,三江镇,2025-04-08,20.8,25.0,18.3,.0,.2
1194,59071,连南,清远,连南瑶族自治县,三江镇,2025-04-09,20.4,22.1,19.2,16.3,.0
1195,59071,连南,清远,连南瑶族自治县,三江镇,2025-04-10,23.6,30.4,19.7,1.1,4.2
1196,59071,连南,清远,连南瑶族自治县,三江镇,2025-04-11,24.1,27.6,21.5,.0,.1
1197,59071,连南,清远,连南瑶族自治县,三江镇,2025-04-12,22.4,28.1,16.5,8.0,.0
1198,59071,连南,清远,连南瑶族自治县,三江镇,2025-04-13,17.5,25.4,12.0,.0,3.3
1199,59071,连南,清远,连南瑶族自治县,三江镇,2025-04-14,20.5,32.7,10.9,.0,10.4
1200,59071,连南,清远,连南瑶族自治县,三江镇,2025-04-15,23.1,32.8,14.7,.0,10.7
1201,59071,连南,清远,连南瑶族自治县,三江镇,2025-04-16,23.7,34.1,15.3,.0,7.3
1202,59071,连南,清远,连南瑶族自治县,三江镇,2025-04-17,23.1,29.0,19.0,.0,1.2
1203,59071,连南,清远,连南瑶族自治县,三江镇,2025-04-18,24.1,28.4,20.7,.0,1.1
1204,59071,连南,清远,连南瑶族自治县,三江镇,2025-04-19,26.1,33.3,22.9,13.7,2.3
1205,59071,连南,清远,连南瑶族自治县,三江镇,2025-04-20,24.3,28.6,22.4,47.9,1.1
1206,59071,连南,清远,连南瑶族自治县,三江镇,2025-04-21,26.6,32.2,23.2,.0,2.1
1207,59071,连南,清远,连南瑶族自治县,三江镇,2025-04-22,25.0,32.3,22.3,24.1,3.8
1208,59071,连南,清远,连南瑶族自治县,三江镇,2025-04-23,21.3,23.0,19.4,25.4,.0
1209,59071,连南,清远,连南瑶族自治县,三江镇,2025-04-24,20.9,23.3,19.9,30.6,.0
1210,59071,连南,清远,连南瑶族自治县,三江镇,2025-04-25,18.8,20.8,18.1,.5,.0
1211,59071,连南,清远,连南瑶族自治县,三江镇,2025-04-26,19.9,22.5,17.8,.0,.0
1212,59071,连南,清远,连南瑶族自治县,三江镇,2025-04-27,21.0,22.6,20.1,30.7,.0
1213,59071,连南,清远,连南瑶族自治县,三江镇,2025-04-28,23.9,28.6,20.3,.2,7.9
1214,59071,连南,清远,连南瑶族自治县,三江镇,2025-04-29,23.5,31.5,17.0,.0,10.7
1215,59071,连南,清远,连南瑶族自治县,三江镇,2025-04-30,23.5,29.6,19.9,9.0,1.2
1216,59071,连南,清远,连南瑶族自治县,三江镇,2025-05-01,25.3,31.6,22.3,2.5,6.2
1217,59071,连南,清远,连南瑶族自治县,三江镇,2025-05-02,24.9,33.3,17.7,.0,10.4
1218,59071,连南,清远,连南瑶族自治县,三江镇,2025-05-03,24.5,27.4,22.1,10.5,1.0
1219,59071,连南,清远,连南瑶族自治县,三江镇,2025-05-04,23.6,27.1,21.7,29.7,1.3
1220,59071,连南,清远,连南瑶族自治县,三江镇,2025-05-05,25.9,31.7,22.8,17.5,3.0
1221,59071,连南,清远,连南瑶族自治县,三江镇,2025-05-06,24.6,29.3,22.0,4.1,1.3
1222,59071,连南,清远,连南瑶族自治县,三江镇,2025-05-07,24.2,27.7,22.4,5.0,.2
1223,59071,连南,清远,连南瑶族自治县,三江镇,2025-05-08,25.3,29.3,23.8,.9,.1
1224,59071,连南,清远,连南瑶族自治县,三江镇,2025-05-09,23.4,28.5,21.3,30.9,3.7
1225,59071,连南,清远,连南瑶族自治县,三江镇,2025-05-10,23.3,28.9,19.6,.0,4.4
1226,59071,连南,清远,连南瑶族自治县,三江镇,2025-05-11,20.1,27.1,13.6,2.2,9.9
1227,59071,连南,清远,连南瑶族自治县,三江镇,2025-05-12,20.5,30.5,11.9,.0,11.8
1228,59071,连南,清远,连南瑶族自治县,三江镇,2025-05-13,22.7,31.9,14.6,.0,11.7
1229,59071,连南,清远,连南瑶族自治县,三江镇,2025-05-14,24.4,32.3,18.6,.0,4.0
1230,59071,连南,清远,连南瑶族自治县,三江镇,2025-05-15,26.3,30.2,23.2,.0,.5
1231,59071,连南,清远,连南瑶族自治县,三江镇,2025-05-16,25.1,27.9,23.6,42.5,1.1
1232,59071,连南,清远,连南瑶族自治县,三江镇,2025-05-17,24.7,28.0,23.6,17.9,.2
1233,59071,连南,清远,连南瑶族自治县,三江镇,2025-05-18,25.2,28.5,23.5,18.1,.3
1234,59071,连南,清远,连南瑶族自治县,三江镇,2025-05-19,24.3,27.3,23.4,12.5,.0
1235,59071,连南,清远,连南瑶族自治县,三江镇,2025-05-20,24.6,27.1,23.7,29.5,.1
1236,59071,连南,清远,连南瑶族自治县,三江镇,2025-05-21,26.4,31.3,24.4,3.6,1.8
1237,59071,连南,清远,连南瑶族自治县,三江镇,2025-05-22,26.8,32.2,24.2,.1,2.9
1238,59071,连南,清远,连南瑶族自治县,三江镇,2025-05-23,23.9,27.9,22.3,20.1,.0
1239,59071,连南,清远,连南瑶族自治县,三江镇,2025-05-24,21.1,22.3,20.1,5.6,.0
1240,59071,连南,清远,连南瑶族自治县,三江镇,2025-05-25,20.8,24.6,18.8,.8,.0
1241,59071,连南,清远,连南瑶族自治县,三江镇,2025-05-26,21.0,27.4,18.1,2.5,5.4
1242,59071,连南,清远,连南瑶族自治县,三江镇,2025-05-27,20.6,25.4,17.8,1.1,.3
1243,59071,连南,清远,连南瑶族自治县,三江镇,2025-05-28,20.6,22.1,19.2,28.3,.0
1244,59071,连南,清远,连南瑶族自治县,三江镇,2025-05-29,21.1,22.6,19.9,26.1,.0
1245,59071,连南,清远,连南瑶族自治县,三江镇,2025-05-30,22.7,25.9,20.6,2.4,.0
1246,59071,连南,清远,连南瑶族自治县,三江镇,2025-05-31,24.8,28.5,22.4,.0,.0
1247,59071,连南,清远,连南瑶族自治县,三江镇,2025-06-01,25.0,26.3,23.8,.9,.0
1248,59071,连南,清远,连南瑶族自治县,三江镇,2025-06-02,23.7,25.5,22.1,3.6,.0
1249,59071,连南,清远,连南瑶族自治县,三江镇,2025-06-03,22.9,27.3,19.5,3.9,4.2
1250,59071,连南,清远,连南瑶族自治县,三江镇,2025-06-04,25.5,31.9,19.5,.0,11.5
1251,59071,连南,清远,连南瑶族自治县,三江镇,2025-06-05,27.0,33.2,22.6,.0,3.4
1252,59071,连南,清远,连南瑶族自治县,三江镇,2025-06-06,28.9,34.5,24.5,.0,6.7
1253,59071,连南,清远,连南瑶族自治县,三江镇,2025-06-07,28.8,34.8,25.1,5.0,8.4
1254,59071,连南,清远,连南瑶族自治县,三江镇,2025-06-08,29.4,34.9,25.3,.0,6.0
1255,59071,连南,清远,连南瑶族自治县,三江镇,2025-06-09,27.0,31.8,24.8,53.0,3.7
1256,59071,连南,清远,连南瑶族自治县,三江镇,2025-06-10,26.9,30.6,24.9,19.5,.9
1257,59071,连南,清远,连南瑶族自治县,三江镇,2025-06-11,27.9,32.7,25.1,.1,3.3
1258,59071,连南,清远,连南瑶族自治县,三江镇,2025-06-12,26.1,31.2,22.7,33.8,3.7
1259,59071,连南,清远,连南瑶族自治县,三江镇,2025-06-13,27.7,33.0,24.5,41.6,2.6
1260,59071,连南,清远,连南瑶族自治县,三江镇,2025-06-14,26.5,30.5,24.5,3.2,1.0
1261,59071,连南,清远,连南瑶族自治县,三江镇,2025-06-15,24.6,27.9,23.9,131.4,1.1
1262,59071,连南,清远,连南瑶族自治县,三江镇,2025-06-16,24.1,26.9,23.1,18.7,.5
1263,59071,连南,清远,连南瑶族自治县,三江镇,2025-06-17,24.6,26.6,23.6,16.3,.0
1264,59071,连南,清远,连南瑶族自治县,三江镇,2025-06-18,25.5,28.3,24.0,12.5,.0
1265,59071,连南,清远,连南瑶族自治县,三江镇,2025-06-19,26.8,30.4,24.1,3.9,.0
1266,59071,连南,清远,连南瑶族自治县,三江镇,2025-06-20,27.8,33.3,24.6,.1,2.7
1267,59071,连南,清远,连南瑶族自治县,三江镇,2025-06-21,28.9,35.7,25.2,.0,5.9
1268,59071,连南,清远,连南瑶族自治县,三江镇,2025-06-22,29.1,35.3,25.3,.0,4.4
1269,59071,连南,清远,连南瑶族自治县,三江镇,2025-06-23,29.1,34.3,24.9,.0,5.4
1270,59071,连南,清远,连南瑶族自治县,三江镇,2025-06-24,26.5,30.3,24.1,12.6,.0
1271,59071,连南,清远,连南瑶族自治县,三江镇,2025-06-25,29.2,35.7,24.2,.0,8.1
1272,59071,连南,清远,连南瑶族自治县,三江镇,2025-06-26,27.6,31.7,24.6,7.3,3.1
1273,59071,连南,清远,连南瑶族自治县,三江镇,2025-06-27,26.7,30.9,24.9,2.6,3.0
1274,59071,连南,清远,连南瑶族自治县,三江镇,2025-06-28,26.3,33.2,24.4,25.0,1.7
1275,59071,连南,清远,连南瑶族自治县,三江镇,2025-06-29,26.7,31.9,24.8,14.1,1.8
1276,59071,连南,清远,连南瑶族自治县,三江镇,2025-06-30,27.0,33.6,24.2,1.8,2.8
1277,59071,连南,清远,连南瑶族自治县,三江镇,2025-07-01,26.1,32.9,24.2,21.6,2.1
1278,59071,连南,清远,连南瑶族自治县,三江镇,2025-07-02,27.8,33.6,24.0,1.1,5.6
1279,59071,连南,清远,连南瑶族自治县,三江镇,2025-07-03,28.5,35.4,23.0,.0,10.4
1280,59071,连南,清远,连南瑶族自治县,三江镇,2025-07-04,30.4,37.0,24.8,.0,9.9
1281,59071,连南,清远,连南瑶族自治县,三江镇,2025-07-05,30.5,36.7,26.0,.0,10.0
1282,59071,连南,清远,连南瑶族自治县,三江镇,2025-07-06,29.5,35.7,25.5,.4,6.2
1283,59071,连南,清远,连南瑶族自治县,三江镇,2025-07-07,28.8,35.8,25.4,2.1,7.8
1284,59071,连南,清远,连南瑶族自治县,三江镇,2025-07-08,30.0,36.7,25.2,.0,9.1
1285,59071,连南,清远,连南瑶族自治县,三江镇,2025-07-09,29.5,36.4,25.6,7.4,8.2
1286,59071,连南,清远,连南瑶族自治县,三江镇,2025-07-10,28.0,33.0,25.4,4.2,2.7
1287,59071,连南,清远,连南瑶族自治县,三江镇,2025-07-11,27.2,31.9,25.1,7.1,1.6
1288,59071,连南,清远,连南瑶族自治县,三江镇,2025-07-12,27.6,33.6,24.5,2.3,4.3
1289,59071,连南,清远,连南瑶族自治县,三江镇,2025-07-13,26.7,32.2,25.4,4.7,1.7
1290,59071,连南,清远,连南瑶族自治县,三江镇,2025-07-14,28.7,33.9,25.6,.0,5.3
1291,59071,连南,清远,连南瑶族自治县,三江镇,2025-07-15,29.9,35.5,26.2,1.1,7.4
1292,59071,连南,清远,连南瑶族自治县,三江镇,2025-07-16,31.1,36.2,26.4,.0,10.5
1293,59071,连南,清远,连南瑶族自治县,三江镇,2025-07-17,31.4,38.2,25.9,.0,10.9
1294,59071,连南,清远,连南瑶族自治县,三江镇,2025-07-18,29.6,37.2,26.2,5.3,6.6
1295,59071,连南,清远,连南瑶族自治县,三江镇,2025-07-19,29.3,36.1,25.4,.0,7.9
1296,59071,连南,清远,连南瑶族自治县,三江镇,2025-07-20,28.3,34.0,26.1,18.9,.4
1297,59071,连南,清远,连南瑶族自治县,三江镇,2025-07-21,27.4,30.5,25.9,16.0,1.1
1298,59071,连南,清远,连南瑶族自治县,三江镇,2025-07-22,25.7,27.1,25.2,51.7,.0
1299,59071,连南,清远,连南瑶族自治县,三江镇,2025-07-23,26.9,31.6,24.6,28.4,1.2
1300,59071,连南,清远,连南瑶族自治县,三江镇,2025-07-24,27.9,35.3,24.3,1.4,8.0
1301,59071,连南,清远,连南瑶族自治县,三江镇,2025-07-25,29.1,36.1,24.9,.0,9.2
1302,59071,连南,清远,连南瑶族自治县,三江镇,2025-07-26,28.8,36.3,23.9,.0,9.6
1303,59071,连南,清远,连南瑶族自治县,三江镇,2025-07-27,28.8,35.9,24.3,.0,8.5
1304,59071,连南,清远,连南瑶族自治县,三江镇,2025-07-28,28.5,33.8,26.1,1.2,1.5
1305,59071,连南,清远,连南瑶族自治县,三江镇,2025-07-29,29.0,35.7,25.2,7.3,7.1
1306,59071,连南,清远,连南瑶族自治县,三江镇,2025-07-30,27.6,34.9,25.4,4.7,6.6
1307,59071,连南,清远,连南瑶族自治县,三江镇,2025-07-31,27.3,33.6,25.7,.9,5.6
1308,59071,连南,清远,连南瑶族自治县,三江镇,2025-08-01,28.7,35.1,25.9,.0,5.5
1309,59071,连南,清远,连南瑶族自治县,三江镇,2025-08-02,28.3,35.4,25.5,46.2,4.8
1310,59071,连南,清远,连南瑶族自治县,三江镇,2025-08-03,26.6,31.6,25.5,5.9,.6
1311,59071,连南,清远,连南瑶族自治县,三江镇,2025-08-04,27.4,32.7,25.5,19.7,1.0
1312,59071,连南,清远,连南瑶族自治县,三江镇,2025-08-05,26.6,29.8,25.7,14.5,.2
1313,59071,连南,清远,连南瑶族自治县,三江镇,2025-08-06,25.5,27.6,24.6,51.0,.0
1314,59071,连南,清远,连南瑶族自治县,三江镇,2025-08-07,24.7,26.4,23.6,29.5,.0
1315,59071,连南,清远,连南瑶族自治县,三江镇,2025-08-08,26.5,32.9,22.2,.0,5.5
1316,59071,连南,清远,连南瑶族自治县,三江镇,2025-08-09,28.8,35.8,24.0,.0,8.1
1317,59071,连南,清远,连南瑶族自治县,三江镇,2025-08-10,29.1,35.4,24.2,.0,8.7
1318,59071,连南,清远,连南瑶族自治县,三江镇,2025-08-11,29.6,36.1,24.6,.0,10.1
1319,59071,连南,清远,连南瑶族自治县,三江镇,2025-08-12,27.4,34.6,25.1,3.5,5.3
1320,59071,连南,清远,连南瑶族自治县,三江镇,2025-08-13,29.1,35.3,25.5,.0,5.4
1321,59071,连南,清远,连南瑶族自治县,三江镇,2025-08-14,26.1,29.5,24.5,42.1,.4
1322,59071,连南,清远,连南瑶族自治县,三江镇,2025-08-15,26.6,33.9,23.7,8.1,3.2
1323,59071,连南,清远,连南瑶族自治县,三江镇,2025-08-16,27.5,35.5,23.4,.0,9.7
1324,59071,连南,清远,连南瑶族自治县,三江镇,2025-08-17,27.4,33.9,23.8,.0,4.6
1325,59071,连南,清远,连南瑶族自治县,三江镇,2025-08-18,26.4,29.4,24.9,6.6,.4
1326,59071,连南,清远,连南瑶族自治县,三江镇,2025-08-19,26.3,29.3,24.3,10.7,.0
1327,59071,连南,清远,连南瑶族自治县,三江镇,2025-08-20,27.0,33.3,24.2,1.4,2.2
1328,59071,连南,清远,连南瑶族自治县,三江镇,2025-08-21,26.3,31.0,23.2,4.1,.1
1329,59071,连南,清远,连南瑶族自治县,三江镇,2025-08-22,27.2,33.4,22.8,.0,6.0
1330,59071,连南,清远,连南瑶族自治县,三江镇,2025-08-23,29.3,36.9,23.6,.0,9.8
1331,59071,连南,清远,连南瑶族自治县,三江镇,2025-08-24,29.0,35.3,24.8,.2,10.1
1332,59071,连南,清远,连南瑶族自治县,三江镇,2025-08-25,28.2,35.2,23.4,.0,10.1
1333,59071,连南,清远,连南瑶族自治县,三江镇,2025-08-26,28.5,35.3,23.2,.0,10.6
1334,59071,连南,清远,连南瑶族自治县,三江镇,2025-08-27,28.8,35.4,23.5,.0,9.5
1335,59071,连南,清远,连南瑶族自治县,三江镇,2025-08-28,27.7,34.5,22.9,.0,8.4
1336,59071,连南,清远,连南瑶族自治县,三江镇,2025-08-29,28.3,36.3,24.4,4.6,9.4
1337,59071,连南,清远,连南瑶族自治县,三江镇,2025-08-30,28.1,35.4,23.7,12.3,8.6
1338,59071,连南,清远,连南瑶族自治县,三江镇,2025-08-31,29.1,35.6,24.3,.0,10.2
1339,59071,连南,清远,连南瑶族自治县,三江镇,2025-09-01,29.5,36.8,24.6,.0,9.7
1340,59071,连南,清远,连南瑶族自治县,三江镇,2025-09-02,28.8,36.0,24.8,.2,8.5
1341,59071,连南,清远,连南瑶族自治县,三江镇,2025-09-03,29.3,35.9,24.0,.0,10.3
1342,59071,连南,清远,连南瑶族自治县,三江镇,2025-09-04,29.6,36.4,24.8,.0,8.6
1343,59071,连南,清远,连南瑶族自治县,三江镇,2025-09-05,29.9,36.4,25.4,.0,8.2
1344,59071,连南,清远,连南瑶族自治县,三江镇,2025-09-06,29.9,36.8,25.7,.0,7.9
1345,59071,连南,清远,连南瑶族自治县,三江镇,2025-09-07,28.2,35.7,25.2,6.6,4.6
1346,59071,连南,清远,连南瑶族自治县,三江镇,2025-09-08,25.6,29.0,24.6,8.5,.1
1347,59071,连南,清远,连南瑶族自治县,三江镇,2025-09-09,26.3,30.0,24.4,7.9,.1
1348,59071,连南,清远,连南瑶族自治县,三江镇,2025-09-10,25.8,32.5,22.7,5.4,3.4
1349,59071,连南,清远,连南瑶族自治县,三江镇,2025-09-11,27.6,32.9,24.5,.7,4.7
1350,59071,连南,清远,连南瑶族自治县,三江镇,2025-09-12,28.5,34.7,24.5,1.0,6.1
1351,59071,连南,清远,连南瑶族自治县,三江镇,2025-09-13,28.3,35.1,23.3,.0,8.9
1352,59071,连南,清远,连南瑶族自治县,三江镇,2025-09-14,28.1,35.1,22.7,.0,8.4
1353,59071,连南,清远,连南瑶族自治县,三江镇,2025-09-15,28.2,35.4,23.6,.0,8.9
1354,59071,连南,清远,连南瑶族自治县,三江镇,2025-09-16,29.3,35.5,24.7,.0,9.6
1355,59071,连南,清远,连南瑶族自治县,三江镇,2025-09-17,28.4,35.1,23.5,.0,8.8
1356,59071,连南,清远,连南瑶族自治县,三江镇,2025-09-18,27.7,35.9,23.8,.2,9.4
1357,59071,连南,清远,连南瑶族自治县,三江镇,2025-09-19,27.0,33.9,24.1,6.3,4.8
1358,59071,连南,清远,连南瑶族自治县,三江镇,2025-09-20,24.0,26.6,21.9,.6,.3
1359,59071,连南,清远,连南瑶族自治县,三江镇,2025-09-21,21.1,22.6,19.6,8.4,.0
1360,59071,连南,清远,连南瑶族自治县,三江镇,2025-09-22,24.8,30.5,21.7,1.6,4.2
1361,59071,连南,清远,连南瑶族自治县,三江镇,2025-09-23,25.4,29.3,22.8,.0,2.8
1362,59071,连南,清远,连南瑶族自治县,三江镇,2025-09-24,21.8,24.8,20.3,5.5,.0
1363,59071,连南,清远,连南瑶族自治县,三江镇,2025-09-25,22.1,24.8,20.3,43.9,.1
1364,59071,连南,清远,连南瑶族自治县,三江镇,2025-09-26,26.7,32.9,22.8,12.6,6.6
1365,59071,连南,清远,连南瑶族自治县,三江镇,2025-09-27,26.1,31.3,22.6,.0,3.1
1366,59071,连南,清远,连南瑶族自治县,三江镇,2025-09-28,26.8,32.9,24.0,.1,3.4
1367,59071,连南,清远,连南瑶族自治县,三江镇,2025-09-29,27.1,32.3,23.5,.0,2.9
1368,59071,连南,清远,连南瑶族自治县,三江镇,2025-09-30,27.2,35.4,22.8,.0,8.4
1369,59071,连南,清远,连南瑶族自治县,三江镇,2025-10-01,28.1,34.9,23.2,.0,7.5
1370,59071,连南,清远,连南瑶族自治县,三江镇,2025-10-02,28.2,35.1,23.5,.0,8.0
1371,59071,连南,清远,连南瑶族自治县,三江镇,2025-10-03,27.7,35.0,22.5,.0,9.5
1372,59071,连南,清远,连南瑶族自治县,三江镇,2025-10-04,28.0,35.5,22.8,.0,10.0
1373,59071,连南,清远,连南瑶族自治县,三江镇,2025-10-05,26.7,31.1,23.3,1.1,2.3
1374,59071,连南,清远,连南瑶族自治县,三江镇,2025-10-06,26.9,32.0,23.5,.0,2.2
1375,59071,连南,清远,连南瑶族自治县,三江镇,2025-10-07,27.7,35.7,22.5,.0,7.7
1376,59071,连南,清远,连南瑶族自治县,三江镇,2025-10-08,28.8,36.5,24.3,.0,9.3
1377,59071,连南,清远,连南瑶族自治县,三江镇,2025-10-09,28.2,35.6,23.3,.0,9.8
1378,59071,连南,清远,连南瑶族自治县,三江镇,2025-10-10,28.0,36.6,22.5,.0,9.6
1379,59071,连南,清远,连南瑶族自治县,三江镇,2025-10-11,27.7,35.5,22.9,.0,8.6
1380,59071,连南,清远,连南瑶族自治县,三江镇,2025-10-12,27.3,34.3,22.5,.0,8.4
1381,59071,连南,清远,连南瑶族自治县,三江镇,2025-10-13,25.8,30.6,22.8,23.7,3.2
1382,59071,连南,清远,连南瑶族自治县,三江镇,2025-10-14,25.6,31.2,22.7,4.7,4.4
1383,59071,连南,清远,连南瑶族自治县,三江镇,2025-10-15,26.2,32.1,22.9,.0,4.6
1384,59071,连南,清远,连南瑶族自治县,三江镇,2025-10-16,26.8,34.1,22.6,.0,8.9
1385,59071,连南,清远,连南瑶族自治县,三江镇,2025-10-17,27.1,33.6,22.8,.0,6.2
1386,59071,连南,清远,连南瑶族自治县,三江镇,2025-10-18,26.0,30.9,23.5,.0,5.6
1387,59071,连南,清远,连南瑶族自治县,三江镇,2025-10-19,21.5,24.7,20.2,.0,1.3
1388,59071,连南,清远,连南瑶族自治县,三江镇,2025-10-20,18.5,21.2,17.5,.0,.3
1389,59071,连南,清远,连南瑶族自治县,三江镇,2025-10-21,15.6,17.9,14.4,.4,.0
1390,59071,连南,清远,连南瑶族自治县,三江镇,2025-10-22,14.9,16.3,13.9,.0,.0
1391,59071,连南,清远,连南瑶族自治县,三江镇,2025-10-23,15.9,18.5,14.1,.0,.4
1392,59071,连南,清远,连南瑶族自治县,三江镇,2025-10-24,19.0,24.1,15.3,.0,4.6
1393,59071,连南,清远,连南瑶族自治县,三江镇,2025-10-25,19.9,25.6,15.7,.0,5.5
1394,59071,连南,清远,连南瑶族自治县,三江镇,2025-10-26,19.0,23.2,16.8,.0,5.6
1395,59071,连南,清远,连南瑶族自治县,三江镇,2025-10-27,18.6,23.6,15.3,.0,7.9
1396,59071,连南,清远,连南瑶族自治县,三江镇,2025-10-28,18.6,22.2,15.7,.0,3.3
1397,59071,连南,清远,连南瑶族自治县,三江镇,2025-10-29,19.8,24.2,16.1,.0,.2
1398,59071,连南,清远,连南瑶族自治县,三江镇,2025-10-30,20.7,23.8,18.9,.4,.0
1399,59071,连南,清远,连南瑶族自治县,三江镇,2025-10-31,19.9,22.7,18.7,.5,.1
1400,59071,连南,清远,连南瑶族自治县,三江镇,2025-11-01,19.7,24.5,16.9,.2,2.1
1401,59071,连南,清远,连南瑶族自治县,三江镇,2025-11-02,19.0,22.1,17.6,.2,.0
1402,59071,连南,清远,连南瑶族自治县,三江镇,2025-11-03,14.7,17.5,13.8,6.3,.0
1403,59071,连南,清远,连南瑶族自治县,三江镇,2025-11-04,15.1,16.6,13.9,26.9,.0
1404,59071,连南,清远,连南瑶族自治县,三江镇,2025-11-05,17.7,21.9,15.1,1.3,1.8
1405,59071,连南,清远,连南瑶族自治县,三江镇,2025-11-06,19.2,22.9,17.2,.0,.1
1406,59071,连南,清远,连南瑶族自治县,三江镇,2025-11-07,20.0,21.9,17.7,1.4,.0
1407,59071,连南,清远,连南瑶族自治县,三江镇,2025-11-08,20.7,22.4,19.1,24.1,.0
1408,59071,连南,清远,连南瑶族自治县,三江镇,2025-11-09,18.9,21.7,17.3,.0,.6
1409,59071,连南,清远,连南瑶族自治县,三江镇,2025-11-10,18.3,22.4,16.2,.0,2.9
1410,59071,连南,清远,连南瑶族自治县,三江镇,2025-11-11,17.0,19.8,15.8,.0,.0
1411,59071,连南,清远,连南瑶族自治县,三江镇,2025-11-12,16.8,19.4,15.5,.0,.1
1412,59071,连南,清远,连南瑶族自治县,三江镇,2025-11-13,16.7,19.2,14.6,.0,.6
1413,59071,连南,清远,连南瑶族自治县,三江镇,2025-11-14,18.9,24.1,15.8,.0,5.9
1414,59071,连南,清远,连南瑶族自治县,三江镇,2025-11-15,19.7,27.7,15.6,.0,6.4
1415,59071,连南,清远,连南瑶族自治县,三江镇,2025-11-16,20.2,28.5,14.7,.0,9.0
1416,59071,连南,清远,连南瑶族自治县,三江镇,2025-11-17,19.4,25.3,16.5,.0,.2
1417,59071,连南,清远,连南瑶族自治县,三江镇,2025-11-18,8.9,16.4,7.6,2.4,.0
1418,59071,连南,清远,连南瑶族自治县,三江镇,2025-11-19,10.0,14.6,6.7,.0,2.7
1419,59071,连南,清远,连南瑶族自治县,三江镇,2025-11-20,11.8,18.5,7.1,.0,6.9
1420,59071,连南,清远,连南瑶族自治县,三江镇,2025-11-21,13.4,21.0,8.1,.0,9.1
1421,59071,连南,清远,连南瑶族自治县,三江镇,2025-11-22,14.2,21.9,9.5,.0,6.7
1422,59071,连南,清远,连南瑶族自治县,三江镇,2025-11-23,14.9,22.0,9.8,.0,3.5
1423,59071,连南,清远,连南瑶族自治县,三江镇,2025-11-24,17.0,24.9,10.3,.0,9.1
1424,59071,连南,清远,连南瑶族自治县,三江镇,2025-11-25,15.0,21.1,9.9,.0,9.0
1425,59071,连南,清远,连南瑶族自治县,三江镇,2025-11-26,11.8,21.4,5.4,.0,9.0
1426,59071,连南,清远,连南瑶族自治县,三江镇,2025-11-27,12.8,22.0,6.1,.0,8.9
1427,59071,连南,清远,连南瑶族自治县,三江镇,2025-11-28,11.8,22.4,4.9,.0,8.9
1428,59071,连南,清远,连南瑶族自治县,三江镇,2025-11-29,12.3,23.6,4.6,.0,9.0
1429,59071,连南,清远,连南瑶族自治县,三江镇,2025-11-30,15.2,24.6,8.3,.0,3.1
1430,59071,连南,清远,连南瑶族自治县,三江镇,2025-12-01,19.6,25.4,15.7,1.0,1.6
1431,59071,连南,清远,连南瑶族自治县,三江镇,2025-12-02,18.5,21.3,16.8,.0,.0
1432,59071,连南,清远,连南瑶族自治县,三江镇,2025-12-03,14.9,18.6,13.3,.0,5.3
1433,59071,连南,清远,连南瑶族自治县,三江镇,2025-12-04,14.7,20.2,10.4,.0,3.3
1434,59071,连南,清远,连南瑶族自治县,三江镇,2025-12-05,14.5,17.1,13.0,.0,.6
1435,59071,连南,清远,连南瑶族自治县,三江镇,2025-12-06,14.3,21.3,10.6,.0,4.6
1436,59071,连南,清远,连南瑶族自治县,三江镇,2025-12-07,17.2,23.8,11.6,.0,6.0
1437,59071,连南,清远,连南瑶族自治县,三江镇,2025-12-08,17.4,23.0,13.3,.0,8.7
1438,59071,连南,清远,连南瑶族自治县,三江镇,2025-12-09,15.0,23.1,9.9,.0,8.2
1439,59071,连南,清远,连南瑶族自治县,三江镇,2025-12-10,15.7,22.2,10.7,.0,.5
1440,59071,连南,清远,连南瑶族自治县,三江镇,2025-12-11,18.4,25.5,14.1,.0,5.4
1441,59071,连南,清远,连南瑶族自治县,三江镇,2025-12-12,17.2,19.6,16.5,9.9,.0
1442,59071,连南,清远,连南瑶族自治县,三江镇,2025-12-13,11.2,16.9,8.2,18.1,.0
1443,59071,连南,清远,连南瑶族自治县,三江镇,2025-12-14,8.8,15.8,4.3,.0,8.7
1444,59071,连南,清远,连南瑶族自治县,三江镇,2025-12-15,10.8,20.2,4.4,.0,7.9
1445,59071,连南,清远,连南瑶族自治县,三江镇,2025-12-16,14.1,23.1,8.3,.0,5.1
1446,59071,连南,清远,连南瑶族自治县,三江镇,2025-12-17,15.7,22.7,11.1,.0,5.9
1447,59071,连南,清远,连南瑶族自治县,三江镇,2025-12-18,15.1,22.8,10.1,.0,8.6
1448,59071,连南,清远,连南瑶族自治县,三江镇,2025-12-19,16.4,25.8,11.1,.0,7.6
1449,59071,连南,清远,连南瑶族自治县,三江镇,2025-12-20,18.5,27.4,13.3,.0,7.0
1450,59071,连南,清远,连南瑶族自治县,三江镇,2025-12-21,15.6,19.8,12.3,.0,6.8
1451,59071,连南,清远,连南瑶族自治县,三江镇,2025-12-22,12.7,16.0,9.9,.0,.0
1452,59071,连南,清远,连南瑶族自治县,三江镇,2025-12-23,16.7,23.7,12.0,.0,2.4
1453,59071,连南,清远,连南瑶族自治县,三江镇,2025-12-24,11.0,19.3,8.7,6.6,.0
1454,59071,连南,清远,连南瑶族自治县,三江镇,2025-12-25,8.5,10.0,7.4,3.7,.0
1455,59071,连南,清远,连南瑶族自治县,三江镇,2025-12-26,7.9,15.0,3.5,.0,8.7
1456,59071,连南,清远,连南瑶族自治县,三江镇,2025-12-27,10.8,18.1,6.1,.0,8.8
1457,59071,连南,清远,连南瑶族自治县,三江镇,2025-12-28,10.9,18.3,6.6,.0,1.9
1458,59071,连南,清远,连南瑶族自治县,三江镇,2025-12-29,11.8,16.4,7.1,.0,.0
1459,59071,连南,清远,连南瑶族自治县,三江镇,2025-12-30,15.5,22.8,11.7,.0,7.2
1460,59071,连南,清远,连南瑶族自治县,三江镇,2025-12-31,15.2,22.5,11.1,.0,4.8
1461,59072,连州,清远,连州市,连州镇,2025-01-01,10.6,22.4,2.7,.0,9.4
1462,59072,连州,清远,连州市,连州镇,2025-01-02,12.7,22.5,4.6,.0,8.7
1463,59072,连州,清远,连州市,连州镇,2025-01-03,11.4,20.3,4.4,.0,9.0
1464,59072,连州,清远,连州市,连州镇,2025-01-04,10.4,21.4,2.0,.0,9.3
1465,59072,连州,清远,连州市,连州镇,2025-01-05,11.1,18.8,6.2,.0,8.5
1466,59072,连州,清远,连州市,连州镇,2025-01-06,9.4,19.8,2.0,.0,9.0
1467,59072,连州,清远,连州市,连州镇,2025-01-07,9.9,19.4,2.7,.0,8.8
1468,59072,连州,清远,连州市,连州镇,2025-01-08,10.1,17.5,3.5,.0,8.7
1469,59072,连州,清远,连州市,连州镇,2025-01-09,8.3,13.5,5.5,.0,3.8
1470,59072,连州,清远,连州市,连州镇,2025-01-10,8.0,13.1,4.0,.0,9.5
1471,59072,连州,清远,连州市,连州镇,2025-01-11,9.1,14.5,6.5,.0,7.5
1472,59072,连州,清远,连州市,连州镇,2025-01-12,7.0,19.3,-2.1,.0,10.0
1473,59072,连州,清远,连州市,连州镇,2025-01-13,8.1,21.7,-1.1,.0,10.0
1474,59072,连州,清远,连州市,连州镇,2025-01-14,11.4,24.1,2.4,.1,8.4
1475,59072,连州,清远,连州市,连州镇,2025-01-15,13.6,17.9,9.8,.3,8.5
1476,59072,连州,清远,连州市,连州镇,2025-01-16,10.0,17.5,3.4,.0,9.6
1477,59072,连州,清远,连州市,连州镇,2025-01-17,8.2,19.3,.8,.0,9.8
1478,59072,连州,清远,连州市,连州镇,2025-01-18,8.9,20.4,1.2,.0,9.7
1479,59072,连州,清远,连州市,连州镇,2025-01-19,10.7,21.8,2.6,.0,9.5
1480,59072,连州,清远,连州市,连州镇,2025-01-20,11.1,22.4,3.6,.0,9.1
1481,59072,连州,清远,连州市,连州镇,2025-01-21,12.8,24.1,4.1,.0,9.2
1482,59072,连州,清远,连州市,连州镇,2025-01-22,15.7,22.8,11.4,.0,6.0
1483,59072,连州,清远,连州市,连州镇,2025-01-23,17.0,23.4,12.0,.0,5.4
1484,59072,连州,清远,连州市,连州镇,2025-01-24,17.9,22.8,14.8,.0,1.7
1485,59072,连州,清远,连州市,连州镇,2025-01-25,15.2,18.8,12.0,.0,.6
1486,59072,连州,清远,连州市,连州镇,2025-01-26,7.1,12.1,6.4,4.1,.0
1487,59072,连州,清远,连州市,连州镇,2025-01-27,7.3,15.1,-.1,.0,10.1
1488,59072,连州,清远,连州市,连州镇,2025-01-28,10.6,19.1,5.0,.0,8.9
1489,59072,连州,清远,连州市,连州镇,2025-01-29,9.9,17.9,6.4,.0,5.2
1490,59072,连州,清远,连州市,连州镇,2025-01-30,12.4,20.2,5.9,.0,5.6
1491,59072,连州,清远,连州市,连州镇,2025-01-31,15.6,20.4,11.6,.9,3.5
1492,59072,连州,清远,连州市,连州镇,2025-02-01,13.2,16.8,11.6,.0,1.0
1493,59072,连州,清远,连州市,连州镇,2025-02-02,8.3,11.6,7.1,3.3,.0
1494,59072,连州,清远,连州市,连州镇,2025-02-03,7.3,8.7,6.1,1.6,.0
1495,59072,连州,清远,连州市,连州镇,2025-02-04,9.9,17.4,4.7,.0,10.1
1496,59072,连州,清远,连州市,连州镇,2025-02-05,6.5,10.7,2.9,.0,.0
1497,59072,连州,清远,连州市,连州镇,2025-02-06,9.0,11.2,8.1,.0,.0
1498,59072,连州,清远,连州市,连州镇,2025-02-07,7.9,9.1,7.0,.8,.0
1499,59072,连州,清远,连州市,连州镇,2025-02-08,7.8,10.8,4.6,.3,5.8
1500,59072,连州,清远,连州市,连州镇,2025-02-09,6.5,15.1,-1.0,.0,10.3
1501,59072,连州,清远,连州市,连州镇,2025-02-10,11.2,14.8,9.2,.0,2.9
1502,59072,连州,清远,连州市,连州镇,2025-02-11,11.6,19.6,4.8,.0,5.8
1503,59072,连州,清远,连州市,连州镇,2025-02-12,14.0,21.5,11.2,.0,5.1
1504,59072,连州,清远,连州市,连州镇,2025-02-13,11.9,17.2,8.6,.0,7.3
1505,59072,连州,清远,连州市,连州镇,2025-02-14,16.9,25.5,10.9,.0,8.8
1506,59072,连州,清远,连州市,连州镇,2025-02-15,13.2,20.4,10.2,.4,.0
1507,59072,连州,清远,连州市,连州镇,2025-02-16,11.4,13.4,10.2,.3,.3
1508,59072,连州,清远,连州市,连州镇,2025-02-17,10.8,12.6,9.8,.1,.0
1509,59072,连州,清远,连州市,连州镇,2025-02-18,10.3,12.3,8.5,.4,.1
1510,59072,连州,清远,连州市,连州镇,2025-02-19,11.5,13.4,10.2,.0,.0
1511,59072,连州,清远,连州市,连州镇,2025-02-20,11.7,14.5,10.5,.0,1.1
1512,59072,连州,清远,连州市,连州镇,2025-02-21,10.4,11.9,9.1,1.4,.3
1513,59072,连州,清远,连州市,连州镇,2025-02-22,9.9,11.2,9.4,.0,.0
1514,59072,连州,清远,连州市,连州镇,2025-02-23,9.1,10.7,8.2,.1,.2
1515,59072,连州,清远,连州市,连州镇,2025-02-24,10.6,16.5,7.5,.0,7.7
1516,59072,连州,清远,连州市,连州镇,2025-02-25,10.3,12.4,8.1,.1,.0
1517,59072,连州,清远,连州市,连州镇,2025-02-26,12.6,17.0,9.3,.0,3.8
1518,59072,连州,清远,连州市,连州镇,2025-02-27,15.1,21.4,12.0,2.3,2.7
1519,59072,连州,清远,连州市,连州镇,2025-02-28,19.4,26.8,13.1,.0,7.8
1520,59072,连州,清远,连州市,连州镇,2025-03-01,22.2,27.9,17.9,.0,4.2
1521,59072,连州,清远,连州市,连州镇,2025-03-02,25.6,32.1,20.2,.0,10.2
1522,59072,连州,清远,连州市,连州镇,2025-03-03,20.7,28.8,17.1,.0,4.7
1523,59072,连州,清远,连州市,连州镇,2025-03-04,9.1,17.0,7.5,13.6,.3
1524,59072,连州,清远,连州市,连州镇,2025-03-05,6.6,7.6,6.2,3.6,.0
1525,59072,连州,清远,连州市,连州镇,2025-03-06,8.2,10.8,6.3,.1,4.2
1526,59072,连州,清远,连州市,连州镇,2025-03-07,8.1,9.9,6.6,3.8,.6
1527,59072,连州,清远,连州市,连州镇,2025-03-08,10.5,14.0,7.9,1.4,4.7
1528,59072,连州,清远,连州市,连州镇,2025-03-09,13.3,17.1,10.9,.0,2.1
1529,59072,连州,清远,连州市,连州镇,2025-03-10,16.1,21.6,11.8,.0,3.9
1530,59072,连州,清远,连州市,连州镇,2025-03-11,20.9,28.3,15.7,.0,6.1
1531,59072,连州,清远,连州市,连州镇,2025-03-12,23.4,29.9,18.0,.0,7.2
1532,59072,连州,清远,连州市,连州镇,2025-03-13,20.1,24.9,17.9,.1,1.6
1533,59072,连州,清远,连州市,连州镇,2025-03-14,17.1,19.5,16.4,14.5,.2
1534,59072,连州,清远,连州市,连州镇,2025-03-15,13.2,17.2,11.4,10.9,.1
1535,59072,连州,清远,连州市,连州镇,2025-03-16,12.1,16.6,9.6,.2,5.8
1536,59072,连州,清远,连州市,连州镇,2025-03-17,12.0,17.0,8.6,.5,5.5
1537,59072,连州,清远,连州市,连州镇,2025-03-18,13.1,21.2,7.7,1.1,9.7
1538,59072,连州,清远,连州市,连州镇,2025-03-19,14.1,24.2,5.4,.0,10.0
1539,59072,连州,清远,连州市,连州镇,2025-03-20,15.3,25.9,5.6,.0,11.2
1540,59072,连州,清远,连州市,连州镇,2025-03-21,16.4,28.3,7.0,.0,11.1
1541,59072,连州,清远,连州市,连州镇,2025-03-22,18.8,29.8,9.2,.0,10.9
1542,59072,连州,清远,连州市,连州镇,2025-03-23,20.8,31.0,11.5,.0,8.8
1543,59072,连州,清远,连州市,连州镇,2025-03-24,21.7,32.8,13.1,.0,10.7
1544,59072,连州,清远,连州市,连州镇,2025-03-25,23.8,34.4,14.7,.0,10.6
1545,59072,连州,清远,连州市,连州镇,2025-03-26,25.5,34.5,17.9,.0,10.0
1546,59072,连州,清远,连州市,连州镇,2025-03-27,25.1,30.7,20.4,.0,9.3
1547,59072,连州,清远,连州市,连州镇,2025-03-28,16.3,27.0,11.5,.0,.0
1548,59072,连州,清远,连州市,连州镇,2025-03-29,8.1,11.5,7.1,25.4,.0
1549,59072,连州,清远,连州市,连州镇,2025-03-30,7.2,8.8,6.3,3.8,.0
1550,59072,连州,清远,连州市,连州镇,2025-03-31,8.3,9.9,6.6,.2,.0
1551,59072,连州,清远,连州市,连州镇,2025-04-01,13.1,20.6,8.5,.0,9.1
1552,59072,连州,清远,连州市,连州镇,2025-04-02,15.2,25.7,7.2,.0,10.6
1553,59072,连州,清远,连州市,连州镇,2025-04-03,17.1,27.8,8.2,.0,10.7
1554,59072,连州,清远,连州市,连州镇,2025-04-04,15.5,20.3,10.9,.0,1.5
1555,59072,连州,清远,连州市,连州镇,2025-04-05,16.7,21.0,14.5,.0,3.8
1556,59072,连州,清远,连州市,连州镇,2025-04-06,17.8,23.9,13.7,.0,6.0
1557,59072,连州,清远,连州市,连州镇,2025-04-07,19.7,26.3,14.8,.0,6.4
1558,59072,连州,清远,连州市,连州镇,2025-04-08,20.4,24.9,17.9,.0,2.6
1559,59072,连州,清远,连州市,连州镇,2025-04-09,20.1,23.1,18.5,4.6,2.5
1560,59072,连州,清远,连州市,连州镇,2025-04-10,24.2,31.9,19.4,.1,7.0
1561,59072,连州,清远,连州市,连州镇,2025-04-11,24.9,29.5,20.8,.0,5.2
1562,59072,连州,清远,连州市,连州镇,2025-04-12,22.2,26.9,17.6,6.8,1.1
1563,59072,连州,清远,连州市,连州镇,2025-04-13,17.4,25.8,10.4,.0,11.0
1564,59072,连州,清远,连州市,连州镇,2025-04-14,19.5,33.8,9.5,.0,11.0
1565,59072,连州,清远,连州市,连州镇,2025-04-15,22.4,34.0,13.2,.0,11.2
1566,59072,连州,清远,连州市,连州镇,2025-04-16,23.6,34.4,13.6,.0,10.9
1567,59072,连州,清远,连州市,连州镇,2025-04-17,24.6,28.8,19.5,.0,6.5
1568,59072,连州,清远,连州市,连州镇,2025-04-18,24.1,29.0,18.9,.0,4.9
1569,59072,连州,清远,连州市,连州镇,2025-04-19,26.2,35.0,22.2,14.8,6.7
1570,59072,连州,清远,连州市,连州镇,2025-04-20,24.2,29.1,22.4,19.4,5.4
1571,59072,连州,清远,连州市,连州镇,2025-04-21,27.1,32.2,23.0,.1,7.3
1572,59072,连州,清远,连州市,连州镇,2025-04-22,24.5,32.6,22.2,11.2,7.1
1573,59072,连州,清远,连州市,连州镇,2025-04-23,21.2,23.2,19.4,14.8,1.1
1574,59072,连州,清远,连州市,连州镇,2025-04-24,21.3,23.8,20.0,31.3,1.7
1575,59072,连州,清远,连州市,连州镇,2025-04-25,19.0,21.4,18.0,.7,.6
1576,59072,连州,清远,连州市,连州镇,2025-04-26,20.1,23.2,17.7,.0,4.4
1577,59072,连州,清远,连州市,连州镇,2025-04-27,21.2,22.4,20.0,16.0,.7
1578,59072,连州,清远,连州市,连州镇,2025-04-28,23.9,29.8,20.3,.1,11.7
1579,59072,连州,清远,连州市,连州镇,2025-04-29,23.1,32.7,16.2,.0,11.5
1580,59072,连州,清远,连州市,连州镇,2025-04-30,23.5,30.2,19.3,6.5,7.8
1581,59072,连州,清远,连州市,连州镇,2025-05-01,25.7,32.1,22.4,1.2,9.4
1582,59072,连州,清远,连州市,连州镇,2025-05-02,25.2,33.9,16.8,.0,11.2
1583,59072,连州,清远,连州市,连州镇,2025-05-03,23.9,28.9,21.7,18.7,5.3
1584,59072,连州,清远,连州市,连州镇,2025-05-04,23.4,26.9,21.8,21.6,2.5
1585,59072,连州,清远,连州市,连州镇,2025-05-05,25.7,32.2,22.8,1.3,7.9
1586,59072,连州,清远,连州市,连州镇,2025-05-06,24.4,30.3,22.2,.8,7.3
1587,59072,连州,清远,连州市,连州镇,2025-05-07,24.1,28.0,22.1,2.9,3.8
1588,59072,连州,清远,连州市,连州镇,2025-05-08,26.5,30.8,23.8,2.5,4.3
1589,59072,连州,清远,连州市,连州镇,2025-05-09,23.8,29.0,21.2,62.2,8.0
1590,59072,连州,清远,连州市,连州镇,2025-05-10,23.1,29.7,18.6,.0,8.1
1591,59072,连州,清远,连州市,连州镇,2025-05-11,19.8,27.7,13.7,1.8,11.8
1592,59072,连州,清远,连州市,连州镇,2025-05-12,19.9,31.5,10.8,.0,12.4
1593,59072,连州,清远,连州市,连州镇,2025-05-13,22.9,32.0,13.5,.0,12.2
1594,59072,连州,清远,连州市,连州镇,2025-05-14,24.5,32.2,17.9,.0,9.1
1595,59072,连州,清远,连州市,连州镇,2025-05-15,26.4,30.6,22.8,.0,7.0
1596,59072,连州,清远,连州市,连州镇,2025-05-16,25.0,28.4,24.2,21.2,2.6
1597,59072,连州,清远,连州市,连州镇,2025-05-17,25.3,28.7,24.1,12.3,5.0
1598,59072,连州,清远,连州市,连州镇,2025-05-18,25.6,29.0,23.9,22.3,5.2
1599,59072,连州,清远,连州市,连州镇,2025-05-19,24.8,27.5,23.9,6.2,1.6
1600,59072,连州,清远,连州市,连州镇,2025-05-20,25.3,27.1,23.9,23.1,2.2
1601,59072,连州,清远,连州市,连州镇,2025-05-21,26.4,31.5,24.3,3.3,5.8
1602,59072,连州,清远,连州市,连州镇,2025-05-22,27.1,32.2,24.4,.0,9.5
1603,59072,连州,清远,连州市,连州镇,2025-05-23,23.9,28.0,21.8,24.3,.0
1604,59072,连州,清远,连州市,连州镇,2025-05-24,21.4,22.5,20.1,3.2,1.5
1605,59072,连州,清远,连州市,连州镇,2025-05-25,20.7,25.1,18.8,.8,4.6
1606,59072,连州,清远,连州市,连州镇,2025-05-26,21.4,27.0,18.2,2.8,7.1
1607,59072,连州,清远,连州市,连州镇,2025-05-27,20.5,25.1,17.7,1.2,4.3
1608,59072,连州,清远,连州市,连州镇,2025-05-28,20.5,22.1,19.0,22.5,.0
1609,59072,连州,清远,连州市,连州镇,2025-05-29,21.1,22.6,20.0,33.6,.8
1610,59072,连州,清远,连州市,连州镇,2025-05-30,22.8,25.8,20.9,1.5,4.0
1611,59072,连州,清远,连州市,连州镇,2025-05-31,25.5,29.8,22.6,.3,6.3
1612,59072,连州,清远,连州市,连州镇,2025-06-01,25.8,27.3,24.3,.2,.1
1613,59072,连州,清远,连州市,连州镇,2025-06-02,24.1,25.8,22.3,.9,.8
1614,59072,连州,清远,连州市,连州镇,2025-06-03,23.3,27.6,19.9,.5,9.5
1615,59072,连州,清远,连州市,连州镇,2025-06-04,25.5,32.3,19.3,.0,11.4
1616,59072,连州,清远,连州市,连州镇,2025-06-05,27.1,32.7,22.2,.0,11.3
1617,59072,连州,清远,连州市,连州镇,2025-06-06,28.9,34.5,24.3,.0,11.1
1618,59072,连州,清远,连州市,连州镇,2025-06-07,30.0,35.0,25.4,.2,11.5
1619,59072,连州,清远,连州市,连州镇,2025-06-08,29.5,35.4,25.2,.0,10.7
1620,59072,连州,清远,连州市,连州镇,2025-06-09,27.0,31.8,25.3,17.8,5.7
1621,59072,连州,清远,连州市,连州镇,2025-06-10,27.2,30.7,24.4,21.7,7.0
1622,59072,连州,清远,连州市,连州镇,2025-06-11,27.3,33.0,24.9,6.1,7.5
1623,59072,连州,清远,连州市,连州镇,2025-06-12,26.3,31.9,22.7,52.7,9.5
1624,59072,连州,清远,连州市,连州镇,2025-06-13,26.9,30.8,24.7,33.4,4.5
1625,59072,连州,清远,连州市,连州镇,2025-06-14,26.0,31.0,24.5,6.4,6.7
1626,59072,连州,清远,连州市,连州镇,2025-06-15,24.7,28.1,23.6,75.8,3.5
1627,59072,连州,清远,连州市,连州镇,2025-06-16,24.0,25.9,22.8,19.9,1.3
1628,59072,连州,清远,连州市,连州镇,2025-06-17,25.1,27.6,23.7,4.2,4.5
1629,59072,连州,清远,连州市,连州镇,2025-06-18,26.1,29.2,24.2,4.4,5.3
1630,59072,连州,清远,连州市,连州镇,2025-06-19,28.0,30.8,25.2,1.7,5.3
1631,59072,连州,清远,连州市,连州镇,2025-06-20,29.0,33.3,25.5,.0,10.0
1632,59072,连州,清远,连州市,连州镇,2025-06-21,29.6,35.4,24.9,.0,9.4
1633,59072,连州,清远,连州市,连州镇,2025-06-22,29.7,34.5,25.6,.0,9.8
1634,59072,连州,清远,连州市,连州镇,2025-06-23,29.7,34.7,25.3,.0,10.6
1635,59072,连州,清远,连州市,连州镇,2025-06-24,26.8,30.7,24.4,11.5,7.8
1636,59072,连州,清远,连州市,连州镇,2025-06-25,29.5,36.4,24.7,.0,10.0
1637,59072,连州,清远,连州市,连州镇,2025-06-26,28.1,31.6,24.7,1.7,10.8
1638,59072,连州,清远,连州市,连州镇,2025-06-27,26.2,31.3,24.8,12.3,6.8
1639,59072,连州,清远,连州市,连州镇,2025-06-28,26.5,31.6,24.6,31.6,6.0
1640,59072,连州,清远,连州市,连州镇,2025-06-29,26.9,32.4,24.7,4.7,6.0
1641,59072,连州,清远,连州市,连州镇,2025-06-30,27.6,33.9,24.3,2.3,7.1
1642,59072,连州,清远,连州市,连州镇,2025-07-01,26.8,33.1,24.5,6.5,6.8
1643,59072,连州,清远,连州市,连州镇,2025-07-02,27.9,34.6,24.3,.3,9.2
1644,59072,连州,清远,连州市,连州镇,2025-07-03,28.8,36.2,23.2,.0,12.5
1645,59072,连州,清远,连州市,连州镇,2025-07-04,30.5,37.4,24.9,.0,12.3
1646,59072,连州,清远,连州市,连州镇,2025-07-05,30.7,37.4,26.1,.0,11.6
1647,59072,连州,清远,连州市,连州镇,2025-07-06,29.6,36.3,24.6,.1,9.8
1648,59072,连州,清远,连州市,连州镇,2025-07-07,29.0,36.5,24.9,.0,11.8
1649,59072,连州,清远,连州市,连州镇,2025-07-08,29.5,37.0,25.1,.1,10.9
1650,59072,连州,清远,连州市,连州镇,2025-07-09,29.4,37.7,25.7,5.3,8.8
1651,59072,连州,清远,连州市,连州镇,2025-07-10,26.8,33.3,25.6,9.8,5.3
1652,59072,连州,清远,连州市,连州镇,2025-07-11,27.4,31.7,24.9,13.9,6.4
1653,59072,连州,清远,连州市,连州镇,2025-07-12,27.7,34.1,24.7,2.5,7.3
1654,59072,连州,清远,连州市,连州镇,2025-07-13,27.1,31.9,25.6,8.8,5.4
1655,59072,连州,清远,连州市,连州镇,2025-07-14,28.6,35.5,25.4,.1,8.8
1656,59072,连州,清远,连州市,连州镇,2025-07-15,30.2,35.7,26.0,.0,10.8
1657,59072,连州,清远,连州市,连州镇,2025-07-16,30.8,36.6,26.4,.0,12.1
1658,59072,连州,清远,连州市,连州镇,2025-07-17,31.2,37.8,25.8,.0,11.5
1659,59072,连州,清远,连州市,连州镇,2025-07-18,29.5,37.1,26.3,1.9,8.5
1660,59072,连州,清远,连州市,连州镇,2025-07-19,29.4,37.0,25.4,.1,9.6
1661,59072,连州,清远,连州市,连州镇,2025-07-20,29.0,34.7,26.3,20.4,6.6
1662,59072,连州,清远,连州市,连州镇,2025-07-21,27.8,31.2,26.6,7.7,7.0
1663,59072,连州,清远,连州市,连州镇,2025-07-22,26.2,27.2,25.6,36.1,.5
1664,59072,连州,清远,连州市,连州镇,2025-07-23,27.0,31.7,25.0,6.3,5.1
1665,59072,连州,清远,连州市,连州镇,2025-07-24,28.5,35.1,24.9,.8,10.1
1666,59072,连州,清远,连州市,连州镇,2025-07-25,29.1,36.6,23.9,.0,11.4
1667,59072,连州,清远,连州市,连州镇,2025-07-26,28.5,36.7,23.5,.1,10.8
1668,59072,连州,清远,连州市,连州镇,2025-07-27,28.8,36.6,24.2,.0,10.2
1669,59072,连州,清远,连州市,连州镇,2025-07-28,28.3,33.4,26.0,.2,7.5
1670,59072,连州,清远,连州市,连州镇,2025-07-29,29.1,35.9,24.9,.4,9.2
1671,59072,连州,清远,连州市,连州镇,2025-07-30,28.4,35.8,25.6,1.7,9.3
1672,59072,连州,清远,连州市,连州镇,2025-07-31,26.9,34.7,25.4,1.4,9.4
1673,59072,连州,清远,连州市,连州镇,2025-08-01,28.6,35.0,25.6,15.1,7.8
1674,59072,连州,清远,连州市,连州镇,2025-08-02,28.1,35.9,25.0,17.9,9.4
1675,59072,连州,清远,连州市,连州镇,2025-08-03,27.3,31.7,25.8,2.2,5.5
1676,59072,连州,清远,连州市,连州镇,2025-08-04,28.3,33.7,26.1,.0,8.1
1677,59072,连州,清远,连州市,连州镇,2025-08-05,27.1,29.9,26.1,21.5,4.3
1678,59072,连州,清远,连州市,连州镇,2025-08-06,25.8,28.0,25.0,32.9,2.8
1679,59072,连州,清远,连州市,连州镇,2025-08-07,25.1,26.6,24.1,25.9,.9
1680,59072,连州,清远,连州市,连州镇,2025-08-08,27.0,33.3,22.4,.2,11.3
1681,59072,连州,清远,连州市,连州镇,2025-08-09,29.7,36.0,23.9,.0,11.8
1682,59072,连州,清远,连州市,连州镇,2025-08-10,29.2,35.4,24.1,.0,11.1
1683,59072,连州,清远,连州市,连州镇,2025-08-11,29.7,35.9,24.6,.0,11.1
1684,59072,连州,清远,连州市,连州镇,2025-08-12,28.3,34.7,25.0,.0,8.2
1685,59072,连州,清远,连州市,连州镇,2025-08-13,29.2,35.6,25.8,.0,9.3
1686,59072,连州,清远,连州市,连州镇,2025-08-14,25.7,29.6,24.5,60.7,.0
1687,59072,连州,清远,连州市,连州镇,2025-08-15,27.3,33.3,24.0,16.3,7.5
1688,59072,连州,清远,连州市,连州镇,2025-08-16,27.3,35.6,23.5,.1,8.7
1689,59072,连州,清远,连州市,连州镇,2025-08-17,26.9,33.4,23.9,1.8,7.6
1690,59072,连州,清远,连州市,连州镇,2025-08-18,26.2,30.8,24.8,5.0,6.6
1691,59072,连州,清远,连州市,连州镇,2025-08-19,26.6,29.7,24.6,5.7,5.2
1692,59072,连州,清远,连州市,连州镇,2025-08-20,26.8,32.5,23.5,7.1,8.4
1693,59072,连州,清远,连州市,连州镇,2025-08-21,26.3,30.7,23.3,1.8,6.8
1694,59072,连州,清远,连州市,连州镇,2025-08-22,27.2,34.1,22.5,.0,10.1
1695,59072,连州,清远,连州市,连州镇,2025-08-23,29.1,36.4,23.9,.0,9.3
1696,59072,连州,清远,连州市,连州镇,2025-08-24,29.9,35.4,24.9,.0,11.4
1697,59072,连州,清远,连州市,连州镇,2025-08-25,28.4,35.6,23.6,.0,11.1
1698,59072,连州,清远,连州市,连州镇,2025-08-26,28.6,36.4,22.5,.0,12.0
1699,59072,连州,清远,连州市,连州镇,2025-08-27,28.7,35.6,23.5,.0,10.8
1700,59072,连州,清远,连州市,连州镇,2025-08-28,26.3,33.9,22.8,.2,9.6
1701,59072,连州,清远,连州市,连州镇,2025-08-29,28.6,36.0,23.7,.1,10.4
1702,59072,连州,清远,连州市,连州镇,2025-08-30,27.8,35.5,23.2,6.2,10.3
1703,59072,连州,清远,连州市,连州镇,2025-08-31,29.5,36.1,24.4,.0,10.7
1704,59072,连州,清远,连州市,连州镇,2025-09-01,29.6,37.2,24.3,.0,10.3
1705,59072,连州,清远,连州市,连州镇,2025-09-02,29.8,36.6,24.7,.0,9.9
1706,59072,连州,清远,连州市,连州镇,2025-09-03,29.6,36.6,23.9,.0,11.2
1707,59072,连州,清远,连州市,连州镇,2025-09-04,29.8,36.1,24.7,.0,10.6
1708,59072,连州,清远,连州市,连州镇,2025-09-05,30.3,37.6,25.5,.0,10.5
1709,59072,连州,清远,连州市,连州镇,2025-09-06,30.0,37.1,25.4,.0,9.1
1710,59072,连州,清远,连州市,连州镇,2025-09-07,28.4,35.4,24.8,2.2,8.2
1711,59072,连州,清远,连州市,连州镇,2025-09-08,26.5,30.1,24.8,2.6,4.1
1712,59072,连州,清远,连州市,连州镇,2025-09-09,26.4,30.4,24.4,2.1,5.2
1713,59072,连州,清远,连州市,连州镇,2025-09-10,26.8,33.1,22.9,14.9,9.5
1714,59072,连州,清远,连州市,连州镇,2025-09-11,28.0,33.5,24.3,.1,8.4
1715,59072,连州,清远,连州市,连州镇,2025-09-12,29.2,35.1,24.5,.2,10.9
1716,59072,连州,清远,连州市,连州镇,2025-09-13,28.4,35.0,23.3,.0,11.4
1717,59072,连州,清远,连州市,连州镇,2025-09-14,28.5,35.2,23.2,.0,11.0
1718,59072,连州,清远,连州市,连州镇,2025-09-15,28.6,36.1,23.7,.0,10.6
1719,59072,连州,清远,连州市,连州镇,2025-09-16,29.1,36.0,24.4,.0,10.7
1720,59072,连州,清远,连州市,连州镇,2025-09-17,28.3,35.8,23.3,.0,8.7
1721,59072,连州,清远,连州市,连州镇,2025-09-18,28.0,36.3,23.8,.3,8.8
1722,59072,连州,清远,连州市,连州镇,2025-09-19,27.4,34.2,23.7,.0,6.6
1723,59072,连州,清远,连州市,连州镇,2025-09-20,24.3,28.4,22.0,.1,5.4
1724,59072,连州,清远,连州市,连州镇,2025-09-21,21.9,24.8,19.7,1.9,2.1
1725,59072,连州,清远,连州市,连州镇,2025-09-22,25.1,31.5,21.6,2.6,9.3
1726,59072,连州,清远,连州市,连州镇,2025-09-23,25.6,29.8,23.4,.0,7.3
1727,59072,连州,清远,连州市,连州镇,2025-09-24,22.2,25.1,20.3,4.1,.0
1728,59072,连州,清远,连州市,连州镇,2025-09-25,23.0,25.5,20.3,9.8,2.2
1729,59072,连州,清远,连州市,连州镇,2025-09-26,27.1,32.7,22.8,3.1,10.7
1730,59072,连州,清远,连州市,连州镇,2025-09-27,26.5,32.9,22.8,.0,7.6
1731,59072,连州,清远,连州市,连州镇,2025-09-28,26.7,32.7,23.3,.0,8.7
1732,59072,连州,清远,连州市,连州镇,2025-09-29,27.0,32.7,23.4,.0,8.2
1733,59072,连州,清远,连州市,连州镇,2025-09-30,27.5,34.9,22.8,.0,8.6
1734,59072,连州,清远,连州市,连州镇,2025-10-01,28.3,36.2,23.0,.0,9.5
1735,59072,连州,清远,连州市,连州镇,2025-10-02,28.5,35.2,23.7,.0,9.8
1736,59072,连州,清远,连州市,连州镇,2025-10-03,27.9,35.5,22.4,.0,10.5
1737,59072,连州,清远,连州市,连州镇,2025-10-04,27.9,36.4,22.9,.0,11.0
1738,59072,连州,清远,连州市,连州镇,2025-10-05,26.6,33.7,22.9,.0,6.9
1739,59072,连州,清远,连州市,连州镇,2025-10-06,26.7,33.5,22.4,.0,8.1
1740,59072,连州,清远,连州市,连州镇,2025-10-07,27.7,35.8,23.1,.0,9.1
1741,59072,连州,清远,连州市,连州镇,2025-10-08,28.9,36.3,23.7,.0,10.1
1742,59072,连州,清远,连州市,连州镇,2025-10-09,28.7,36.5,23.0,.0,10.8
1743,59072,连州,清远,连州市,连州镇,2025-10-10,28.1,36.2,22.3,.0,10.8
1744,59072,连州,清远,连州市,连州镇,2025-10-11,27.8,35.5,22.6,.0,9.5
1745,59072,连州,清远,连州市,连州镇,2025-10-12,28.0,34.9,22.3,.0,9.6
1746,59072,连州,清远,连州市,连州镇,2025-10-13,25.6,31.0,23.3,17.6,6.8
1747,59072,连州,清远,连州市,连州镇,2025-10-14,25.9,30.9,22.8,12.3,7.9
1748,59072,连州,清远,连州市,连州镇,2025-10-15,26.1,33.3,22.7,3.6,7.9
1749,59072,连州,清远,连州市,连州镇,2025-10-16,26.8,34.6,22.5,.0,9.5
1750,59072,连州,清远,连州市,连州镇,2025-10-17,27.1,34.3,22.9,.0,8.7
1751,59072,连州,清远,连州市,连州镇,2025-10-18,26.2,30.9,23.3,.0,9.0
1752,59072,连州,清远,连州市,连州镇,2025-10-19,21.6,24.4,20.3,.0,8.9
1753,59072,连州,清远,连州市,连州镇,2025-10-20,18.5,20.7,17.7,.0,3.4
1754,59072,连州,清远,连州市,连州镇,2025-10-21,15.7,17.8,14.4,.8,1.8
1755,59072,连州,清远,连州市,连州镇,2025-10-22,14.7,16.3,13.9,.0,.0
1756,59072,连州,清远,连州市,连州镇,2025-10-23,16.0,18.0,14.0,.0,2.2
1757,59072,连州,清远,连州市,连州镇,2025-10-24,19.2,24.1,16.2,.0,7.4
1758,59072,连州,清远,连州市,连州镇,2025-10-25,20.8,26.0,16.6,.0,9.1
1759,59072,连州,清远,连州市,连州镇,2025-10-26,19.3,23.4,17.0,.0,9.1
1760,59072,连州,清远,连州市,连州镇,2025-10-27,18.5,23.4,15.3,.0,8.6
1761,59072,连州,清远,连州市,连州镇,2025-10-28,19.2,23.3,16.1,.0,9.2
1762,59072,连州,清远,连州市,连州镇,2025-10-29,19.4,24.8,15.0,.0,4.7
1763,59072,连州,清远,连州市,连州镇,2025-10-30,20.9,24.1,18.8,.4,3.3
1764,59072,连州,清远,连州市,连州镇,2025-10-31,20.2,23.6,19.0,.5,3.7
1765,59072,连州,清远,连州市,连州镇,2025-11-01,20.4,25.1,17.3,.0,6.4
1766,59072,连州,清远,连州市,连州镇,2025-11-02,19.0,22.3,16.6,.0,3.4
1767,59072,连州,清远,连州市,连州镇,2025-11-03,14.9,16.8,13.7,4.5,.1
1768,59072,连州,清远,连州市,连州镇,2025-11-04,15.1,16.7,13.9,25.9,.4
1769,59072,连州,清远,连州市,连州镇,2025-11-05,17.8,21.8,15.0,1.5,7.2
1770,59072,连州,清远,连州市,连州镇,2025-11-06,19.2,22.9,17.3,.0,4.1
1771,59072,连州,清远,连州市,连州镇,2025-11-07,20.0,22.2,17.3,1.0,1.3
1772,59072,连州,清远,连州市,连州镇,2025-11-08,21.0,22.4,19.9,16.0,.0
1773,59072,连州,清远,连州市,连州镇,2025-11-09,19.0,22.0,17.0,.0,5.7
1774,59072,连州,清远,连州市,连州镇,2025-11-10,18.6,22.2,16.4,.0,8.8
1775,59072,连州,清远,连州市,连州镇,2025-11-11,17.1,19.4,16.1,.0,1.4
1776,59072,连州,清远,连州市,连州镇,2025-11-12,16.7,19.8,15.4,.0,2.2
1777,59072,连州,清远,连州市,连州镇,2025-11-13,16.6,18.6,14.8,.0,3.7
1778,59072,连州,清远,连州市,连州镇,2025-11-14,19.3,24.5,16.4,.0,7.3
1779,59072,连州,清远,连州市,连州镇,2025-11-15,19.7,28.2,15.5,.0,8.5
1780,59072,连州,清远,连州市,连州镇,2025-11-16,19.7,28.8,14.4,.0,10.0
1781,59072,连州,清远,连州市,连州镇,2025-11-17,18.8,25.4,16.3,.0,6.4
1782,59072,连州,清远,连州市,连州镇,2025-11-18,8.6,16.4,7.3,2.4,.0
1783,59072,连州,清远,连州市,连州镇,2025-11-19,9.7,15.1,6.6,.0,6.9
1784,59072,连州,清远,连州市,连州镇,2025-11-20,11.6,19.4,6.4,.0,9.3
1785,59072,连州,清远,连州市,连州镇,2025-11-21,13.1,21.3,6.7,.0,10.1
1786,59072,连州,清远,连州市,连州镇,2025-11-22,13.8,23.2,8.2,.0,9.1
1787,59072,连州,清远,连州市,连州镇,2025-11-23,14.1,22.1,8.6,.0,7.3
1788,59072,连州,清远,连州市,连州镇,2025-11-24,16.2,24.8,9.3,.0,9.8
1789,59072,连州,清远,连州市,连州镇,2025-11-25,15.1,21.1,9.9,.0,9.8
1790,59072,连州,清远,连州市,连州镇,2025-11-26,11.3,21.9,3.3,.0,10.0
1791,59072,连州,清远,连州市,连州镇,2025-11-27,11.7,22.1,3.6,.0,9.6
1792,59072,连州,清远,连州市,连州镇,2025-11-28,10.7,23.4,2.9,.0,9.7
1793,59072,连州,清远,连州市,连州镇,2025-11-29,11.2,24.7,3.1,.0,10.0
1794,59072,连州,清远,连州市,连州镇,2025-11-30,14.1,23.4,6.2,.0,7.5
1795,59072,连州,清远,连州市,连州镇,2025-12-01,19.0,25.1,14.4,.4,7.1
1796,59072,连州,清远,连州市,连州镇,2025-12-02,18.9,21.5,16.6,.0,1.1
1797,59072,连州,清远,连州市,连州镇,2025-12-03,14.9,19.1,12.7,.0,7.7
1798,59072,连州,清远,连州市,连州镇,2025-12-04,14.8,20.3,11.0,.0,6.4
1799,59072,连州,清远,连州市,连州镇,2025-12-05,14.7,16.9,13.4,.0,2.5
1800,59072,连州,清远,连州市,连州镇,2025-12-06,14.3,21.9,10.4,.0,7.4
1801,59072,连州,清远,连州市,连州镇,2025-12-07,16.9,25.2,10.7,.0,7.2
1802,59072,连州,清远,连州市,连州镇,2025-12-08,17.5,22.6,13.9,.0,9.3
1803,59072,连州,清远,连州市,连州镇,2025-12-09,14.2,22.8,8.7,.0,7.9
1804,59072,连州,清远,连州市,连州镇,2025-12-10,14.7,21.7,9.3,.0,5.7
1805,59072,连州,清远,连州市,连州镇,2025-12-11,17.8,25.0,13.0,.0,7.8
1806,59072,连州,清远,连州市,连州镇,2025-12-12,16.8,18.9,16.0,5.9,.0
1807,59072,连州,清远,连州市,连州镇,2025-12-13,11.0,17.0,8.2,11.3,.0
1808,59072,连州,清远,连州市,连州镇,2025-12-14,8.6,15.8,3.7,.0,9.4
1809,59072,连州,清远,连州市,连州镇,2025-12-15,9.9,20.3,2.9,.0,8.4
1810,59072,连州,清远,连州市,连州镇,2025-12-16,13.2,23.2,7.6,.0,7.7
1811,59072,连州,清远,连州市,连州镇,2025-12-17,15.8,23.1,10.4,.0,7.2
1812,59072,连州,清远,连州市,连州镇,2025-12-18,14.7,23.0,9.1,.0,9.2
1813,59072,连州,清远,连州市,连州镇,2025-12-19,16.0,26.3,9.7,.0,8.4
1814,59072,连州,清远,连州市,连州镇,2025-12-20,18.2,27.5,12.4,.0,9.0
1815,59072,连州,清远,连州市,连州镇,2025-12-21,15.7,19.7,14.0,.0,8.0
1816,59072,连州,清远,连州市,连州镇,2025-12-22,12.7,16.3,9.3,.0,2.4
1817,59072,连州,清远,连州市,连州镇,2025-12-23,16.8,23.4,12.1,.0,5.6
1818,59072,连州,清远,连州市,连州镇,2025-12-24,11.0,20.0,8.7,3.3,.2
1819,59072,连州,清远,连州市,连州镇,2025-12-25,8.5,9.7,7.4,3.4,.0
1820,59072,连州,清远,连州市,连州镇,2025-12-26,7.5,15.0,2.3,.0,9.1
1821,59072,连州,清远,连州市,连州镇,2025-12-27,10.5,18.8,5.6,.0,9.5
1822,59072,连州,清远,连州市,连州镇,2025-12-28,10.3,19.6,5.9,.0,9.0
1823,59072,连州,清远,连州市,连州镇,2025-12-29,11.4,17.2,5.6,.0,4.0
1824,59072,连州,清远,连州市,连州镇,2025-12-30,15.9,23.1,11.4,.0,8.1
1825,59072,连州,清远,连州市,连州镇,2025-12-31,14.5,22.3,10.2,.0,7.2
1826,59074,连山,清远,连山壮族瑶族自治县,吉田镇,2025-01-01,10.0,22.5,2.4,.0,9.1
1827,59074,连山,清远,连山壮族瑶族自治县,吉田镇,2025-01-02,11.8,23.7,4.3,.0,8.3
1828,59074,连山,清远,连山壮族瑶族自治县,吉田镇,2025-01-03,9.7,19.8,3.3,.0,9.0
1829,59074,连山,清远,连山壮族瑶族自治县,吉田镇,2025-01-04,9.2,21.9,1.1,.0,8.9
1830,59074,连山,清远,连山壮族瑶族自治县,吉田镇,2025-01-05,9.6,20.4,3.8,.0,8.6
1831,59074,连山,清远,连山壮族瑶族自治县,吉田镇,2025-01-06,8.6,19.7,1.2,.0,8.8
1832,59074,连山,清远,连山壮族瑶族自治县,吉田镇,2025-01-07,9.1,19.9,2.0,.0,8.5
1833,59074,连山,清远,连山壮族瑶族自治县,吉田镇,2025-01-08,9.3,19.1,3.0,.0,8.5
1834,59074,连山,清远,连山壮族瑶族自治县,吉田镇,2025-01-09,8.7,14.8,5.0,.0,3.9
1835,59074,连山,清远,连山壮族瑶族自治县,吉田镇,2025-01-10,7.6,13.7,3.6,.0,9.1
1836,59074,连山,清远,连山壮族瑶族自治县,吉田镇,2025-01-11,8.3,14.7,6.4,.0,7.3
1837,59074,连山,清远,连山壮族瑶族自治县,吉田镇,2025-01-12,6.0,19.4,-2.6,.0,9.3
1838,59074,连山,清远,连山壮族瑶族自治县,吉田镇,2025-01-13,7.3,21.9,-1.9,.0,9.3
1839,59074,连山,清远,连山壮族瑶族自治县,吉田镇,2025-01-14,10.6,22.4,2.0,.0,4.8
1840,59074,连山,清远,连山壮族瑶族自治县,吉田镇,2025-01-15,12.2,18.0,9.5,.6,8.1
1841,59074,连山,清远,连山壮族瑶族自治县,吉田镇,2025-01-16,8.6,18.0,2.2,.0,9.0
1842,59074,连山,清远,连山壮族瑶族自治县,吉田镇,2025-01-17,7.4,19.2,.0,.0,9.2
1843,59074,连山,清远,连山壮族瑶族自治县,吉田镇,2025-01-18,8.3,21.0,.7,.0,9.1
1844,59074,连山,清远,连山壮族瑶族自治县,吉田镇,2025-01-19,9.7,22.3,1.9,.0,8.9
1845,59074,连山,清远,连山壮族瑶族自治县,吉田镇,2025-01-20,10.5,22.8,2.9,.0,6.2
1846,59074,连山,清远,连山壮族瑶族自治县,吉田镇,2025-01-21,11.4,23.7,3.6,.0,8.7
1847,59074,连山,清远,连山壮族瑶族自治县,吉田镇,2025-01-22,15.2,24.3,10.1,.0,3.4
1848,59074,连山,清远,连山壮族瑶族自治县,吉田镇,2025-01-23,15.2,20.6,11.0,.0,.2
1849,59074,连山,清远,连山壮族瑶族自治县,吉田镇,2025-01-24,16.0,20.0,13.6,.0,.3
1850,59074,连山,清远,连山壮族瑶族自治县,吉田镇,2025-01-25,15.9,20.9,14.1,.0,.5
1851,59074,连山,清远,连山壮族瑶族自治县,吉田镇,2025-01-26,7.0,14.3,6.1,2.0,.0
1852,59074,连山,清远,连山壮族瑶族自治县,吉田镇,2025-01-27,7.8,16.0,1.9,.0,9.5
1853,59074,连山,清远,连山壮族瑶族自治县,吉田镇,2025-01-28,10.0,19.3,5.9,.0,8.7
1854,59074,连山,清远,连山壮族瑶族自治县,吉田镇,2025-01-29,9.7,18.6,5.3,.0,3.6
1855,59074,连山,清远,连山壮族瑶族自治县,吉田镇,2025-01-30,11.5,18.6,5.0,.0,.7
1856,59074,连山,清远,连山壮族瑶族自治县,吉田镇,2025-01-31,16.2,19.2,12.3,1.2,1.1
1857,59074,连山,清远,连山壮族瑶族自治县,吉田镇,2025-02-01,14.3,17.1,13.1,.0,.0
1858,59074,连山,清远,连山壮族瑶族自治县,吉田镇,2025-02-02,8.8,13.6,7.6,4.1,.0
1859,59074,连山,清远,连山壮族瑶族自治县,吉田镇,2025-02-03,7.8,11.1,6.5,.4,.2
1860,59074,连山,清远,连山壮族瑶族自治县,吉田镇,2025-02-04,9.1,17.4,3.8,.0,9.4
1861,59074,连山,清远,连山壮族瑶族自治县,吉田镇,2025-02-05,6.7,10.8,2.4,.0,.0
1862,59074,连山,清远,连山壮族瑶族自治县,吉田镇,2025-02-06,9.1,11.5,8.0,.0,.0
1863,59074,连山,清远,连山壮族瑶族自治县,吉田镇,2025-02-07,7.4,9.1,6.6,.6,.0
1864,59074,连山,清远,连山壮族瑶族自治县,吉田镇,2025-02-08,7.7,10.1,5.5,.0,.0
1865,59074,连山,清远,连山壮族瑶族自治县,吉田镇,2025-02-09,7.1,17.1,-.7,.0,8.8
1866,59074,连山,清远,连山壮族瑶族自治县,吉田镇,2025-02-10,11.1,15.7,8.6,.0,.2
1867,59074,连山,清远,连山壮族瑶族自治县,吉田镇,2025-02-11,11.9,19.6,4.8,.0,.8
1868,59074,连山,清远,连山壮族瑶族自治县,吉田镇,2025-02-12,16.1,25.4,12.4,.0,2.1
1869,59074,连山,清远,连山壮族瑶族自治县,吉田镇,2025-02-13,11.1,17.0,7.6,.0,2.1
1870,59074,连山,清远,连山壮族瑶族自治县,吉田镇,2025-02-14,16.7,25.2,10.5,.0,6.6
1871,59074,连山,清远,连山壮族瑶族自治县,吉田镇,2025-02-15,15.0,19.2,11.7,.4,.1
1872,59074,连山,清远,连山壮族瑶族自治县,吉田镇,2025-02-16,11.2,12.6,10.6,.6,.0
1873,59074,连山,清远,连山壮族瑶族自治县,吉田镇,2025-02-17,10.7,12.3,9.9,.2,.0
1874,59074,连山,清远,连山壮族瑶族自治县,吉田镇,2025-02-18,9.8,11.6,8.5,1.2,.0
1875,59074,连山,清远,连山壮族瑶族自治县,吉田镇,2025-02-19,11.1,13.2,9.8,.1,.0
1876,59074,连山,清远,连山壮族瑶族自治县,吉田镇,2025-02-20,12.4,15.7,11.1,.3,.0
1877,59074,连山,清远,连山壮族瑶族自治县,吉田镇,2025-02-21,9.9,11.9,8.8,4.4,.0
1878,59074,连山,清远,连山壮族瑶族自治县,吉田镇,2025-02-22,9.6,11.2,8.9,.4,.0
1879,59074,连山,清远,连山壮族瑶族自治县,吉田镇,2025-02-23,8.7,10.5,7.7,1.9,.0
1880,59074,连山,清远,连山壮族瑶族自治县,吉田镇,2025-02-24,10.3,17.1,6.9,.0,8.1
1881,59074,连山,清远,连山壮族瑶族自治县,吉田镇,2025-02-25,10.0,12.3,7.8,.3,.0
1882,59074,连山,清远,连山壮族瑶族自治县,吉田镇,2025-02-26,12.1,16.5,9.6,.6,.1
1883,59074,连山,清远,连山壮族瑶族自治县,吉田镇,2025-02-27,14.8,20.1,11.8,7.0,1.0
1884,59074,连山,清远,连山壮族瑶族自治县,吉田镇,2025-02-28,19.6,24.9,15.0,.0,2.9
1885,59074,连山,清远,连山壮族瑶族自治县,吉田镇,2025-03-01,21.9,25.8,18.2,.0,3.6
1886,59074,连山,清远,连山壮族瑶族自治县,吉田镇,2025-03-02,23.4,28.8,19.9,.0,7.2
1887,59074,连山,清远,连山壮族瑶族自治县,吉田镇,2025-03-03,21.6,28.5,16.3,.0,1.9
1888,59074,连山,清远,连山壮族瑶族自治县,吉田镇,2025-03-04,9.8,22.8,7.9,28.6,.0
1889,59074,连山,清远,连山壮族瑶族自治县,吉田镇,2025-03-05,6.5,7.9,5.7,1.5,.0
1890,59074,连山,清远,连山壮族瑶族自治县,吉田镇,2025-03-06,8.2,12.2,6.0,.0,1.6
1891,59074,连山,清远,连山壮族瑶族自治县,吉田镇,2025-03-07,7.8,9.6,6.2,5.6,.0
1892,59074,连山,清远,连山壮族瑶族自治县,吉田镇,2025-03-08,10.1,14.1,7.1,.5,.1
1893,59074,连山,清远,连山壮族瑶族自治县,吉田镇,2025-03-09,12.2,15.6,10.2,.1,.0
1894,59074,连山,清远,连山壮族瑶族自治县,吉田镇,2025-03-10,16.4,22.5,12.5,.0,.7
1895,59074,连山,清远,连山壮族瑶族自治县,吉田镇,2025-03-11,20.0,25.3,15.8,.0,.4
1896,59074,连山,清远,连山壮族瑶族自治县,吉田镇,2025-03-12,21.9,27.3,18.4,.0,3.8
1897,59074,连山,清远,连山壮族瑶族自治县,吉田镇,2025-03-13,20.8,26.7,17.9,13.5,1.1
1898,59074,连山,清远,连山壮族瑶族自治县,吉田镇,2025-03-14,19.4,22.0,17.9,9.6,.1
1899,59074,连山,清远,连山壮族瑶族自治县,吉田镇,2025-03-15,13.6,20.2,10.7,14.2,.0
1900,59074,连山,清远,连山壮族瑶族自治县,吉田镇,2025-03-16,11.6,16.2,8.7,.1,4.3
1901,59074,连山,清远,连山壮族瑶族自治县,吉田镇,2025-03-17,11.7,16.7,8.7,.2,2.0
1902,59074,连山,清远,连山壮族瑶族自治县,吉田镇,2025-03-18,12.0,20.4,6.7,.5,10.5
1903,59074,连山,清远,连山壮族瑶族自治县,吉田镇,2025-03-19,11.7,23.2,4.0,.0,8.2
1904,59074,连山,清远,连山壮族瑶族自治县,吉田镇,2025-03-20,12.8,25.3,4.4,.0,10.7
1905,59074,连山,清远,连山壮族瑶族自治县,吉田镇,2025-03-21,14.2,27.7,5.6,.0,10.5
1906,59074,连山,清远,连山壮族瑶族自治县,吉田镇,2025-03-22,16.7,28.8,7.4,.0,10.5
1907,59074,连山,清远,连山壮族瑶族自治县,吉田镇,2025-03-23,18.5,29.5,9.7,.0,9.4
1908,59074,连山,清远,连山壮族瑶族自治县,吉田镇,2025-03-24,19.5,31.0,11.3,.0,10.5
1909,59074,连山,清远,连山壮族瑶族自治县,吉田镇,2025-03-25,21.7,32.0,12.9,.0,10.0
1910,59074,连山,清远,连山壮族瑶族自治县,吉田镇,2025-03-26,22.7,30.2,16.2,.0,9.0
1911,59074,连山,清远,连山壮族瑶族自治县,吉田镇,2025-03-27,24.5,28.3,21.1,.0,7.2
1912,59074,连山,清远,连山壮族瑶族自治县,吉田镇,2025-03-28,15.9,24.6,11.3,.0,.0
1913,59074,连山,清远,连山壮族瑶族自治县,吉田镇,2025-03-29,7.7,11.7,6.7,18.5,.0
1914,59074,连山,清远,连山壮族瑶族自治县,吉田镇,2025-03-30,7.0,8.8,5.8,1.7,.0
1915,59074,连山,清远,连山壮族瑶族自治县,吉田镇,2025-03-31,7.9,9.7,6.1,.3,.0
1916,59074,连山,清远,连山壮族瑶族自治县,吉田镇,2025-04-01,12.2,20.9,7.7,.0,8.5
1917,59074,连山,清远,连山壮族瑶族自治县,吉田镇,2025-04-02,13.7,25.3,6.3,.0,10.4
1918,59074,连山,清远,连山壮族瑶族自治县,吉田镇,2025-04-03,15.8,27.2,7.4,.0,10.2
1919,59074,连山,清远,连山壮族瑶族自治县,吉田镇,2025-04-04,15.0,20.8,10.2,.0,.0
1920,59074,连山,清远,连山壮族瑶族自治县,吉田镇,2025-04-05,16.8,22.0,14.4,.0,1.0
1921,59074,连山,清远,连山壮族瑶族自治县,吉田镇,2025-04-06,17.8,24.1,13.3,.0,1.9
1922,59074,连山,清远,连山壮族瑶族自治县,吉田镇,2025-04-07,19.2,25.9,14.4,.0,1.0
1923,59074,连山,清远,连山壮族瑶族自治县,吉田镇,2025-04-08,19.7,24.5,17.1,.0,.0
1924,59074,连山,清远,连山壮族瑶族自治县,吉田镇,2025-04-09,19.3,21.4,18.3,16.7,.0
1925,59074,连山,清远,连山壮族瑶族自治县,吉田镇,2025-04-10,23.8,31.6,19.3,.0,5.3
1926,59074,连山,清远,连山壮族瑶族自治县,吉田镇,2025-04-11,23.4,26.4,19.8,.0,1.9
1927,59074,连山,清远,连山壮族瑶族自治县,吉田镇,2025-04-12,21.1,26.1,16.6,10.3,.1
1928,59074,连山,清远,连山壮族瑶族自治县,吉田镇,2025-04-13,15.6,23.6,9.7,.0,3.6
1929,59074,连山,清远,连山壮族瑶族自治县,吉田镇,2025-04-14,18.2,32.4,8.6,.0,10.3
1930,59074,连山,清远,连山壮族瑶族自治县,吉田镇,2025-04-15,20.8,33.4,11.7,.0,10.0
1931,59074,连山,清远,连山壮族瑶族自治县,吉田镇,2025-04-16,21.5,32.0,12.6,.0,9.3
1932,59074,连山,清远,连山壮族瑶族自治县,吉田镇,2025-04-17,22.6,26.8,18.2,.0,.5
1933,59074,连山,清远,连山壮族瑶族自治县,吉田镇,2025-04-18,23.1,27.6,18.8,.0,1.3
1934,59074,连山,清远,连山壮族瑶族自治县,吉田镇,2025-04-19,26.5,31.2,23.0,28.4,2.8
1935,59074,连山,清远,连山壮族瑶族自治县,吉田镇,2025-04-20,24.0,29.2,21.3,16.0,3.4
1936,59074,连山,清远,连山壮族瑶族自治县,吉田镇,2025-04-21,26.6,30.8,23.5,.1,2.2
1937,59074,连山,清远,连山壮族瑶族自治县,吉田镇,2025-04-22,26.1,30.9,22.7,24.2,3.1
1938,59074,连山,清远,连山壮族瑶族自治县,吉田镇,2025-04-23,21.3,23.7,20.2,8.3,.1
1939,59074,连山,清远,连山壮族瑶族自治县,吉田镇,2025-04-24,20.9,22.9,19.9,43.4,.0
1940,59074,连山,清远,连山壮族瑶族自治县,吉田镇,2025-04-25,19.0,21.3,17.7,1.0,.0
1941,59074,连山,清远,连山壮族瑶族自治县,吉田镇,2025-04-26,19.8,23.8,17.3,.0,.0
1942,59074,连山,清远,连山壮族瑶族自治县,吉田镇,2025-04-27,21.2,23.4,19.9,37.0,.1
1943,59074,连山,清远,连山壮族瑶族自治县,吉田镇,2025-04-28,22.6,28.4,19.6,.0,9.3
1944,59074,连山,清远,连山壮族瑶族自治县,吉田镇,2025-04-29,21.9,31.8,15.6,.0,8.2
1945,59074,连山,清远,连山壮族瑶族自治县,吉田镇,2025-04-30,22.4,28.1,18.4,8.5,1.6
1946,59074,连山,清远,连山壮族瑶族自治县,吉田镇,2025-05-01,24.4,32.1,21.6,3.6,5.9
1947,59074,连山,清远,连山壮族瑶族自治县,吉田镇,2025-05-02,23.3,33.1,17.1,.0,9.0
1948,59074,连山,清远,连山壮族瑶族自治县,吉田镇,2025-05-03,25.5,30.2,21.6,1.9,3.4
1949,59074,连山,清远,连山壮族瑶族自治县,吉田镇,2025-05-04,23.9,27.8,21.4,24.9,2.0
1950,59074,连山,清远,连山壮族瑶族自治县,吉田镇,2025-05-05,25.9,31.6,24.0,3.6,4.9
1951,59074,连山,清远,连山壮族瑶族自治县,吉田镇,2025-05-06,25.0,30.1,22.0,1.0,2.3
1952,59074,连山,清远,连山壮族瑶族自治县,吉田镇,2025-05-07,24.4,30.4,21.8,3.1,1.8
1953,59074,连山,清远,连山壮族瑶族自治县,吉田镇,2025-05-08,26.2,28.5,24.0,.6,1.2
1954,59074,连山,清远,连山壮族瑶族自治县,吉田镇,2025-05-09,22.9,29.3,19.9,30.3,3.5
1955,59074,连山,清远,连山壮族瑶族自治县,吉田镇,2025-05-10,21.8,29.7,18.5,.0,3.7
1956,59074,连山,清远,连山壮族瑶族自治县,吉田镇,2025-05-11,19.3,27.5,13.3,3.3,9.7
1957,59074,连山,清远,连山壮族瑶族自治县,吉田镇,2025-05-12,19.3,31.1,9.5,.0,11.6
1958,59074,连山,清远,连山壮族瑶族自治县,吉田镇,2025-05-13,21.0,30.4,12.6,.0,11.6
1959,59074,连山,清远,连山壮族瑶族自治县,吉田镇,2025-05-14,23.1,30.8,16.4,.0,4.7
1960,59074,连山,清远,连山壮族瑶族自治县,吉田镇,2025-05-15,25.2,29.3,22.1,.0,.2
1961,59074,连山,清远,连山壮族瑶族自治县,吉田镇,2025-05-16,24.0,26.8,23.0,82.8,.2
1962,59074,连山,清远,连山壮族瑶族自治县,吉田镇,2025-05-17,24.2,26.7,22.9,22.6,.1
1963,59074,连山,清远,连山壮族瑶族自治县,吉田镇,2025-05-18,24.0,27.3,23.0,33.3,.0
1964,59074,连山,清远,连山壮族瑶族自治县,吉田镇,2025-05-19,23.7,26.3,22.6,11.9,.0
1965,59074,连山,清远,连山壮族瑶族自治县,吉田镇,2025-05-20,23.8,26.2,22.9,24.2,.2
1966,59074,连山,清远,连山壮族瑶族自治县,吉田镇,2025-05-21,26.0,30.4,23.9,.8,1.1
1967,59074,连山,清远,连山壮族瑶族自治县,吉田镇,2025-05-22,25.2,29.4,23.6,5.6,1.7
1968,59074,连山,清远,连山壮族瑶族自治县,吉田镇,2025-05-23,23.5,28.7,22.5,48.4,.6
1969,59074,连山,清远,连山壮族瑶族自治县,吉田镇,2025-05-24,20.5,22.5,19.5,15.4,.0
1970,59074,连山,清远,连山壮族瑶族自治县,吉田镇,2025-05-25,19.9,24.0,17.9,.4,.0
1971,59074,连山,清远,连山壮族瑶族自治县,吉田镇,2025-05-26,20.0,27.1,17.1,1.5,3.0
1972,59074,连山,清远,连山壮族瑶族自治县,吉田镇,2025-05-27,21.0,26.8,17.6,.4,.8
1973,59074,连山,清远,连山壮族瑶族自治县,吉田镇,2025-05-28,21.4,24.4,19.6,24.3,.0
1974,59074,连山,清远,连山壮族瑶族自治县,吉田镇,2025-05-29,21.3,23.3,20.0,33.5,.0
1975,59074,连山,清远,连山壮族瑶族自治县,吉田镇,2025-05-30,21.9,24.9,20.0,.6,.0
1976,59074,连山,清远,连山壮族瑶族自治县,吉田镇,2025-05-31,24.5,29.4,21.7,.6,2.1
1977,59074,连山,清远,连山壮族瑶族自治县,吉田镇,2025-06-01,25.3,27.1,24.7,.0,.0
1978,59074,连山,清远,连山壮族瑶族自治县,吉田镇,2025-06-02,24.2,28.3,22.5,1.0,.0
1979,59074,连山,清远,连山壮族瑶族自治县,吉田镇,2025-06-03,23.0,28.8,19.4,1.2,3.7
1980,59074,连山,清远,连山壮族瑶族自治县,吉田镇,2025-06-04,25.1,32.7,18.7,.0,10.0
1981,59074,连山,清远,连山壮族瑶族自治县,吉田镇,2025-06-05,26.1,32.2,22.6,.0,2.4
1982,59074,连山,清远,连山壮族瑶族自治县,吉田镇,2025-06-06,27.8,33.3,23.4,.0,4.3
1983,59074,连山,清远,连山壮族瑶族自治县,吉田镇,2025-06-07,28.0,33.2,25.0,1.7,6.0
1984,59074,连山,清远,连山壮族瑶族自治县,吉田镇,2025-06-08,27.4,32.8,24.0,.0,3.6
1985,59074,连山,清远,连山壮族瑶族自治县,吉田镇,2025-06-09,26.9,32.8,24.0,54.9,4.0
1986,59074,连山,清远,连山壮族瑶族自治县,吉田镇,2025-06-10,26.3,31.5,23.5,25.2,1.3
1987,59074,连山,清远,连山壮族瑶族自治县,吉田镇,2025-06-11,26.9,32.3,23.9,.0,2.5
1988,59074,连山,清远,连山壮族瑶族自治县,吉田镇,2025-06-12,25.8,31.6,21.8,31.6,4.0
1989,59074,连山,清远,连山壮族瑶族自治县,吉田镇,2025-06-13,26.2,31.7,24.4,12.6,2.5
1990,59074,连山,清远,连山壮族瑶族自治县,吉田镇,2025-06-14,25.9,30.2,23.7,3.6,.8
1991,59074,连山,清远,连山壮族瑶族自治县,吉田镇,2025-06-15,24.0,28.6,23.5,75.2,1.9
1992,59074,连山,清远,连山壮族瑶族自治县,吉田镇,2025-06-16,23.8,25.8,23.1,32.7,.3
1993,59074,连山,清远,连山壮族瑶族自治县,吉田镇,2025-06-17,23.5,25.1,22.9,37.7,.0
1994,59074,连山,清远,连山壮族瑶族自治县,吉田镇,2025-06-18,25.1,27.0,23.5,14.4,.0
1995,59074,连山,清远,连山壮族瑶族自治县,吉田镇,2025-06-19,27.0,30.0,25.0,4.0,.0
1996,59074,连山,清远,连山壮族瑶族自治县,吉田镇,2025-06-20,27.6,31.2,24.5,4.0,2.8
1997,59074,连山,清远,连山壮族瑶族自治县,吉田镇,2025-06-21,28.0,33.3,25.5,1.5,7.8
1998,59074,连山,清远,连山壮族瑶族自治县,吉田镇,2025-06-22,27.9,32.7,24.8,.0,5.3
1999,59074,连山,清远,连山壮族瑶族自治县,吉田镇,2025-06-23,27.7,33.3,24.9,.1,5.1
2000,59074,连山,清远,连山壮族瑶族自治县,吉田镇,2025-06-24,25.9,30.1,23.1,38.0,.0
2001,59074,连山,清远,连山壮族瑶族自治县,吉田镇,2025-06-25,27.9,34.9,23.5,.0,10.3
2002,59074,连山,清远,连山壮族瑶族自治县,吉田镇,2025-06-26,27.1,32.6,22.8,.0,4.5
2003,59074,连山,清远,连山壮族瑶族自治县,吉田镇,2025-06-27,27.4,31.5,24.2,3.5,3.4
2004,59074,连山,清远,连山壮族瑶族自治县,吉田镇,2025-06-28,26.0,31.7,23.7,9.4,3.0
2005,59074,连山,清远,连山壮族瑶族自治县,吉田镇,2025-06-29,27.0,33.3,23.9,1.9,4.7
2006,59074,连山,清远,连山壮族瑶族自治县,吉田镇,2025-06-30,26.3,32.3,23.4,14.2,3.6
2007,59074,连山,清远,连山壮族瑶族自治县,吉田镇,2025-07-01,25.2,30.9,23.6,9.8,2.5
2008,59074,连山,清远,连山壮族瑶族自治县,吉田镇,2025-07-02,25.8,32.6,23.1,16.2,4.3
2009,59074,连山,清远,连山壮族瑶族自治县,吉田镇,2025-07-03,26.9,34.8,22.5,.1,10.0
2010,59074,连山,清远,连山壮族瑶族自治县,吉田镇,2025-07-04,27.9,36.5,24.1,.2,8.1
2011,59074,连山,清远,连山壮族瑶族自治县,吉田镇,2025-07-05,28.2,36.5,24.9,.0,6.3
2012,59074,连山,清远,连山壮族瑶族自治县,吉田镇,2025-07-06,27.7,35.5,23.6,.2,6.2
2013,59074,连山,清远,连山壮族瑶族自治县,吉田镇,2025-07-07,27.7,35.8,23.3,.0,9.3
2014,59074,连山,清远,连山壮族瑶族自治县,吉田镇,2025-07-08,28.3,35.5,24.1,.0,8.5
2015,59074,连山,清远,连山壮族瑶族自治县,吉田镇,2025-07-09,26.5,35.0,24.6,.8,7.0
2016,59074,连山,清远,连山壮族瑶族自治县,吉田镇,2025-07-10,27.8,32.6,25.0,2.5,2.5
2017,59074,连山,清远,连山壮族瑶族自治县,吉田镇,2025-07-11,26.7,31.4,24.3,.9,1.2
2018,59074,连山,清远,连山壮族瑶族自治县,吉田镇,2025-07-12,26.5,31.9,23.7,15.7,2.1
2019,59074,连山,清远,连山壮族瑶族自治县,吉田镇,2025-07-13,26.0,31.7,24.8,10.0,3.5
2020,59074,连山,清远,连山壮族瑶族自治县,吉田镇,2025-07-14,28.5,33.8,25.1,.0,5.4
2021,59074,连山,清远,连山壮族瑶族自治县,吉田镇,2025-07-15,29.4,34.9,25.7,.0,8.5
2022,59074,连山,清远,连山壮族瑶族自治县,吉田镇,2025-07-16,29.5,35.6,25.0,.0,9.1
2023,59074,连山,清远,连山壮族瑶族自治县,吉田镇,2025-07-17,29.1,35.8,24.8,.0,10.5
2024,59074,连山,清远,连山壮族瑶族自治县,吉田镇,2025-07-18,28.0,36.8,24.4,27.5,7.0
2025,59074,连山,清远,连山壮族瑶族自治县,吉田镇,2025-07-19,27.6,35.3,23.9,5.1,7.6
2026,59074,连山,清远,连山壮族瑶族自治县,吉田镇,2025-07-20,27.3,31.6,25.0,5.5,1.3
2027,59074,连山,清远,连山壮族瑶族自治县,吉田镇,2025-07-21,26.3,30.7,24.5,5.3,.7
2028,59074,连山,清远,连山壮族瑶族自治县,吉田镇,2025-07-22,25.5,27.4,24.8,21.8,.1
2029,59074,连山,清远,连山壮族瑶族自治县,吉田镇,2025-07-23,25.6,30.7,24.2,9.9,2.1
2030,59074,连山,清远,连山壮族瑶族自治县,吉田镇,2025-07-24,27.0,33.4,23.8,3.3,7.2
2031,59074,连山,清远,连山壮族瑶族自治县,吉田镇,2025-07-25,27.0,35.7,23.8,.3,4.9
2032,59074,连山,清远,连山壮族瑶族自治县,吉田镇,2025-07-26,26.3,35.3,22.4,16.1,5.9
2033,59074,连山,清远,连山壮族瑶族自治县,吉田镇,2025-07-27,26.9,35.2,22.2,.0,6.7
2034,59074,连山,清远,连山壮族瑶族自治县,吉田镇,2025-07-28,26.5,33.3,24.9,3.2,3.7
2035,59074,连山,清远,连山壮族瑶族自治县,吉田镇,2025-07-29,28.4,35.2,24.8,.4,6.9
2036,59074,连山,清远,连山壮族瑶族自治县,吉田镇,2025-07-30,28.2,34.3,24.9,3.1,6.2
2037,59074,连山,清远,连山壮族瑶族自治县,吉田镇,2025-07-31,26.0,33.9,24.9,13.9,4.9
2038,59074,连山,清远,连山壮族瑶族自治县,吉田镇,2025-08-01,27.9,34.0,24.6,2.7,7.0
2039,59074,连山,清远,连山壮族瑶族自治县,吉田镇,2025-08-02,26.9,33.6,24.5,7.8,4.1
2040,59074,连山,清远,连山壮族瑶族自治县,吉田镇,2025-08-03,25.0,28.4,24.6,38.9,.6
2041,59074,连山,清远,连山壮族瑶族自治县,吉田镇,2025-08-04,26.8,31.8,24.6,16.2,1.6
2042,59074,连山,清远,连山壮族瑶族自治县,吉田镇,2025-08-05,25.4,28.6,24.4,7.3,.0
2043,59074,连山,清远,连山壮族瑶族自治县,吉田镇,2025-08-06,24.3,25.5,24.0,54.0,.0
2044,59074,连山,清远,连山壮族瑶族自治县,吉田镇,2025-08-07,23.9,26.3,22.9,45.4,.0
2045,59074,连山,清远,连山壮族瑶族自治县,吉田镇,2025-08-08,25.2,31.1,22.0,.0,4.5
2046,59074,连山,清远,连山壮族瑶族自治县,吉田镇,2025-08-09,27.2,34.2,23.6,.0,8.3
2047,59074,连山,清远,连山壮族瑶族自治县,吉田镇,2025-08-10,27.8,33.9,23.4,.0,7.6
2048,59074,连山,清远,连山壮族瑶族自治县,吉田镇,2025-08-11,27.8,34.4,23.8,.0,8.2
2049,59074,连山,清远,连山壮族瑶族自治县,吉田镇,2025-08-12,26.9,32.8,24.2,.5,3.3
2050,59074,连山,清远,连山壮族瑶族自治县,吉田镇,2025-08-13,27.5,32.8,25.2,3.2,5.8
2051,59074,连山,清远,连山壮族瑶族自治县,吉田镇,2025-08-14,25.6,29.2,24.7,17.0,1.8
2052,59074,连山,清远,连山壮族瑶族自治县,吉田镇,2025-08-15,25.5,32.0,22.8,20.1,2.2
2053,59074,连山,清远,连山壮族瑶族自治县,吉田镇,2025-08-16,26.9,34.6,22.9,.0,7.9
2054,59074,连山,清远,连山壮族瑶族自治县,吉田镇,2025-08-17,26.7,33.8,22.7,3.8,5.2
2055,59074,连山,清远,连山壮族瑶族自治县,吉田镇,2025-08-18,25.4,28.4,23.8,5.9,.4
2056,59074,连山,清远,连山壮族瑶族自治县,吉田镇,2025-08-19,25.8,29.5,23.7,16.2,2.3
2057,59074,连山,清远,连山壮族瑶族自治县,吉田镇,2025-08-20,25.8,30.3,22.9,18.4,3.9
2058,59074,连山,清远,连山壮族瑶族自治县,吉田镇,2025-08-21,25.5,30.1,22.8,5.8,.1
2059,59074,连山,清远,连山壮族瑶族自治县,吉田镇,2025-08-22,25.9,33.4,22.4,.2,8.0
2060,59074,连山,清远,连山壮族瑶族自治县,吉田镇,2025-08-23,27.4,34.8,22.5,1.5,8.6
2061,59074,连山,清远,连山壮族瑶族自治县,吉田镇,2025-08-24,27.8,34.5,23.8,.0,7.2
2062,59074,连山,清远,连山壮族瑶族自治县,吉田镇,2025-08-25,26.1,34.0,21.8,.0,6.8
2063,59074,连山,清远,连山壮族瑶族自治县,吉田镇,2025-08-26,25.6,33.5,21.5,.0,6.9
2064,59074,连山,清远,连山壮族瑶族自治县,吉田镇,2025-08-27,25.6,34.3,22.9,.0,5.0
2065,59074,连山,清远,连山壮族瑶族自治县,吉田镇,2025-08-28,23.9,29.1,21.6,5.2,3.3
2066,59074,连山,清远,连山壮族瑶族自治县,吉田镇,2025-08-29,27.0,35.4,22.8,.4,9.2
2067,59074,连山,清远,连山壮族瑶族自治县,吉田镇,2025-08-30,26.9,34.2,23.9,3.3,7.5
2068,59074,连山,清远,连山壮族瑶族自治县,吉田镇,2025-08-31,27.1,34.3,23.1,.0,9.3
2069,59074,连山,清远,连山壮族瑶族自治县,吉田镇,2025-09-01,27.5,35.1,23.6,.0,7.8
2070,59074,连山,清远,连山壮族瑶族自治县,吉田镇,2025-09-02,27.7,35.0,23.2,.0,9.0
2071,59074,连山,清远,连山壮族瑶族自治县,吉田镇,2025-09-03,27.1,34.5,22.0,.0,10.3
2072,59074,连山,清远,连山壮族瑶族自治县,吉田镇,2025-09-04,27.6,34.7,23.0,.0,8.0
2073,59074,连山,清远,连山壮族瑶族自治县,吉田镇,2025-09-05,28.1,35.6,24.0,.0,7.9
2074,59074,连山,清远,连山壮族瑶族自治县,吉田镇,2025-09-06,26.8,35.0,23.5,15.6,7.7
2075,59074,连山,清远,连山壮族瑶族自治县,吉田镇,2025-09-07,26.6,35.0,23.3,.2,5.2
2076,59074,连山,清远,连山壮族瑶族自治县,吉田镇,2025-09-08,24.6,26.0,24.0,8.0,.0
2077,59074,连山,清远,连山壮族瑶族自治县,吉田镇,2025-09-09,24.7,28.2,23.0,11.1,.0
2078,59074,连山,清远,连山壮族瑶族自治县,吉田镇,2025-09-10,24.9,31.9,21.9,3.1,4.1
2079,59074,连山,清远,连山壮族瑶族自治县,吉田镇,2025-09-11,26.3,32.0,23.5,4.6,2.9
2080,59074,连山,清远,连山壮族瑶族自治县,吉田镇,2025-09-12,26.6,32.8,23.6,.2,6.6
2081,59074,连山,清远,连山壮族瑶族自治县,吉田镇,2025-09-13,26.3,33.4,22.6,.0,7.7
2082,59074,连山,清远,连山壮族瑶族自治县,吉田镇,2025-09-14,25.6,32.7,21.8,.0,5.7
2083,59074,连山,清远,连山壮族瑶族自治县,吉田镇,2025-09-15,27.1,35.0,22.9,.0,9.0
2084,59074,连山,清远,连山壮族瑶族自治县,吉田镇,2025-09-16,26.6,33.0,22.7,.0,5.8
2085,59074,连山,清远,连山壮族瑶族自治县,吉田镇,2025-09-17,26.2,33.8,22.4,2.7,7.3
2086,59074,连山,清远,连山壮族瑶族自治县,吉田镇,2025-09-18,26.7,35.5,22.5,.0,7.9
2087,59074,连山,清远,连山壮族瑶族自治县,吉田镇,2025-09-19,25.5,32.7,22.7,3.0,4.6
2088,59074,连山,清远,连山壮族瑶族自治县,吉田镇,2025-09-20,24.6,28.0,23.2,.0,.4
2089,59074,连山,清远,连山壮族瑶族自治县,吉田镇,2025-09-21,21.3,23.9,19.9,6.7,.0
2090,59074,连山,清远,连山壮族瑶族自治县,吉田镇,2025-09-22,25.2,31.9,20.8,.0,9.0
2091,59074,连山,清远,连山壮族瑶族自治县,吉田镇,2025-09-23,24.5,29.8,20.7,.0,2.8
2092,59074,连山,清远,连山壮族瑶族自治县,吉田镇,2025-09-24,22.9,25.1,20.9,4.9,.0
2093,59074,连山,清远,连山壮族瑶族自治县,吉田镇,2025-09-25,23.2,27.0,21.0,17.9,1.2
2094,59074,连山,清远,连山壮族瑶族自治县,吉田镇,2025-09-26,25.6,32.2,22.4,2.6,5.6
2095,59074,连山,清远,连山壮族瑶族自治县,吉田镇,2025-09-27,25.7,33.2,21.6,.0,6.3
2096,59074,连山,清远,连山壮族瑶族自治县,吉田镇,2025-09-28,25.1,30.4,22.3,.3,2.3
2097,59074,连山,清远,连山壮族瑶族自治县,吉田镇,2025-09-29,25.6,31.0,22.4,.0,2.6
2098,59074,连山,清远,连山壮族瑶族自治县,吉田镇,2025-09-30,26.3,34.7,22.0,.0,7.7
2099,59074,连山,清远,连山壮族瑶族自治县,吉田镇,2025-10-01,26.6,34.1,22.8,.0,6.6
2100,59074,连山,清远,连山壮族瑶族自治县,吉田镇,2025-10-02,26.3,32.7,23.0,.0,7.4
2101,59074,连山,清远,连山壮族瑶族自治县,吉田镇,2025-10-03,25.7,33.4,21.3,.0,8.4
2102,59074,连山,清远,连山壮族瑶族自治县,吉田镇,2025-10-04,26.2,34.6,21.9,.0,7.7
2103,59074,连山,清远,连山壮族瑶族自治县,吉田镇,2025-10-05,24.7,31.1,22.4,.0,1.9
2104,59074,连山,清远,连山壮族瑶族自治县,吉田镇,2025-10-06,24.4,30.7,20.7,5.5,3.9
2105,59074,连山,清远,连山壮族瑶族自治县,吉田镇,2025-10-07,26.1,35.3,22.1,.0,6.9
2106,59074,连山,清远,连山壮族瑶族自治县,吉田镇,2025-10-08,27.0,35.6,22.9,.0,8.7
2107,59074,连山,清远,连山壮族瑶族自治县,吉田镇,2025-10-09,26.7,34.5,21.9,.0,9.9
2108,59074,连山,清远,连山壮族瑶族自治县,吉田镇,2025-10-10,25.7,34.4,21.7,.0,6.3
2109,59074,连山,清远,连山壮族瑶族自治县,吉田镇,2025-10-11,25.6,33.6,22.0,.0,6.5
2110,59074,连山,清远,连山壮族瑶族自治县,吉田镇,2025-10-12,25.8,33.2,21.4,.0,7.9
2111,59074,连山,清远,连山壮族瑶族自治县,吉田镇,2025-10-13,25.0,31.2,22.8,13.8,3.0
2112,59074,连山,清远,连山壮族瑶族自治县,吉田镇,2025-10-14,25.4,32.4,22.3,.0,5.2
2113,59074,连山,清远,连山壮族瑶族自治县,吉田镇,2025-10-15,25.4,31.9,22.0,3.2,7.0
2114,59074,连山,清远,连山壮族瑶族自治县,吉田镇,2025-10-16,25.7,33.4,21.8,.0,6.1
2115,59074,连山,清远,连山壮族瑶族自治县,吉田镇,2025-10-17,25.5,32.8,22.5,12.4,6.1
2116,59074,连山,清远,连山壮族瑶族自治县,吉田镇,2025-10-18,25.5,32.0,22.6,.1,6.9
2117,59074,连山,清远,连山壮族瑶族自治县,吉田镇,2025-10-19,21.7,25.6,20.2,.0,4.5
2118,59074,连山,清远,连山壮族瑶族自治县,吉田镇,2025-10-20,18.5,20.9,17.4,.0,.1
2119,59074,连山,清远,连山壮族瑶族自治县,吉田镇,2025-10-21,16.0,18.6,14.8,.0,.0
2120,59074,连山,清远,连山壮族瑶族自治县,吉田镇,2025-10-22,14.6,16.6,13.5,.0,.0
2121,59074,连山,清远,连山壮族瑶族自治县,吉田镇,2025-10-23,16.1,20.1,13.4,.0,4.3
2122,59074,连山,清远,连山壮族瑶族自治县,吉田镇,2025-10-24,18.6,24.0,15.7,.0,2.5
2123,59074,连山,清远,连山壮族瑶族自治县,吉田镇,2025-10-25,20.0,26.7,15.6,.0,8.4
2124,59074,连山,清远,连山壮族瑶族自治县,吉田镇,2025-10-26,18.9,24.1,17.0,.0,7.3
2125,59074,连山,清远,连山壮族瑶族自治县,吉田镇,2025-10-27,18.1,24.7,14.0,.0,7.5
2126,59074,连山,清远,连山壮族瑶族自治县,吉田镇,2025-10-28,16.1,22.8,12.0,.0,6.2
2127,59074,连山,清远,连山壮族瑶族自治县,吉田镇,2025-10-29,18.5,24.3,14.0,.0,1.3
2128,59074,连山,清远,连山壮族瑶族自治县,吉田镇,2025-10-30,20.4,23.8,18.3,1.5,.0
2129,59074,连山,清远,连山壮族瑶族自治县,吉田镇,2025-10-31,19.8,22.7,18.3,2.3,.2
2130,59074,连山,清远,连山壮族瑶族自治县,吉田镇,2025-11-01,19.0,23.8,16.3,.2,1.2
2131,59074,连山,清远,连山壮族瑶族自治县,吉田镇,2025-11-02,18.5,21.1,16.7,.3,.0
2132,59074,连山,清远,连山壮族瑶族自治县,吉田镇,2025-11-03,15.3,18.4,14.3,.8,.0
2133,59074,连山,清远,连山壮族瑶族自治县,吉田镇,2025-11-04,14.8,16.9,13.5,16.9,.0
2134,59074,连山,清远,连山壮族瑶族自治县,吉田镇,2025-11-05,17.9,24.2,14.7,.7,5.6
2135,59074,连山,清远,连山壮族瑶族自治县,吉田镇,2025-11-06,19.4,24.1,17.1,.0,.5
2136,59074,连山,清远,连山壮族瑶族自治县,吉田镇,2025-11-07,19.9,22.1,16.9,1.6,.0
2137,59074,连山,清远,连山壮族瑶族自治县,吉田镇,2025-11-08,21.3,23.4,20.5,21.4,.0
2138,59074,连山,清远,连山壮族瑶族自治县,吉田镇,2025-11-09,19.1,23.9,17.3,.1,2.3
2139,59074,连山,清远,连山壮族瑶族自治县,吉田镇,2025-11-10,18.2,22.6,16.2,.0,4.7
2140,59074,连山,清远,连山壮族瑶族自治县,吉田镇,2025-11-11,16.9,20.7,15.6,.0,1.3
2141,59074,连山,清远,连山壮族瑶族自治县,吉田镇,2025-11-12,16.8,19.8,14.5,.0,.4
2142,59074,连山,清远,连山壮族瑶族自治县,吉田镇,2025-11-13,16.7,19.1,14.4,.0,.2
2143,59074,连山,清远,连山壮族瑶族自治县,吉田镇,2025-11-14,18.6,25.1,14.8,.0,5.8
2144,59074,连山,清远,连山壮族瑶族自治县,吉田镇,2025-11-15,19.0,28.0,14.2,.0,8.0
2145,59074,连山,清远,连山壮族瑶族自治县,吉田镇,2025-11-16,18.8,28.9,13.0,.0,9.0
2146,59074,连山,清远,连山壮族瑶族自治县,吉田镇,2025-11-17,19.0,24.8,16.6,.0,.2
2147,59074,连山,清远,连山壮族瑶族自治县,吉田镇,2025-11-18,9.0,17.9,7.0,2.7,.0
2148,59074,连山,清远,连山壮族瑶族自治县,吉田镇,2025-11-19,9.3,15.3,6.5,.0,3.9
2149,59074,连山,清远,连山壮族瑶族自治县,吉田镇,2025-11-20,11.3,19.3,6.3,.0,7.3
2150,59074,连山,清远,连山壮族瑶族自治县,吉田镇,2025-11-21,11.7,21.1,6.7,.0,9.0
2151,59074,连山,清远,连山壮族瑶族自治县,吉田镇,2025-11-22,13.2,22.6,8.1,.0,7.1
2152,59074,连山,清远,连山壮族瑶族自治县,吉田镇,2025-11-23,13.9,23.3,8.6,.0,3.9
2153,59074,连山,清远,连山壮族瑶族自治县,吉田镇,2025-11-24,15.4,25.8,8.6,.0,8.9
2154,59074,连山,清远,连山壮族瑶族自治县,吉田镇,2025-11-25,12.7,20.9,7.3,.0,9.0
2155,59074,连山,清远,连山壮族瑶族自治县,吉田镇,2025-11-26,9.7,22.1,2.4,.0,9.2
2156,59074,连山,清远,连山壮族瑶族自治县,吉田镇,2025-11-27,10.2,22.0,2.9,.0,9.1
2157,59074,连山,清远,连山壮族瑶族自治县,吉田镇,2025-11-28,9.7,23.5,1.6,.0,9.2
2158,59074,连山,清远,连山壮族瑶族自治县,吉田镇,2025-11-29,9.9,24.6,1.6,.0,9.2
2159,59074,连山,清远,连山壮族瑶族自治县,吉田镇,2025-11-30,13.4,23.3,6.2,.0,1.9
2160,59074,连山,清远,连山壮族瑶族自治县,吉田镇,2025-12-01,18.7,24.2,15.1,1.9,2.8
2161,59074,连山,清远,连山壮族瑶族自治县,吉田镇,2025-12-02,18.5,22.2,16.8,.0,.6
2162,59074,连山,清远,连山壮族瑶族自治县,吉田镇,2025-12-03,14.9,18.5,13.1,.0,6.2
2163,59074,连山,清远,连山壮族瑶族自治县,吉田镇,2025-12-04,14.1,20.2,9.1,.0,2.6
2164,59074,连山,清远,连山壮族瑶族自治县,吉田镇,2025-12-05,14.8,19.0,13.1,.0,1.5
2165,59074,连山,清远,连山壮族瑶族自治县,吉田镇,2025-12-06,14.1,22.8,9.9,.0,5.7
2166,59074,连山,清远,连山壮族瑶族自治县,吉田镇,2025-12-07,16.7,24.3,11.6,.0,6.8
2167,59074,连山,清远,连山壮族瑶族自治县,吉田镇,2025-12-08,16.7,23.2,14.0,.0,9.0
2168,59074,连山,清远,连山壮族瑶族自治县,吉田镇,2025-12-09,13.8,24.0,7.9,.0,8.8
2169,59074,连山,清远,连山壮族瑶族自治县,吉田镇,2025-12-10,14.6,22.3,9.5,.0,.6
2170,59074,连山,清远,连山壮族瑶族自治县,吉田镇,2025-12-11,17.5,26.1,13.0,.0,7.5
2171,59074,连山,清远,连山壮族瑶族自治县,吉田镇,2025-12-12,16.3,17.9,15.5,13.7,.0
2172,59074,连山,清远,连山壮族瑶族自治县,吉田镇,2025-12-13,11.2,16.2,7.4,15.3,.0
2173,59074,连山,清远,连山壮族瑶族自治县,吉田镇,2025-12-14,8.6,17.0,3.3,.0,9.0
2174,59074,连山,清远,连山壮族瑶族自治县,吉田镇,2025-12-15,10.0,21.0,2.6,.0,7.9
2175,59074,连山,清远,连山壮族瑶族自治县,吉田镇,2025-12-16,13.2,24.1,6.3,.0,5.5
2176,59074,连山,清远,连山壮族瑶族自治县,吉田镇,2025-12-17,15.4,23.4,10.8,.0,6.2
2177,59074,连山,清远,连山壮族瑶族自治县,吉田镇,2025-12-18,13.9,23.6,8.1,.0,8.2
2178,59074,连山,清远,连山壮族瑶族自治县,吉田镇,2025-12-19,15.5,25.3,9.9,.0,7.0
2179,59074,连山,清远,连山壮族瑶族自治县,吉田镇,2025-12-20,16.7,26.1,11.2,.0,7.4
2180,59074,连山,清远,连山壮族瑶族自治县,吉田镇,2025-12-21,15.0,21.1,12.7,.0,8.0
2181,59074,连山,清远,连山壮族瑶族自治县,吉田镇,2025-12-22,12.5,16.6,9.7,.0,.0
2182,59074,连山,清远,连山壮族瑶族自治县,吉田镇,2025-12-23,16.0,23.3,10.8,.0,2.9
2183,59074,连山,清远,连山壮族瑶族自治县,吉田镇,2025-12-24,12.5,18.5,9.4,7.3,.0
2184,59074,连山,清远,连山壮族瑶族自治县,吉田镇,2025-12-25,8.2,10.1,7.0,4.4,.0
2185,59074,连山,清远,连山壮族瑶族自治县,吉田镇,2025-12-26,6.9,15.7,1.7,.0,9.0
2186,59074,连山,清远,连山壮族瑶族自治县,吉田镇,2025-12-27,10.0,18.9,5.6,.0,8.9
2187,59074,连山,清远,连山壮族瑶族自治县,吉田镇,2025-12-28,9.6,18.5,5.4,.0,3.1
2188,59074,连山,清远,连山壮族瑶族自治县,吉田镇,2025-12-29,10.9,16.5,6.4,.0,.0
2189,59074,连山,清远,连山壮族瑶族自治县,吉田镇,2025-12-30,14.5,22.6,10.5,.0,6.7
2190,59074,连山,清远,连山壮族瑶族自治县,吉田镇,2025-12-31,13.8,21.8,9.3,.0,4.6
2191,59075,阳山,清远,阳山县,七拱镇,2025-01-01,12.0,22.1,4.9,.0,9.2
2192,59075,阳山,清远,阳山县,七拱镇,2025-01-02,14.3,23.9,6.3,.0,9.2
2193,59075,阳山,清远,阳山县,七拱镇,2025-01-03,14.2,19.8,11.2,.0,8.7
2194,59075,阳山,清远,阳山县,七拱镇,2025-01-04,11.3,21.6,4.1,.0,9.3
2195,59075,阳山,清远,阳山县,七拱镇,2025-01-05,13.0,19.7,7.7,.0,8.4
2196,59075,阳山,清远,阳山县,七拱镇,2025-01-06,11.0,20.1,4.1,.0,8.9
2197,59075,阳山,清远,阳山县,七拱镇,2025-01-07,11.4,20.4,4.2,.0,8.7
2198,59075,阳山,清远,阳山县,七拱镇,2025-01-08,12.3,19.4,5.4,.0,8.5
2199,59075,阳山,清远,阳山县,七拱镇,2025-01-09,10.7,15.5,7.9,.0,6.4
2200,59075,阳山,清远,阳山县,七拱镇,2025-01-10,8.8,13.7,5.3,.0,9.5
2201,59075,阳山,清远,阳山县,七拱镇,2025-01-11,10.0,14.2,7.9,.0,7.0
2202,59075,阳山,清远,阳山县,七拱镇,2025-01-12,8.8,20.7,.4,.0,9.9
2203,59075,阳山,清远,阳山县,七拱镇,2025-01-13,9.4,22.3,.7,.0,10.0
2204,59075,阳山,清远,阳山县,七拱镇,2025-01-14,14.0,23.4,6.7,.0,2.9
2205,59075,阳山,清远,阳山县,七拱镇,2025-01-15,14.5,19.1,11.9,.0,4.8
2206,59075,阳山,清远,阳山县,七拱镇,2025-01-16,12.3,17.5,8.1,.0,9.3
2207,59075,阳山,清远,阳山县,七拱镇,2025-01-17,10.1,19.8,3.1,.0,9.8
2208,59075,阳山,清远,阳山县,七拱镇,2025-01-18,11.0,22.3,2.9,.0,9.7
2209,59075,阳山,清远,阳山县,七拱镇,2025-01-19,12.1,21.9,4.4,.0,9.5
2210,59075,阳山,清远,阳山县,七拱镇,2025-01-20,13.0,23.4,5.4,.0,9.3
2211,59075,阳山,清远,阳山县,七拱镇,2025-01-21,13.8,24.5,5.8,.0,9.3
2212,59075,阳山,清远,阳山县,七拱镇,2025-01-22,16.9,25.2,11.7,.0,2.2
2213,59075,阳山,清远,阳山县,七拱镇,2025-01-23,18.4,24.4,13.3,.0,1.8
2214,59075,阳山,清远,阳山县,七拱镇,2025-01-24,19.0,23.7,15.8,.0,.8
2215,59075,阳山,清远,阳山县,七拱镇,2025-01-25,17.9,23.3,15.4,.0,1.4
2216,59075,阳山,清远,阳山县,七拱镇,2025-01-26,7.9,15.3,7.0,5.0,.0
2217,59075,阳山,清远,阳山县,七拱镇,2025-01-27,9.4,15.3,3.6,.0,10.1
2218,59075,阳山,清远,阳山县,七拱镇,2025-01-28,11.6,19.1,8.3,.0,7.9
2219,59075,阳山,清远,阳山县,七拱镇,2025-01-29,10.3,19.1,7.0,.0,3.4
2220,59075,阳山,清远,阳山县,七拱镇,2025-01-30,12.3,20.4,6.5,.0,1.3
2221,59075,阳山,清远,阳山县,七拱镇,2025-01-31,16.5,21.8,12.1,.3,.7
2222,59075,阳山,清远,阳山县,七拱镇,2025-02-01,16.2,20.2,14.4,.0,.3
2223,59075,阳山,清远,阳山县,七拱镇,2025-02-02,9.6,14.4,8.2,3.0,.0
2224,59075,阳山,清远,阳山县,七拱镇,2025-02-03,8.0,9.3,6.6,.7,.0
2225,59075,阳山,清远,阳山县,七拱镇,2025-02-04,10.4,18.2,5.3,.0,10.1
2226,59075,阳山,清远,阳山县,七拱镇,2025-02-05,7.5,11.1,3.2,.0,.0
2227,59075,阳山,清远,阳山县,七拱镇,2025-02-06,10.4,13.1,8.8,.0,.0
2228,59075,阳山,清远,阳山县,七拱镇,2025-02-07,8.0,10.4,7.2,.2,.0
2229,59075,阳山,清远,阳山县,七拱镇,2025-02-08,8.3,10.4,6.1,.0,.0
2230,59075,阳山,清远,阳山县,七拱镇,2025-02-09,8.7,17.0,3.0,.0,9.8
2231,59075,阳山,清远,阳山县,七拱镇,2025-02-10,12.2,18.2,9.5,.0,1.0
2232,59075,阳山,清远,阳山县,七拱镇,2025-02-11,12.6,21.0,5.3,.0,.4
2233,59075,阳山,清远,阳山县,七拱镇,2025-02-12,16.2,25.9,12.0,.0,7.0
2234,59075,阳山,清远,阳山县,七拱镇,2025-02-13,12.7,17.5,9.2,.0,.0
2235,59075,阳山,清远,阳山县,七拱镇,2025-02-14,18.2,27.4,11.3,.0,7.1
2236,59075,阳山,清远,阳山县,七拱镇,2025-02-15,16.9,21.7,13.1,.2,.0
2237,59075,阳山,清远,阳山县,七拱镇,2025-02-16,13.2,14.8,12.3,.0,.0
2238,59075,阳山,清远,阳山县,七拱镇,2025-02-17,13.3,18.7,11.3,.0,.5
2239,59075,阳山,清远,阳山县,七拱镇,2025-02-18,11.4,12.7,9.6,.0,.0
2240,59075,阳山,清远,阳山县,七拱镇,2025-02-19,13.8,18.3,11.3,.0,.0
2241,59075,阳山,清远,阳山县,七拱镇,2025-02-20,14.4,19.7,12.2,.0,.1
2242,59075,阳山,清远,阳山县,七拱镇,2025-02-21,11.0,13.2,9.7,1.8,.0
2243,59075,阳山,清远,阳山县,七拱镇,2025-02-22,11.2,12.8,10.4,.0,.0
2244,59075,阳山,清远,阳山县,七拱镇,2025-02-23,9.6,11.5,8.5,.2,.0
2245,59075,阳山,清远,阳山县,七拱镇,2025-02-24,11.5,17.8,7.4,.0,9.6
2246,59075,阳山,清远,阳山县,七拱镇,2025-02-25,10.6,13.8,8.8,1.3,.0
2247,59075,阳山,清远,阳山县,七拱镇,2025-02-26,13.4,18.7,9.9,1.0,.4
2248,59075,阳山,清远,阳山县,七拱镇,2025-02-27,16.1,20.0,13.2,4.3,.9
2249,59075,阳山,清远,阳山县,七拱镇,2025-02-28,19.3,24.3,15.2,.0,2.0
2250,59075,阳山,清远,阳山县,七拱镇,2025-03-01,22.1,28.8,17.8,.0,1.6
2251,59075,阳山,清远,阳山县,七拱镇,2025-03-02,24.1,31.1,19.5,.0,6.2
2252,59075,阳山,清远,阳山县,七拱镇,2025-03-03,21.2,26.9,18.3,16.5,2.6
2253,59075,阳山,清远,阳山县,七拱镇,2025-03-04,10.4,22.7,8.4,24.6,.0
2254,59075,阳山,清远,阳山县,七拱镇,2025-03-05,6.9,8.3,6.4,17.4,.0
2255,59075,阳山,清远,阳山县,七拱镇,2025-03-06,8.7,11.0,7.0,.0,.0
2256,59075,阳山,清远,阳山县,七拱镇,2025-03-07,8.9,10.9,7.2,7.0,.0
2257,59075,阳山,清远,阳山县,七拱镇,2025-03-08,11.6,16.0,8.1,.8,.5
2258,59075,阳山,清远,阳山县,七拱镇,2025-03-09,15.2,19.5,12.1,.0,.1
2259,59075,阳山,清远,阳山县,七拱镇,2025-03-10,18.6,26.6,13.1,.0,1.1
2260,59075,阳山,清远,阳山县,七拱镇,2025-03-11,21.6,28.6,17.7,.0,1.5
2261,59075,阳山,清远,阳山县,七拱镇,2025-03-12,24.1,29.5,19.3,.0,3.0
2262,59075,阳山,清远,阳山县,七拱镇,2025-03-13,23.8,30.5,20.7,.0,1.9
2263,59075,阳山,清远,阳山县,七拱镇,2025-03-14,20.3,23.4,18.6,5.1,.0
2264,59075,阳山,清远,阳山县,七拱镇,2025-03-15,14.2,20.5,11.7,53.7,.0
2265,59075,阳山,清远,阳山县,七拱镇,2025-03-16,12.4,16.0,9.3,.6,.3
2266,59075,阳山,清远,阳山县,七拱镇,2025-03-17,13.3,17.0,10.6,.0,2.6
2267,59075,阳山,清远,阳山县,七拱镇,2025-03-18,14.1,21.3,9.3,.8,8.8
2268,59075,阳山,清远,阳山县,七拱镇,2025-03-19,14.4,23.6,7.2,.0,9.4
2269,59075,阳山,清远,阳山县,七拱镇,2025-03-20,15.4,25.6,7.6,.0,11.1
2270,59075,阳山,清远,阳山县,七拱镇,2025-03-21,17.0,28.3,8.1,.0,10.8
2271,59075,阳山,清远,阳山县,七拱镇,2025-03-22,19.0,28.9,10.3,.0,10.6
2272,59075,阳山,清远,阳山县,七拱镇,2025-03-23,20.6,29.9,12.2,.0,9.8
2273,59075,阳山,清远,阳山县,七拱镇,2025-03-24,22.3,32.3,14.0,.0,10.4
2274,59075,阳山,清远,阳山县,七拱镇,2025-03-25,23.2,32.1,15.8,.0,10.4
2275,59075,阳山,清远,阳山县,七拱镇,2025-03-26,24.7,32.3,18.8,.0,9.7
2276,59075,阳山,清远,阳山县,七拱镇,2025-03-27,24.4,29.7,20.7,.0,2.7
2277,59075,阳山,清远,阳山县,七拱镇,2025-03-28,16.5,26.0,10.9,4.3,.0
2278,59075,阳山,清远,阳山县,七拱镇,2025-03-29,8.7,11.1,7.4,10.4,.0
2279,59075,阳山,清远,阳山县,七拱镇,2025-03-30,7.7,8.8,6.8,.5,.0
2280,59075,阳山,清远,阳山县,七拱镇,2025-03-31,8.4,9.7,6.8,.4,.0
2281,59075,阳山,清远,阳山县,七拱镇,2025-04-01,13.4,20.3,9.2,.0,10.1
2282,59075,阳山,清远,阳山县,七拱镇,2025-04-02,15.5,25.6,7.9,.0,10.3
2283,59075,阳山,清远,阳山县,七拱镇,2025-04-03,17.8,27.9,9.5,.0,9.9
2284,59075,阳山,清远,阳山县,七拱镇,2025-04-04,16.6,22.5,11.9,.0,.0
2285,59075,阳山,清远,阳山县,七拱镇,2025-04-05,18.1,21.4,15.9,.0,.0
2286,59075,阳山,清远,阳山县,七拱镇,2025-04-06,18.8,25.1,14.2,.0,2.0
2287,59075,阳山,清远,阳山县,七拱镇,2025-04-07,20.5,27.2,15.3,.0,1.5
2288,59075,阳山,清远,阳山县,七拱镇,2025-04-08,21.1,25.5,18.4,.0,.3
2289,59075,阳山,清远,阳山县,七拱镇,2025-04-09,21.5,25.3,18.7,.0,.0
2290,59075,阳山,清远,阳山县,七拱镇,2025-04-10,25.0,32.2,19.7,.1,5.6
2291,59075,阳山,清远,阳山县,七拱镇,2025-04-11,25.3,28.8,21.1,.0,.1
2292,59075,阳山,清远,阳山县,七拱镇,2025-04-12,22.5,27.3,18.3,5.5,.0
2293,59075,阳山,清远,阳山县,七拱镇,2025-04-13,18.8,23.3,15.6,.0,1.2
2294,59075,阳山,清远,阳山县,七拱镇,2025-04-14,20.4,33.0,10.7,.0,10.6
2295,59075,阳山,清远,阳山县,七拱镇,2025-04-15,23.2,33.8,14.1,.0,10.3
2296,59075,阳山,清远,阳山县,七拱镇,2025-04-16,23.7,32.5,14.4,.0,11.0
2297,59075,阳山,清远,阳山县,七拱镇,2025-04-17,23.7,27.6,18.8,.0,1.5
2298,59075,阳山,清远,阳山县,七拱镇,2025-04-18,23.1,26.3,20.4,.0,.0
2299,59075,阳山,清远,阳山县,七拱镇,2025-04-19,24.4,28.3,22.6,15.2,1.3
2300,59075,阳山,清远,阳山县,七拱镇,2025-04-20,25.0,29.3,23.3,17.4,.8
2301,59075,阳山,清远,阳山县,七拱镇,2025-04-21,26.8,32.8,22.4,2.1,4.6
2302,59075,阳山,清远,阳山县,七拱镇,2025-04-22,25.9,32.1,23.4,18.8,5.3
2303,59075,阳山,清远,阳山县,七拱镇,2025-04-23,22.3,24.5,21.1,36.0,.0
2304,59075,阳山,清远,阳山县,七拱镇,2025-04-24,21.5,23.2,20.2,60.3,.0
2305,59075,阳山,清远,阳山县,七拱镇,2025-04-25,19.9,22.8,18.2,11.7,.0
2306,59075,阳山,清远,阳山县,七拱镇,2025-04-26,19.4,22.3,17.6,.2,.0
2307,59075,阳山,清远,阳山县,七拱镇,2025-04-27,20.7,22.1,19.4,28.1,.0
2308,59075,阳山,清远,阳山县,七拱镇,2025-04-28,24.9,29.2,21.3,.0,9.3
2309,59075,阳山,清远,阳山县,七拱镇,2025-04-29,24.0,32.1,17.4,.0,11.1
2310,59075,阳山,清远,阳山县,七拱镇,2025-04-30,23.9,30.8,19.7,4.5,2.9
2311,59075,阳山,清远,阳山县,七拱镇,2025-05-01,25.7,31.5,22.2,10.4,5.6
2312,59075,阳山,清远,阳山县,七拱镇,2025-05-02,25.2,33.1,18.5,.0,10.4
2313,59075,阳山,清远,阳山县,七拱镇,2025-05-03,25.5,28.6,23.2,.0,1.8
2314,59075,阳山,清远,阳山县,七拱镇,2025-05-04,23.0,26.0,21.2,74.4,1.0
2315,59075,阳山,清远,阳山县,七拱镇,2025-05-05,25.5,32.6,22.6,1.2,3.6
2316,59075,阳山,清远,阳山县,七拱镇,2025-05-06,24.4,27.8,22.8,10.0,1.2
2317,59075,阳山,清远,阳山县,七拱镇,2025-05-07,24.2,27.8,22.7,4.4,.2
2318,59075,阳山,清远,阳山县,七拱镇,2025-05-08,25.0,26.7,24.0,20.6,.0
2319,59075,阳山,清远,阳山县,七拱镇,2025-05-09,24.7,28.7,20.7,31.2,1.1
2320,59075,阳山,清远,阳山县,七拱镇,2025-05-10,24.3,29.5,21.4,.0,2.8
2321,59075,阳山,清远,阳山县,七拱镇,2025-05-11,20.4,28.1,14.9,2.6,10.1
2322,59075,阳山,清远,阳山县,七拱镇,2025-05-12,20.8,30.4,12.4,.0,12.2
2323,59075,阳山,清远,阳山县,七拱镇,2025-05-13,22.5,31.3,14.3,.0,11.9
2324,59075,阳山,清远,阳山县,七拱镇,2025-05-14,24.5,30.9,18.7,.0,4.2
2325,59075,阳山,清远,阳山县,七拱镇,2025-05-15,26.4,31.7,23.0,.0,1.3
2326,59075,阳山,清远,阳山县,七拱镇,2025-05-16,24.9,27.7,23.9,24.3,.0
2327,59075,阳山,清远,阳山县,七拱镇,2025-05-17,24.8,26.3,23.8,37.9,.0
2328,59075,阳山,清远,阳山县,七拱镇,2025-05-18,24.2,26.0,23.5,46.1,.0
2329,59075,阳山,清远,阳山县,七拱镇,2025-05-19,24.7,28.2,23.2,10.2,.1
2330,59075,阳山,清远,阳山县,七拱镇,2025-05-20,24.7,26.8,23.6,23.8,.0
2331,59075,阳山,清远,阳山县,七拱镇,2025-05-21,27.3,31.9,24.3,15.1,1.2
2332,59075,阳山,清远,阳山县,七拱镇,2025-05-22,27.0,32.7,24.5,1.0,4.1
2333,59075,阳山,清远,阳山县,七拱镇,2025-05-23,24.8,28.8,22.7,49.4,.4
2334,59075,阳山,清远,阳山县,七拱镇,2025-05-24,21.2,23.7,19.7,5.1,.0
2335,59075,阳山,清远,阳山县,七拱镇,2025-05-25,20.9,24.9,18.9,7.4,.0
2336,59075,阳山,清远,阳山县,七拱镇,2025-05-26,20.7,25.6,18.0,.5,1.1
2337,59075,阳山,清远,阳山县,七拱镇,2025-05-27,21.9,28.2,17.4,.0,.5
2338,59075,阳山,清远,阳山县,七拱镇,2025-05-28,22.5,25.1,20.8,6.3,.0
2339,59075,阳山,清远,阳山县,七拱镇,2025-05-29,21.7,23.0,20.5,57.2,.0
2340,59075,阳山,清远,阳山县,七拱镇,2025-05-30,22.2,24.5,20.4,1.6,.0
2341,59075,阳山,清远,阳山县,七拱镇,2025-05-31,24.2,27.1,22.2,.3,.0
2342,59075,阳山,清远,阳山县,七拱镇,2025-06-01,24.9,27.1,23.8,.8,.0
2343,59075,阳山,清远,阳山县,七拱镇,2025-06-02,25.2,29.4,23.7,1.4,.0
2344,59075,阳山,清远,阳山县,七拱镇,2025-06-03,23.4,29.4,20.6,1.0,1.5
2345,59075,阳山,清远,阳山县,七拱镇,2025-06-04,26.4,32.0,20.6,.0,8.0
2346,59075,阳山,清远,阳山县,七拱镇,2025-06-05,27.3,32.5,22.6,.0,3.8
2347,59075,阳山,清远,阳山县,七拱镇,2025-06-06,28.1,33.4,24.7,.3,5.1
2348,59075,阳山,清远,阳山县,七拱镇,2025-06-07,29.4,35.2,25.0,2.0,9.7
2349,59075,阳山,清远,阳山县,七拱镇,2025-06-08,29.6,34.0,25.6,.0,6.6
2350,59075,阳山,清远,阳山县,七拱镇,2025-06-09,28.0,34.2,25.2,.2,4.3
2351,59075,阳山,清远,阳山县,七拱镇,2025-06-10,28.2,32.9,25.4,.0,4.5
2352,59075,阳山,清远,阳山县,七拱镇,2025-06-11,26.1,33.3,23.7,42.1,5.1
2353,59075,阳山,清远,阳山县,七拱镇,2025-06-12,26.5,31.2,23.1,33.5,3.8
2354,59075,阳山,清远,阳山县,七拱镇,2025-06-13,26.6,32.0,23.9,12.2,.7
2355,59075,阳山,清远,阳山县,七拱镇,2025-06-14,26.2,29.6,24.5,36.3,.6
2356,59075,阳山,清远,阳山县,七拱镇,2025-06-15,25.1,26.8,24.7,116.3,.4
2357,59075,阳山,清远,阳山县,七拱镇,2025-06-16,23.8,25.0,23.2,46.8,.0
2358,59075,阳山,清远,阳山县,七拱镇,2025-06-17,24.0,25.0,23.4,103.5,.0
2359,59075,阳山,清远,阳山县,七拱镇,2025-06-18,25.5,28.4,23.8,3.9,.0
2360,59075,阳山,清远,阳山县,七拱镇,2025-06-19,27.3,30.9,24.8,1.8,.2
2361,59075,阳山,清远,阳山县,七拱镇,2025-06-20,28.1,32.5,25.2,.9,5.0
2362,59075,阳山,清远,阳山县,七拱镇,2025-06-21,28.2,34.6,24.5,5.5,6.4
2363,59075,阳山,清远,阳山县,七拱镇,2025-06-22,28.3,34.5,24.6,.2,8.3
2364,59075,阳山,清远,阳山县,七拱镇,2025-06-23,29.4,34.8,24.7,.0,10.4
2365,59075,阳山,清远,阳山县,七拱镇,2025-06-24,28.5,33.9,25.4,.0,3.3
2366,59075,阳山,清远,阳山县,七拱镇,2025-06-25,29.4,35.2,24.6,.0,7.7
2367,59075,阳山,清远,阳山县,七拱镇,2025-06-26,27.4,31.4,24.7,7.1,.8
2368,59075,阳山,清远,阳山县,七拱镇,2025-06-27,26.9,33.3,24.7,19.4,2.6
2369,59075,阳山,清远,阳山县,七拱镇,2025-06-28,25.2,30.7,24.3,16.1,2.1
2370,59075,阳山,清远,阳山县,七拱镇,2025-06-29,26.5,30.7,24.7,5.4,2.1
2371,59075,阳山,清远,阳山县,七拱镇,2025-06-30,27.3,33.1,24.1,2.8,2.7
2372,59075,阳山,清远,阳山县,七拱镇,2025-07-01,26.8,32.8,24.4,7.7,2.3
2373,59075,阳山,清远,阳山县,七拱镇,2025-07-02,26.6,33.9,23.8,1.4,5.2
2374,59075,阳山,清远,阳山县,七拱镇,2025-07-03,28.0,36.6,22.9,.0,9.9
2375,59075,阳山,清远,阳山县,七拱镇,2025-07-04,29.7,36.9,24.7,.0,9.4
2376,59075,阳山,清远,阳山县,七拱镇,2025-07-05,30.1,37.3,25.6,.0,9.8
2377,59075,阳山,清远,阳山县,七拱镇,2025-07-06,29.7,37.3,25.3,.0,6.8
2378,59075,阳山,清远,阳山县,七拱镇,2025-07-07,29.2,36.7,25.0,.0,7.9
2379,59075,阳山,清远,阳山县,七拱镇,2025-07-08,29.7,36.1,24.2,.0,11.7
2380,59075,阳山,清远,阳山县,七拱镇,2025-07-09,28.7,36.3,24.3,1.2,8.2
2381,59075,阳山,清远,阳山县,七拱镇,2025-07-10,26.4,32.1,24.3,12.7,1.9
2382,59075,阳山,清远,阳山县,七拱镇,2025-07-11,26.1,28.3,25.0,5.7,.0
2383,59075,阳山,清远,阳山县,七拱镇,2025-07-12,27.3,34.6,24.7,5.4,7.4
2384,59075,阳山,清远,阳山县,七拱镇,2025-07-13,27.2,32.2,25.4,31.5,1.6
2385,59075,阳山,清远,阳山县,七拱镇,2025-07-14,29.1,34.8,25.6,1.0,4.2
2386,59075,阳山,清远,阳山县,七拱镇,2025-07-15,29.8,35.2,26.1,.4,9.6
2387,59075,阳山,清远,阳山县,七拱镇,2025-07-16,30.4,36.2,26.2,.0,8.8
2388,59075,阳山,清远,阳山县,七拱镇,2025-07-17,30.6,36.2,25.8,.0,10.6
2389,59075,阳山,清远,阳山县,七拱镇,2025-07-18,28.5,36.5,25.7,24.8,4.8
2390,59075,阳山,清远,阳山县,七拱镇,2025-07-19,28.6,35.8,25.0,5.1,5.8
2391,59075,阳山,清远,阳山县,七拱镇,2025-07-20,28.8,33.5,26.5,.0,1.1
2392,59075,阳山,清远,阳山县,七拱镇,2025-07-21,27.4,31.0,25.6,33.2,.2
2393,59075,阳山,清远,阳山县,七拱镇,2025-07-22,25.6,27.0,25.0,59.1,.0
2394,59075,阳山,清远,阳山县,七拱镇,2025-07-23,26.7,31.3,24.9,9.6,1.1
2395,59075,阳山,清远,阳山县,七拱镇,2025-07-24,28.5,35.4,24.2,1.0,9.2
2396,59075,阳山,清远,阳山县,七拱镇,2025-07-25,27.5,36.3,23.4,18.4,10.5
2397,59075,阳山,清远,阳山县,七拱镇,2025-07-26,27.9,37.5,23.7,.4,9.4
2398,59075,阳山,清远,阳山县,七拱镇,2025-07-27,28.7,37.2,24.4,13.3,9.3
2399,59075,阳山,清远,阳山县,七拱镇,2025-07-28,27.4,33.6,26.0,1.4,1.6
2400,59075,阳山,清远,阳山县,七拱镇,2025-07-29,28.9,36.8,25.1,3.8,7.9
2401,59075,阳山,清远,阳山县,七拱镇,2025-07-30,28.3,35.2,25.9,.3,6.6
2402,59075,阳山,清远,阳山县,七拱镇,2025-07-31,27.9,33.8,25.7,3.6,2.9
2403,59075,阳山,清远,阳山县,七拱镇,2025-08-01,28.2,34.8,25.0,1.7,9.1
2404,59075,阳山,清远,阳山县,七拱镇,2025-08-02,28.2,35.1,25.3,12.9,6.8
2405,59075,阳山,清远,阳山县,七拱镇,2025-08-03,25.9,26.8,25.3,112.4,.0
2406,59075,阳山,清远,阳山县,七拱镇,2025-08-04,27.2,31.4,25.0,27.1,.1
2407,59075,阳山,清远,阳山县,七拱镇,2025-08-05,26.5,29.2,25.3,3.0,.0
2408,59075,阳山,清远,阳山县,七拱镇,2025-08-06,25.0,26.8,24.2,56.2,.0
2409,59075,阳山,清远,阳山县,七拱镇,2025-08-07,24.7,27.0,23.3,9.5,.0
2410,59075,阳山,清远,阳山县,七拱镇,2025-08-08,26.2,32.2,22.2,.1,3.0
2411,59075,阳山,清远,阳山县,七拱镇,2025-08-09,28.8,35.2,24.1,.0,10.1
2412,59075,阳山,清远,阳山县,七拱镇,2025-08-10,29.2,34.7,24.2,.0,10.5
2413,59075,阳山,清远,阳山县,七拱镇,2025-08-11,29.5,36.0,24.3,.0,9.8
2414,59075,阳山,清远,阳山县,七拱镇,2025-08-12,28.6,34.2,25.1,.0,5.8
2415,59075,阳山,清远,阳山县,七拱镇,2025-08-13,28.3,34.4,25.5,.0,7.4
2416,59075,阳山,清远,阳山县,七拱镇,2025-08-14,25.6,28.6,25.0,32.9,.0
2417,59075,阳山,清远,阳山县,七拱镇,2025-08-15,26.5,32.5,23.6,3.9,2.1
2418,59075,阳山,清远,阳山县,七拱镇,2025-08-16,28.2,35.1,23.5,.2,7.1
2419,59075,阳山,清远,阳山县,七拱镇,2025-08-17,28.0,33.4,24.6,.0,4.2
2420,59075,阳山,清远,阳山县,七拱镇,2025-08-18,25.5,29.2,23.7,24.2,.4
2421,59075,阳山,清远,阳山县,七拱镇,2025-08-19,26.0,29.4,24.6,22.5,.4
2422,59075,阳山,清远,阳山县,七拱镇,2025-08-20,26.2,31.7,22.7,11.7,1.5
2423,59075,阳山,清远,阳山县,七拱镇,2025-08-21,27.1,34.3,22.6,7.6,3.5
2424,59075,阳山,清远,阳山县,七拱镇,2025-08-22,28.2,34.3,23.8,.0,6.5
2425,59075,阳山,清远,阳山县,七拱镇,2025-08-23,28.2,36.3,23.8,.0,10.5
2426,59075,阳山,清远,阳山县,七拱镇,2025-08-24,27.8,34.7,24.1,.2,6.2
2427,59075,阳山,清远,阳山县,七拱镇,2025-08-25,27.6,35.0,23.1,.0,7.8
2428,59075,阳山,清远,阳山县,七拱镇,2025-08-26,28.0,36.1,22.9,.0,11.3
2429,59075,阳山,清远,阳山县,七拱镇,2025-08-27,27.7,36.1,23.1,.0,7.0
2430,59075,阳山,清远,阳山县,七拱镇,2025-08-28,27.5,33.9,22.4,.0,7.8
2431,59075,阳山,清远,阳山县,七拱镇,2025-08-29,28.8,35.7,24.2,.0,8.9
2432,59075,阳山,清远,阳山县,七拱镇,2025-08-30,28.9,35.3,25.2,.0,8.1
2433,59075,阳山,清远,阳山县,七拱镇,2025-08-31,28.7,35.7,23.9,.0,10.2
2434,59075,阳山,清远,阳山县,七拱镇,2025-09-01,28.4,36.1,23.7,.0,10.2
2435,59075,阳山,清远,阳山县,七拱镇,2025-09-02,28.5,35.5,24.2,14.2,9.0
2436,59075,阳山,清远,阳山县,七拱镇,2025-09-03,28.4,34.6,23.9,.0,10.2
2437,59075,阳山,清远,阳山县,七拱镇,2025-09-04,29.1,35.9,24.5,.0,9.8
2438,59075,阳山,清远,阳山县,七拱镇,2025-09-05,29.4,36.0,24.6,.0,10.5
2439,59075,阳山,清远,阳山县,七拱镇,2025-09-06,29.4,35.9,24.8,.0,9.7
2440,59075,阳山,清远,阳山县,七拱镇,2025-09-07,28.2,35.5,24.7,12.6,5.8
2441,59075,阳山,清远,阳山县,七拱镇,2025-09-08,25.3,26.8,24.3,11.9,.0
2442,59075,阳山,清远,阳山县,七拱镇,2025-09-09,26.1,31.9,23.3,7.1,1.4
2443,59075,阳山,清远,阳山县,七拱镇,2025-09-10,26.2,33.8,23.1,4.0,3.8
2444,59075,阳山,清远,阳山县,七拱镇,2025-09-11,27.4,33.5,23.9,.0,6.7
2445,59075,阳山,清远,阳山县,七拱镇,2025-09-12,28.7,34.7,24.7,.0,9.5
2446,59075,阳山,清远,阳山县,七拱镇,2025-09-13,28.0,34.4,23.7,.0,8.2
2447,59075,阳山,清远,阳山县,七拱镇,2025-09-14,27.7,34.6,22.7,.0,10.0
2448,59075,阳山,清远,阳山县,七拱镇,2025-09-15,27.9,35.3,23.3,.0,9.0
2449,59075,阳山,清远,阳山县,七拱镇,2025-09-16,28.5,34.9,23.8,.0,10.0
2450,59075,阳山,清远,阳山县,七拱镇,2025-09-17,28.3,34.8,23.5,.0,8.2
2451,59075,阳山,清远,阳山县,七拱镇,2025-09-18,27.4,35.3,23.3,6.6,7.4
2452,59075,阳山,清远,阳山县,七拱镇,2025-09-19,27.0,33.4,24.4,14.3,4.4
2453,59075,阳山,清远,阳山县,七拱镇,2025-09-20,23.7,25.8,20.8,7.2,.0
2454,59075,阳山,清远,阳山县,七拱镇,2025-09-21,21.3,23.7,19.3,60.7,.0
2455,59075,阳山,清远,阳山县,七拱镇,2025-09-22,25.6,30.2,22.3,.0,7.1
2456,59075,阳山,清远,阳山县,七拱镇,2025-09-23,26.0,30.4,23.5,.0,3.4
2457,59075,阳山,清远,阳山县,七拱镇,2025-09-24,22.7,25.6,20.7,27.6,.0
2458,59075,阳山,清远,阳山县,七拱镇,2025-09-25,23.8,26.8,21.0,36.8,.1
2459,59075,阳山,清远,阳山县,七拱镇,2025-09-26,26.7,33.6,23.2,4.9,6.8
2460,59075,阳山,清远,阳山县,七拱镇,2025-09-27,27.7,32.4,23.6,.0,8.9
2461,59075,阳山,清远,阳山县,七拱镇,2025-09-28,26.5,31.3,24.1,2.0,2.1
2462,59075,阳山,清远,阳山县,七拱镇,2025-09-29,26.4,32.4,22.8,.3,3.0
2463,59075,阳山,清远,阳山县,七拱镇,2025-09-30,27.3,35.2,23.1,.0,7.3
2464,59075,阳山,清远,阳山县,七拱镇,2025-10-01,27.5,35.1,23.4,6.4,7.6
2465,59075,阳山,清远,阳山县,七拱镇,2025-10-02,27.2,33.8,23.9,.0,7.1
2466,59075,阳山,清远,阳山县,七拱镇,2025-10-03,27.1,34.1,22.6,.0,9.5
2467,59075,阳山,清远,阳山县,七拱镇,2025-10-04,27.3,35.5,22.5,.0,9.5
2468,59075,阳山,清远,阳山县,七拱镇,2025-10-05,25.8,31.4,23.5,4.9,2.9
2469,59075,阳山,清远,阳山县,七拱镇,2025-10-06,26.7,31.3,23.9,5.5,1.2
2470,59075,阳山,清远,阳山县,七拱镇,2025-10-07,27.3,34.6,23.0,.0,7.3
2471,59075,阳山,清远,阳山县,七拱镇,2025-10-08,27.9,35.4,23.9,.0,10.1
2472,59075,阳山,清远,阳山县,七拱镇,2025-10-09,27.7,35.2,23.3,.0,10.3
2473,59075,阳山,清远,阳山县,七拱镇,2025-10-10,27.4,35.2,22.5,.0,9.3
2474,59075,阳山,清远,阳山县,七拱镇,2025-10-11,27.1,34.3,22.9,.0,9.3
2475,59075,阳山,清远,阳山县,七拱镇,2025-10-12,26.5,33.6,22.2,.0,6.4
2476,59075,阳山,清远,阳山县,七拱镇,2025-10-13,26.2,32.3,24.3,.0,4.4
2477,59075,阳山,清远,阳山县,七拱镇,2025-10-14,26.6,33.8,23.8,3.2,4.5
2478,59075,阳山,清远,阳山县,七拱镇,2025-10-15,26.9,33.4,24.3,.0,6.5
2479,59075,阳山,清远,阳山县,七拱镇,2025-10-16,26.8,34.7,22.6,.0,7.6
2480,59075,阳山,清远,阳山县,七拱镇,2025-10-17,27.4,34.4,23.3,.0,7.9
2481,59075,阳山,清远,阳山县,七拱镇,2025-10-18,26.3,32.4,22.9,.0,9.0
2482,59075,阳山,清远,阳山县,七拱镇,2025-10-19,22.0,25.4,20.4,.0,5.3
2483,59075,阳山,清远,阳山县,七拱镇,2025-10-20,19.1,21.2,17.9,.0,.5
2484,59075,阳山,清远,阳山县,七拱镇,2025-10-21,16.4,19.5,14.9,.0,.5
2485,59075,阳山,清远,阳山县,七拱镇,2025-10-22,14.6,16.3,14.1,.0,.1
2486,59075,阳山,清远,阳山县,七拱镇,2025-10-23,16.4,20.0,13.9,.0,4.2
2487,59075,阳山,清远,阳山县,七拱镇,2025-10-24,19.5,23.5,16.6,.0,2.7
2488,59075,阳山,清远,阳山县,七拱镇,2025-10-25,20.8,24.5,18.3,.0,.1
2489,59075,阳山,清远,阳山县,七拱镇,2025-10-26,20.0,23.0,18.2,.0,7.8
2490,59075,阳山,清远,阳山县,七拱镇,2025-10-27,19.3,24.2,16.5,.0,9.1
2491,59075,阳山,清远,阳山县,七拱镇,2025-10-28,19.8,24.4,16.6,.0,6.0
2492,59075,阳山,清远,阳山县,七拱镇,2025-10-29,20.7,25.5,16.8,.0,.0
2493,59075,阳山,清远,阳山县,七拱镇,2025-10-30,22.2,26.5,19.2,.0,.6
2494,59075,阳山,清远,阳山县,七拱镇,2025-10-31,20.9,23.6,19.5,.5,.2
2495,59075,阳山,清远,阳山县,七拱镇,2025-11-01,20.2,25.1,17.9,.2,1.7
2496,59075,阳山,清远,阳山县,七拱镇,2025-11-02,19.5,22.4,17.6,3.8,.0
2497,59075,阳山,清远,阳山县,七拱镇,2025-11-03,15.7,20.0,14.7,.1,.0
2498,59075,阳山,清远,阳山县,七拱镇,2025-11-04,15.4,17.1,14.3,25.9,.0
2499,59075,阳山,清远,阳山县,七拱镇,2025-11-05,18.3,23.5,15.3,2.6,3.5
2500,59075,阳山,清远,阳山县,七拱镇,2025-11-06,19.8,25.4,17.3,.0,2.6
2501,59075,阳山,清远,阳山县,七拱镇,2025-11-07,20.3,22.2,18.6,3.4,.0
2502,59075,阳山,清远,阳山县,七拱镇,2025-11-08,22.0,25.2,20.8,7.5,.0
2503,59075,阳山,清远,阳山县,七拱镇,2025-11-09,19.9,21.8,18.6,.0,.7
2504,59075,阳山,清远,阳山县,七拱镇,2025-11-10,19.0,22.0,17.3,.0,2.9
2505,59075,阳山,清远,阳山县,七拱镇,2025-11-11,18.0,20.8,16.8,.0,1.0
2506,59075,阳山,清远,阳山县,七拱镇,2025-11-12,17.5,20.9,16.2,.0,4.3
2507,59075,阳山,清远,阳山县,七拱镇,2025-11-13,17.5,19.7,15.8,.0,1.8
2508,59075,阳山,清远,阳山县,七拱镇,2025-11-14,19.5,25.2,17.1,.0,3.1
2509,59075,阳山,清远,阳山县,七拱镇,2025-11-15,19.5,28.0,14.5,.0,8.7
2510,59075,阳山,清远,阳山县,七拱镇,2025-11-16,20.4,28.6,15.0,.0,9.3
2511,59075,阳山,清远,阳山县,七拱镇,2025-11-17,19.7,24.8,17.2,.0,1.1
2512,59075,阳山,清远,阳山县,七拱镇,2025-11-18,9.1,17.8,7.5,.3,.0
2513,59075,阳山,清远,阳山县,七拱镇,2025-11-19,10.2,14.2,7.8,.0,1.4
2514,59075,阳山,清远,阳山县,七拱镇,2025-11-20,13.3,18.4,9.7,.0,7.2
2515,59075,阳山,清远,阳山县,七拱镇,2025-11-21,15.0,21.1,8.8,.0,10.1
2516,59075,阳山,清远,阳山县,七拱镇,2025-11-22,14.1,22.5,8.7,.0,5.4
2517,59075,阳山,清远,阳山县,七拱镇,2025-11-23,15.9,24.2,9.6,.0,6.8
2518,59075,阳山,清远,阳山县,七拱镇,2025-11-24,17.4,24.6,11.0,.0,9.7
2519,59075,阳山,清远,阳山县,七拱镇,2025-11-25,16.6,21.1,13.4,.0,9.8
2520,59075,阳山,清远,阳山县,七拱镇,2025-11-26,12.9,21.3,5.6,.0,10.0
2521,59075,阳山,清远,阳山县,七拱镇,2025-11-27,16.4,21.7,11.9,.0,9.0
2522,59075,阳山,清远,阳山县,七拱镇,2025-11-28,12.3,23.6,5.7,.0,9.4
2523,59075,阳山,清远,阳山县,七拱镇,2025-11-29,12.1,25.7,4.2,.0,10.0
2524,59075,阳山,清远,阳山县,七拱镇,2025-11-30,15.2,22.6,8.6,.0,.6
2525,59075,阳山,清远,阳山县,七拱镇,2025-12-01,18.8,23.6,15.3,6.2,1.4
2526,59075,阳山,清远,阳山县,七拱镇,2025-12-02,18.5,20.8,17.3,.1,.0
2527,59075,阳山,清远,阳山县,七拱镇,2025-12-03,16.2,18.9,13.7,.0,5.9
2528,59075,阳山,清远,阳山县,七拱镇,2025-12-04,14.8,20.2,9.8,.0,3.3
2529,59075,阳山,清远,阳山县,七拱镇,2025-12-05,16.0,19.4,14.7,.0,6.2
2530,59075,阳山,清远,阳山县,七拱镇,2025-12-06,15.0,22.1,10.1,.0,7.4
2531,59075,阳山,清远,阳山县,七拱镇,2025-12-07,16.8,25.1,11.1,.0,8.0
2532,59075,阳山,清远,阳山县,七拱镇,2025-12-08,18.3,23.6,14.6,.0,9.2
2533,59075,阳山,清远,阳山县,七拱镇,2025-12-09,15.8,24.4,10.6,.0,9.0
2534,59075,阳山,清远,阳山县,七拱镇,2025-12-10,16.1,23.2,10.3,.0,1.8
2535,59075,阳山,清远,阳山县,七拱镇,2025-12-11,19.0,26.2,15.5,.0,3.8
2536,59075,阳山,清远,阳山县,七拱镇,2025-12-12,17.6,19.5,16.8,10.6,.0
2537,59075,阳山,清远,阳山县,七拱镇,2025-12-13,11.9,17.2,8.2,11.8,.0
2538,59075,阳山,清远,阳山县,七拱镇,2025-12-14,10.2,16.0,7.2,.0,8.5
2539,59075,阳山,清远,阳山县,七拱镇,2025-12-15,10.6,20.3,4.6,.0,7.0
2540,59075,阳山,清远,阳山县,七拱镇,2025-12-16,13.7,22.0,8.5,.0,3.8
2541,59075,阳山,清远,阳山县,七拱镇,2025-12-17,16.3,23.3,10.6,.0,6.1
2542,59075,阳山,清远,阳山县,七拱镇,2025-12-18,15.8,23.5,10.0,.0,9.4
2543,59075,阳山,清远,阳山县,七拱镇,2025-12-19,16.5,26.0,10.5,.0,6.6
2544,59075,阳山,清远,阳山县,七拱镇,2025-12-20,19.2,27.7,14.9,.0,7.7
2545,59075,阳山,清远,阳山县,七拱镇,2025-12-21,17.0,20.4,14.4,.0,8.5
2546,59075,阳山,清远,阳山县,七拱镇,2025-12-22,14.6,19.7,12.2,.0,1.8
2547,59075,阳山,清远,阳山县,七拱镇,2025-12-23,17.6,24.4,13.6,.0,4.1
2548,59075,阳山,清远,阳山县,七拱镇,2025-12-24,14.1,19.6,10.5,.0,.0
2549,59075,阳山,清远,阳山县,七拱镇,2025-12-25,8.8,10.6,8.0,5.3,.0
2550,59075,阳山,清远,阳山县,七拱镇,2025-12-26,8.8,15.3,5.3,.0,9.1
2551,59075,阳山,清远,阳山县,七拱镇,2025-12-27,11.0,19.4,6.7,.0,8.8
2552,59075,阳山,清远,阳山县,七拱镇,2025-12-28,11.0,18.7,6.9,.0,5.0
2553,59075,阳山,清远,阳山县,七拱镇,2025-12-29,11.8,16.9,6.9,.0,.0
2554,59075,阳山,清远,阳山县,七拱镇,2025-12-30,16.2,23.2,11.9,.0,8.6
2555,59075,阳山,清远,阳山县,七拱镇,2025-12-31,15.0,22.3,10.5,.0,4.9
