"V_PRCODE","REGION","CITY","COUNTY","TOWN","STACODE","STANAME","LONGITUDE","LATITUDE","INLAND","V02301","DATESTT"
广东,珠三角,深圳,深汕特别合作区,鲘门镇,"59307",深汕合作区鲘门镇芒屿岛,115.1,22.8,0,"B,E",2012-11-01 00:00:00
广东,粤东,汕头,南澳县,后宅镇,"59311",南澳钱澳气象观测站,116.9,23.4,1,"B,E",2012-11-01 00:00:00
广东,粤东,汕头,南澳县,云澳镇,"59325",南澳云澳国家气象观测站,117.1,23.5,1,"B,E",2014-02-27 00:00:00
广东,珠三角,珠海,香洲区,担杆镇,"59479",香洲区担杆镇外伶仃岛气象观测站,114,22.1,0,"0,B,E,M,X,p",2012-11-01 00:00:00
广东,珠三角,深圳,,,"59490",内伶仃岛气象观测站,113.8,22.4,1,"0,B,E,M,X",2013-08-21 00:00:00
广东,珠三角,惠州,惠州海面,马鞭洲,"59494",大亚湾澳头镇马鞭洲,114.7,22.6,0,"B,E,X",2012-11-01 00:00:00
广东,珠三角,惠州,惠州海面,沱泞列岛,"59495",惠州沱泞列岛,114.6,22.5,0,"B,E,M",2012-11-27 00:00:00
广东,粤东,汕尾,陆丰市,甲东镇,"59503",陆丰市甲东镇甲子屿,116.2,22.8,1,"B,E",2012-11-01 00:00:00
广东,粤东,汕尾,城区,马宫街道,"59504",汕尾城区马宫街道江牡岛自动站,115.3,22.7,0,"B,E",2012-11-01 00:00:00
广东,粤东,汕尾,城区,,"59506",汕尾浮标站,116.2,22.1,0,"B,G,X",2017-03-10 00:00:00
广东,粤东,揭阳,惠来县,前詹镇,"59511",惠来前詹应用气象观测站,116.3,23,1,"B,E",2012-11-01 00:00:00
广东,粤东,汕头,龙湖区,珠池街道,"59512",妈屿国家气象观测站,116.7,23.3,1,"B,E",2014-02-28 00:00:00
广东,粤东,汕头,濠江区,广澳街道,"59513",濠江广澳国家气象观测站,116.8,23.2,1,"B,E",2012-11-01 00:00:00
广东,粤东,汕头,,,"59515",汕头浮标站,117.4,22.3,0,"B,G,X",2014-04-11 00:00:00
广东,粤西,湛江,霞山区,爱国街道,"59657",霞山区爱国街道特呈岛红树林湿地公园气象观测站,110.4,21.2,1,"B,E",2013-07-12 00:00:00
广东,粤西,茂名,电白区,电城镇,"59665",电白区电城镇北山岭,111.3,21.4,1,"B,k",2017-05-15 00:00:00
广东,粤西,茂名,电白区,电城镇,"59667",电白区博贺镇放鸡岛国家气象观测站,111.2,21.4,0,"B,E",2012-11-01 00:00:00
广东,粤西,阳江,阳西县,沙扒镇,"59668",阳西青洲岛气象观测站,111.4,21.5,0,"B,E",2012-11-01 00:00:00
广东,粤西,阳江,阳西县,阳西县岛屿,"59669",阳西大树岛国家气象观测站,111.6,21.4,1,"B,E",2012-11-01 00:00:00
广东,珠三角,江门,台山市,川岛镇,"59672",台山市川岛镇海傍路,112.7,21.8,1,"B,E",2012-11-01 00:00:00
广东,粤西,阳江,阳东区,东平镇,"59674",南鹏岛国家气象观测站,112.3,21.5,0,"B,E,X",2012-11-01 00:00:00
广东,珠三角,珠海,金湾区,南水镇,"59680",金湾区南水镇荷包岛气象观测站,113.2,21.9,0,"B,E,X",2012-11-01 00:00:00
广东,珠三角,珠海,香洲区,担杆镇,"59681",珠海市黄茅洲岛气象观测站,113.9,21.8,0,"0,B,E,M",2014-04-11 00:00:00
广东,珠三角,珠海,金湾区,南水镇,"59682",金湾区南水镇高栏岛北五指山气象观测站,113.3,21.9,1,"B,E,M,X",2012-11-01 00:00:00
广东,珠三角,珠海,香洲区,万山镇,"59683",香洲区万山镇万山村气象观测站,113.8,21.9,0,"B,E,M,X",2012-11-01 00:00:00
广东,粤西,湛江,麻章区,东简街道,"59751",湛江东简国家气象观测站,110.6,20.9,1,"B,E,k",2012-11-01 00:00:00
广东,粤西,湛江,徐闻县,新寮镇,"59755",徐闻县新寮镇三丰村气象观测站,110.4,20.6,1,"B,E",2012-11-01 00:00:00
广东,粤西,湛江,徐闻县,迈陈镇,"59759",徐闻县迈陈镇新地村气象观测站,109.9,20.2,1,"B,E",2012-11-01 00:00:00
广东,粤西,茂名,滨海新区,电城,"59765",茂名应用气象观测站（浮标）,111.4,20.8,0,"B,G,X",2014-04-11 00:00:00
广东,粤西,云浮,郁南县,都城镇,"80116300",都城（大堤）,111.6,23.2,1,O,2022-03-27 00:00:00
广东,粤西,云浮,郁南县,南江口镇,"80117000",德庆(二),111.7,23.2,1,O,2022-03-27 00:00:00
广东,粤西,云浮,云安区,六都镇,"80117200",六都大堤,112,23,1,O,2022-03-12 00:00:00
广东,珠三角,肇庆,端州区,城东街道,"80118000",高要,112.5,23,1,O,2022-03-27 00:00:00
广东,粤西,茂名,信宜市,金垌镇,"80606280",径口,110.7,22.6,1,O,2022-03-11 00:00:00
广东,粤西,茂名,信宜市,朱砂镇,"80611120",旺沙（罗山）,111.1,22.5,1,O,2022-03-15 00:00:00
广东,粤西,茂名,信宜市,洪冠镇,"80611190",扶曹,111.2,22.5,1,O,2019-01-09 00:00:00
广东,粤西,茂名,信宜市,怀乡镇,"80611250",怀乡（下寨）,111.1,22.5,1,O,2022-04-05 00:00:00
广东,粤西,茂名,信宜市,洪冠镇,"80617010",锦衣,111.2,22.5,1,O,2022-03-11 00:00:00
广东,粤西,茂名,信宜市,朱砂镇,"80617050",朱砂（大旺）,110.9,22.6,1,O,2022-03-31 00:00:00
广东,粤西,云浮,罗定市,加益镇,"80617900",加益（合江）,111.2,22.7,1,O,2022-04-03 00:00:00
广东,粤西,茂名,信宜市,金垌镇,"80644400",金垌圩,110.7,22.5,1,O,2019-01-01 00:00:00
广东,粤西,茂名,信宜市,金垌镇,"80644800",木威,110.8,22.5,1,O,2019-01-01 00:00:00
广东,粤西,茂名,信宜市,金垌镇,"80649240",田心（信宜）,110.9,22.6,1,O,2025-04-01 00:00:00
广东,粤西,茂名,信宜市,金垌镇,"80649250",木新,110.7,22.6,1,O,2025-03-31 00:00:00
广东,粤西,茂名,信宜市,金垌镇,"80649280",南屯,110.7,22.4,1,O,2025-03-31 00:00:00
广东,粤西,茂名,信宜市,金垌镇,"80649310",平地,110.8,22.6,1,O,2025-03-31 00:00:00
广东,粤西,茂名,信宜市,金垌镇,"80649330",环球,110.9,22.6,1,O,2025-03-31 00:00:00
广东,粤西,茂名,信宜市,金垌镇,"80649345",良耿,110.7,22.6,1,O,2025-03-31 00:00:00
广东,粤西,茂名,信宜市,金垌镇,"80649380",六胜,110.8,22.5,1,O,2025-03-31 00:00:00
广东,粤西,茂名,信宜市,金垌镇,"80649385",胜积,110.8,22.4,1,O,2025-03-31 00:00:00
广东,粤西,茂名,信宜市,金垌镇,"80649420",合垌,110.8,22.4,1,O,2025-03-31 00:00:00
广东,粤西,茂名,信宜市,金垌镇,"80649430",六明,110.9,22.4,1,O,2025-03-31 00:00:00
广东,粤西,茂名,信宜市,金垌镇,"80649520",高车（信宜）,110.9,22.6,1,O,2025-03-31 00:00:00
广东,粤西,茂名,信宜市,金垌镇,"80649540",米场,110.8,22.5,1,O,2025-03-31 00:00:00
广东,粤西,茂名,信宜市,金垌镇,"80649550",幸福,110.8,22.5,1,O,2025-03-31 00:00:00
广东,粤西,茂名,信宜市,金垌镇,"80649560",绿水,110.9,22.4,1,O,2025-03-31 00:00:00
广东,粤西,茂名,信宜市,金垌镇,"80649570",光荣,110.8,22.4,1,O,2025-03-31 00:00:00
广东,粤西,茂名,信宜市,金垌镇,"80649590",白花（信宜）,110.9,22.4,1,O,2025-03-31 00:00:00
广东,粤西,茂名,信宜市,大成镇,"80650600",大田顶,111.1,22.4,1,O,2019-01-01 00:00:00
广东,粤西,茂名,信宜市,白石镇,"80650605",官山（信宜）,111.2,22.3,1,O,2019-01-01 00:00:00
广东,粤西,茂名,信宜市,大成镇,"80650610",石屏,111.1,22.2,1,O,2019-01-01 00:00:00
广东,粤西,茂名,信宜市,大成镇,"80650620",大成,111,22.3,1,O,2019-01-01 00:00:00
广东,粤西,茂名,信宜市,白石镇,"80650640",白石（信宜）,111.1,22.4,1,O,2022-03-29 00:00:00
广东,粤西,茂名,信宜市,白石镇,"80650700",乐义,111.1,22.5,1,O,2019-01-01 00:00:00
广东,粤西,茂名,信宜市,钱排镇,"80650795",人浓坝,111.2,22.3,1,O,2019-01-01 00:00:00
广东,粤西,茂名,信宜市,钱排镇,"80650800",钱排,111.3,22.4,1,O,2019-01-01 00:00:00
广东,粤西,茂名,信宜市,洪冠镇,"80650860",洪冠,111.1,22.4,1,O,2019-01-01 00:00:00
广东,粤西,茂名,信宜市,怀乡镇,"80651200",怀乡圩,111.1,22.6,1,O,2019-01-01 00:00:00
广东,粤西,茂名,信宜市,朱砂镇,"80651240",安莪,110.9,22.4,1,O,2019-01-01 00:00:00
广东,粤西,茂名,信宜市,朱砂镇,"80651280",旺沙（林渥）,111.1,22.6,1,O,2019-01-01 00:00:00
广东,珠三角,肇庆,封开县,南丰镇,"80900350",南丰,111.7,23.8,1,O,2022-03-27 00:00:00
广东,珠三角,肇庆,封开县,渔涝镇,"80900450",古榄,111.7,23.5,1,O,2022-03-27 00:00:00
广东,珠三角,肇庆,封开县,金装镇,"80900772",金装,111.8,23.9,1,O,2022-04-03 00:00:00
广东,珠三角,肇庆,封开县,南丰镇,"80900775",利水,111.8,23.6,1,O,2022-08-08 00:00:00
广东,粤北,清远,连山壮族瑶族自治县,福堂镇,"80900780",天鹅,112.1,24.5,1,O,2022-09-27 00:00:00
广东,珠三角,肇庆,封开县,莲都镇,"80900783",莲都,111.9,23.7,1,O,2022-04-03 00:00:00
广东,珠三角,肇庆,封开县,莲都镇,"80900785",大冲（封开莲都）,111.8,23.6,1,O,2019-01-01 00:00:00
广东,珠三角,肇庆,封开县,渔涝镇,"80900796",渔涝,111.8,23.4,1,O,2022-03-30 00:00:00
广东,珠三角,肇庆,封开县,平凤镇,"80900891",平凤（蟠龙桥）,111.6,23.3,1,O,2022-03-15 00:00:00
广东,珠三角,肇庆,封开县,罗董镇,"80900893",罗董（操场边）,111.6,23.3,1,O,2022-04-03 00:00:00
广东,粤西,云浮,郁南县,平台镇,"80900895",大河（郁南）,111.5,23.2,1,O,2019-01-01 00:00:00
广东,粤西,茂名,信宜市,新宝镇,"80900898",车路底,111.6,22.5,1,O,2022-03-11 00:00:00
广东,粤西,云浮,郁南县,通门镇,"80900930",枉九,111.6,23,1,O,2022-03-22 00:00:00
广东,粤西,云浮,郁南县,建城镇,"80900940",建城（河边）,111.5,23,1,O,2022-03-31 00:00:00
广东,珠三角,肇庆,德庆县,回龙镇,"80900950",小罗,111.6,23.3,1,O,2022-03-27 00:00:00
广东,粤西,茂名,信宜市,平塘镇,"80900960",平塘（林垌）,111.4,22.4,1,O,2022-03-15 00:00:00
广东,粤西,云浮,罗定市,太平镇,"80900995",太平（罗定）,111.5,22.5,1,O,2022-04-03 00:00:00
广东,粤西,云浮,罗定市,罗平镇,"80901000",罗定古榄,111.4,22.7,1,O,2022-03-19 00:00:00
广东,粤西,茂名,信宜市,思贺镇,"80901020",思贺,111.5,22.6,1,O,2022-03-12 00:00:00
广东,粤西,云浮,罗定市,生江镇,"80901030",金银河,111.5,22.7,1,O,2019-01-01 00:00:00
广东,粤西,云浮,罗定市,华石镇,"80901150",官良,111.7,22.8,1,O,2022-04-06 00:00:00
广东,粤西,云浮,郁南县,连滩镇,"80901159",连滩,111.8,22.9,1,O,2022-04-03 00:00:00
广东,粤西,云浮,罗定市,船步镇,"80901172",船步（公路养护中心）,111.7,22.6,1,O,2022-03-22 00:00:00
广东,粤西,云浮,罗定市,素龙街道,"80901173",新塘（罗定）,111.6,22.7,1,O,2022-04-01 00:00:00
广东,粤西,云浮,罗定市,罗镜镇,"80901175",罗镜（河边）,111.4,22.5,1,O,2022-03-31 00:00:00
广东,粤西,云浮,罗定市,分界镇,"80901180",罗光,111.3,22.5,1,O,2019-01-01 00:00:00
广东,粤西,云浮,罗定市,黎少镇,"80901184",黎少,111.5,22.7,1,O,2022-03-23 00:00:00
广东,粤西,云浮,罗定市,泗纶镇,"80901185",湘垌,111.2,22.7,1,O,2022-10-03 00:00:00
广东,粤西,云浮,罗定市,榃滨镇,"80901187",河岔,111.4,22.9,1,O,2022-04-03 00:00:00
广东,粤西,云浮,郁南县,千官镇,"80901189",清二,111.5,22.9,1,O,2022-03-23 00:00:00
广东,粤西,云浮,云安区,石城镇,"80901190",东风（云安）,111.9,22.7,1,O,2022-10-03 00:00:00
广东,粤西,云浮,云安区,镇安镇,"80901192",花坪,111.8,22.7,1,O,2022-04-03 00:00:00
广东,粤西,云浮,郁南县,宋桂镇,"80901193",宋桂,111.8,22.8,1,O,2022-04-03 00:00:00
广东,粤西,云浮,郁南县,东坝镇,"80901194",深步,111.8,22.9,1,O,2022-04-03 00:00:00
广东,珠三角,肇庆,德庆县,高良镇,"80901195",茸草,112,23.3,1,O,2019-01-01 00:00:00
广东,珠三角,肇庆,德庆县,高良镇,"80901196",高良（立保）,112,23.3,1,O,2022-04-02 00:00:00
广东,珠三角,肇庆,德庆县,官圩镇,"80901198",冲源,111.8,23.2,1,O,2019-04-25 00:00:00
广东,粤西,云浮,云安区,都杨镇,"80901199",仙菊,112.1,23.1,1,O,2022-04-01 00:00:00
广东,珠三角,肇庆,德庆县,悦城镇,"80901200",佐岗（佐岗桥）,112.1,23.2,1,O,2022-03-23 00:00:00
广东,珠三角,肇庆,高要区,水南镇,"80901205",水南,112.5,23.3,1,O,2022-03-23 00:00:00
广东,粤西,云浮,新兴县,大江镇,"80901220",合河,112.2,22.4,1,O,2019-01-01 00:00:00
广东,粤西,云浮,新兴县,簕竹镇,"80901230",簕竹,112.1,22.8,1,O,2022-03-13 00:00:00
广东,粤西,云浮,新兴县,车岗镇,"80901240",车岗,112.1,22.8,1,O,2022-03-23 00:00:00
广东,粤西,云浮,云城区,腰古镇,"80901250",腰古（二）,112.2,23,1,O,2022-04-06 00:00:00
广东,粤西,云浮,新兴县,河头镇,"80901280",北峰山（新兴）,112.1,22.4,1,O,2022-10-03 00:00:00
广东,粤西,云浮,新兴县,东成镇,"80901310",东成（新兴）,112.3,22.8,1,O,2022-04-04 00:00:00
广东,粤西,云浮,新兴县,新城镇,"80901315",新兴,112.2,22.8,1,O,2025-03-31 00:00:00
广东,粤西,云浮,云城区,南盛镇,"80901320",朝阳（云城）,112.1,22.7,1,O,2019-01-01 00:00:00
广东,粤西,云浮,云城区,腰古镇,"80901325",小河口,112.2,22.8,1,O,2022-04-01 00:00:00
广东,珠三角,肇庆,高要区,白诸镇,"80901330",杨梅（高要）,112.3,23,1,O,2019-01-01 00:00:00
广东,珠三角,肇庆,高要区,南岸街道,"80901332",马鞍（高要）,112.3,22.9,1,O,2022-04-03 00:00:00
广东,珠三角,肇庆,高要区,蛟塘镇,"80901335",金龙（高）,112.6,22.9,1,O,2019-01-01 00:00:00
广东,珠三角,肇庆,高要区,白土镇,"80901337",白土（水利会）,112.6,23,1,O,2022-03-23 00:00:00
广东,珠三角,肇庆,高要区,金利镇,"80901345",金州水闸（外）,112.8,23.1,1,O,2019-01-01 00:00:00
广东,珠三角,肇庆,德庆县,凤村镇,"80916455",双枝塘水库,112.1,23.4,1,O,2025-03-31 00:00:00
广东,珠三角,肇庆,德庆县,凤村镇,"80916505",中坑水库,112,23.2,1,O,2025-04-01 00:00:00
广东,粤北,清远,连山壮族瑶族自治县,永和镇,"80920445",上草,111.9,24.6,1,O,2019-01-01 00:00:00
广东,粤北,清远,连山壮族瑶族自治县,吉田镇,"80920460",吉田,112.1,24.6,1,O,2019-01-01 00:00:00
广东,粤北,清远,连山壮族瑶族自治县,福堂镇,"80920465",福堂,112,24.4,1,O,2019-01-01 00:00:00
广东,粤北,清远,连南瑶族自治县,香坪镇,"80920470",盘石,112.1,24.5,1,O,2019-01-01 00:00:00
广东,粤北,清远,连山壮族瑶族自治县,福堂镇,"80920475",永丰,112,24.4,1,O,2019-01-01 00:00:00
广东,粤北,清远,连山壮族瑶族自治县,福堂镇,"80920476",德建,112,24.6,1,O,2019-01-01 00:00:00
广东,粤北,清远,连山壮族瑶族自治县,吉田镇,"80920477",三水（连山吉田）,112,24.5,1,O,2022-04-04 00:00:00
广东,粤北,清远,连山壮族瑶族自治县,吉田镇,"80920478",旭水水库,112.1,24.5,1,O,2019-01-01 00:00:00
广东,粤北,清远,连南瑶族自治县,大坪镇,"80920479",旺洞,112.2,24.6,1,O,2019-01-01 00:00:00
广东,粤北,清远,连山壮族瑶族自治县,吉田镇,"80920480",三水（连山三水）,112,24.5,1,O,2019-01-01 00:00:00
广东,粤北,清远,连山壮族瑶族自治县,吉田镇,"80920490",淘金坪,112,24.6,1,O,2019-01-01 00:00:00
广东,粤西,云浮,罗定市,加益镇,"80920640",加益,111.1,22.7,1,O,2019-01-01 00:00:00
广东,珠三角,肇庆,封开县,长安镇,"80920660",西山,111.9,23.9,1,O,2019-01-01 00:00:00
广东,珠三角,肇庆,封开县,金装镇,"80920680",大水口,111.9,23.9,1,O,2019-01-01 00:00:00
广东,珠三角,肇庆,封开县,都平镇,"80920710",大玉口,111.7,23.7,1,O,2019-01-01 00:00:00
广东,珠三角,肇庆,封开县,河儿口镇,"80920730",黄岗（村委）,111.8,23.4,1,O,2019-01-01 00:00:00
广东,珠三角,肇庆,封开县,杏花镇,"80920740",白梅,111.7,23.3,1,O,2019-01-01 00:00:00
广东,珠三角,肇庆,封开县,罗董镇,"80920750",罗董（水利所）,111.6,23.3,1,O,2019-01-01 00:00:00
广东,珠三角,肇庆,封开县,江口镇,"80920940",封川(江口),111.4,23.5,1,O,2019-01-01 00:00:00
广东,粤西,云浮,郁南县,平台镇,"80920965",平台（镇府西）,111.5,23.3,1,O,2019-01-01 00:00:00
广东,珠三角,肇庆,封开县,平凤镇,"80920970",平凤（镇政府）,111.5,23.3,1,O,2019-01-01 00:00:00
广东,粤西,云浮,郁南县,都城镇,"80920980",都城,111.5,23.2,1,O,2025-03-31 00:00:00
广东,粤西,云浮,郁南县,桂圩镇,"80921000",桂圩,111.4,23.1,1,O,2019-01-01 00:00:00
广东,粤西,云浮,郁南县,通门镇,"80921005",冲枚,111.5,22.9,1,O,2019-01-01 00:00:00
广东,粤西,云浮,郁南县,通门镇,"80921010",百贤,111.5,23,1,O,2019-01-01 00:00:00
广东,粤西,云浮,郁南县,通门镇,"80921015",通门,111.6,23,1,O,2019-01-01 00:00:00
广东,粤西,云浮,郁南县,通门镇,"80921018",顺塘,111.5,23,1,O,2019-01-01 00:00:00
广东,粤西,云浮,郁南县,通门镇,"80921020",向阳（郁南）,111.6,23.2,1,O,2019-01-01 00:00:00
广东,粤西,云浮,郁南县,建城镇,"80921022",建城（村内）,111.5,23.1,1,O,2019-01-01 00:00:00
广东,粤西,云浮,郁南县,宝珠镇,"80921026",宝珠,111.6,23.1,1,O,2019-01-01 00:00:00
广东,珠三角,肇庆,封开县,杏花镇,"80921040",大岭头,111.8,23.3,1,O,2019-01-01 00:00:00
广东,珠三角,肇庆,德庆县,回龙镇,"80921060",大堡,111.6,23.4,1,O,2019-01-01 00:00:00
广东,珠三角,肇庆,封开县,长岗镇,"80921080",大冲,111.6,23.3,1,O,2019-01-01 00:00:00
广东,珠三角,肇庆,德庆县,回龙镇,"80921100",马跡河,111.7,23.3,1,O,2019-03-05 00:00:00
广东,粤西,茂名,信宜市,合水镇,"80921150",高荷,111.3,22.3,1,O,2019-01-01 00:00:00
广东,粤西,茂名,信宜市,合水镇,"80921155",东田,111.3,22.2,1,O,2019-01-01 00:00:00
广东,粤西,茂名,信宜市,合水镇,"80921160",合水圩,111.4,22.3,1,O,2019-01-01 00:00:00
广东,粤西,茂名,信宜市,新宝镇,"80921165",上峰,111.5,22.4,1,O,2019-01-01 00:00:00
广东,粤西,茂名,信宜市,新宝镇,"80921170",新宝,111.5,22.3,1,O,2019-01-01 00:00:00
广东,粤西,茂名,信宜市,新宝镇,"80921180",桂垌,111.6,22.4,1,O,2019-01-01 00:00:00
广东,粤西,茂名,信宜市,新宝镇,"80921185",石垌,111.5,22.4,1,O,2025-03-31 00:00:00
广东,粤西,茂名,信宜市,平塘镇,"80921220",罗排,111.3,22.3,1,O,2019-01-01 00:00:00
广东,粤西,茂名,信宜市,平塘镇,"80921240",平塘,111.3,22.4,1,O,2019-01-01 00:00:00
广东,粤西,茂名,信宜市,贵子镇,"80921260",秋风街,111.2,22.6,1,O,2019-01-01 00:00:00
广东,粤西,云浮,罗定市,罗镜镇,"80921270",罗镜（镇府）,111.4,22.6,1,O,2019-01-01 00:00:00
广东,粤西,云浮,罗定市,分界镇,"80921280",小垌,111.3,22.5,1,O,2019-01-01 00:00:00
广东,粤西,云浮,罗定市,连州镇,"80921310",连州,111.4,22.6,1,O,2019-01-01 00:00:00
广东,粤西,云浮,罗定市,龙湾镇,"80921320",榕木寨,111.3,22.6,1,O,2019-01-01 00:00:00
广东,粤西,云浮,罗定市,泗纶镇,"80921325",都门,111.4,22.7,1,O,2019-01-01 00:00:00
广东,粤西,云浮,罗定市,泗纶镇,"80921340",泗纶,111.2,22.7,1,O,2019-01-01 00:00:00
广东,粤西,云浮,罗定市,榃滨镇,"80921354",梅竹,111.4,22.8,1,O,2019-01-01 00:00:00
广东,粤西,云浮,罗定市,榃滨镇,"80921356",榃滨,111.4,22.8,1,O,2019-01-01 00:00:00
广东,粤西,云浮,罗定市,附城街道,"80921360",沙口,111.5,22.9,1,O,2019-01-01 00:00:00
广东,粤西,云浮,罗定市,榃滨镇,"80921365",金滩,111.4,22.8,1,O,2019-01-01 00:00:00
广东,粤西,云浮,罗定市,罗城街道,"80921380",罗定,111.6,22.8,1,O,2019-01-01 00:00:00
广东,粤西,云浮,郁南县,千官镇,"80921400",云霄（郁南）,111.6,22.9,1,O,2022-09-12 00:00:00
广东,粤西,云浮,郁南县,千官镇,"80921405",迳尾,111.7,22.8,1,O,2019-01-01 00:00:00
广东,粤西,云浮,郁南县,千官镇,"80921410",千官,111.6,22.8,1,O,2019-01-01 00:00:00
广东,粤西,云浮,郁南县,千官镇,"80921415",登心,111.5,22.9,1,O,2019-01-01 00:00:00
广东,粤西,云浮,郁南县,大方镇,"80921420",宁沙,111.6,22.9,1,O,2019-01-01 00:00:00
广东,粤西,茂名,信宜市,思贺镇,"80921430",大两,111.5,22.4,1,O,2019-01-01 00:00:00
广东,粤西,茂名,信宜市,思贺镇,"80921440",合水口,111.6,22.5,1,O,2019-01-01 00:00:00
广东,粤西,茂名,信宜市,思贺镇,"80921442",八一林场,111.6,22.5,1,O,2019-01-01 00:00:00
广东,粤西,茂名,信宜市,思贺镇,"80921446",高田（信宜）,111.6,22.5,1,O,2019-01-01 00:00:00
广东,粤西,云浮,罗定市,船步镇,"80921460",山垌,111.7,22.6,1,O,2022-09-12 00:00:00
广东,粤西,云浮,罗定市,围底镇,"80921480",山田,111.6,22.7,1,O,2019-01-01 00:00:00
广东,粤西,云浮,罗定市,船步镇,"80921500",船步,111.6,22.5,1,O,2019-01-01 00:00:00
广东,粤西,云浮,郁南县,历洞镇,"80921530",历洞（镇府东）,111.7,23,1,O,2019-01-01 00:00:00
广东,粤西,云浮,郁南县,连滩镇,"80921550",逍遥,111.6,23.1,1,O,2019-01-01 00:00:00
广东,粤西,云浮,罗定市,金鸡镇,"80921560",金鸡,111.8,22.7,1,O,2019-01-01 00:00:00
广东,粤西,云浮,云安区,镇安镇,"80921562",镇安,111.9,22.7,1,O,2019-01-01 00:00:00
广东,粤西,云浮,云安区,白石镇,"80921564",白石（云安）,111.7,22.7,1,O,2019-01-01 00:00:00
广东,粤西,云浮,郁南县,宋桂镇,"80921572",宁波,111.9,23,1,O,2025-03-31 00:00:00
广东,粤西,云浮,云安区,高村镇,"80921574",中围,111.9,23,1,O,2025-03-31 00:00:00
广东,粤西,云浮,云安区,高村镇,"80921576",司马,111.9,22.8,1,O,2025-03-31 00:00:00
广东,粤西,云浮,云安区,高村镇,"80921580",高村,112,22.9,1,O,2019-01-01 00:00:00
广东,珠三角,肇庆,德庆县,官圩镇,"80921600",金林,111.7,23.4,1,O,2019-01-01 00:00:00
广东,珠三角,肇庆,德庆县,高良镇,"80921620",高良,112,23.2,1,O,2019-01-01 00:00:00
广东,粤西,云浮,云安区,六都镇,"80921650",云安,112.1,23.1,1,O,2019-01-01 00:00:00
广东,粤西,云浮,云城区,云城街道,"80921658",迳尾水库（管理所）,112,22.9,1,O,2019-01-01 00:00:00
广东,粤西,云浮,云城区,云城街道,"80921660",云浮,112,23,1,O,2019-01-01 00:00:00
广东,珠三角,肇庆,德庆县,莫村镇,"80921720",黄铜降,112.2,23.4,1,O,2019-01-01 00:00:00
广东,珠三角,肇庆,德庆县,莫村镇,"80921760",河涝坪,112.1,23.5,1,O,2019-01-01 00:00:00
广东,珠三角,肇庆,德庆县,悦城镇,"80921860",佐岗,112.2,23.3,1,O,2019-01-01 00:00:00
广东,珠三角,肇庆,德庆县,凤村镇,"80921865",吉利,112.1,23.2,1,O,2025-03-31 00:00:00
广东,珠三角,肇庆,德庆县,凤村镇,"80921870",棠下村,112.1,23.1,1,O,2025-03-31 00:00:00
广东,珠三角,肇庆,德庆县,悦城镇,"80921880",悦城,112.2,23.1,1,O,2019-01-01 00:00:00
广东,珠三角,肇庆,高要区,禄步镇,"80921883",双马,112.2,23.1,1,O,2019-01-01 00:00:00
广东,珠三角,肇庆,高要区,禄步镇,"80921885",禄步,112.2,23.2,1,O,2019-01-01 00:00:00
广东,珠三角,肇庆,高要区,河台镇,"80921890",河台,112.2,23.3,1,O,2019-01-01 00:00:00
广东,珠三角,肇庆,高要区,禄步镇,"80921900",平水,112.2,23.2,1,O,2019-01-01 00:00:00
广东,珠三角,肇庆,端州区,黄岗街道,"80921925",肇庆,112.5,23.2,1,O,2019-01-01 00:00:00
广东,粤西,阳江,阳春市,春湾镇,"80921940",茶园,112.1,22.5,1,O,2019-01-01 00:00:00
广东,粤西,云浮,新兴县,里洞镇,"80921960",裡洞,112.1,22.4,1,O,2019-01-01 00:00:00
广东,粤西,云浮,新兴县,天堂镇,"80921980",天堂,112.1,22.6,1,O,2019-01-01 00:00:00
广东,粤西,云浮,新兴县,天堂镇,"80921985",莲塘,111.9,22.6,1,O,2025-03-31 00:00:00
广东,粤西,云浮,新兴县,簕竹镇,"80922000",樟田,112,22.8,1,O,2019-01-01 00:00:00
广东,粤西,云浮,新兴县,六祖镇,"80922020",清洞,112.1,22.5,1,O,2019-01-01 00:00:00
广东,粤西,云浮,新兴县,太平镇,"80922040",共成,112.3,22.5,1,O,2019-01-31 00:00:00
广东,粤西,云浮,新兴县,新城镇,"80922060",新兴,112.3,22.8,1,O,2019-01-01 00:00:00
广东,粤西,云浮,新兴县,稔村镇,"80922080",稔村,112.3,22.6,1,O,2019-01-01 00:00:00
广东,粤西,云浮,云城区,南盛镇,"80922100",南盛,112.1,22.8,1,O,2019-01-01 00:00:00
广东,粤西,云浮,云城区,前锋镇,"80922106",前锋（云城）,112.2,22.8,1,O,2019-01-01 00:00:00
广东,粤西,云浮,云城区,腰古镇,"80922110",小河圩,112.2,22.8,1,O,2019-01-01 00:00:00
广东,珠三角,肇庆,高要区,活道镇,"80922125",活道,112.4,22.9,1,O,2019-01-01 00:00:00
广东,珠三角,肇庆,高要区,白土镇,"80922160",金龙（低）,112.5,23,1,O,2019-01-01 00:00:00
广东,珠三角,肇庆,高要区,白土镇,"80922180",白土（水管所）,112.5,23,1,O,2019-01-01 00:00:00
广东,珠三角,肇庆,鼎湖区,沙浦镇,"80922230",沙浦,112.7,23.2,1,O,2019-01-01 00:00:00
广东,珠三角,肇庆,鼎湖区,桂城街道,"80922240",九坑河,112.6,23.2,1,O,2022-09-30 00:00:00
广东,珠三角,肇庆,鼎湖区,莲花镇,"80922250",连塘,112.7,23.3,1,O,2019-01-01 00:00:00
广东,粤西,云浮,罗定市,罗平镇,"80952805",罗平良种场,111.6,22.6,1,O,2025-03-31 00:00:00
广东,珠三角,肇庆,端州区,城东街道,"80989800",星湖,112.4,23,1,O,2022-09-27 00:00:00
广东,粤北,韶关,南雄市,雄州街道,"81000100",南雄(一),114.3,25.2,1,O,2022-03-19 00:00:00
广东,粤北,韶关,始兴县,马市镇,"81000200",小古菉,114.2,25,1,O,2022-03-27 00:00:00
广东,粤北,韶关,南雄市,乌迳镇,"81000250",孔江,114.7,25.3,1,O,2019-01-01 00:00:00
广东,粤北,韶关,始兴县,太平镇,"81000310",江口(坝下),114.1,24.9,1,O,2022-03-20 00:00:00
广东,粤北,韶关,仁化县,大桥镇,"81000330",乱石滩(大桥),113.8,24.8,1,O,2022-03-20 00:00:00
广东,粤北,韶关,浈江区,新韶镇,"81000360",湾头坝上,113.6,25,1,O,2022-09-13 00:00:00
广东,粤北,韶关,浈江区,十里亭镇,"81000370",湾头坝下,113.7,24.9,1,O,2022-03-20 00:00:00
广东,粤北,韶关,浈江区,新韶镇,"81000390",新韶,113.5,24.9,1,O,2022-03-18 00:00:00
广东,粤北,韶关,浈江区,十里亭镇,"81000430",东河桥,113.7,24.8,1,O,2022-03-20 00:00:00
广东,粤北,韶关,武江区,西河镇,"81000500",韶关(二),113.6,24.7,1,O,2022-03-19 00:00:00
广东,粤北,韶关,浈江区,乐园镇,"81000510",孟洲坝,113.5,24.8,1,O,2019-01-01 00:00:00
广东,粤北,韶关,曲江区,乌石镇,"81000540",濛浬,113.7,24.7,1,O,2019-01-01 00:00:00
广东,粤北,韶关,曲江区,乌石镇,"81000550",乌石（曲江）,113.5,24.5,1,O,2025-03-31 00:00:00
广东,粤北,清远,英德市,沙口镇,"81000610",沙口,113.6,24.5,1,O,2022-03-31 00:00:00
广东,粤北,清远,英德市,望埠镇,"81000635",白石窑(坝上),113.4,24.2,1,O,2022-09-28 00:00:00
广东,粤北,清远,英德市,英城街道,"81000650",英德(五),113.3,24.2,1,O,2022-03-31 00:00:00
广东,粤北,清远,英德市,连江口镇,"81000755",连江口(二),113.2,24,1,O,2022-03-20 00:00:00
广东,粤北,清远,清城区,飞来峡镇,"81000800",横石,113.2,23.9,1,O,2022-04-02 00:00:00
广东,粤北,清远,清城区,飞来峡镇,"81000880",飞来峡,113.1,23.7,1,O,2022-04-05 00:00:00
广东,粤北,清远,清城区,飞来峡镇,"81000881",飞来峡（坝上）,113.2,23.9,1,O,2022-10-03 00:00:00
广东,粤北,清远,清城区,凤城街道,"81001100",清远(三),113.1,23.8,1,O,2022-04-05 00:00:00
广东,粤北,清远,清城区,横荷街道,"81001135",清远水利枢纽,113.1,23.5,1,O,2025-03-31 00:00:00
广东,粤北,清远,清城区,石角镇,"81001150",石角,112.9,23.6,1,O,2022-04-05 00:00:00
广东,珠三角,佛山,三水区,芦苞镇,"81001200",芦苞(二),112.9,23.3,1,O,2022-03-25 00:00:00
广东,粤北,韶关,南雄市,水口镇,"81001440",宝江,114.6,25.2,1,O,2022-09-13 00:00:00
广东,粤北,韶关,南雄市,湖口镇,"81001445",长市,114.5,25.2,1,O,2022-03-22 00:00:00
广东,粤北,韶关,南雄市,帽子峰镇,"81001470",外溪,114.3,25.1,1,O,2022-04-02 00:00:00
广东,粤北,韶关,南雄市,全安镇,"81001480",苍石（村）,114.1,25.2,1,O,2022-03-30 00:00:00
广东,粤北,韶关,始兴县,马市镇,"81001490",尖背,114.3,25,1,O,2022-09-27 00:00:00
广东,粤北,韶关,始兴县,澄江镇,"81001493",澄江（左岸）,114.4,24.9,1,O,2022-03-15 00:00:00
广东,粤北,韶关,始兴县,顿岗镇,"81001495",山口三级,114.2,24.9,1,O,2022-09-30 00:00:00
广东,粤北,韶关,始兴县,司前镇,"81001497",司前（林业站）,114.1,24.7,1,O,2022-03-21 00:00:00
广东,粤北,韶关,始兴县,深渡水瑶族乡,"81001499",禾花塘,114,24.9,1,O,2022-03-30 00:00:00
广东,粤北,韶关,始兴县,顿岗镇,"81001550",结龙湾,114.2,25,1,O,2022-03-20 00:00:00
广东,粤北,韶关,始兴县,沈所镇,"81001560",花山水库（进水塔）,113.9,24.9,1,O,2022-09-30 00:00:00
广东,粤北,韶关,始兴县,沈所镇,"81001565",沈所,114.1,25,1,O,2022-03-22 00:00:00
广东,粤北,韶关,始兴县,太平镇,"81001570",始兴,114.1,24.9,1,O,2022-03-21 00:00:00
广东,粤北,韶关,仁化县,黄坑镇,"81001580",大坝（仁化）,113.8,25,1,O,2022-03-20 00:00:00
广东,粤北,韶关,仁化县,丹霞街道,"81001590",锦江(仁化),113.8,25.2,1,O,2019-01-01 00:00:00
广东,粤北,韶关,仁化县,丹霞街道,"81001600",仁化（二）,113.7,25.1,1,O,2022-03-20 00:00:00
广东,粤北,韶关,仁化县,丹霞街道,"81001610",瑶山（坝下800m）,113.8,25.1,1,O,2022-03-22 00:00:00
广东,粤北,韶关,仁化县,城口镇,"81001630",东光（左岸）,113.7,25.2,1,O,2022-03-28 00:00:00
广东,粤北,韶关,仁化县,红山镇,"81001640",高坪,113.5,25.2,1,O,2025-03-31 00:00:00
广东,粤北,韶关,仁化县,长江镇,"81001652",长江（右岸）,113.8,25.2,1,O,2022-03-30 00:00:00
广东,粤北,韶关,仁化县,石塘镇,"81001657",猴子坪,113.6,25,1,O,2022-04-04 00:00:00
广东,粤北,韶关,仁化县,董塘镇,"81001660",澌溪河,113.7,25.1,1,O,2019-01-01 00:00:00
广东,粤北,韶关,浈江区,犁市镇,"81001665",高夫,113.6,24.8,1,O,2022-03-30 00:00:00
广东,粤北,韶关,浈江区,新韶镇,"81001670",瑶前,113.6,24.8,1,O,2022-03-22 00:00:00
广东,粤北,韶关,乐昌市,坪石镇,"81001850",坪石(二),113.1,25.3,1,O,2022-03-15 00:00:00
广东,粤北,韶关,乐昌市,坪石镇,"81001910",大石门,113,25.3,1,O,2025-03-31 00:00:00
广东,粤北,韶关,乐昌市,大源镇,"81001941",乐昌峡(坝上),113.2,25.2,1,O,2025-03-31 00:00:00
广东,粤北,韶关,乐昌市,大源镇,"81001942",乐昌峡(坝下),113.2,25.2,1,O,2025-03-31 00:00:00
广东,粤北,韶关,乐昌市,乐城街道,"81001950",乐昌(二),113.3,25.1,1,O,2022-03-18 00:00:00
广东,粤北,韶关,浈江区,犁市镇,"81002000",犁市(二),113.6,24.9,1,O,2022-03-18 00:00:00
广东,粤北,韶关,浈江区,十里亭镇,"81002055",西河桥,113.6,24.8,1,O,2022-03-20 00:00:00
广东,粤北,韶关,乐昌市,秀水镇,"81002073",橼子树下,113.1,25.2,1,O,2022-04-04 00:00:00
广东,粤北,韶关,乐昌市,坪石镇,"81002077",转村,112.9,25.2,1,O,2022-04-04 00:00:00
广东,粤北,韶关,乐昌市,坪石镇,"81002085",皈塘,113,25.4,1,O,2022-03-30 00:00:00
广东,粤北,韶关,乐昌市,坪石镇,"81002090",麦坪,113,25.4,1,O,2022-03-18 00:00:00
广东,粤北,韶关,乐昌市,庆云镇,"81002100",赤溪(四),113.1,25.4,1,O,2022-03-18 00:00:00
广东,粤北,韶关,乐昌市,坪石镇,"81002150",田头(三),113.2,25.4,1,O,2022-03-21 00:00:00
广东,粤北,韶关,乐昌市,梅花镇,"81002170",罗坝,113.1,25.2,1,O,2022-03-30 00:00:00
广东,粤北,韶关,乐昌市,两江镇,"81002205",上长塘,113.3,25.3,1,O,2022-04-04 00:00:00
广东,粤北,韶关,乐昌市,乐城街道,"81002240",后洞,113.4,25.1,1,O,2022-03-15 00:00:00
广东,粤北,韶关,乐昌市,五山镇,"81002250",麻坑㈡,113.6,25.2,1,O,2022-03-30 00:00:00
广东,粤北,韶关,乐昌市,五山镇,"81002260",东洛,113.6,25.3,1,O,2019-01-01 00:00:00
广东,粤北,韶关,乐昌市,长来镇,"81002262",和村,113.5,25.1,1,O,2022-03-17 00:00:00
广东,粤北,韶关,乐昌市,廊田镇,"81002265",龙山水库（乐昌）,113.5,25.1,1,O,2019-01-01 00:00:00
广东,粤北,韶关,乳源瑶族自治县,大桥镇,"81002280",大桥（镇北）,113.1,24.9,1,O,2022-03-30 00:00:00
广东,粤北,韶关,乳源瑶族自治县,必背镇,"81002290",横溪（乳源）,113.3,25,1,O,2022-09-29 00:00:00
广东,粤北,韶关,乳源瑶族自治县,必背镇,"81002295",钓鱼台,113.4,25.1,1,O,2022-03-17 00:00:00
广东,粤北,韶关,乳源瑶族自治县,一六镇,"81002320",大村（乳源）,113.5,24.9,1,O,2022-03-30 00:00:00
广东,粤北,韶关,武江区,重阳镇,"81002325",重阳,113.4,24.8,1,O,2022-03-17 00:00:00
广东,粤北,韶关,浈江区,花坪镇,"81002330",西牛潭,113.5,25,1,O,2022-09-29 00:00:00
广东,粤北,韶关,武江区,西联镇,"81002340",沐溪,113.4,24.8,1,O,2022-09-29 00:00:00
广东,粤北,韶关,乳源瑶族自治县,洛阳镇,"81002350",泉水,113.2,24.7,1,O,2019-01-01 00:00:00
广东,粤北,韶关,乳源瑶族自治县,东坪镇,"81002450",南水,113.2,24.8,1,O,2025-03-31 00:00:00
广东,粤北,韶关,乳源瑶族自治县,乳城镇,"81002520",侯公渡,113.3,24.7,1,O,2022-03-22 00:00:00
广东,粤北,韶关,武江区,龙归镇,"81002550",龙归（电站下游）,113.5,24.8,1,O,2022-03-21 00:00:00
广东,粤北,韶关,武江区,龙归镇,"81002555",多田,113.3,24.6,1,O,2022-04-04 00:00:00
广东,粤北,韶关,曲江区,马坝镇,"81002560",苍村,113.7,24.7,1,O,2019-01-01 00:00:00
广东,粤北,韶关,曲江区,马坝镇,"81002565",马坝,113.6,24.7,1,O,2022-03-16 00:00:00
广东,粤北,韶关,曲江区,罗坑镇,"81002569",罗坑水库,113.4,24.5,1,O,2025-03-31 00:00:00
广东,粤北,韶关,曲江区,樟市镇,"81002570",樟市,113.6,24.5,1,O,2022-04-04 00:00:00
广东,粤北,清远,英德市,英红镇,"81002575",牛盘石,113.3,24.4,1,O,2022-04-04 00:00:00
广东,粤北,清远,英德市,英红镇,"81002580",秀才山东,113.3,24.4,1,O,2019-01-01 00:00:00
广东,粤北,清远,英德市,望埠镇,"81002590",枫树坪,113.6,24.2,1,O,2019-01-01 00:00:00
广东,粤北,韶关,翁源县,官渡镇,"81002700",滃江,113.9,24.2,1,O,2022-03-16 00:00:00
广东,粤北,清远,英德市,桥头镇,"81002755",红桥(二),113.7,24.3,1,O,2022-03-28 00:00:00
广东,粤北,清远,英德市,大站镇,"81003000",长湖,113.5,24,1,O,2022-09-29 00:00:00
广东,粤北,清远,英德市,大站镇,"81003100",长湖水库(坝下二),113.4,24.2,1,O,2022-03-27 00:00:00
广东,粤北,韶关,翁源县,龙仙镇,"81003185",水口(翁源),114.2,24.4,1,O,2022-03-22 00:00:00
广东,粤北,韶关,翁源县,龙仙镇,"81003190",桂竹,114.1,24.4,1,O,2019-01-01 00:00:00
广东,粤北,韶关,翁源县,龙仙镇,"81003200",跃进,114.1,24.2,1,O,2019-01-01 00:00:00
广东,粤北,韶关,翁源县,龙仙镇,"81003205",龙仙,114,24.3,1,O,2022-03-22 00:00:00
广东,粤北,韶关,翁源县,周陂镇,"81003210",周陂,114,24.3,1,O,2022-04-02 00:00:00
广东,粤北,韶关,翁源县,官渡镇,"81003230",长潭水库（翁源官渡）,114,24.3,1,O,2022-09-30 00:00:00
广东,粤北,韶关,翁源县,官渡镇,"81003235",下陂,113.9,24.3,1,O,2022-04-04 00:00:00
广东,粤北,清远,英德市,青塘镇,"81003245",井下,113.9,24.3,1,O,2022-03-30 00:00:00
广东,粤北,清远,英德市,横石水镇,"81003255",横石水（桥下）,113.7,24.3,1,O,2022-03-21 00:00:00
广东,粤北,韶关,翁源县,翁城镇,"81003260",泉坑,113.8,24.4,1,O,2019-01-01 00:00:00
广东,粤北,清远,英德市,横石水镇,"81003270",上空,113.7,24.3,1,O,2022-09-29 00:00:00
广东,粤北,清远,英德市,东华镇,"81003280",空子,113.6,24.3,1,O,2022-09-29 00:00:00
广东,粤北,清远,英德市,白沙镇,"81003300",太平（佛子前）,113.8,24.1,1,O,2022-03-19 00:00:00
广东,粤北,清远,佛冈县,迳头镇,"81003320",井冈（佛冈）,113.7,24,1,O,2022-04-01 00:00:00
广东,粤北,清远,连州市,星子镇,"81003350",星子,112.5,25,1,O,2019-01-01 00:00:00
广东,粤北,清远,连州市,保安镇,"81003400",凤凰山,112.4,24.7,1,O,2022-03-18 00:00:00
广东,粤北,清远,连州市,星子镇,"81003450",潭岭,112.6,25,1,O,2019-01-01 00:00:00
广东,粤北,清远,连州市,连州镇,"81003500",连县(三),112.3,24.8,1,O,2022-03-28 00:00:00
广东,粤北,清远,阳山县,阳城镇,"81003550",阳山(一),112.7,24.5,1,O,2022-03-28 00:00:00
广东,粤北,清远,阳山县,青莲镇,"81003600",青莲(四),112.8,24.4,1,O,2022-03-31 00:00:00
广东,粤北,清远,英德市,浛洸镇,"81003740",架桥石,113.1,24.3,1,O,2025-03-31 00:00:00
广东,粤北,清远,英德市,浛洸镇,"81003790",高道(西牛),113.1,24.2,1,O,2022-03-27 00:00:00
广东,粤北,清远,英德市,西牛镇,"81003800",高道,113.3,24.2,1,O,2022-03-31 00:00:00
广东,粤北,清远,连州市,龙坪镇,"81003860",上兰靛,112.5,24.8,1,O,2019-01-01 00:00:00
广东,粤北,清远,连州市,龙坪镇,"81003865",步津（河边）,112.5,24.9,1,O,2022-03-30 00:00:00
广东,粤北,清远,连州市,保安镇,"81003880",保安（上游）,112.4,25,1,O,2022-03-09 00:00:00
广东,粤北,清远,连州市,连州镇,"81003905",沙洲寨,112.3,24.8,1,O,2022-03-21 00:00:00
广东,粤北,清远,连南瑶族自治县,三江镇,"81003930",连南,112.2,24.7,1,O,2022-03-30 00:00:00
广东,粤北,清远,连南瑶族自治县,寨岗镇,"81003945",寨岗（万角）,112.4,24.5,1,O,2022-03-23 00:00:00
广东,粤北,清远,阳山县,黎埠镇,"81003950",黄麖塘(二),112.5,24.6,1,O,2022-03-15 00:00:00
广东,粤北,清远,阳山县,大崀镇,"81004010",茶坑,112.6,24.5,1,O,2019-01-01 00:00:00
广东,粤北,清远,阳山县,七拱镇,"81004025",龙头岗,112.5,24.3,1,O,2022-03-21 00:00:00
广东,粤北,清远,阳山县,秤架瑶族乡,"81004050",大陂,112.8,24.7,1,O,2019-01-01 00:00:00
广东,粤北,清远,阳山县,黄坌镇,"81004108",黄坌,112.8,24.8,1,O,2022-03-30 00:00:00
广东,粤北,清远,英德市,波罗镇,"81004110",大潭河,113.1,24.5,1,O,2022-09-29 00:00:00
广东,粤北,清远,英德市,大湾镇,"81004113",长山,112.9,24.3,1,O,2022-03-09 00:00:00
广东,粤北,韶关,乳源瑶族自治县,洛阳镇,"81004115",坝美,113,24.7,1,O,2022-09-29 00:00:00
广东,粤北,清远,英德市,大湾镇,"81004118",蕉冈,112.8,24.4,1,O,2022-03-30 00:00:00
广东,粤北,清远,阳山县,江英镇,"81004120",沙坝（阳山）,112.9,24.6,1,O,2022-09-28 00:00:00
广东,粤北,清远,英德市,石灰铺镇,"81004125",石灰铺（关岭下）,113.1,24.3,1,O,2022-03-30 00:00:00
广东,粤北,清远,英德市,西牛镇,"81004128",沙坝（英德）,113.2,24.2,1,O,2022-04-04 00:00:00
广东,粤北,清远,英德市,大洞镇,"81004130",双鱼潭,113,24,1,O,2019-01-01 00:00:00
广东,粤北,清远,英德市,水边镇,"81004140",水边,113.2,24.1,1,O,2022-04-04 00:00:00
广东,粤北,清远,清城区,飞来峡镇,"81004150",马屋(二),113.2,23.8,1,O,2022-03-26 00:00:00
广东,粤北,清远,清城区,飞来峡镇,"81004200",高塱(二),113.1,23.8,1,O,2022-04-05 00:00:00
广东,粤北,清远,佛冈县,石角镇,"81004220",放牛洞,113.5,24,1,O,2022-09-30 00:00:00
广东,粤北,清远,佛冈县,石角镇,"81004250",大庙峡,113.4,23.9,1,O,2022-03-26 00:00:00
广东,粤北,清远,佛冈县,汤塘镇,"81004300",汤塘,113.5,23.8,1,O,2019-01-01 00:00:00
广东,粤北,清远,佛冈县,龙山镇,"81004320",龙山（河田）,113.4,23.7,1,O,2022-03-28 00:00:00
广东,粤北,清远,清城区,飞来峡镇,"81004350",江口圩（上游）,113.2,23.8,1,O,2022-03-26 00:00:00
广东,粤北,清远,清新区,禾云镇,"81004400",沙河,112.9,24,1,O,2019-01-01 00:00:00
广东,粤北,清远,清新区,龙颈镇,"81004450",珠坑,113,23.9,1,O,2022-04-02 00:00:00
广东,粤北,清远,清新区,太和镇,"81004500",迳口,112.9,23.7,1,O,2022-04-02 00:00:00
广东,粤北,清远,清新区,太平镇,"81004520",大秦,112.8,23.7,1,O,2022-09-27 00:00:00
广东,粤北,清远,清城区,源潭镇,"81004570",源潭,113.3,23.6,1,O,2022-04-02 00:00:00
广东,粤北,清远,清城区,源潭镇,"81004600",长怖,113.3,23.7,1,O,2022-04-02 00:00:00
广东,粤北,清远,清城区,龙塘镇,"81004620",龙沥,113,23.6,1,O,2022-03-13 00:00:00
广东,粤北,清远,清城区,石角镇,"81004680",花斗,113.1,23.5,1,O,2022-10-01 00:00:00
广东,珠三角,肇庆,四会市,威整镇,"81004700",威整,112.7,23.7,1,O,2022-03-22 00:00:00
广东,珠三角,肇庆,怀集县,怀城街道,"81004750",怀集(二),112.3,24,1,O,2022-04-04 00:00:00
广东,珠三角,肇庆,广宁县,古水镇,"81004850",古水,112.3,23.6,1,O,2022-03-27 00:00:00
广东,珠三角,肇庆,四会市,石狗镇,"81004900",石狗,112.6,23.3,1,O,2019-01-01 00:00:00
广东,珠三角,肇庆,四会市,城中街道,"81004930",四会,112.6,23.3,1,O,2022-03-28 00:00:00
广东,珠三角,肇庆,怀集县,蓝钟镇,"81005030",下竹,111.8,24,1,O,2019-01-01 00:00:00
广东,珠三角,肇庆,怀集县,怀城街道,"81005060",黄岗（怀集）,112,23.9,1,O,2022-03-23 00:00:00
广东,珠三角,肇庆,怀集县,马宁镇,"81005070",湖朗,112,24,1,O,2019-01-01 00:00:00
广东,珠三角,肇庆,怀集县,怀城街道,"81005150",大象(二),112.1,24.1,1,O,2022-03-27 00:00:00
广东,粤北,清远,连南瑶族自治县,寨岗镇,"81005190",板洞（水库）,112.2,24.3,1,O,2022-09-29 00:00:00
广东,珠三角,肇庆,怀集县,凤岗镇,"81005195",凤岗,112.3,24,1,O,2022-05-09 00:00:00
广东,珠三角,肇庆,怀集县,甘洒镇,"81005200",甘洒,112.2,24,1,O,2022-03-27 00:00:00
广东,珠三角,肇庆,怀集县,洽水镇,"81005310",长调,112.4,24.2,1,O,2022-09-29 00:00:00
广东,珠三角,肇庆,怀集县,洽水镇,"81005320",高塘,112.4,24.2,1,O,2022-09-29 00:00:00
广东,珠三角,肇庆,怀集县,洽水镇,"81005330",新湾,112.3,24.1,1,O,2025-03-31 00:00:00
广东,珠三角,肇庆,怀集县,凤岗镇,"81005350",马池,112.4,24,1,O,2022-03-27 00:00:00
广东,珠三角,肇庆,怀集县,永固镇,"81005410",永固（豪播）,112.1,23.8,1,O,2022-04-04 00:00:00
广东,珠三角,肇庆,广宁县,古水镇,"81005415",湘下,112.3,23.7,1,O,2022-04-01 00:00:00
广东,珠三角,肇庆,广宁县,北市镇,"81005420",花山（广宁）,112.6,23.8,1,O,2019-01-01 00:00:00
广东,珠三角,肇庆,广宁县,坑口镇,"81005430",上林（广宁）,112.5,23.7,1,O,2022-04-03 00:00:00
广东,珠三角,肇庆,广宁县,古水镇,"81005450",祝州,112.3,23.6,1,O,2022-03-19 00:00:00
广东,珠三角,肇庆,广宁县,南街街道,"81005460",南街,112.5,23.6,1,O,2022-04-03 00:00:00
广东,珠三角,肇庆,广宁县,宾亨镇,"81005464",宾亨,112.5,23.6,1,O,2022-04-04 00:00:00
广东,珠三角,肇庆,四会市,东城街道,"81005470",仓丰,112.8,23.3,1,O,2022-03-22 00:00:00
广东,粤北,韶关,仁化县,周田镇,"81010250",周田电站（坝上）,113.7,24.8,1,O,2025-03-31 00:00:00
广东,粤北,韶关,乐昌市,长来镇,"81011960",长安水电站,113.5,25,1,O,2025-03-31 00:00:00
广东,粤北,韶关,乳源瑶族自治县,桂头镇,"81011980",塘头水电站,113.5,25,1,O,2025-05-06 00:00:00
广东,粤北,韶关,浈江区,十里亭镇,"81012005",溢洲水电站,113.5,24.8,1,O,2025-04-02 00:00:00
广东,珠三角,广州,从化区,鳌头镇,"81014392",鳌头,113.3,23.7,1,O,2025-03-31 00:00:00
广东,珠三角,广州,从化区,鳌头镇,"81014394",大岭,113.3,23.5,1,O,2025-03-31 00:00:00
广东,珠三角,广州,从化区,鳌头镇,"81014396",潖二河(龙潭村),113.4,23.6,1,O,2025-03-31 00:00:00
广东,珠三角,广州,从化区,鳌头镇,"81014398",上西,113.4,23.8,1,O,2025-03-31 00:00:00
广东,珠三角,广州,从化区,鳌头镇,"81014422",凤歧,113.5,23.7,1,O,2025-03-31 00:00:00
广东,珠三角,广州,从化区,鳌头镇,"81014430",官庄,113.4,23.7,1,O,2025-03-31 00:00:00
广东,珠三角,广州,花都区,梯面镇,"81014652",红山,113.3,23.6,1,O,2025-03-31 00:00:00
广东,粤北,韶关,南雄市,界址镇,"81020015",下坝,114.7,25.3,1,O,2019-01-01 00:00:00
广东,粤北,韶关,南雄市,乌迳镇,"81020050",件塘,114.7,25.3,1,O,2019-01-01 00:00:00
广东,粤北,韶关,南雄市,乌迳镇,"81020060",乌迳,114.6,25.2,1,O,2019-01-01 00:00:00
广东,粤北,韶关,南雄市,油山镇,"81020080",大源,114.5,25.4,1,O,2019-01-01 00:00:00
广东,粤北,韶关,南雄市,坪田镇,"81020100",中坪,114.7,25.1,1,O,2019-01-01 00:00:00
广东,粤北,韶关,南雄市,南亩镇,"81020105",蛇岭水库,114.6,25.2,1,O,2020-04-28 00:00:00
广东,粤北,韶关,南雄市,邓坊镇,"81020110",苟石,114.5,25.3,1,O,2019-01-01 00:00:00
广东,粤北,韶关,南雄市,水口镇,"81020120",水口(南雄),114.4,25.2,1,O,2019-01-01 00:00:00
广东,粤北,韶关,南雄市,邓坊镇,"81020125",榕树,114.5,25.3,1,O,2019-01-01 00:00:00
广东,粤北,韶关,南雄市,黄坑镇,"81020130",围背水库,114.5,25.3,1,O,2019-01-01 00:00:00
广东,粤北,韶关,南雄市,珠玑镇,"81020135",梅岭,114.3,25.2,1,O,2019-01-01 00:00:00
广东,粤北,韶关,南雄市,珠玑镇,"81020140",横江（南雄）,114.3,25.2,1,O,2019-01-01 00:00:00
广东,粤北,韶关,南雄市,珠玑镇,"81020150",罗田水库（南雄）,114.5,25.2,1,O,2019-01-01 00:00:00
广东,粤北,韶关,南雄市,江头镇,"81020180",南埔,114.5,25,1,O,2019-01-01 00:00:00
广东,粤北,韶关,南雄市,江头镇,"81020185",江头,114.5,25.1,1,O,2019-01-01 00:00:00
广东,粤北,韶关,南雄市,珠玑镇,"81020190",乌坭水库（管理处）,114.3,25.2,1,O,2019-01-01 00:00:00
广东,粤北,韶关,南雄市,澜河镇,"81020220",澜河,114.2,25.2,1,O,2019-01-01 00:00:00
广东,粤北,韶关,南雄市,主田镇,"81020240",瀑布,114.3,25,1,O,2019-01-01 00:00:00
广东,粤北,韶关,南雄市,主田镇,"81020250",竹篙坑水库,114.3,25,1,O,2019-01-01 00:00:00
广东,粤北,韶关,南雄市,全安镇,"81020270",苍石水库,114.3,25.1,1,O,2019-01-01 00:00:00
广东,粤北,韶关,始兴县,马市镇,"81020273",大源(始兴),114.1,25.1,1,O,2019-01-01 00:00:00
广东,粤北,韶关,始兴县,澄江镇,"81020275",碗厂,114.4,24.8,1,O,2019-01-01 00:00:00
广东,粤北,韶关,始兴县,澄江镇,"81020280",澄江,114.3,25,1,O,2019-01-01 00:00:00
广东,粤北,韶关,始兴县,马市镇,"81020285",竹窝,114.1,25,1,O,2019-01-01 00:00:00
广东,粤北,韶关,始兴县,太平镇,"81020290",北山,114.1,25.1,1,O,2019-01-01 00:00:00
广东,粤北,韶关,始兴县,隘子镇,"81020295",坪丰,114,24.6,1,O,2019-01-01 00:00:00
广东,粤北,韶关,始兴县,隘子镇,"81020300",隘子,114,24.7,1,O,2019-01-01 00:00:00
广东,粤北,韶关,始兴县,隘子镇,"81020310",中心桃,114,24.7,1,O,2019-01-01 00:00:00
广东,粤北,韶关,始兴县,司前镇,"81020320",司前,114.1,24.7,1,O,2019-01-01 00:00:00
广东,粤北,韶关,始兴县,司前镇,"81020325",樟树湾,114,24.7,1,O,2019-01-01 00:00:00
广东,粤北,韶关,始兴县,深渡水乡,"81020330",深渡水,114.1,24.9,1,O,2019-01-01 00:00:00
广东,粤北,韶关,始兴县,罗坝镇,"81020350",画眉岭,114.1,24.8,1,O,2019-01-01 00:00:00
广东,粤北,韶关,始兴县,司前镇,"81020360",车八岭,114.1,24.7,1,O,2019-01-01 00:00:00
广东,粤北,韶关,始兴县,罗坝镇,"81020390",和平（始兴）,114.4,24.8,1,O,2019-01-01 00:00:00
广东,粤北,韶关,始兴县,罗坝镇,"81020420",都亨,114.3,24.7,1,O,2019-01-01 00:00:00
广东,粤北,韶关,始兴县,罗坝镇,"81020440",黄腾径,114.2,24.7,1,O,2019-01-01 00:00:00
广东,粤北,韶关,始兴县,罗坝镇,"81020460",梅子窝,114.1,24.8,1,O,2019-01-01 00:00:00
广东,粤北,韶关,始兴县,罗坝镇,"81020480",小安,114.3,24.8,1,O,2019-01-01 00:00:00
广东,粤北,韶关,始兴县,罗坝镇,"81020500",小铁寨,114.3,24.9,1,O,2019-01-01 00:00:00
广东,粤北,韶关,始兴县,沈所镇,"81020590",南方（始兴）,114,24.9,1,O,2019-01-01 00:00:00
广东,粤北,韶关,南雄市,百顺镇,"81020620",百顺,114.1,25.1,1,O,2019-01-01 00:00:00
广东,粤北,韶关,仁化县,黄坑镇,"81020625",黄坑（仁化）,113.9,25,1,O,2019-01-01 00:00:00
广东,粤北,韶关,仁化县,闻韶镇,"81020630",闻韶,113.9,25.1,1,O,2019-01-01 00:00:00
广东,粤北,韶关,仁化县,周田镇,"81020660",大围,113.9,24.9,1,O,2019-01-01 00:00:00
广东,粤北,韶关,仁化县,长江镇,"81020680",长江（仁化）,114,25.3,1,O,2019-01-01 00:00:00
广东,粤北,韶关,仁化县,扶溪镇,"81020700",扶溪,113.8,25.1,1,O,2019-01-01 00:00:00
广东,粤北,韶关,仁化县,城口镇,"81020740",城口（汇合口）,113.8,25.3,1,O,2019-01-01 00:00:00
广东,粤北,韶关,仁化县,红山镇,"81020760",五渡村,113.6,25.3,1,O,2019-01-01 00:00:00
广东,粤北,韶关,仁化县,红山镇,"81020770",前洞（仁化）,113.6,25.2,1,O,2019-01-01 00:00:00
广东,粤北,韶关,仁化县,城口镇,"81020780",厚坑,113.7,25.3,1,O,2019-01-01 00:00:00
广东,粤北,韶关,仁化县,石塘镇,"81020810",大水坝水库（管理所）,113.6,25.1,1,O,2019-01-01 00:00:00
广东,粤北,韶关,仁化县,石塘镇,"81020820",石塘,113.6,25.2,1,O,2019-01-01 00:00:00
广东,粤北,韶关,浈江区,犁市镇,"81020850",黄竹,113.6,24.9,1,O,2019-01-01 00:00:00
广东,粤北,韶关,曲江区,小坑镇,"81020860",小坑,113.8,24.7,1,O,2019-01-01 00:00:00
广东,粤北,韶关,曲江区,枫湾镇,"81020865",枫湾（渠道管养所）,113.8,24.8,1,O,2019-01-01 00:00:00
广东,粤北,韶关,曲江区,大塘镇,"81020870",大塘（曲江）,113.6,24.8,1,O,2019-01-01 00:00:00
广东,粤北,韶关,浈江区,乐园镇,"81020875",鹅坑桥,113.7,24.9,1,O,2019-01-01 00:00:00
广东,粤北,清远,连州市,大路边镇,"81020898",源塘,112.6,25.2,1,O,2019-01-01 00:00:00
广东,粤北,韶关,乐昌市,三溪镇,"81020960",三溪,113,25.4,1,O,2022-03-20 00:00:00
广东,粤北,韶关,乐昌市,沙坪镇,"81021000",沙坪(乐昌),113.1,25.2,1,O,2019-01-01 00:00:00
广东,粤北,韶关,乐昌市,坪石镇,"81021057",下竹岗,113.1,25.3,1,O,2019-01-01 00:00:00
广东,粤北,韶关,乐昌市,云岩镇,"81021070",云岩水库,113.1,25.1,1,O,2019-01-01 00:00:00
广东,粤北,韶关,乐昌市,梅花镇,"81021075",鹧鸪塘,113.1,25.1,1,O,2019-01-01 00:00:00
广东,粤北,韶关,乐昌市,梅花镇,"81021080",梅花,113.1,25.1,1,O,2019-01-01 00:00:00
广东,粤北,韶关,乐昌市,白石镇,"81021240",幸福水库,113.2,25.4,1,O,2019-01-01 00:00:00
广东,粤北,韶关,乐昌市,白石镇,"81021260",富村,113.3,25.5,1,O,2019-01-01 00:00:00
广东,粤北,韶关,乐昌市,黄圃镇,"81021280",歧下岭,113.3,25.4,1,O,2019-01-01 00:00:00
广东,粤北,韶关,乐昌市,庆云镇,"81021320",下黄沙,113.3,25.4,1,O,2019-01-01 00:00:00
广东,粤北,韶关,乐昌市,黄圃镇,"81021360",甘棠镇,113.1,25.5,1,O,2019-01-01 00:00:00
广东,粤北,韶关,乐昌市,庆云镇,"81021372",户昌山,113.3,25.5,1,O,2019-01-01 00:00:00
广东,粤北,韶关,乐昌市,梅花镇,"81021450",竹子塘,113.2,25.3,1,O,2019-01-01 00:00:00
广东,粤北,韶关,乐昌市,九峰镇,"81021480",九峰,113.3,25.4,1,O,2019-01-01 00:00:00
广东,粤北,韶关,乐昌市,九峰镇,"81021500",上曹洞,113.4,25.5,1,O,2019-01-01 00:00:00
广东,粤北,韶关,乐昌市,两江镇,"81021520",两江口,113.4,25.4,1,O,2019-01-01 00:00:00
广东,粤北,韶关,乐昌市,大源镇,"81021530",水源,113.3,25.3,1,O,2019-01-01 00:00:00
广东,粤北,韶关,乐昌市,大源镇,"81021540",墩子,113.2,25.2,1,O,2019-01-01 00:00:00
广东,粤北,韶关,乐昌市,大源镇,"81021545",鞋坑,113.3,25.1,1,O,2025-03-31 00:00:00
广东,粤北,韶关,乐昌市,北乡镇,"81021550",前洞（乐昌）,113.3,25.2,1,O,2019-01-01 00:00:00
广东,粤北,韶关,乐昌市,北乡镇,"81021555",小坑（乐昌）,113.4,25.1,1,O,2019-01-01 00:00:00
广东,粤北,韶关,乐昌市,五山镇,"81021620",杉木洞,113.6,25.3,1,O,2019-01-01 00:00:00
广东,粤北,韶关,乐昌市,五山镇,"81021640",麻坑,113.5,25.3,1,O,2019-01-01 00:00:00
广东,粤北,韶关,乐昌市,长来镇,"81021650",金鸡（乐昌）,113.3,25.1,1,O,2019-01-01 00:00:00
广东,粤北,韶关,乳源瑶族自治县,乳阳林业局,"81021660",五指山,113.1,24.9,1,O,2019-01-01 00:00:00
广东,粤北,韶关,乳源瑶族自治县,大桥镇,"81021665",泥竹塘,113.2,24.9,1,O,2019-01-01 00:00:00
广东,粤北,韶关,乳源瑶族自治县,大桥镇,"81021680",大桥,113.2,25,1,O,2019-01-01 00:00:00
广东,粤北,韶关,乳源瑶族自治县,大桥镇,"81021690",大坑（乳源）,113.2,25,1,O,2019-01-01 00:00:00
广东,粤北,韶关,乳源瑶族自治县,桂头镇,"81021700",杨溪,113.4,25.1,1,O,2019-01-01 00:00:00
广东,粤北,韶关,乳源瑶族自治县,桂头镇,"81021720",桂头,113.4,24.9,1,O,2019-01-01 00:00:00
广东,粤北,韶关,浈江区,犁市镇,"81021725",大旗岭,113.6,25,1,O,2019-01-01 00:00:00
广东,粤北,韶关,浈江区,犁市镇,"81021728",新屋坪,113.5,25,1,O,2019-01-01 00:00:00
广东,粤北,韶关,乳源瑶族自治县,游溪镇,"81021730",游溪,113.4,25,1,O,2019-01-01 00:00:00
广东,粤北,韶关,乳源瑶族自治县,一六镇,"81021732",石寨背水库（坝右）,113.3,24.9,1,O,2019-01-01 00:00:00
广东,粤北,韶关,乳源瑶族自治县,一六镇,"81021735",一六(乳源),113.3,24.8,1,O,2019-01-01 00:00:00
广东,粤北,韶关,乳源瑶族自治县,一六镇,"81021737",富良（乳源）,113.5,24.8,1,O,2019-01-01 00:00:00
广东,粤北,韶关,武江区,西河镇,"81021745",沙山水库,113.5,24.8,1,O,2019-01-01 00:00:00
广东,粤北,韶关,武江区,西河镇,"81021750",五里亭,113.6,24.7,1,O,2019-01-01 00:00:00
广东,粤北,韶关,武江区,西河镇,"81021753",黄田坝,113.6,24.9,1,O,2019-01-01 00:00:00
广东,粤北,韶关,武江区,西联镇,"81021755",黄沙坪,113.4,24.8,1,O,2019-01-01 00:00:00
广东,粤北,韶关,武江区,西联镇,"81021762",农科所,113.5,24.7,1,O,2019-01-01 00:00:00
广东,粤北,韶关,武江区,西河镇,"81021763",大转盘,113.5,24.8,1,O,2019-01-01 00:00:00
广东,粤北,韶关,浈江区,乐园镇,"81021765",沙梨园,113.5,24.8,1,O,2019-01-01 00:00:00
广东,粤北,韶关,武江区,西联镇,"81021770",西联,113.5,24.8,1,O,2019-01-01 00:00:00
广东,粤北,韶关,乳源瑶族自治县,洛阳镇,"81021780",坪溪（乳源）,113,24.8,1,O,2019-01-01 00:00:00
广东,粤北,韶关,乳源瑶族自治县,洛阳镇,"81021800",白竹,113.2,24.7,1,O,2019-01-01 00:00:00
广东,粤北,韶关,乳源瑶族自治县,洛阳镇,"81021810",李屋（乳源）,113.1,24.8,1,O,2019-01-01 00:00:00
广东,粤北,韶关,乳源瑶族自治县,东坪镇,"81021820",梯下,113.2,25,1,O,2019-01-01 00:00:00
广东,粤北,韶关,乳源瑶族自治县,乳城镇,"81021865",农中,113.2,24.7,1,O,2019-01-01 00:00:00
广东,粤北,韶关,乳源瑶族自治县,乳城镇,"81021870",麻子埂,113.3,24.9,1,O,2019-01-01 00:00:00
广东,粤北,韶关,武江区,江湾镇,"81021880",围坪,113.2,24.7,1,O,2019-01-01 00:00:00
广东,粤北,韶关,武江区,龙归镇,"81021890",中心,113.5,24.6,1,O,2019-01-01 00:00:00
广东,粤北,韶关,武江区,龙归镇,"81021900",龙归,113.4,24.7,1,O,2019-01-01 00:00:00
广东,粤北,韶关,曲江区,沙溪镇,"81021910",郭屋,113.7,24.6,1,O,2019-01-01 00:00:00
广东,粤北,韶关,曲江区,乌石镇,"81021925",下山陂,113.5,24.7,1,O,2019-01-01 00:00:00
广东,粤北,韶关,曲江区,樟市镇,"81021930",赖屋,113.5,24.7,1,O,2019-01-01 00:00:00
广东,粤北,韶关,曲江区,罗坑镇,"81021940",罗坑,113.4,24.6,1,O,2019-01-01 00:00:00
广东,粤北,清远,英德市,沙口镇,"81022013",新建电站,113.5,24.3,1,O,2019-01-01 00:00:00
广东,粤北,清远,英德市,沙口镇,"81022015",杨屋,113.4,24.4,1,O,2019-01-01 00:00:00
广东,粤北,清远,英德市,英红镇,"81022018",陈屋（英德英红）,113.4,24.5,1,O,2019-01-01 00:00:00
广东,粤北,清远,英德市,望埠镇,"81022020",寺前,113.5,24.2,1,O,2019-01-01 00:00:00
广东,粤北,清远,英德市,横石塘镇,"81022040",英德硫矿山,113.3,24.4,1,O,2019-01-01 00:00:00
广东,粤北,清远,英德市,英城街道,"81022050",矮山坪,113.4,24.3,1,O,2019-01-01 00:00:00
广东,粤北,韶关,翁源县,坝仔镇,"81022060",小磜,114.2,24.6,1,O,2019-01-01 00:00:00
广东,粤北,韶关,翁源县,坝仔镇,"81022080",岩庄,114.2,24.6,1,O,2019-01-01 00:00:00
广东,粤北,韶关,翁源县,坝仔镇,"81022100",鲁溪,114.1,24.5,1,O,2019-01-01 00:00:00
广东,粤北,韶关,翁源县,坝仔镇,"81022103",上洞水库,114.1,24.5,1,O,2019-01-01 00:00:00
广东,粤北,韶关,翁源县,坝仔镇,"81022105",丘兰,114.1,24.5,1,O,2019-01-01 00:00:00
广东,粤北,韶关,翁源县,江尾镇,"81022108",新罗,114.1,24.6,1,O,2019-01-01 00:00:00
广东,粤北,韶关,翁源县,江尾镇,"81022120",松塘,114,24.5,1,O,2019-01-01 00:00:00
广东,粤北,韶关,翁源县,江尾镇,"81022125",大甲水库,114.1,24.4,1,O,2019-01-01 00:00:00
广东,粤北,韶关,翁源县,江尾镇,"81022130",石灰潭,114.2,24.4,1,O,2019-01-01 00:00:00
广东,粤北,河源,连平县,陂头镇,"81022140",贵东,114.3,24.6,1,O,2019-01-01 00:00:00
广东,粤北,韶关,翁源县,龙仙镇,"81022160",高陂（翁源）,114.2,24.5,1,O,2019-01-01 00:00:00
广东,粤北,河源,连平县,陂头镇,"81022180",陂头（连平）,114.2,24.4,1,O,2019-01-01 00:00:00
广东,粤北,韶关,翁源县,龙仙镇,"81022285",新建（青山）,114.3,24.2,1,O,2019-01-01 00:00:00
广东,粤北,韶关,翁源县,周陂镇,"81022290",李屋（翁源）,114.1,24.3,1,O,2019-01-01 00:00:00
广东,粤北,韶关,翁源县,龙仙镇,"81022300",翁源,114.2,24.4,1,O,2019-01-01 00:00:00
广东,粤北,韶关,翁源县,龙仙镇,"81022310",民主,114.1,24.3,1,O,2019-01-01 00:00:00
广东,粤北,韶关,翁源县,龙仙镇,"81022320",三华,114,24.4,1,O,2019-01-01 00:00:00
广东,粤北,韶关,翁源县,周陂镇,"81022340",磜头,114,24.2,1,O,2019-01-01 00:00:00
广东,粤北,韶关,翁源县,周陂镇,"81022345",黄河,114,24.1,1,O,2019-01-01 00:00:00
广东,粤北,韶关,翁源县,周陂镇,"81022355",茜坑（翁源）,114.1,24.3,1,O,2019-01-01 00:00:00
广东,粤北,韶关,翁源县,官渡镇,"81022370",后岭,114,24.3,1,O,2019-01-01 00:00:00
广东,粤北,韶关,翁源县,江尾镇,"81022380",牛屎坜,114,24.5,1,O,2019-01-01 00:00:00
广东,粤北,韶关,翁源县,江尾镇,"81022385",华屋,114.1,24.5,1,O,2019-01-01 00:00:00
广东,粤北,韶关,翁源县,官渡镇,"81022390",庙墩,113.9,24.2,1,O,2019-01-01 00:00:00
广东,粤北,韶关,翁源县,官渡镇,"81022410",社背,113.9,24.3,1,O,2019-01-01 00:00:00
广东,粤北,韶关,新丰县,沙田镇,"81022420",下河洞,113.9,24,1,O,2019-01-01 00:00:00
广东,粤北,韶关,新丰县,沙田镇,"81022430",石龙头,114,24,1,O,2019-01-01 00:00:00
广东,粤北,韶关,新丰县,回龙镇,"81022440",回龙,113.9,24.1,1,O,2019-01-01 00:00:00
广东,粤北,韶关,新丰县,回龙镇,"81022450",欧公洞,113.9,24.1,1,O,2019-01-01 00:00:00
广东,粤北,清远,英德市,青塘镇,"81022470",岩下水库（抽水房顶）,113.8,24.2,1,O,2019-01-01 00:00:00
广东,粤北,韶关,翁源县,新江镇,"81022480",太平(翁源),113.9,24.6,1,O,2019-01-01 00:00:00
广东,粤北,韶关,翁源县,新江镇,"81022540",凉桥,113.7,24.4,1,O,2019-01-01 00:00:00
广东,粤北,韶关,翁源县,翁城镇,"81022550",墨岭,113.7,24.5,1,O,2019-01-01 00:00:00
广东,粤北,韶关,翁源县,翁城镇,"81022580",翁城,113.8,24.4,1,O,2019-01-01 00:00:00
广东,粤北,韶关,翁源县,翁城镇,"81022590",仙蕉坑,113.9,24.3,1,O,2019-01-01 00:00:00
广东,粤北,清远,英德市,横石水镇,"81022605",中空,113.8,24.4,1,O,2019-01-01 00:00:00
广东,粤北,清远,英德市,桥头镇,"81022608",黄陂（英德）,113.8,24.2,1,O,2019-01-01 00:00:00
广东,粤北,清远,英德市,东华镇,"81022610",金山,113.5,24.2,1,O,2019-01-01 00:00:00
广东,粤北,清远,英德市,东华镇,"81022615",金牛坪,113.6,24.3,1,O,2019-01-01 00:00:00
广东,粤北,清远,佛冈县,高岗镇,"81022630",路下,113.6,23.9,1,O,2019-01-01 00:00:00
广东,粤北,清远,佛冈县,高岗镇,"81022640",高岗,113.6,24,1,O,2019-01-01 00:00:00
广东,粤北,清远,佛冈县,迳头镇,"81022650",社坪,113.6,24,1,O,2019-01-01 00:00:00
广东,粤北,清远,佛冈县,迳头镇,"81022655",迳头,113.6,24.1,1,O,2019-01-01 00:00:00
广东,粤北,韶关,新丰县,遥田镇,"81022658",金山（新丰）,113.9,23.9,1,O,2019-01-01 00:00:00
广东,粤北,韶关,新丰县,遥田镇,"81022660",茶江,113.7,24.1,1,O,2019-01-01 00:00:00
广东,粤北,清远,英德市,白沙镇,"81022780",太平(英德),113.7,24.1,1,O,2019-01-01 00:00:00
广东,粤北,清远,英德市,白沙镇,"81022785",横岭,113.7,24.1,1,O,2019-01-01 00:00:00
广东,粤北,清远,英德市,东华镇,"81022790",鱼湾,113.7,24.2,1,O,2019-01-01 00:00:00
广东,粤北,清远,英德市,英城街道,"81022845",大坜口,113.3,24,1,O,2019-01-01 00:00:00
广东,粤北,清远,连州市,星子镇,"81022890",下村,112.5,25.1,1,O,2019-01-01 00:00:00
广东,粤北,清远,连州市,大路边镇,"81022900",顺头岭,112.5,25.1,1,O,2019-01-01 00:00:00
广东,粤北,清远,连州市,星子镇,"81022910",连坪,112.8,25,1,O,2019-01-01 00:00:00
广东,粤北,清远,连州市,星子镇,"81022940",清江,112.6,25,1,O,2019-01-01 00:00:00
广东,粤北,清远,连州市,星子镇,"81022950",红岩水库（管理所）,112.6,24.9,1,O,2019-01-01 00:00:00
广东,粤北,清远,连州市,西江镇,"81022980",西江,112.5,24.7,1,O,2025-03-31 00:00:00
广东,粤北,清远,连州市,龙坪镇,"81022985",围子水库,112.5,24.7,1,O,2019-01-01 00:00:00
广东,粤北,清远,连州市,西江镇,"81022990",老莫洞,112.6,24.8,1,O,2019-01-01 00:00:00
广东,粤北,清远,连州市,龙坪镇,"81022995",龙塘水库,112.6,24.9,1,O,2019-01-01 00:00:00
广东,粤北,清远,连州市,龙坪镇,"81023000",朝天桥,112.6,24.8,1,O,2019-01-01 00:00:00
广东,粤北,清远,连州市,龙坪镇,"81023010",麻步,112.4,24.9,1,O,2019-01-01 00:00:00
广东,粤北,清远,连州市,瑶安瑶族乡,"81023015",瑶安（瑶安村）,112.5,25.2,1,O,2019-01-01 00:00:00
广东,粤北,清远,连州市,瑶安瑶族乡,"81023020",田心,112.3,25.1,1,O,2019-01-01 00:00:00
广东,粤北,清远,连州市,瑶安瑶族乡,"81023040",洛阳(连县),112.5,25,1,O,2019-01-01 00:00:00
广东,粤北,清远,连州市,保安镇,"81023050",崩江冲,112.3,24.9,1,O,2019-01-01 00:00:00
广东,粤北,清远,连州市,三水瑶族乡,"81023100",云雾,112.2,25.1,1,O,2019-01-01 00:00:00
广东,粤北,清远,连州市,丰阳镇,"81023120",梁家,112.3,25.1,1,O,2019-01-01 00:00:00
广东,粤北,清远,连州市,丰阳镇,"81023130",柏梓楞,112.2,25.1,1,O,2019-01-01 00:00:00
广东,粤北,清远,连州市,丰阳镇,"81023140",小水坪,112.3,25,1,O,2019-01-01 00:00:00
广东,粤北,清远,连州市,西岸镇,"81023180",蓝管,112.3,25,1,O,2019-01-01 00:00:00
广东,粤北,清远,连州市,连州镇,"81023202",沙坊,112.2,24.8,1,O,2019-01-01 00:00:00
广东,粤北,清远,连南瑶族自治县,三江镇,"81023205",金坑（连南）,112.2,24.7,1,O,2019-01-01 00:00:00
广东,粤北,清远,连南瑶族自治县,涡水镇,"81023210",马头,112.1,24.7,1,O,2019-01-01 00:00:00
广东,粤北,清远,连山壮族瑶族自治县,太保镇,"81023272",白沙（镇东）,112.2,24.7,1,O,2019-01-01 00:00:00
广东,粤北,清远,连南瑶族自治县,三江镇,"81023275",连南（村西）,112.2,24.6,1,O,2019-01-01 00:00:00
广东,粤北,清远,连州市,九陂镇,"81023300",九陂,112.4,24.7,1,O,2019-01-01 00:00:00
广东,粤北,清远,连南瑶族自治县,大麦山镇,"81023340",白芒,112.2,24.4,1,O,2019-01-01 00:00:00
广东,粤北,清远,连南瑶族自治县,大麦山镇,"81023380",沙坪(连南),112.4,24.4,1,O,2019-01-01 00:00:00
广东,粤北,清远,阳山县,七拱镇,"81023390",田湖水库,112.4,24.3,1,O,2019-01-01 00:00:00
广东,粤北,清远,连南瑶族自治县,寨岗镇,"81023400",高界,112.5,24.5,1,O,2019-01-01 00:00:00
广东,粤北,清远,连南瑶族自治县,寨岗镇,"81023420",新寨,112.3,24.5,1,O,2019-01-01 00:00:00
广东,粤北,清远,连南瑶族自治县,寨岗镇,"81023435",沙木塘水库,112.4,24.3,1,O,2019-01-01 00:00:00
广东,粤北,清远,连南瑶族自治县,寨岗镇,"81023438",上牛塘水库,112.3,24.3,1,O,2019-01-01 00:00:00
广东,粤北,清远,连南瑶族自治县,寨岗镇,"81023480",寨岗,112.3,24.5,1,O,2019-01-01 00:00:00
广东,粤北,清远,阳山县,黎埠镇,"81023540",九龙坪,112.4,24.5,1,O,2019-01-01 00:00:00
广东,粤北,清远,阳山县,黎埠镇,"81023560",扶村,112.4,24.4,1,O,2019-01-01 00:00:00
广东,粤北,清远,阳山县,黎埠镇,"81023610",柳塘,112.4,24.6,1,O,2019-01-01 00:00:00
广东,粤北,清远,阳山县,小江镇,"81023620",小江,112.5,24.6,1,O,2019-01-01 00:00:00
广东,粤北,清远,阳山县,阳城镇,"81023630",城北水库,112.6,24.4,1,O,2019-01-01 00:00:00
广东,粤北,清远,阳山县,阳城镇,"81023645",隔江寨,112.5,24.4,1,O,2019-01-01 00:00:00
广东,粤北,清远,阳山县,杨梅镇,"81023652",坪洞,112.6,24.2,1,O,2019-01-01 00:00:00
广东,粤北,清远,阳山县,太平镇,"81023655",骆屋,112.5,24.2,1,O,2019-01-01 00:00:00
广东,粤北,清远,阳山县,太平镇,"81023660",太平(阳山),112.5,24.2,1,O,2019-01-02 00:00:00
广东,粤北,清远,阳山县,七拱镇,"81023680",隔水,112.6,24.3,1,O,2019-01-01 00:00:00
广东,粤北,清远,阳山县,杜步镇,"81023690",不架石,112.8,24.2,1,O,2019-01-01 00:00:00
广东,粤北,清远,阳山县,杜步镇,"81023700",杜步,112.7,24.3,1,O,2019-01-01 00:00:00
广东,粤北,清远,阳山县,秤架瑶族乡,"81023740",上洞,112.9,24.9,1,O,2019-01-01 00:00:00
广东,粤北,清远,阳山县,秤架瑶族乡,"81023750",下洞,113,25,1,O,2019-01-01 00:00:00
广东,粤北,清远,阳山县,秤架瑶族乡,"81023760",东坑坪,112.8,24.8,1,O,2019-01-01 00:00:00
广东,粤北,清远,阳山县,秤架瑶族乡,"81023775",秤架(阳山),112.8,24.8,1,O,2019-01-01 00:00:00
广东,粤北,清远,阳山县,岭背镇,"81023800",岭背,112.7,24.6,1,O,2019-01-01 00:00:00
广东,粤北,清远,阳山县,岭背镇,"81023820",曹田坑,112.7,24.6,1,O,2019-01-01 00:00:00
广东,粤北,清远,阳山县,岭背镇,"81023825",下耙,112.8,24.6,1,O,2019-01-01 00:00:00
广东,粤北,清远,阳山县,岭背镇,"81023828",上蓬,112.8,24.6,1,O,2019-01-01 00:00:00
广东,粤北,清远,阳山县,青莲镇,"81023830",寺山（村北）,112.7,24.4,1,O,2019-01-01 00:00:00
广东,粤北,清远,阳山县,青莲镇,"81023835",朋塘,112.7,24.5,1,O,2019-01-01 00:00:00
广东,粤北,清远,阳山县,青莲镇,"81023870",上水虾,112.8,24.4,1,O,2019-01-01 00:00:00
广东,粤北,韶关,乳源瑶族自治县,洛阳镇,"81023920",石街,112.8,24.6,1,O,2019-01-01 00:00:00
广东,粤北,清远,英德市,波罗镇,"81023970",波罗,112.9,24.4,1,O,2019-01-01 00:00:00
广东,粤北,清远,英德市,大湾镇,"81024000",古道径,112.9,24.4,1,O,2019-01-01 00:00:00
广东,粤北,清远,英德市,大湾镇,"81024020",大湾（英德）,112.9,24.4,1,O,2022-03-21 00:00:00
广东,粤北,清远,英德市,含光镇,"81024025",石脚下,113,24.2,1,O,2019-01-01 00:00:00
广东,粤北,韶关,乳源瑶族自治县,大布镇,"81024060",大布,113,24.6,1,O,2019-01-01 00:00:00
广东,粤北,韶关,乳源瑶族自治县,大布镇,"81024065",大桥榔水库（管理所）,113.1,24.6,1,O,2019-01-01 00:00:00
广东,粤北,韶关,乳源瑶族自治县,大布镇,"81024068",桥背,113.2,24.5,1,O,2019-01-01 00:00:00
广东,粤北,清远,英德市,石牯塘镇,"81024075",锦潭,113.2,24.5,1,O,2022-09-13 00:00:00
广东,粤北,清远,英德市,石牯塘镇,"81024080",岭下,113.2,24.4,1,O,2019-01-01 00:00:00
广东,粤北,清远,英德市,黄花镇,"81024082",高坡（英德）,113,24.2,1,O,2019-01-01 00:00:00
广东,粤北,清远,英德市,西牛镇,"81024084",陈屋（英德西牛）,113.1,24,1,O,2019-01-01 00:00:00
广东,粤北,清远,英德市,石牯塘镇,"81024086",鲤鱼,113.2,24.4,1,O,2019-01-01 00:00:00
广东,粤北,清远,英德市,石灰铺镇,"81024088",惟东,113.2,24.4,1,O,2019-01-01 00:00:00
广东,粤北,清远,英德市,石灰铺镇,"81024090",石灰铺（锦潭电站）,113.2,24.3,1,O,2019-01-01 00:00:00
广东,粤北,清远,英德市,黄花镇,"81024110",溪村,112.8,24.1,1,O,2019-01-01 00:00:00
广东,粤北,清远,英德市,黄花镇,"81024120",明迳,113,24.1,1,O,2019-01-01 00:00:00
广东,粤北,清远,英德市,大洞镇,"81024140",大洞,113.1,23.9,1,O,2019-01-01 00:00:00
广东,粤北,清远,英德市,连江口镇,"81024185",连樟,113.4,24,1,O,2019-01-01 00:00:00
广东,粤北,清远,英德市,黎溪镇,"81024190",恒昌,113.1,24,1,O,2019-01-01 00:00:00
广东,粤北,清远,清城区,飞来峡镇,"81024220",山心,113.2,23.9,1,O,2019-01-01 00:00:00
广东,粤北,清远,清城区,飞来峡镇,"81024240",金骨,113.1,23.9,1,O,2019-01-01 00:00:00
广东,粤北,清远,清城区,飞来峡镇,"81024260",庙窿尾,113.1,23.9,1,O,2019-01-01 00:00:00
广东,粤北,清远,清城区,飞来峡镇,"81024280",马头面,113.2,23.9,1,O,2019-01-01 00:00:00
广东,粤北,清远,佛冈县,水头镇,"81024340",下潭洞,113.7,23.8,1,O,2019-01-01 00:00:00
广东,粤北,清远,佛冈县,水头镇,"81024360",桂田村,113.7,23.8,1,O,2019-01-01 00:00:00
广东,粤北,清远,佛冈县,石角镇,"81024380",下莲塘,113.7,23.8,1,O,2019-01-01 00:00:00
广东,粤北,清远,佛冈县,石角镇,"81024420",白沙,113.5,23.9,1,O,2019-01-01 00:00:00
广东,粤北,清远,佛冈县,石角镇,"81024440",佛冈（水务局）,113.5,23.8,1,O,2019-01-01 00:00:00
广东,粤北,清远,佛冈县,石角镇,"81024450",山田（佛冈）,113.5,23.9,1,O,2019-01-01 00:00:00
广东,粤北,清远,佛冈县,石角镇,"81024460",象龙,113.4,23.9,1,O,2019-01-01 00:00:00
广东,粤北,清远,佛冈县,石角镇,"81024480",坝仔,113.5,23.8,1,O,2019-01-01 00:00:00
广东,粤北,清远,佛冈县,汤塘镇,"81024550",黄花,113.5,23.8,1,O,2019-01-01 00:00:00
广东,粤北,清远,佛冈县,汤塘镇,"81024555",石瓮,113.5,23.8,1,O,2019-01-01 00:00:00
广东,粤北,清远,佛冈县,龙山镇,"81024575",良洞,113.4,23.9,1,O,2019-01-01 00:00:00
广东,粤北,清远,佛冈县,龙山镇,"81024580",龙山,113.4,23.7,1,O,2019-01-01 00:00:00
广东,珠三角,广州,从化区,鳌头镇,"81024600",鳌头,113.4,23.6,1,O,2019-01-01 00:00:00
广东,珠三角,广州,从化区,鳌头镇,"81024620",茂墩,113.4,23.7,1,O,2019-01-01 00:00:00
广东,珠三角,广州,从化区,鳌头镇,"81024640",响水窿,113.4,23.8,1,O,2019-01-01 00:00:00
广东,粤北,清远,清城区,东城街道,"81024710",黄藤峡,113.1,23.8,1,O,2019-01-01 00:00:00
广东,粤北,清远,清新区,笔架林场,"81024715",笔架山,112.9,23.9,1,O,2019-01-01 00:00:00
广东,粤北,清远,清新区,石潭镇,"81024740",下坑,112.6,24.1,1,O,2019-01-01 00:00:00
广东,粤北,清远,清新区,石潭镇,"81024755",坑尾山,112.6,24.1,1,O,2019-01-01 00:00:00
广东,粤北,清远,清新区,石潭镇,"81024760",石潭,112.7,24.1,1,O,2019-01-01 00:00:00
广东,粤北,清远,清新区,浸潭镇,"81024800",桃源,112.6,24.2,1,O,2019-01-01 00:00:00
广东,粤北,清远,清新区,浸潭镇,"81024840",龙须带,112.6,24.2,1,O,2022-10-01 00:00:00
广东,粤北,清远,清新区,浸潭镇,"81024850",大罗山（管理所）,112.6,24.1,1,O,2019-01-01 00:00:00
广东,粤北,清远,清新区,龙颈镇,"81024900",石坎,112.7,23.9,1,O,2019-01-01 00:00:00
广东,粤北,清远,清新区,龙颈镇,"81024910",龙颈（高二）,112.8,23.9,1,O,2019-01-01 00:00:00
广东,粤北,清远,清新区,龙颈镇,"81024920",南冲,112.7,23.9,1,O,2019-01-01 00:00:00
广东,粤北,清远,清新区,禾云镇,"81024940",鱼咀,113.1,23.9,1,O,2019-01-01 00:00:00
广东,粤北,清远,清新区,禾云镇,"81024950",风云（管理所）,113.1,24,1,O,2019-01-01 00:00:00
广东,粤北,清远,清新区,太和镇,"81024990",清新,113,23.7,1,O,2019-01-01 00:00:00
广东,粤北,清远,清新区,山塘镇,"81024995",山塘（清新）,112.9,23.6,1,O,2019-01-01 00:00:00
广东,粤北,清远,清城区,龙塘镇,"81025020",迎咀,113.1,23.7,1,O,2019-01-01 00:00:00
广东,粤北,清远,清城区,龙塘镇,"81025040",银盏,113.2,23.5,1,O,2022-09-30 00:00:00
广东,珠三角,肇庆,广宁县,江屯镇,"81025070",江屯,112.6,23.7,1,O,2019-01-01 00:00:00
广东,粤北,清远,清新区,三坑镇,"81025075",西坑（清新）,112.7,23.6,1,O,2019-01-01 00:00:00
广东,粤北,清远,清新区,三坑镇,"81025078",九牛洞,112.8,23.6,1,O,2019-01-01 00:00:00
广东,珠三角,肇庆,四会市,迳口镇,"81025085",水迳,112.8,23.4,1,O,2022-09-14 00:00:00
广东,粤北,清远,清新区,三坑镇,"81025090",三坑（清新）,112.9,23.5,1,O,2019-01-01 00:00:00
广东,粤北,清远,清新区,三坑镇,"81025095",茅舍岭水闸,112.9,23.5,1,O,2019-01-01 00:00:00
广东,粤北,清远,连山壮族瑶族自治县,小三江镇,"81025120",七星坑,112.2,24.3,1,O,2025-03-31 00:00:00
广东,粤北,清远,连山壮族瑶族自治县,小三江镇,"81025140",长久,112.1,24.3,1,O,2025-03-31 00:00:00
广东,粤北,清远,连山壮族瑶族自治县,小三江镇,"81025160",加田,112.1,24.3,1,O,2025-03-31 00:00:00
广东,粤北,清远,连山壮族瑶族自治县,小三江镇,"81025180",小三江,112.2,24.2,1,O,2019-01-01 00:00:00
广东,粤北,清远,连山壮族瑶族自治县,上帅镇,"81025200",上帅,112.1,24.2,1,O,2019-01-01 00:00:00
广东,珠三角,肇庆,怀集县,下帅壮族瑶族乡,"81025220",下帅,112.1,24.2,1,O,2019-05-31 00:00:00
广东,珠三角,肇庆,怀集县,中洲镇,"81025240",中洲,112.1,24.1,1,O,2019-01-01 00:00:00
广东,珠三角,肇庆,怀集县,中洲镇,"81025290",白竹坑,112.2,24.1,1,O,2019-01-01 00:00:00
广东,珠三角,肇庆,怀集县,蓝钟镇,"81025340",大浪,112,24.1,1,O,2019-01-01 00:00:00
广东,珠三角,肇庆,怀集县,马宁镇,"81025360",马宁水,112,24.1,1,O,2019-01-01 00:00:00
广东,珠三角,肇庆,怀集县,大岗镇,"81025380",大岗,112,23.8,1,O,2019-01-01 00:00:00
广东,珠三角,肇庆,怀集县,冷坑镇,"81025400",三坑,112,24.1,1,O,2019-01-01 00:00:00
广东,珠三角,肇庆,怀集县,冷坑镇,"81025405",冷坑,112,24,1,O,2019-01-01 00:00:00
广东,珠三角,肇庆,怀集县,闸岗镇,"81025410",闸岗,112.1,23.8,1,O,2019-01-01 00:00:00
广东,珠三角,肇庆,怀集县,怀城镇,"81025425",大龙村,112.2,23.8,1,O,2019-01-01 00:00:00
广东,粤北,清远,连南瑶族自治县,寨岗镇,"81025430",板洞（保护站）,112.2,24.4,1,O,2019-01-01 00:00:00
广东,珠三角,肇庆,怀集县,洽水镇,"81025440",白水,112.3,24.3,1,O,2019-03-29 00:00:00
广东,珠三角,肇庆,怀集县,洽水镇,"81025460",洽水,112.4,24.1,1,O,2019-01-01 00:00:00
广东,粤北,清远,阳山县,杨梅镇,"81025480",坪湖,112.6,24.1,1,O,2019-01-01 00:00:00
广东,粤北,清远,阳山县,杨梅镇,"81025520",河皮,112.5,24.2,1,O,2019-01-01 00:00:00
广东,珠三角,肇庆,怀集县,凤岗镇,"81025540",白坭坑,112.4,24,1,O,2019-01-01 00:00:00
广东,粤北,清远,阳山县,杨梅镇,"81025560",大平,112.4,24,1,O,2019-01-01 00:00:00
广东,珠三角,肇庆,怀集县,凤岗镇,"81025600",上凳,112.5,24,1,O,2019-01-01 00:00:00
广东,珠三角,肇庆,怀集县,凤岗镇,"81025640",上良,112.5,24.1,1,O,2019-01-01 00:00:00
广东,珠三角,肇庆,怀集县,诗洞镇,"81025800",诗洞,112.1,23.7,1,O,2019-01-01 00:00:00
广东,珠三角,肇庆,怀集县,永固镇,"81025820",永固,112.1,23.6,1,O,2019-01-01 00:00:00
广东,珠三角,肇庆,广宁县,石咀镇,"81025823",石咀（广宁）,112.1,23.6,1,O,2019-01-01 00:00:00
广东,珠三角,肇庆,广宁县,古水镇,"81025825",湘门,112.1,23.8,1,O,2019-01-01 00:00:00
广东,粤北,清远,清新区,浸潭镇,"81025840",蕉坑,112.7,23.9,1,O,2019-01-01 00:00:00
广东,珠三角,肇庆,广宁县,北市镇,"81025860",丹竹坑,112.7,24,1,O,2019-03-29 00:00:00
广东,珠三角,肇庆,广宁县,赤坑镇,"81025880",云山里,112.4,24,1,O,2019-01-01 00:00:00
广东,珠三角,肇庆,广宁县,北市镇,"81025900",北市,112.6,23.9,1,O,2019-01-01 00:00:00
广东,珠三角,肇庆,广宁县,赤坑镇,"81025920",汶水,112.3,23.8,1,O,2019-01-01 00:00:00
广东,珠三角,肇庆,广宁县,螺岗镇,"81025940",螺岗,112.5,23.6,1,O,2019-01-01 00:00:00
广东,珠三角,肇庆,广宁县,木格镇,"81025990",木格,112.1,23.6,1,O,2019-01-01 00:00:00
广东,珠三角,肇庆,广宁县,洲仔镇,"81025995",清桂,112.2,23.6,1,O,2019-01-01 00:00:00
广东,珠三角,肇庆,广宁县,洲仔镇,"81025998",清水口,112.3,23.6,1,O,2019-01-01 00:00:00
广东,珠三角,肇庆,广宁县,洲仔镇,"81026000",格水,112.1,23.5,1,O,2019-01-01 00:00:00
广东,珠三角,肇庆,广宁县,横山镇,"81026030",横山（广宁）,112.5,23.6,1,O,2019-01-01 00:00:00
广东,珠三角,肇庆,广宁县,五和镇,"81026040",大坑,112.3,23.5,1,O,2019-01-01 00:00:00
广东,珠三角,肇庆,广宁县,宾亨镇,"81026043",中村（广宁）,112.4,23.4,1,O,2019-01-01 00:00:00
广东,珠三角,肇庆,广宁县,排沙镇,"81026045",排沙,112.5,23.4,1,O,2019-01-01 00:00:00
广东,珠三角,肇庆,四会市,黄田镇,"81026050",高崀,112.5,23.3,1,O,2019-01-01 00:00:00
广东,珠三角,肇庆,广宁县,潭布镇,"81026080",潭布,112.6,23.5,1,O,2019-01-01 00:00:00
广东,珠三角,肇庆,四会市,江谷镇,"81026100",江谷,112.7,23.5,1,O,2025-03-31 00:00:00
广东,珠三角,肇庆,四会市,大沙镇,"81026125",大沙（四会）,112.7,23.2,1,O,2019-01-01 00:00:00
广东,珠三角,肇庆,四会市,大旺街道,"81026130",龙王庙,112.8,23.3,1,O,2022-09-14 00:00:00
广东,珠三角,肇庆,四会市,大旺华侨农场,"81026138",大旺水利局,112.9,23.2,1,O,2019-01-01 00:00:00
广东,粤北,韶关,曲江区,罗坑镇,"81043900",瑶族（罗坑）,113.3,24.5,1,O,2025-03-31 00:00:00
广东,粤北,韶关,曲江区,罗坑镇,"81043920",中心坝（曲江）,113.3,24.6,1,O,2025-03-31 00:00:00
广东,粤北,清远,阳山县,太平镇,"81046000",大清,112.5,24.2,1,O,2025-03-31 00:00:00
广东,粤北,清远,阳山县,太平镇,"81046005",湖洞,112.5,24.2,1,O,2025-03-31 00:00:00
广东,粤北,清远,阳山县,太平镇,"81046010",围龙,112.6,24.3,1,O,2025-03-31 00:00:00
广东,粤北,清远,阳山县,太平镇,"81046012",清水,112.5,24.2,1,O,2025-03-31 00:00:00
广东,粤北,清远,阳山县,七拱镇,"81046015",和平（阳山）,112.5,24.2,1,O,2025-03-31 00:00:00
广东,粤北,清远,阳山县,杜步镇,"81046020",龙虎坑,112.7,24.2,1,O,2025-03-31 00:00:00
广东,粤北,清远,阳山县,太平镇,"81046025",大城,112.5,24.4,1,O,2025-03-31 00:00:00
广东,粤北,清远,阳山县,七拱镇,"81046028",谭村,112.6,24.3,1,O,2025-03-31 00:00:00
广东,粤北,清远,阳山县,七拱镇,"81046030",芙蓉（阳山）,112.6,24.2,1,O,2025-03-31 00:00:00
广东,粤北,清远,阳山县,七拱镇,"81046035",西路,112.4,24.4,1,O,2025-03-31 00:00:00
广东,粤北,清远,阳山县,七拱镇,"81046040",石角（阳山）,112.6,24.4,1,O,2025-03-31 00:00:00
广东,粤北,清远,阳山县,七拱镇,"81046042",龙脊,112.5,24.3,1,O,2025-03-31 00:00:00
广东,粤北,清远,阳山县,七拱镇,"81046044",三所,112.7,24.4,1,O,2025-03-31 00:00:00
广东,粤北,清远,阳山县,七拱镇,"81046046",西连（阳山）,112.5,24.4,1,O,2025-03-31 00:00:00
广东,粤北,清远,阳山县,七拱镇,"81046048",新圩（阳山）,112.5,24.3,1,O,2025-03-31 00:00:00
广东,粤北,清远,阳山县,七拱镇,"81046050",隔坑,112.6,24.4,1,O,2025-03-31 00:00:00
广东,粤北,清远,阳山县,七拱镇,"81046052",岩口,112.6,24.4,1,O,2025-03-31 00:00:00
广东,粤北,清远,阳山县,七拱镇,"81046055",火岗,112.6,24.4,1,O,2025-03-31 00:00:00
广东,粤北,清远,佛冈县,水头镇,"81047000",桂元,113.6,23.9,1,O,2025-03-31 00:00:00
广东,粤北,清远,佛冈县,水头镇,"81047002",石潭（佛冈）,113.6,23.9,1,O,2025-03-31 00:00:00
广东,粤北,清远,佛冈县,水头镇,"81047003",西田（佛冈）,113.6,23.8,1,O,2025-03-31 00:00:00
广东,粤北,清远,佛冈县,水头镇,"81047010",铜溪,113.6,23.8,1,O,2025-03-31 00:00:00
广东,粤北,清远,佛冈县,水头镇,"81047012",新坣,113.6,23.8,1,O,2025-03-31 00:00:00
广东,粤北,清远,佛冈县,水头镇,"81047015",莲瑶,113.6,24,1,O,2025-03-31 00:00:00
广东,粤北,韶关,仁化县,董塘镇,"81081605",赤石迳,113.6,25.2,1,O,2022-09-30 00:00:00
广东,粤北,韶关,仁化县,周田镇,"81085050",周田,113.9,24.9,1,O,2019-01-01 00:00:00
广东,粤北,河源,龙川县,车田镇,"81100250",枫树坝水库（大坝）,115.4,24.4,1,O,2022-10-02 00:00:00
广东,粤北,河源,龙川县,老隆镇,"81100350",龙川,115.2,24.1,1,O,2022-04-01 00:00:00
广东,粤北,河源,东源县,黄田镇,"81100400",黄田(三),115,23.9,1,O,2022-04-01 00:00:00
广东,粤北,河源,源城区,上城街道,"81100550",河源,114.6,23.8,1,O,2022-04-01 00:00:00
广东,珠三角,惠州,博罗县,石坝镇,"81100610",古竹（雨量）,114.6,23.6,1,O,2019-01-01 00:00:00
广东,珠三角,惠州,惠城区,芦洲镇,"81100650",观音阁(二),114.7,23.5,1,O,2022-04-01 00:00:00
广东,珠三角,惠州,惠城区,汝湖镇,"81100700",岭下,114.6,23.3,1,O,2022-03-26 00:00:00
广东,珠三角,惠州,惠城区,桥西街道,"81100850",惠阳(二),114.5,23.1,1,O,2022-03-24 00:00:00
广东,珠三角,惠州,博罗县,罗阳街道,"81100950",博罗(二),114.3,23.1,1,O,2022-03-24 00:00:00
广东,珠三角,东莞,东莞市,石龙镇,"81101350",石龙(樊屋),114,23.2,1,O,2022-03-18 00:00:00
广东,粤北,梅州,兴宁市,罗浮镇,"81101510",瑶兴,115.6,24.5,1,O,2022-03-09 00:00:00
广东,粤北,河源,和平县,下车镇,"81101520",下车（和平）,115.2,24.7,1,O,2022-03-31 00:00:00
广东,粤北,河源,和平县,合水镇,"81101560",大阁（桥下）,114.9,24.4,1,O,2022-03-12 00:00:00
广东,粤北,河源,和平县,东水镇,"81101650",新源,115.1,24.2,1,O,2022-03-24 00:00:00
广东,粤北,河源,和平县,长塘镇,"81101700",长塘,115.2,24.6,1,O,2022-03-31 00:00:00
广东,粤北,河源,和平县,阳明镇,"81101710",和平（平安桥）,115,24.5,1,O,2022-03-12 00:00:00
广东,粤北,河源,和平县,贝墩镇,"81101730",三多桥,115.3,24.5,1,O,2022-03-12 00:00:00
广东,粤北,河源,和平县,彭寨镇,"81101750",星丰(三),115.1,24.4,1,O,2022-03-08 00:00:00
广东,粤北,河源,紫金县,紫城镇,"81101780",白溪水库,115.2,23.7,1,O,2019-01-01 00:00:00
广东,粤北,韶关,新丰县,丰城街道,"81101845",新丰,114.2,24,1,O,2022-03-18 00:00:00
广东,粤北,韶关,新丰县,丰城街道,"81101850",岳城（二）,114.2,24,1,O,2022-03-18 00:00:00
广东,粤北,韶关,新丰县,丰城街道,"81102060",鲁古河,114.2,24,1,O,2019-01-01 00:00:00
广东,粤北,河源,源城区,源西街道,"81102100",新丰江水库（大坝）,114.6,23.7,1,O,2019-01-01 00:00:00
广东,粤北,河源,连平县,元善镇,"81102220",东河,114.5,24.4,1,O,2022-03-31 00:00:00
广东,粤北,河源,连平县,元善镇,"81102250",连平(二),114.4,24.4,1,O,2022-03-24 00:00:00
广东,粤北,河源,连平县,上坪镇,"81102260",上坪（东阳）,114.6,24.5,1,O,2022-03-31 00:00:00
广东,粤北,河源,连平县,元善镇,"81102270",大埠,114.5,24.4,1,O,2022-03-12 00:00:00
广东,粤北,河源,东源县,锡场镇,"81102280",林石桥,114.3,24,1,O,2022-03-12 00:00:00
广东,粤北,河源,东源县,船塘镇,"81102370",船塘（三河）,114.8,24.2,1,O,2022-04-01 00:00:00
广东,粤北,河源,东源县,顺天镇,"81102400",顺天,114.8,24.1,1,O,2022-03-24 00:00:00
广东,粤北,河源,和平县,青州镇,"81102410",翁潭水库,114.8,24.4,1,O,2025-03-31 00:00:00
广东,粤北,河源,东源县,船塘镇,"81102420",大坑（河源）,114.9,24.2,1,O,2022-10-02 00:00:00
广东,粤北,河源,连平县,三角镇,"81102425",大湖（连平三角）,114.9,24.3,1,O,2022-03-31 00:00:00
广东,粤北,河源,东源县,灯塔镇,"81102440",白磜水库,114.8,23.9,1,O,2019-01-01 00:00:00
广东,粤北,河源,连平县,内莞镇,"81102480",九连,114.7,24.4,1,O,2022-03-31 00:00:00
广东,粤北,河源,东源县,黄村镇,"81102485",黄村（中心小学）,115.3,23.9,1,O,2022-03-12 00:00:00
广东,粤北,河源,连平县,忠信镇,"81102490",忠信,114.6,24.2,1,O,2022-03-11 00:00:00
广东,粤北,河源,东源县,康禾镇,"81102520",康禾,115.1,23.8,1,O,2022-04-01 00:00:00
广东,粤北,河源,东源县,义合镇,"81102540",高楼,114.9,23.8,1,O,2022-04-01 00:00:00
广东,粤北,河源,紫金县,柏埔镇,"81102560",柏埔(桥下50m),114.9,23.7,1,O,2022-03-30 00:00:00
广东,粤北,河源,紫金县,紫城镇,"81102570",紫金（怀山桥）,115.1,23.5,1,O,2022-03-11 00:00:00
广东,粤北,河源,紫金县,古竹镇,"81102580",平渡,114.8,23.6,1,O,2022-03-12 00:00:00
广东,粤北,河源,紫金县,蓝塘镇,"81102600",蓝塘(二),114.9,23.5,1,O,2022-03-24 00:00:00
广东,珠三角,惠州,惠城区,横沥镇,"81102655",大岚（惠城芦洲）,114.7,23.4,1,O,2022-04-01 00:00:00
广东,粤北,河源,紫金县,上义镇,"81102670",上义（上义桥）,114.8,23.3,1,O,2022-03-12 00:00:00
广东,珠三角,惠州,惠城区,芦洲镇,"81102690",伯公坳（惠城）,114.6,23.4,1,O,2022-10-02 00:00:00
广东,珠三角,惠州,博罗县,杨村镇,"81102750",杨村,114.4,23.3,1,O,2022-03-24 00:00:00
广东,珠三角,惠州,博罗县,杨村镇,"81102765",下宝溪,114.5,23.4,1,O,2022-09-14 00:00:00
广东,珠三角,惠州,博罗县,柏塘镇,"81102770",梅树下,114.4,23.4,1,O,2019-01-01 00:00:00
广东,珠三角,惠州,惠城区,汝湖镇,"81102780",庙滩,114.5,23.2,1,O,2022-10-02 00:00:00
广东,珠三角,惠州,惠城区,汝湖镇,"81102790",角洞,114.5,23.1,1,O,2019-01-01 00:00:00
广东,珠三角,惠州,惠东县,白盆珠镇,"81102900",白盆珠水库,115,23,1,O,2022-09-14 00:00:00
广东,珠三角,惠州,惠东县,多祝镇,"81102950",多祝,115,23.1,1,O,2022-03-24 00:00:00
广东,珠三角,惠州,惠东县,平山街道,"81103050",平山(三),114.6,23,1,O,2022-03-24 00:00:00
广东,珠三角,惠州,惠阳区,平潭镇,"81103150",平潭(二),114.7,23.1,1,O,2022-03-24 00:00:00
广东,珠三角,惠州,惠东县,铁涌镇,"81103170",黄坑（惠东）,114.9,22.6,1,O,2019-01-01 00:00:00
广东,珠三角,惠州,惠东县,安墩镇,"81103200",九洲,115,23.1,1,O,2022-03-24 00:00:00
广东,珠三角,惠州,惠东县,梁化镇,"81103225",瓦窑,114.7,23,1,O,2022-04-02 00:00:00
广东,珠三角,惠州,惠阳区,秋长街道,"81103230",白石（惠阳）,114.5,22.8,1,O,2022-04-02 00:00:00
广东,珠三角,惠州,惠阳区,澳头街道,"81103270",风田,114.4,22.9,1,O,2019-01-01 00:00:00
广东,珠三角,惠州,惠东县,白花镇,"81103280",白花,114.6,22.9,1,O,2022-03-12 00:00:00
广东,珠三角,惠州,惠阳区,淡水街道,"81103300",淡水,114.5,22.9,1,O,2022-03-23 00:00:00
广东,珠三角,惠州,惠阳区,沙田镇,"81103310",沙田(惠阳）,114.5,22.8,1,O,2022-10-02 00:00:00
广东,珠三角,惠州,惠阳区,永湖镇,"81103320",大坑（惠阳）,114.6,23,1,O,2019-01-01 00:00:00
广东,珠三角,惠州,惠城区,横沥镇,"81103330",招元（惠城）,114.7,23.3,1,O,2019-01-01 00:00:00
广东,珠三角,惠州,惠阳区,镇隆镇,"81103360",黄沙（惠城）,114.5,23.1,1,O,2019-01-01 00:00:00
广东,珠三角,惠州,惠阳区,西区街道,"81103370",樟埔,114.4,22.7,1,O,2022-03-14 00:00:00
广东,珠三角,惠州,惠阳区,秋长街道,"81103390",维布,114.4,22.9,1,O,2022-03-12 00:00:00
广东,珠三角,惠州,惠阳区,镇隆镇,"81103460",镇隆,114.3,22.9,1,O,2022-03-11 00:00:00
广东,粤北,河源,龙川县,老隆镇,"81103600",上板桥,115.3,24.1,1,O,2025-03-31 00:00:00
广东,珠三角,惠州,博罗县,湖镇镇,"81103640",响水（响水桥旁）,114.2,23.2,1,O,2022-03-12 00:00:00
广东,珠三角,惠州,惠城区,陈江街道,"81103650",东阁,114.4,23,1,O,2022-03-12 00:00:00
广东,粤北,河源,源城区,源南镇,"81103800",七礤水库,114.6,23.6,1,O,2019-01-01 00:00:00
广东,珠三角,惠州,惠城区,龙丰街道,"81104000",红花湖,114.4,23,1,O,2019-01-01 00:00:00
广东,珠三角,东莞,东莞市,南城街道,"81105000",同沙,113.8,23,1,O,2025-03-31 00:00:00
广东,粤北,河源,和平县,热水镇,"81110155",黄峰斗,114.7,24.4,1,O,2025-03-31 00:00:00
广东,珠三角,东莞,东莞市,塘厦镇,"81112460",塘厦（水文局）,114.1,22.9,1,O,2025-03-31 00:00:00
广东,珠三角,东莞,东莞市,常平镇,"81112540",旗岭（水文局）,114,22.8,1,O,2025-07-02 00:00:00
广东,珠三角,惠州,博罗县,公庄镇,"81112720",公庄（桔子圩）,114.3,23.5,1,O,2022-03-21 00:00:00
广东,珠三角,惠州,博罗县,罗阳街道,"81112850",小金,114.3,23.2,1,O,2022-03-21 00:00:00
广东,珠三角,惠州,博罗县,柏塘镇,"81113710",柏塘（下塘桥）,114.4,23.3,1,O,2022-03-21 00:00:00
广东,珠三角,惠州,博罗县,杨侨镇,"81113750",塔下,114.5,23.4,1,O,2022-03-21 00:00:00
广东,珠三角,惠州,惠城区,马安镇,"81117670",水贝,114.6,23,1,O,2025-03-31 00:00:00
广东,粤北,梅州,兴宁市,罗浮镇,"81120375",新南（兴宁）,115.7,24.5,1,O,2019-01-01 00:00:00
广东,粤北,河源,龙川县,上坪镇,"81120380",上坪,115.5,24.8,1,O,2019-01-01 00:00:00
广东,粤北,河源,龙川县,麻布岗镇,"81120420",霞沙洲,115.4,24.7,1,O,2019-01-01 00:00:00
广东,粤北,梅州,兴宁市,罗浮镇,"81120430",罗浮,115.7,24.4,1,O,2019-01-01 00:00:00
广东,粤北,河源,龙川县,细坳镇,"81121000",细坳,115.3,24.8,1,O,2019-01-01 00:00:00
广东,粤北,河源,龙川县,贝岭镇,"81121040",贝岭,115.3,24.6,1,O,2019-01-01 00:00:00
广东,粤北,河源,龙川县,车田镇,"81121100",新村,115.2,24.5,1,O,2022-09-14 00:00:00
广东,粤北,河源,和平县,贝墩镇,"81121130",贝墩,115.2,24.5,1,O,2019-01-01 00:00:00
广东,粤北,河源,龙川县,黎咀镇,"81121140",黎咀,115.2,24.3,1,O,2019-01-01 00:00:00
广东,粤北,河源,龙川县,黄石镇,"81121145",黄石,115.3,24.3,1,O,2019-01-01 00:00:00
广东,粤北,河源,龙川县,四都镇,"81121150",四都,115.3,24.2,1,O,2019-01-01 00:00:00
广东,粤北,河源,和平县,浰源镇,"81121160",浰源,114.7,24.6,1,O,2019-01-01 00:00:00
广东,粤北,河源,和平县,大坝镇,"81121200",石谷,114.8,24.5,1,O,2019-01-01 00:00:00
广东,粤北,河源,和平县,热水镇,"81121210",北联,114.7,24.5,1,O,2019-01-01 00:00:00
广东,粤北,河源,和平县,阳明镇,"81121220",和平,115,24.5,1,O,2019-01-01 00:00:00
广东,粤北,河源,和平县,合水镇,"81121240",大阁,114.9,24.4,1,O,2019-01-01 00:00:00
广东,粤北,河源,和平县,下车镇,"81121280",嶂下,115.1,24.7,1,O,2019-01-01 00:00:00
广东,粤北,河源,和平县,贝墩镇,"81121300",老园,115.1,24.5,1,O,2022-09-14 00:00:00
广东,粤北,河源,和平县,彭寨镇,"81121360",大陈屋,115.1,24.5,1,O,2019-01-01 00:00:00
广东,粤北,河源,和平县,彭寨镇,"81121380",黄土坑,115,24.4,1,O,2019-01-01 00:00:00
广东,粤北,河源,和平县,礼士镇,"81121400",学塘垇,115.1,24.3,1,O,2019-01-01 00:00:00
广东,粤北,河源,和平县,彭寨镇,"81121420",大隆尾,115,24.4,1,O,2019-01-01 00:00:00
广东,粤北,河源,龙川县,黄石镇,"81121450",林寨（火电站）,115.1,24.4,1,O,2019-01-01 00:00:00
广东,粤北,河源,龙川县,丰稔镇,"81121500",矮嶂下,115.2,24.1,1,O,2019-01-01 00:00:00
广东,粤北,河源,东源县,柳城镇,"81121540",柳城,115.1,24,1,O,2019-01-01 00:00:00
广东,粤北,河源,东源县,曾田镇,"81121560",曾田,114.9,24,1,O,2019-01-01 00:00:00
广东,粤北,河源,东源县,黄村镇,"81121575",罗洞（东源）,115.1,23.8,1,O,2025-03-31 00:00:00
广东,粤北,河源,东源县,黄村镇,"81121580",黄村,115.3,23.9,1,O,2019-01-01 00:00:00
广东,粤北,河源,东源县,叶潭镇,"81121620",叶潭,115.1,23.9,1,O,2019-01-01 00:00:00
广东,粤北,河源,紫金县,紫城镇,"81121660",岗背,115.3,23.7,1,O,2019-01-01 00:00:00
广东,粤北,河源,紫金县,紫城镇,"81121680",散滩,115.1,23.7,1,O,2019-01-01 00:00:00
广东,粤北,河源,东源县,康禾镇,"81121760",箬子坝,115.2,23.7,1,O,2019-01-01 00:00:00
广东,粤北,河源,东源县,义合镇,"81121910",义合,114.9,23.9,1,O,2019-01-01 00:00:00
广东,粤北,河源,东源县,黄田镇,"81121960",久社,115,23.7,1,O,2019-01-01 00:00:00
广东,粤北,河源,东源县,义合镇,"81121970",磜头,115,23.7,1,O,2019-01-01 00:00:00
广东,粤北,河源,东源县,灯塔镇,"81121980",磜下,114.8,24,1,O,2019-01-01 00:00:00
广东,粤北,韶关,新丰县,梅坑镇,"81122000",小镇,114.1,23.9,1,O,2019-01-01 00:00:00
广东,粤北,韶关,新丰县,梅坑镇,"81122010",张田（左岸）,114.2,24,1,O,2019-01-01 00:00:00
广东,粤北,韶关,新丰县,梅坑镇,"81122020",长坪,114.1,24.1,1,O,2019-01-01 00:00:00
广东,粤北,韶关,新丰县,梅坑镇,"81122040",梅坑,114.1,24,1,O,2019-01-01 00:00:00
广东,粤北,韶关,新丰县,丰城街道,"81122060",板岭,114.2,23.9,1,O,2019-01-01 00:00:00
广东,粤北,韶关,新丰县,丰城街道,"81122070",司茅坪,114,24.2,1,O,2019-01-01 00:00:00
广东,粤北,韶关,新丰县,丰城街道,"81122080",潭公洞,114.2,24,1,O,2019-01-01 00:00:00
广东,粤北,韶关,新丰县,丰城街道,"81122110",白水磜水库（坝左）,114.2,24.2,1,O,2019-01-01 00:00:00
广东,粤北,韶关,新丰县,黄礤镇,"81122130",三岔,114.2,24.3,1,O,2019-01-01 00:00:00
广东,粤北,韶关,新丰县,黄礤镇,"81122140",黄磜,114.3,24.1,1,O,2019-01-01 00:00:00
广东,粤北,韶关,新丰县,马头镇,"81122150",姜坑,114.2,24.1,1,O,2019-01-01 00:00:00
广东,粤北,韶关,新丰县,马头镇,"81122160",石角（新丰）,114.4,24,1,O,2019-01-01 00:00:00
广东,粤北,韶关,新丰县,马头镇,"81122170",茶园坪,114.4,24,1,O,2019-01-01 00:00:00
广东,粤北,河源,连平县,元善镇,"81122180",连平(曲塘),114.4,24.3,1,O,2019-01-01 00:00:00
广东,粤北,河源,连平县,元善镇,"81122220",水洋洞,114.3,24.3,1,O,2019-01-01 00:00:00
广东,粤北,河源,连平县,元善镇,"81122240",横岗下,114.5,24.4,1,O,2019-01-01 00:00:00
广东,粤北,河源,连平县,隆街镇,"81122280",长沙,114.3,24.4,1,O,2019-01-01 00:00:00
广东,粤北,河源,连平县,上坪镇,"81122340",上坪（下联）,114.6,24.5,1,O,2019-01-01 00:00:00
广东,粤北,河源,连平县,隆街镇,"81122420",石坪,114.4,24.2,1,O,2019-01-01 00:00:00
广东,粤北,河源,和平县,公白镇,"81122460",柯树下,114.9,24.3,1,O,2019-01-01 00:00:00
广东,粤北,河源,东源县,上莞镇,"81122480",下磜,115,24.2,1,O,2019-01-01 00:00:00
广东,粤北,河源,东源县,船塘镇,"81122520",船塘,114.9,24.2,1,O,2019-01-01 00:00:00
广东,粤北,河源,和平县,青州镇,"81122540",青州,114.8,24.4,1,O,2019-01-01 00:00:00
广东,粤北,河源,连平县,大湖镇,"81122560",大湖,114.8,24.2,1,O,2019-01-01 00:00:00
广东,粤北,河源,连平县,内莞镇,"81122600",大水,114.7,24.4,1,O,2019-01-01 00:00:00
广东,粤北,河源,连平县,内莞镇,"81122610",小水,114.6,24.3,1,O,2019-01-01 00:00:00
广东,粤北,河源,连平县,元善镇,"81122620",垇肚,114.6,24.2,1,O,2019-01-01 00:00:00
广东,粤北,河源,连平县,高莞镇,"81122630",高莞,114.8,24.3,1,O,2019-01-01 00:00:00
广东,粤北,河源,连平县,油溪镇,"81122640",忠信（油溪上坝）,114.6,24.1,1,O,2019-01-01 00:00:00
广东,粤北,河源,东源县,骆湖镇,"81122720",骆湖,114.9,24.1,1,O,2019-01-01 00:00:00
广东,粤北,河源,东源县,灯塔镇,"81122740",灯塔,114.9,24,1,O,2019-01-01 00:00:00
广东,粤北,河源,紫金县,紫城镇,"81123000",中洞,115.1,23.7,1,O,2019-01-01 00:00:00
广东,粤北,河源,紫金县,黄塘镇,"81123020",锦口,114.9,23.7,1,O,2019-01-01 00:00:00
广东,粤北,河源,紫金县,临江镇,"81123040",临江,114.7,23.6,1,O,2019-01-01 00:00:00
广东,珠三角,惠州,博罗县,石坝镇,"81123060",蓝田,114.7,23.6,1,O,2019-01-01 00:00:00
广东,粤北,河源,紫金县,临江镇,"81123080",新坑,114.7,23.6,1,O,2019-01-01 00:00:00
广东,粤北,河源,紫金县,义容镇,"81123100",义容,114.9,23.4,1,O,2019-01-01 00:00:00
广东,粤北,河源,紫金县,义容镇,"81123110",伯公坳（紫金）,114.9,23.6,1,O,2019-01-01 00:00:00
广东,粤北,河源,紫金县,古竹镇,"81123130",潮沙,114.8,23.6,1,O,2019-01-01 00:00:00
广东,粤北,河源,紫金县,紫城镇,"81123140",升车,115.1,23.5,1,O,2019-01-01 00:00:00
广东,粤北,河源,紫金县,紫城镇,"81123160",紫金（通惠）,115.2,23.6,1,O,2019-01-01 00:00:00
广东,粤北,河源,紫金县,龙窝镇,"81123180",黄洞,115.2,23.4,1,O,2019-01-01 00:00:00
广东,粤北,河源,紫金县,瓦溪镇,"81123220",瓦溪,115.1,23.6,1,O,2019-01-01 00:00:00
广东,粤北,河源,紫金县,九和镇,"81123240",热水,115.2,23.4,1,O,2019-01-01 00:00:00
广东,粤北,河源,紫金县,蓝塘镇,"81123280",龙渡,114.9,23.3,1,O,2019-01-01 00:00:00
广东,粤北,河源,紫金县,义容镇,"81123300",合水,115,23.6,1,O,2019-01-01 00:00:00
广东,粤北,河源,紫金县,蓝塘镇,"81123340",东坑口,115,23.4,1,O,2019-01-01 00:00:00
广东,珠三角,惠州,惠东县,安墩镇,"81123383",杉窝角,114.9,23.3,1,O,2019-01-01 00:00:00
广东,粤北,河源,紫金县,蓝塘镇,"81123386",河口（紫金）,114.9,23.3,1,O,2019-01-01 00:00:00
广东,粤北,河源,紫金县,凤安镇,"81123390",凤安,114.8,23.4,1,O,2019-01-01 00:00:00
广东,粤北,河源,紫金县,上义镇,"81123400",上义（布格）,114.8,23.3,1,O,2019-01-01 00:00:00
广东,粤北,河源,紫金县,好义镇,"81123410",好义,114.7,23.4,1,O,2019-01-01 00:00:00
广东,珠三角,惠州,惠城区,横沥镇,"81123440",大岚,114.8,23.4,1,O,2019-01-01 00:00:00
广东,珠三角,惠州,龙门县,平陵镇,"81123500",路滩,114.4,23.6,1,O,2019-01-01 00:00:00
广东,珠三角,惠州,博罗县,公庄镇,"81123540",鸦鹊薮,114.3,23.7,1,O,2019-01-01 00:00:00
广东,珠三角,惠州,博罗县,公庄镇,"81123550",公庄（镇府）,114.4,23.6,1,O,2019-01-01 00:00:00
广东,珠三角,惠州,博罗县,公庄镇,"81123580",水东陂,114.4,23.7,1,O,2019-01-01 00:00:00
广东,珠三角,惠州,博罗县,柏塘镇,"81123660",柏塘,114.3,23.4,1,O,2019-01-01 00:00:00
广东,珠三角,惠州,博罗县,麻陂镇,"81123690",麻陂,114.5,23.5,1,O,2019-01-01 00:00:00
广东,珠三角,惠州,博罗县,石坝镇,"81123700",黄山洞,114.5,23.5,1,O,2022-09-14 00:00:00
广东,珠三角,惠州,惠城区,横沥镇,"81123740",横沥,114.7,23.1,1,O,2019-01-01 00:00:00
广东,珠三角,惠州,惠东县,宝口镇,"81123760",禾多布,115.3,23.3,1,O,2025-03-31 00:00:00
广东,珠三角,惠州,惠东县,宝口镇,"81123800",马山（惠东）,115.3,23.2,1,O,2025-03-31 00:00:00
广东,珠三角,惠州,惠东县,高潭镇,"81123840",公梅,115.2,23.2,1,O,2025-03-31 00:00:00
广东,珠三角,惠州,惠东县,高潭镇,"81123860",高潭,115.3,23.1,1,O,2025-03-31 00:00:00
广东,珠三角,惠州,惠东县,宝口镇,"81123880",井湖,115.3,23.2,1,O,2025-03-31 00:00:00
广东,珠三角,惠州,惠东县,白盆珠镇,"81123940",新塘,115.2,23.1,1,O,2025-03-31 00:00:00
广东,珠三角,惠州,惠东县,白盆珠镇,"81123980",石涧,115.2,23,1,O,2025-03-31 00:00:00
广东,珠三角,惠州,惠东县,安墩镇,"81124060",梅子坪,115.1,23.2,1,O,2019-01-16 00:00:00
广东,珠三角,惠州,惠东县,安墩镇,"81124080",洋潭,115.1,23.3,1,O,2019-01-01 00:00:00
广东,珠三角,惠州,惠东县,安墩镇,"81124140",安墩,115,23.2,1,O,2019-01-01 00:00:00
广东,珠三角,惠州,惠东县,安墩镇,"81124180",仓下,114.9,23.3,1,O,2019-01-01 00:00:00
广东,珠三角,惠州,惠东县,多祝镇,"81124240",松坑,115,23.2,1,O,2019-01-01 00:00:00
广东,珠三角,惠州,惠东县,多祝镇,"81124340",大陂布,114.9,23,1,O,2019-01-01 00:00:00
广东,珠三角,惠州,惠东县,白花镇,"81124370",田洋村,114.7,22.9,1,O,2025-03-31 00:00:00
广东,珠三角,惠州,惠东县,白花镇,"81124375",莆田村,114.7,22.8,1,O,2025-03-31 00:00:00
广东,珠三角,惠州,惠东县,白花镇,"81124395",樟山村,114.6,23,1,O,2025-03-31 00:00:00
广东,珠三角,惠州,惠东县,梁化镇,"81124400",花树下,114.8,23.1,1,O,2022-09-14 00:00:00
广东,珠三角,惠州,惠阳区,新圩镇,"81124540",约场,114.3,22.8,1,O,2019-01-01 00:00:00
广东,珠三角,惠州,惠阳区,秋长街道,"81124680",鸡心石,114.4,22.8,1,O,2019-01-01 00:00:00
广东,珠三角,惠州,博罗县,白芒林场,"81124720",范家田,114.4,23.4,1,O,2019-01-01 00:00:00
广东,珠三角,惠州,博罗县,汤泉林场,"81124740",小金（雨量）,114.4,23.3,1,O,2019-01-01 00:00:00
广东,珠三角,惠州,博罗县,罗阳街道,"81124780",稿树下,114.3,23.3,1,O,2019-01-01 00:00:00
广东,珠三角,惠州,惠城区,潼湖镇,"81124800",观洞,114.2,23,1,O,2022-09-14 00:00:00
广东,珠三角,惠州,惠阳区,镇隆镇,"81124820",碗窑,114.2,22.9,1,O,2019-01-01 00:00:00
广东,珠三角,东莞,东莞市,桥头镇,"81124950",上村,114.2,23.1,1,O,2019-01-01 00:00:00
广东,珠三角,惠州,博罗县,园洲镇,"81124970",圆洲,114,23.1,1,O,2019-01-01 00:00:00
广东,珠三角,惠州,惠城区,惠环街道,"81131610",仲恺人才,114.4,23,1,O,2019-01-01 00:00:00
广东,珠三角,惠州,惠城区,潼湖军垦农场,"81131700",军垦三分场,114.3,23,1,O,2019-01-01 00:00:00
广东,珠三角,惠州,惠城区,潼湖军垦农场,"81131710",军垦团部,114.2,23.1,1,O,2019-01-01 00:00:00
广东,粤北,河源,东源县,新回龙镇,"81144240",径尾,114.4,23.9,1,O,2025-03-31 00:00:00
广东,粤北,河源,东源县,新回龙镇,"81144250",立溪,114.5,23.9,1,O,2025-03-31 00:00:00
广东,珠三角,惠州,惠东县,高潭镇,"81145800",大星,115.4,23.3,1,O,2025-03-31 00:00:00
广东,珠三角,惠州,惠东县,高潭镇,"81145810",星光,115.4,23.3,1,O,2025-03-31 00:00:00
广东,珠三角,惠州,惠东县,高潭镇,"81145820",中洞（惠东）,115.4,23.3,1,O,2025-03-31 00:00:00
广东,珠三角,惠州,惠东县,高潭镇,"81145830",公梅（西）,115.3,23.2,1,O,2025-03-31 00:00:00
广东,珠三角,惠州,惠东县,高潭镇,"81145840",黄沙（惠东）,115.2,23.2,1,O,2025-04-01 00:00:00
广东,珠三角,惠州,惠东县,高潭镇,"81145850",新联,115.3,23.3,1,O,2025-03-31 00:00:00
广东,珠三角,惠州,惠东县,高潭镇,"81145860",福田,115.3,23.1,1,O,2025-03-31 00:00:00
广东,珠三角,惠州,惠东县,高潭镇,"81145870",水口（惠东）,115.4,23.3,1,O,2025-03-31 00:00:00
广东,珠三角,惠州,惠东县,高潭镇,"81145880",金坑（惠东）,115.4,23.2,1,O,2025-03-31 00:00:00
广东,珠三角,惠州,惠东县,高潭镇,"81145890",水下（惠东）,115.3,23.2,1,O,2025-03-31 00:00:00
广东,珠三角,惠州,惠东县,高潭镇,"81145900",甘溪,115.3,23.2,1,O,2025-03-31 00:00:00
广东,珠三角,惠州,惠东县,白盆珠镇,"81145910",横坑（惠东）,115.3,23,1,O,2025-03-31 00:00:00
广东,珠三角,惠州,惠东县,高潭镇,"81145920",新丰（惠东）,115.3,23.3,1,O,2025-03-31 00:00:00
广东,珠三角,惠州,惠东县,白盆珠镇,"81145930",新和（惠东）,114.9,23,1,O,2025-03-31 00:00:00
广东,珠三角,惠州,惠城区,江北街道,"811B5230",江北丽日（内涝）,114.4,23,1,O,2025-03-31 00:00:00
广东,珠三角,惠州,惠城区,河南岸街道,"811B5530",骡子湖（内涝）,114.5,23.1,1,O,2025-03-31 00:00:00
广东,珠三角,惠州,惠城区,龙丰街道,"811B5670",火车西（内涝）,114.3,23,1,O,2025-03-31 00:00:00
广东,珠三角,东莞,东莞市,麻涌镇,"81200250",大盛,113.5,23,1,O,2019-01-01 00:00:00
广东,珠三角,惠州,博罗县,龙华镇,"81200350",龙华（博罗）,114.1,23.2,1,O,2022-04-02 00:00:00
广东,珠三角,惠州,博罗县,福田镇,"81200650",联和,113.9,23.2,1,O,2022-09-14 00:00:00
广东,珠三角,惠州,龙门县,地派镇,"81200750",渡头,114.2,23.7,1,O,2022-03-23 00:00:00
广东,珠三角,惠州,龙门县,地派镇,"81200760",天堂山（坝上）,114.2,23.7,1,O,2019-01-01 00:00:00
广东,珠三角,惠州,龙门县,龙城街道,"81200800",龙门（龙城）,114.2,23.8,1,O,2022-03-23 00:00:00
广东,珠三角,惠州,龙门县,龙华镇,"81200850",香溪(二),114.1,23.6,1,O,2022-03-23 00:00:00
广东,珠三角,广州,增城区,石滩镇,"81201200",新家埔,113.8,23.1,1,O,2019-01-01 00:00:00
广东,珠三角,惠州,龙门县,龙潭镇,"81201360",铁岗（新屋）,113.9,23.7,1,O,2022-03-12 00:00:00
广东,珠三角,惠州,龙门县,永汉镇,"81201380",永汉（永汉桥）,114,23.6,1,O,2022-03-11 00:00:00
广东,珠三角,广州,增城区,派潭镇,"81201390",湾吓,113.9,23.4,1,O,2022-03-17 00:00:00
广东,珠三角,广州,增城区,朱村街道,"81201520",朱村,113.7,23.3,1,O,2022-03-16 00:00:00
广东,珠三角,广州,增城区,仙村镇,"81201540",活动陂(坝上),113.8,23.1,1,O,2022-03-30 00:00:00
广东,珠三角,东莞,东莞市,沙田镇,"81202250",泗盛围,113.7,22.9,1,O,2019-01-01 00:00:00
广东,珠三角,广州,从化区,良口镇,"81202850",流溪河水库,113.7,23.8,1,O,2025-03-31 00:00:00
广东,珠三角,广州,从化区,温泉镇,"81202920",天湖水库,113.7,23.7,1,O,2025-03-31 00:00:00
广东,珠三角,广州,从化区,温泉镇,"81203000",温泉人工湖,113.7,23.6,1,O,2019-01-01 00:00:00
广东,珠三角,广州,从化区,江埔街道,"81203080",街口,113.7,23.5,1,O,2022-03-16 00:00:00
广东,珠三角,广州,从化区,太平镇,"81203200",太平场镇(二),113.4,23.5,1,O,2022-03-19 00:00:00
广东,珠三角,广州,花都区,花山镇,"81203455",福源水库,113.3,23.5,1,O,2025-03-31 00:00:00
广东,珠三角,广州,白云区,大源街道,"81203460",和龙,113.3,23.4,1,O,2025-03-31 00:00:00
广东,珠三角,广州,花都区,新雅街道,"81203540",清布,113.2,23.4,1,O,2022-03-12 00:00:00
广东,珠三角,广州,花都区,新雅街道,"81203550",雅瑶,113.3,23.3,1,O,2019-01-01 00:00:00
广东,珠三角,广州,白云区,石门街道,"81204050",老鸦岗(二),113.1,23.2,1,O,2022-03-19 00:00:00
广东,珠三角,广州,海珠区,新港街道,"81204650",中大,113.3,23.1,1,O,2019-01-01 00:00:00
广东,珠三角,广州,黄埔区,黄埔街道,"81204900",黄埔(三),113.5,23.1,1,O,2019-01-01 00:00:00
广东,珠三角,广州,从化区,吕田镇,"81210108",塘基,114.1,23.8,1,O,2025-03-31 00:00:00
广东,珠三角,广州,增城区,正果镇,"81210935",石溪,114,23.5,1,O,2025-03-31 00:00:00
广东,珠三角,广州,增城区,正果镇,"81211032",兰溪小学,113.9,23.4,1,O,2025-03-31 00:00:00
广东,珠三角,广州,黄埔区,云埔街道,"81211038",香雪,113.4,23.2,1,O,2025-03-31 00:00:00
广东,珠三角,广州,增城区,小楼镇,"81211342",澄溪,113.9,23.5,1,O,2025-03-31 00:00:00
广东,珠三角,广州,增城区,石滩镇,"81211358",三江,113.9,23.2,1,O,2025-03-31 00:00:00
广东,珠三角,广州,增城区,中新镇,"81211364",里汾村,113.6,23.3,1,O,2025-04-17 00:00:00
广东,珠三角,广州,增城区,朱村街道,"81211383",朱村街中心小学,113.6,23.3,1,O,2025-03-31 00:00:00
广东,珠三角,广州,增城区,中新镇,"81211388",福和,113.7,23.4,1,O,2025-03-31 00:00:00
广东,珠三角,广州,增城区,中新镇,"81211433",莲塘,113.6,23.3,1,O,2025-03-31 00:00:00
广东,珠三角,广州,黄埔区,新龙镇,"81211458",大岭头,113.5,23.4,1,O,2025-03-31 00:00:00
广东,珠三角,广州,增城区,新塘镇,"81211474",广本,113.6,23.2,1,O,2025-03-31 00:00:00
广东,珠三角,广州,增城区,新塘镇,"81211483",官湖,113.6,23.2,1,O,2025-03-31 00:00:00
广东,珠三角,广州,增城区,石滩镇,"81211533",麻车,113.8,23.2,1,O,2025-03-31 00:00:00
广东,珠三角,广州,从化区,良口镇,"81212515",长流村,113.8,23.9,1,O,2025-03-31 00:00:00
广东,珠三角,广州,从化区,吕田镇,"81212750",狮象,114,23.8,1,O,2025-03-31 00:00:00
广东,珠三角,广州,花都区,花东镇,"81213285",花溪小镇,113.4,23.5,1,O,2025-03-31 00:00:00
广东,珠三角,广州,白云区,钟落潭镇,"81213388",大同中学,113.4,23.5,1,O,2025-03-31 00:00:00
广东,珠三角,广州,从化区,吕田镇,"81213413",广州抽水蓄能电站上水库工程,114,23.8,1,O,2025-03-31 00:00:00
广东,珠三角,广州,从化区,吕田镇,"81213414",安山,113.9,23.8,1,O,2025-03-31 00:00:00
广东,珠三角,广州,从化区,吕田镇,"81213422",高围,113.9,23.9,1,O,2025-03-31 00:00:00
广东,珠三角,广州,从化区,良口镇,"81213424",北溪,113.9,23.9,1,O,2025-03-31 00:00:00
广东,珠三角,广州,从化区,良口镇,"81213444",达溪,113.6,23.8,1,O,2025-03-31 00:00:00
广东,珠三角,广州,从化区,良口镇,"81213448",水口,113.7,23.7,1,O,2025-03-31 00:00:00
广东,珠三角,广州,从化区,城郊街道,"81213463",石合,113.6,23.5,1,O,2025-03-31 00:00:00
广东,珠三角,广州,从化区,城郊街道,"81213473",茂墩新村,113.6,23.6,1,O,2025-03-31 00:00:00
广东,珠三角,广州,从化区,温泉镇,"81213515",乌土,113.7,23.6,1,O,2025-03-31 00:00:00
广东,珠三角,广州,从化区,江埔街道,"81213525",鹊塱村,113.5,23.4,1,O,2025-03-31 00:00:00
广东,珠三角,广州,从化区,太平镇,"81213535",龙坳,113.5,23.6,1,O,2025-03-31 00:00:00
广东,珠三角,广州,从化区,太平镇,"81213546",高埔,113.5,23.5,1,O,2025-03-31 00:00:00
广东,珠三角,广州,黄埔区,九佛街道,"81213558",凤尾村,113.5,23.5,1,O,2025-03-31 00:00:00
广东,珠三角,广州,白云区,龙归街道,"81213598",夏良,113.2,23.2,1,O,2025-03-31 00:00:00
广东,珠三角,广州,白云区,龙归街道,"81213625",苏元庄,113.3,23.2,1,O,2025-03-31 00:00:00
广东,粤北,清远,清城区,石角镇,"81213672",国泰,113,23.4,1,O,2025-03-31 00:00:00
广东,珠三角,广州,花都区,秀全街道,"81213728",洪秀全纪念馆,113.1,23.4,1,O,2025-03-31 00:00:00
广东,珠三角,广州,花都区,新华街道,"81213752",流书新村,113.2,23.4,1,O,2025-03-31 00:00:00
广东,珠三角,广州,花都区,新华街道,"81213754",大陵村,113.1,23.4,1,O,2025-03-31 00:00:00
广东,珠三角,广州,从化区,江埔街道,"81216700",城建学院,113.6,23.5,1,O,2025-03-31 00:00:00
广东,珠三角,广州,从化区,温泉镇,"81216750",灌村,113.7,23.6,1,O,2025-03-31 00:00:00
广东,珠三角,广州,白云区,松洲街道,"81218265",西村水厂,113.1,23.2,1,O,2025-03-31 00:00:00
广东,珠三角,广州,天河区,车陂街道,"81219462",东圃,113.5,23.1,1,O,2025-03-31 00:00:00
广东,珠三角,广州,黄埔区,联和街道,"81219555",南翔二路,113.3,23.1,1,O,2025-03-31 00:00:00
广东,珠三角,惠州,博罗县,横河镇,"81220020",何家田,114.1,23.5,1,O,2019-01-01 00:00:00
广东,珠三角,惠州,博罗县,横河镇,"81220120",横河,114.1,23.3,1,O,2019-01-01 00:00:00
广东,珠三角,惠州,博罗县,湖镇镇,"81220200",显岗水库,114.1,23.3,1,O,2019-01-01 00:00:00
广东,珠三角,惠州,博罗县,湖镇镇,"81220220",响水,114.3,23.2,1,O,2019-01-01 00:00:00
广东,珠三角,惠州,博罗县,长宁镇,"81220260",罗浮山,114.1,23.2,1,O,2025-03-31 00:00:00
广东,珠三角,广州,从化区,吕田镇,"81220340",连麻,114.1,23.9,1,O,2019-01-01 00:00:00
广东,珠三角,惠州,龙门县,地派镇,"81220380",地派,114.1,23.9,1,O,2019-01-01 00:00:00
广东,珠三角,惠州,龙门县,蓝田瑶族乡,"81220440",密溪,114.3,23.8,1,O,2019-01-01 00:00:00
广东,珠三角,惠州,龙门县,蓝田瑶族乡,"81220460",江湾,114.1,23.9,1,O,2019-01-01 00:00:00
广东,珠三角,惠州,龙门县,蓝田瑶族乡,"81220500",蓝田,114.3,23.9,1,O,2019-01-01 00:00:00
广东,珠三角,惠州,龙门县,龙潭镇,"81220540",铁岗,114,23.8,1,O,2019-01-01 00:00:00
广东,珠三角,惠州,龙门县,龙潭镇,"81220555",左潭（龙门左潭）,114,23.7,1,O,2019-01-01 00:00:00
广东,珠三角,惠州,龙门县,龙田镇,"81220580",白沙河,114.3,23.7,1,O,2019-01-01 00:00:00
广东,珠三角,惠州,龙门县,龙江镇,"81220590",路溪,114.2,23.6,1,O,2019-01-01 00:00:00
广东,珠三角,惠州,龙门县,龙华镇,"81220650",龙华（镇政府）,114.2,23.6,1,O,2019-01-01 00:00:00
广东,珠三角,惠州,龙门县,麻榨镇,"81220680",麻榨,113.9,23.5,1,O,2021-04-29 00:00:00
广东,珠三角,惠州,龙门县,永汉镇,"81220720",上坪,113.9,23.6,1,O,2019-01-01 00:00:00
广东,珠三角,惠州,龙门县,永汉镇,"81220740",七星墩,113.9,23.6,1,O,2019-01-01 00:00:00
广东,珠三角,惠州,龙门县,永汉镇,"81220760",永汉,114.1,23.5,1,O,2019-01-01 00:00:00
广东,珠三角,广州,增城区,派潭镇,"81220780",派潭,113.8,23.6,1,O,2019-01-01 00:00:00
广东,珠三角,广州,增城区,荔城街道,"81220800",麒麟咀,113.9,23.3,1,O,2025-03-31 00:00:00
广东,珠三角,广州,增城区,荔城街道,"81220840",百花林,113.8,23.3,1,O,2019-01-01 00:00:00
广东,珠三角,广州,增城区,中新镇,"81220900",联安,113.7,23.3,1,O,2019-01-01 00:00:00
广东,珠三角,广州,增城区,中新镇,"81220940",白洞,113.7,23.4,1,O,2019-01-01 00:00:00
广东,珠三角,广州,黄埔区,新龙镇,"81220980",金坑,113.4,23.4,1,O,2019-01-01 00:00:00
广东,珠三角,广州,增城区,仙村镇,"81220990",活动陂(管理所),113.7,23.2,1,O,2019-01-01 00:00:00
广东,珠三角,广州,增城区,石滩镇,"81221000",增塘,113.8,23.1,1,O,2019-01-01 00:00:00
广东,珠三角,广州,黄埔区,长岭街道,"81221060",木强水库,113.5,23.3,1,O,2025-03-31 00:00:00
广东,珠三角,东莞,东莞市,大朗镇,"81221080",松木山,113.8,22.9,1,O,2022-09-14 00:00:00
广东,珠三角,东莞,东莞市,厚街镇,"81221120",横岗,113.8,22.8,1,O,2019-01-01 00:00:00
广东,珠三角,广州,从化区,良口镇,"81221360",黄龙带,113.7,23.8,1,O,2022-10-03 00:00:00
广东,珠三角,广州,从化区,城郊街道,"81221480",龙潭,113.5,23.7,1,O,2025-03-31 00:00:00
广东,珠三角,广州,从化区,温泉镇,"81221500",南大,113.8,23.6,1,O,2019-01-01 00:00:00
广东,珠三角,广州,从化区,太平镇,"81221580",沙溪,113.6,23.5,1,O,2019-01-01 00:00:00
广东,珠三角,广州,花都区,花东镇,"81221600",九湾潭,113.3,23.5,1,O,2019-01-01 00:00:00
广东,珠三角,广州,白云区,钟落潭镇,"81221620",沙田,113.4,23.2,1,O,2019-01-01 00:00:00
广东,珠三角,广州,白云区,嘉禾街道,"81221660",广州蒸发,113.4,23.3,1,O,2019-01-01 00:00:00
广东,珠三角,广州,花都区,赤坭镇,"81221700",三坑,113,23.4,1,O,2019-01-01 00:00:00
广东,珠三角,广州,花都区,狮岭镇,"81221710",狮岭,113.1,23.5,1,O,2019-01-01 00:00:00
广东,珠三角,广州,花都区,狮岭镇,"81221720",芙蓉嶂,113.1,23.6,1,O,2019-01-01 00:00:00
广东,珠三角,广州,花都区,花山镇,"81221740",新庄,113.2,23.5,1,O,2019-01-01 00:00:00
广东,珠三角,广州,花都区,花东镇,"81221745",花东,113.4,23.5,1,O,2019-01-01 00:00:00
广东,珠三角,广州,花都区,花山镇,"81221750",花山,113.3,23.5,1,O,2019-01-01 00:00:00
广东,珠三角,广州,花都区,炭步镇,"81221800",中洞,113,23.2,1,O,2019-01-01 00:00:00
广东,珠三角,广州,荔湾区,昌华街道,"81221910",黄沙（荔湾）,113.3,23.1,1,O,2019-01-01 00:00:00
广东,珠三角,广州,黄埔区,联和街道,"81221960",水口,113.4,23.2,1,O,2019-01-01 00:00:00
广东,珠三角,广州,增城区,派潭镇,"81241310",密石（增城）,113.8,23.6,1,O,2025-03-31 00:00:00
广东,珠三角,广州,增城区,派潭镇,"81241330",高滩,113.8,23.6,1,O,2025-03-31 00:00:00
广东,珠三角,广州,增城区,派潭镇,"81241360",东洞,113.8,23.5,1,O,2025-03-31 00:00:00
广东,珠三角,广州,增城区,派潭镇,"81241390",樟洞坑,113.8,23.6,1,O,2025-03-31 00:00:00
广东,珠三角,广州,增城区,派潭镇,"81241420",亚如冚,113.9,23.5,1,O,2025-03-31 00:00:00
广东,珠三角,广州,增城区,派潭镇,"81241460",亚口冚,113.9,23.6,1,O,2025-03-31 00:00:00
广东,珠三角,广州,增城区,派潭镇,"81241480",双合寮,113.8,23.4,1,O,2025-03-31 00:00:00
广东,珠三角,广州,增城区,派潭镇,"81241510",双头（增城））,113.7,23.5,1,O,2025-03-31 00:00:00
广东,珠三角,广州,增城区,派潭镇,"81241570",车洞（增城）,113.8,23.5,1,O,2025-03-31 00:00:00
广东,珠三角,广州,增城区,派潭镇,"81241610",刘家,113.8,23.4,1,O,2025-03-31 00:00:00
广东,珠三角,广州,增城区,派潭镇,"81241630",旧高埔,113.7,23.5,1,O,2025-03-31 00:00:00
广东,珠三角,广州,增城区,派潭镇,"81241660",新高埔,113.8,23.5,1,O,2025-03-31 00:00:00
广东,珠三角,广州,增城区,派潭镇,"81241690",邓路吓,113.8,23.5,1,O,2025-03-31 00:00:00
广东,珠三角,广州,增城区,派潭镇,"81241720",拖罗,113.8,23.5,1,O,2025-03-31 00:00:00
广东,珠三角,广州,增城区,派潭镇,"81241760",佳松岭,113.8,23.5,1,O,2025-03-31 00:00:00
广东,珠三角,广州,增城区,派潭镇,"81241810",利迳,113.8,23.4,1,O,2025-03-31 00:00:00
广东,珠三角,广州,增城区,派潭镇,"81241860",小迳,113.8,23.5,1,O,2025-03-31 00:00:00
广东,珠三角,广州,增城区,派潭镇,"81241890",万能,113.9,23.5,1,O,2025-03-31 00:00:00
广东,珠三角,广州,增城区,新塘镇,"81242310",上基,113.7,23.2,1,O,2025-03-31 00:00:00
广东,珠三角,广州,增城区,新塘镇,"81242340",上岭,113.7,23.2,1,O,2025-03-31 00:00:00
广东,珠三角,广州,增城区,新塘镇,"81242380",官道,113.6,23.2,1,O,2025-03-31 00:00:00
广东,珠三角,广州,增城区,新塘镇,"81242420",官湖（增城）,113.7,23.2,1,O,2025-03-31 00:00:00
广东,珠三角,广州,增城区,新塘镇,"81242460",甘涌,113.7,23.2,1,O,2025-03-31 00:00:00
广东,珠三角,广州,增城区,新塘镇,"81242490",白江,113.6,23.1,1,O,2025-03-31 00:00:00
广东,珠三角,广州,增城区,新塘镇,"81242540",南安,113.5,23.1,1,O,2025-03-31 00:00:00
广东,珠三角,广州,从化区,温泉镇,"81242910",温泉（从化）,113.6,23.6,1,O,2025-03-31 00:00:00
广东,珠三角,广州,从化区,温泉镇,"81242930",天湖（从化）,113.7,23.6,1,O,2025-03-31 00:00:00
广东,珠三角,广州,从化区,温泉镇,"81242960",云星,113.7,23.6,1,O,2025-03-31 00:00:00
广东,珠三角,广州,从化区,温泉镇,"81242990",密石（从化）,113.6,23.6,1,O,2025-03-31 00:00:00
广东,珠三角,广州,从化区,温泉镇,"81243020",乌土（从化）,113.7,23.6,1,O,2025-03-31 00:00:00
广东,珠三角,广州,从化区,温泉镇,"81243040",源湖,113.8,23.7,1,O,2025-03-31 00:00:00
广东,珠三角,广州,从化区,温泉镇,"81243060",宣星,113.7,23.7,1,O,2025-03-31 00:00:00
广东,珠三角,广州,从化区,温泉镇,"81243090",平岗（从化）,113.7,23.7,1,O,2025-03-31 00:00:00
广东,珠三角,广州,从化区,温泉镇,"81243110",龙桥,113.6,23.6,1,O,2025-03-31 00:00:00
广东,珠三角,广州,从化区,温泉镇,"81243130",新南,113.7,23.5,1,O,2025-03-31 00:00:00
广东,珠三角,广州,从化区,温泉镇,"81243150",石坑（增城）,113.7,23.7,1,O,2025-03-31 00:00:00
广东,珠三角,广州,从化区,温泉镇,"81243170",南星,113.7,23.6,1,O,2025-03-31 00:00:00
广东,珠三角,广州,从化区,温泉镇,"81243190",石南,113.7,23.5,1,O,2025-03-31 00:00:00
广东,珠三角,广州,从化区,温泉镇,"81243210",龙新,113.7,23.5,1,O,2025-03-31 00:00:00
广东,珠三角,惠州,博罗县,湖镇镇,"81244305",大坑（博罗）,114.3,23.2,1,O,2025-03-31 00:00:00
广东,珠三角,惠州,博罗县,湖镇镇,"81244310",横光,114.3,23.2,1,O,2025-03-31 00:00:00
广东,珠三角,惠州,博罗县,湖镇镇,"81244320",下径（博罗）,114.4,23.3,1,O,2025-03-31 00:00:00
广东,珠三角,惠州,博罗县,湖镇镇,"81244330",三水（博罗）,114.3,23.3,1,O,2025-03-31 00:00:00
广东,珠三角,惠州,博罗县,湖镇镇,"81244340",东埔,114.3,23.2,1,O,2025-03-31 00:00:00
广东,珠三角,惠州,博罗县,湖镇镇,"81244355",下洞（博罗）,114.2,23.3,1,O,2025-03-31 00:00:00
广东,珠三角,惠州,博罗县,湖镇镇,"81244360",新围,114.3,23.3,1,O,2025-03-31 00:00:00
广东,珠三角,惠州,博罗县,湖镇镇,"81244370",埔新,114.2,23.3,1,O,2025-03-31 00:00:00
广东,珠三角,惠州,博罗县,湖镇镇,"81244380",新丰（博罗）,114.2,23.3,1,O,2025-03-31 00:00:00
广东,珠三角,惠州,博罗县,湖镇镇,"81244390",莲塘（博罗）,114.2,23.2,1,O,2025-03-31 00:00:00
广东,珠三角,惠州,博罗县,湖镇镇,"81244405",金星,114.1,23.3,1,O,2025-03-31 00:00:00
广东,珠三角,惠州,博罗县,湖镇镇,"81244410",和睦,114,23.3,1,O,2025-03-31 00:00:00
广东,珠三角,惠州,博罗县,湖镇镇,"81244420",邹村,114.1,23.4,1,O,2025-03-31 00:00:00
广东,珠三角,惠州,博罗县,湖镇镇,"81244430",岗南,114.2,23.2,1,O,2025-03-31 00:00:00
广东,珠三角,惠州,博罗县,湖镇镇,"81244440",东风（博罗）,114.1,23.3,1,O,2025-03-31 00:00:00
广东,珠三角,惠州,博罗县,湖镇镇,"81244450",下村（博罗）,114.1,23.2,1,O,2025-03-31 00:00:00
广东,珠三角,惠州,博罗县,湖镇镇,"81244460",湖镇,114.2,23.3,1,O,2025-03-31 00:00:00
广东,珠三角,惠州,博罗县,湖镇镇,"81244470",新作塘,114.2,23.2,1,O,2025-03-31 00:00:00
广东,珠三角,惠州,博罗县,湖镇镇,"81244480",陈村,114.2,23.3,1,O,2025-03-31 00:00:00
广东,珠三角,惠州,博罗县,湖镇镇,"81244490",新风,114.1,23.2,1,O,2025-03-31 00:00:00
广东,珠三角,惠州,博罗县,湖镇镇,"81244505",水心围,114.1,23.2,1,O,2025-03-31 00:00:00
广东,珠三角,惠州,博罗县,湖镇镇,"81244510",梅潭,114.1,23.1,1,O,2025-03-31 00:00:00
广东,珠三角,惠州,龙门县,永汉镇,"81245105",油田林场,114,23.6,1,O,2025-03-31 00:00:00
广东,珠三角,惠州,龙门县,永汉镇,"81245110",马星,114.1,23.7,1,O,2025-03-31 00:00:00
广东,珠三角,惠州,龙门县,永汉镇,"81245120",见田,114,23.5,1,O,2025-03-31 00:00:00
广东,珠三角,惠州,龙门县,永汉镇,"81245130",上埔（龙门）,114,23.7,1,O,2025-03-31 00:00:00
广东,珠三角,惠州,龙门县,永汉镇,"81245140",釜坑,113.9,23.6,1,O,2025-03-31 00:00:00
广东,珠三角,惠州,龙门县,永汉镇,"81245160",寮田,114,23.6,1,O,2025-03-31 00:00:00
广东,珠三角,惠州,龙门县,永汉镇,"81245170",官田,114.1,23.6,1,O,2025-03-31 00:00:00
广东,珠三角,惠州,龙门县,永汉镇,"81245180",振东,113.9,23.5,1,O,2025-03-31 00:00:00
广东,珠三角,惠州,龙门县,永汉镇,"81245190",红星,113.9,23.5,1,O,2025-03-31 00:00:00
广东,珠三角,惠州,龙门县,永汉镇,"81245205",黄河（龙门）,114.1,23.5,1,O,2025-03-31 00:00:00
广东,珠三角,惠州,龙门县,永汉镇,"81245210",新陂（龙门）,113.9,23.6,1,O,2025-03-31 00:00:00
广东,珠三角,广州,增城区,正果镇,"81245220",黄牛冚,113.8,23.4,1,O,2025-03-31 00:00:00
广东,珠三角,惠州,龙门县,永汉镇,"81245230",前锋（龙门）,114,23.6,1,O,2025-03-31 00:00:00
广东,珠三角,惠州,龙门县,永汉镇,"81282801",梅州水库,113.9,23.7,1,O,2025-03-31 00:00:00
广东,珠三角,广州,天河区,凤凰街道,"812D4600",心田谷,113.3,23.3,1,O,2025-03-31 00:00:00
广东,珠三角,广州,天河区,长兴街道,"812D4702",长兴路,113.3,23.1,1,O,2025-03-31 00:00:00
广东,珠三角,广州,天河区,长兴街道,"812D4704",科韵北路,113.4,23.2,1,O,2025-03-31 00:00:00
广东,珠三角,广州,天河区,凤凰街道,"812D4708",西坑大街,113.4,23.3,1,O,2025-03-31 00:00:00
广东,珠三角,广州,天河区,龙洞街道,"812D4730",龙凤路,113.3,23.2,1,O,2025-03-31 00:00:00
广东,珠三角,广州,天河区,龙洞街道,"812D4745",龙洞北路,113.5,23.2,1,O,2025-03-31 00:00:00
广东,珠三角,广州,天河区,凤凰街道,"812D4755",新村山塘,113.3,23.2,1,O,2025-03-31 00:00:00
广东,珠三角,广州,天河区,龙洞街道,"812D4765",永安桥,113.3,23.2,1,O,2025-03-31 00:00:00
广东,珠三角,广州,天河区,龙洞街道,"812D4790",场顶山塘,113.4,23.2,1,O,2025-03-31 00:00:00
广东,珠三角,广州,天河区,棠下街道,"812D4860",大朗湖,113.4,23.1,1,O,2025-03-31 00:00:00
广东,珠三角,广州,天河区,新塘街道,"812D4880",天顺路山塘,113.3,23.1,1,O,2025-03-31 00:00:00
广东,珠三角,广州,天河区,黄村街道,"812D4920",大观中路,113.5,23.1,1,O,2025-03-31 00:00:00
广东,珠三角,广州,天河区,黄村街道,"812D4940",大观社区,113.4,23.1,1,O,2025-03-31 00:00:00
广东,珠三角,佛山,三水区,西南街道,"81300020",马口,112.9,23.2,1,O,2022-03-25 00:00:00
广东,珠三角,肇庆,高要区,金利镇,"81300042",金利,112.8,23.1,1,O,2022-04-03 00:00:00
广东,珠三角,江门,鹤山市,古劳镇,"81300165",沙坪（鹤山）,113,22.8,1,O,2022-03-17 00:00:00
广东,珠三角,江门,鹤山市,桃源镇,"81300170",金峡,113,22.6,1,O,2019-01-01 00:00:00
广东,珠三角,佛山,顺德区,龙江镇,"81300200",甘竹(一),113,22.9,1,O,2022-03-25 00:00:00
广东,珠三角,江门,蓬江区,白沙街道,"81300360",江门,113.1,22.7,1,O,2019-01-01 00:00:00
广东,珠三角,江门,新会区,大鳌镇,"81300460",大敖,113.2,22.4,1,O,2019-01-01 00:00:00
广东,珠三角,珠海,斗门区,白蕉镇,"81300540",竹银,113.2,22.3,1,O,2019-01-01 00:00:00
广东,珠三角,中山,中山市,坦洲镇,"81300640",灯笼山,113.5,22.2,1,O,2022-03-25 00:00:00
广东,珠三角,珠海,香洲区,横琴镇,"81300680",大横琴(大井角),113.5,22,1,O,2019-01-01 00:00:00
广东,珠三角,佛山,高明区,荷城街道,"81300870",尼教,112.8,22.9,1,O,2022-03-26 00:00:00
广东,珠三角,佛山,南海区,西樵镇,"81300910",沧江,112.9,22.9,1,O,2022-04-01 00:00:00
广东,珠三角,江门,蓬江区,杜阮镇,"81300990",那咀,113,22.7,1,O,2022-09-27 00:00:00
广东,珠三角,江门,新会区,三江镇,"81301040",三江口,113,22.4,1,O,2019-01-01 00:00:00
广东,珠三角,江门,恩平市,恩城街道,"81301120",恩平,112.2,22.2,1,O,2022-03-26 00:00:00
广东,珠三角,江门,恩平市,君堂镇,"81301160",潢步头（百合）,112.4,22.2,1,O,2022-03-26 00:00:00
广东,珠三角,江门,恩平市,沙湖镇,"81301270",沙湖,112.4,22.4,1,O,2022-03-11 00:00:00
广东,珠三角,江门,台山市,白沙镇,"81301275",白沙（台山）,112.6,22.2,1,O,2022-03-31 00:00:00
广东,珠三角,江门,台山市,台城街道,"81301290",台城,112.8,22.3,1,O,2022-03-15 00:00:00
广东,珠三角,江门,台山市,赤溪镇,"81301295",猪乸潭,112.9,21.9,1,O,2022-09-28 00:00:00
广东,珠三角,江门,鹤山市,双合镇,"81301300",双桥,112.6,22.6,1,O,2022-03-21 00:00:00
广东,珠三角,江门,开平市,龙胜镇,"81301310",立新,112.4,22.7,1,O,2019-01-01 00:00:00
广东,珠三角,江门,开平市,苍城镇,"81301320",苍城,112.6,22.5,1,O,2019-01-01 00:00:00
广东,珠三角,江门,开平市,沙塘镇,"81301345",沙塘,112.6,22.5,1,O,2022-03-17 00:00:00
广东,珠三角,江门,开平市,苍城镇,"81301350",花身蚕水库,112.5,22.5,1,O,2025-03-31 00:00:00
广东,珠三角,江门,新会区,崖门镇,"81301370",鹅坑,113,22.2,1,O,2019-01-01 00:00:00
广东,珠三角,江门,新会区,双水镇,"81301375",曾坑,112.9,22.4,1,O,2025-03-31 00:00:00
广东,珠三角,江门,新会区,双水镇,"81301385",鱼山,112.9,22.3,1,O,2019-01-01 00:00:00
广东,珠三角,江门,新会区,古井镇,"81301390",官冲,113.1,22.4,1,O,2019-01-01 00:00:00
广东,珠三角,江门,新会区,沙堆镇,"81301395",梅阁,113.1,22.3,1,O,2019-01-01 00:00:00
广东,珠三角,珠海,斗门区,莲洲镇,"81301560",横山,113.2,22.4,1,O,2019-01-01 00:00:00
广东,珠三角,珠海,斗门区,白蕉镇,"81301880",白蕉,113.2,22.2,1,O,2019-01-01 00:00:00
广东,珠三角,珠海,斗门区,井岸镇,"81301940",黄金,113.3,22,1,O,2019-01-01 00:00:00
广东,珠三角,佛山,顺德区,均安镇,"81302180",蚬沙(南华),113,22.7,1,O,2022-03-25 00:00:00
广东,珠三角,中山,中山市,小榄镇,"81302200",莺哥咀,113.3,22.7,1,O,2022-03-25 00:00:00
广东,珠三角,中山,中山市,小榄镇,"81302260",小榄(二),113.2,22.7,1,O,2019-01-01 00:00:00
广东,珠三角,中山,中山市,火炬开发区街道,"81302340",横门,113.6,22.6,1,O,2019-01-01 00:00:00
广东,珠三角,中山,中山市,黄圃镇,"81302440",马鞍,113.3,22.8,1,O,2019-01-01 00:00:00
广东,珠三角,中山,中山市,板芙镇,"81302490",板芙,113.3,22.5,1,O,2022-03-30 00:00:00
广东,珠三角,珠海,香洲区,南屏镇,"81302760",前山,113.5,22.3,1,O,2022-04-02 00:00:00
广东,珠三角,佛山,顺德区,容桂街道,"81302800",容奇(二),113.2,22.8,1,O,2022-09-29 00:00:00
广东,珠三角,佛山,三水区,西南街道,"81303000",三水(二),112.8,23.1,1,O,2022-03-16 00:00:00
广东,珠三角,佛山,禅城区,南庄镇,"81303160",三多（二）,113,22.9,1,O,2022-03-26 00:00:00
广东,珠三角,广州,番禺区,沙湾镇,"81303320",三善滘,113.3,23,1,O,2019-01-01 00:00:00
广东,珠三角,佛山,顺德区,大良街道,"81303380",板沙尾,113.3,22.9,1,O,2019-01-01 00:00:00
广东,珠三角,广州,南沙区,万顷沙镇,"81303460",万顷沙西(二),113.5,22.8,1,O,2019-01-01 00:00:00
广东,珠三角,佛山,南海区,西樵镇,"81303505",民乐,113,23,1,O,2022-03-30 00:00:00
广东,珠三角,佛山,禅城区,南庄镇,"81303560",紫洞,113.1,23,1,O,2022-03-25 00:00:00
广东,珠三角,佛山,禅城区,石湾镇街道,"81303620",澜石(小布),113.1,22.9,1,O,2022-03-25 00:00:00
广东,珠三角,佛山,南海区,大沥镇,"81303705",新基,113.1,23.2,1,O,2022-03-26 00:00:00
广东,珠三角,佛山,禅城区,张槎街道,"81303735",汾江站,113,23.1,1,O,2022-03-10 00:00:00
广东,珠三角,佛山,南海区,桂城街道,"81303860",五斗,113.2,23,1,O,2022-03-25 00:00:00
广东,珠三角,佛山,顺德区,陈村镇,"81304080",勒竹,113.2,23,1,O,2022-09-14 00:00:00
广东,珠三角,广州,南沙区,南沙街道,"81304340",南沙,113.5,22.7,1,O,2019-01-01 00:00:00
广东,珠三角,广州,番禺区,石楼镇,"81304480",三沙口,113.5,22.9,1,O,2019-01-01 00:00:00
广东,珠三角,广州,番禺区,大石街道,"81304600",大石,113.3,23.1,1,O,2019-01-01 00:00:00
广东,珠三角,江门,恩平市,牛江镇,"81304800",宝鸭仔,112.4,22.4,1,O,2019-01-01 00:00:00
广东,珠三角,珠海,香洲区,唐家湾镇,"81306050",凤凰山水库（杨寮）,113.5,22.4,1,O,2025-03-31 00:00:00
广东,珠三角,江门,台山市,赤溪镇,"81310443",新松水库,112.9,22,1,O,2025-03-31 00:00:00
广东,珠三角,江门,新会区,会城街道,"81311250",大二口泵站,113,22.6,1,O,2022-03-07 00:00:00
广东,珠三角,江门,新会区,会城街道,"81311270",河口水闸,113.1,22.5,1,O,2022-03-07 00:00:00
广东,珠三角,佛山,高明区,更合镇,"81312850",朗锦,112.5,22.9,1,O,2025-03-31 00:00:00
广东,珠三角,珠海,斗门区,白蕉镇,"81318158",竹银水库,113.2,22.3,1,O,2025-03-31 00:00:00
广东,珠三角,佛山,禅城区,祖庙街道,"81319315",东海国际,113.1,23.1,1,O,2022-03-28 00:00:00
广东,珠三角,佛山,禅城区,祖庙街道,"81319365",岭南天地,113.2,23,1,O,2022-03-28 00:00:00
广东,珠三角,佛山,禅城区,石湾镇街道,"81319455",港口路,113.1,23,1,O,2022-03-07 00:00:00
广东,珠三角,佛山,三水区,西南街道,"81319705",三达路,113,23.2,1,O,2022-03-07 00:00:00
广东,珠三角,肇庆,高要区,蚬岗镇,"81320030",蚬岗,112.6,23,1,O,2019-01-01 00:00:00
广东,珠三角,佛山,高明区,更合镇,"81320070",高村（高明）,112.4,22.7,1,O,2019-01-01 00:00:00
广东,珠三角,佛山,高明区,更合镇,"81320080",合水,112.5,22.7,1,O,2019-01-01 00:00:00
广东,珠三角,佛山,高明区,更合镇,"81320090",田村,112.5,22.6,1,O,2019-01-01 00:00:00
广东,珠三角,佛山,高明区,更合镇,"81320100",深步水水库,112.6,22.8,1,O,2025-03-31 00:00:00
广东,珠三角,佛山,高明区,更合镇,"81320110",新墟,112.6,22.9,1,O,2019-01-01 00:00:00
广东,珠三角,佛山,高明区,明城镇,"81320120",高明（明城）,112.8,22.9,1,O,2019-01-01 00:00:00
广东,珠三角,佛山,高明区,杨和镇,"81320140",西坑水库,112.7,22.7,1,O,2019-01-01 00:00:00
广东,珠三角,佛山,高明区,杨和镇,"81320145",石水,112.8,22.7,1,O,2019-01-01 00:00:00
广东,珠三角,佛山,高明区,杨和镇,"81320150",沙水,112.8,22.7,1,O,2019-01-01 00:00:00
广东,珠三角,江门,鹤山市,龙口镇,"81320180",四堡,112.8,22.7,1,O,2019-01-20 00:00:00
广东,珠三角,江门,鹤山市,沙坪街道,"81320200",鹤山（沙坪）,112.9,22.9,1,O,2019-01-01 00:00:00
广东,珠三角,中山,中山市,五桂山街道,"81320400",长江水库,113.4,22.6,1,O,2022-10-02 00:00:00
广东,珠三角,江门,蓬江区,棠下镇,"81320445",棠下,112.9,22.7,1,O,2019-01-01 00:00:00
广东,珠三角,江门,蓬江区,白沙街道,"81320450",蓬江,113.2,22.6,1,O,2019-01-01 00:00:00
广东,珠三角,江门,新会区,会城街道,"81320455",圭峰山,113,22.6,1,O,2019-01-01 00:00:00
广东,珠三角,江门,蓬江区,杜阮镇,"81320460",凤飞云,112.9,22.7,1,O,2022-09-13 00:00:00
广东,珠三角,江门,江海区,礼乐街道,"81320470",南冲水闸,113.2,22.6,1,O,2019-01-01 00:00:00
广东,珠三角,江门,江海区,外海街道,"81320510",白水带,113.2,22.6,1,O,2019-01-01 00:00:00
广东,珠三角,中山,中山市,神湾镇,"81320600",神湾,113.4,22.3,1,O,2019-01-01 00:00:00
广东,珠三角,中山,中山市,三乡镇,"81320620",三乡,113.5,22.3,1,O,2019-01-01 00:00:00
广东,珠三角,珠海,香洲区,唐家湾镇,"81320660",正坑,113.6,22.4,1,O,2022-09-14 00:00:00
广东,珠三角,珠海,香洲区,南屏镇,"81320700",竹仙洞,113.5,22.3,1,O,2022-09-14 00:00:00
广东,珠三角,中山,中山市,南朗街道,"81320780",逸仙,113.5,22.5,1,O,2019-01-01 00:00:00
广东,珠三角,江门,恩平市,那吉镇,"81320840",黄角,112.2,22.2,1,O,2019-01-01 00:00:00
广东,珠三角,江门,恩平市,大田镇,"81320860",锦江,112.2,22.4,1,O,2022-09-27 00:00:00
广东,珠三角,江门,恩平市,大田镇,"81320880",大田,112.3,22.4,1,O,2019-01-01 00:00:00
广东,珠三角,江门,恩平市,大田镇,"81320920",红旗,112.2,22.5,1,O,2019-01-01 00:00:00
广东,珠三角,江门,恩平市,大田镇,"81320940",蓢底,112.1,22.3,1,O,2019-01-01 00:00:00
广东,珠三角,江门,恩平市,东成镇,"81320980",东成,112.5,22.3,1,O,2022-03-20 00:00:00
广东,珠三角,江门,开平市,大沙镇,"81321030",大沙（开平）,112.4,22.6,1,O,2019-01-01 00:00:00
广东,珠三角,江门,恩平市,牛江镇,"81321040",西坑,112.4,22.5,1,O,2022-09-27 00:00:00
广东,珠三角,江门,开平市,百合镇,"81321080",合山,112.6,22.4,1,O,2019-01-01 00:00:00
广东,珠三角,江门,开平市,蚬冈镇,"81321100",水星,112.4,22.3,1,O,2019-01-01 00:00:00
广东,珠三角,江门,恩平市,东成镇,"81321120",青南角,112.4,22.1,1,O,2022-09-27 00:00:00
广东,珠三角,江门,开平市,金鸡镇,"81321130",羊角坑,112.5,22.2,1,O,2019-01-01 00:00:00
广东,珠三角,江门,开平市,赤水镇,"81321160",狮山,112.6,22.1,1,O,2019-01-01 00:00:00
广东,珠三角,江门,开平市,赤水镇,"81321162",赤水,112.5,22.2,1,O,2022-03-26 00:00:00
广东,珠三角,江门,开平市,赤水镇,"81321170",洞口（开平）,112.4,22.1,1,O,2019-01-01 00:00:00
广东,珠三角,江门,鹤山市,双合镇,"81321220",吉塘,112.5,22.7,1,O,2019-01-01 00:00:00
广东,珠三角,江门,鹤山市,双合镇,"81321260",棠密,112.5,22.7,1,O,2019-01-01 00:00:00
广东,珠三角,佛山,高明区,更合镇,"81321320",板村,112.6,22.7,1,O,2019-01-01 00:00:00
广东,珠三角,江门,鹤山市,双合镇,"81321360",布尚,112.6,22.7,1,O,2019-01-01 00:00:00
广东,珠三角,江门,鹤山市,宅梧镇,"81321370",宅梧,112.6,22.6,1,O,2019-01-01 00:00:00
广东,珠三角,江门,鹤山市,宅梧镇,"81321375",浪塘,112.6,22.7,1,O,2019-01-01 00:00:00
广东,珠三角,江门,开平市,龙胜镇,"81321400",大沙河,112.4,22.6,1,O,2019-01-01 00:00:00
广东,珠三角,江门,开平市,马冈镇,"81321405",马冈,112.5,22.5,1,O,2019-01-01 00:00:00
广东,珠三角,江门,开平市,苍城镇,"81321410",镇海,112.5,22.6,1,O,2019-01-01 00:00:00
广东,珠三角,江门,开平市,苍城镇,"81321430",四九,112.4,22.4,1,O,2019-01-01 00:00:00
广东,珠三角,江门,开平市,长沙街道,"81321450",开平,112.7,22.5,1,O,2019-01-01 00:00:00
广东,珠三角,江门,台山市,四九镇,"81321460",老营底,112.8,22.1,1,O,2019-01-01 00:00:00
广东,珠三角,江门,台山市,四九镇,"81321490",北峰山（台山）,112.9,22.2,1,O,2019-01-01 00:00:00
广东,珠三角,江门,台山市,四九镇,"81321500",塘田,112.8,22.4,1,O,2022-09-27 00:00:00
广东,珠三角,江门,台山市,台城街道,"81321540",台山,112.9,22.3,1,O,2025-03-31 00:00:00
广东,珠三角,江门,台山市,三合镇,"81321560",烂湴塘,112.7,22.1,1,O,2025-03-31 00:00:00
广东,珠三角,江门,台山市,白沙镇,"81321580",陈坑,112.6,22.3,1,O,2019-01-01 00:00:00
广东,珠三角,江门,开平市,水口镇,"81321650",水口（开平）,112.7,22.4,1,O,2019-01-01 00:00:00
广东,珠三角,江门,鹤山市,址山镇,"81321700",壁山,112.7,22.5,1,O,2019-01-01 00:00:00
广东,珠三角,江门,开平市,月山镇,"81321710",金居,112.8,22.4,1,O,2019-01-01 00:00:00
广东,珠三角,江门,新会区,司前镇,"81321720",司前（新会）,112.8,22.6,1,O,2019-01-01 00:00:00
广东,珠三角,江门,新会区,罗坑镇,"81321760",龙门,112.9,22.4,1,O,2019-01-01 00:00:00
广东,珠三角,江门,新会区,会城街道,"81321780",新会,113,22.4,1,O,2019-01-01 00:00:00
广东,珠三角,江门,新会区,双水镇,"81321800",万亩,113,22.4,1,O,2019-01-01 00:00:00
广东,珠三角,江门,新会区,古井镇,"81321820",古井,113.1,22.4,1,O,2019-01-01 00:00:00
广东,珠三角,江门,新会区,崖门镇,"81321860",扫管塘,113.1,22.1,1,O,2019-01-01 00:00:00
广东,珠三角,江门,新会区,崖门镇,"81321880",东方红,113.1,22.1,1,O,2019-01-01 00:00:00
广东,珠三角,江门,台山市,都斛镇,"81321900",南坑,113,22.2,1,O,2019-01-01 00:00:00
广东,珠三角,江门,台山市,赤溪镇,"81321920",大坑,112.9,22.1,1,O,2019-01-01 00:00:00
广东,珠三角,珠海,金湾区,平沙镇,"81322000",平沙,113.2,22.1,1,O,2019-01-01 00:00:00
广东,珠三角,珠海,斗门区,乾务镇,"81322100",乾务水库,113.2,22.1,1,O,2019-01-01 00:00:00
广东,珠三角,佛山,南海区,西樵镇,"81322160",西樵,112.9,23,1,O,2019-01-01 00:00:00
广东,珠三角,佛山,禅城区,祖庙街道,"81322295",佛山(市府大院),113.2,23,1,O,2019-01-01 00:00:00
广东,珠三角,佛山,南海区,狮山镇,"81322320",东风水库,113,23.2,1,O,2019-01-01 00:00:00
广东,珠三角,佛山,南海区,狮山镇,"81322340",仙溪,113,23.1,1,O,2019-01-01 00:00:00
广东,珠三角,江门,恩平市,大田镇,"81341000",东南,112.2,22.3,1,O,2025-03-31 00:00:00
广东,珠三角,江门,恩平市,大田镇,"81341002",白石(恩平),112.2,22.4,1,O,2025-03-31 00:00:00
广东,珠三角,江门,恩平市,大田镇,"81341006",石山(恩平),112.3,22.2,1,O,2025-03-31 00:00:00
广东,珠三角,江门,恩平市,那吉镇,"81341014",沙河(恩平),112,22.3,1,O,2025-03-31 00:00:00
广东,珠三角,江门,新会区,崖门镇,"81341016",坑口(新会),113,22.4,1,O,2025-03-31 00:00:00
广东,珠三角,江门,新会区,崖门镇,"81341018",横水,113,22.3,1,O,2025-03-31 00:00:00
广东,珠三角,江门,新会区,崖门镇,"81341020",甜水,113,22.3,1,O,2025-03-31 00:00:00
广东,珠三角,江门,新会区,崖门镇,"81341022",梁黄屋,113,22.2,1,O,2025-03-31 00:00:00
广东,珠三角,江门,台山市,赤溪镇,"81341024",护岭,113.1,22,1,O,2025-03-31 00:00:00
广东,珠三角,江门,台山市,赤溪镇,"81341026",磅礴,113,22.1,1,O,2025-03-31 00:00:00
广东,珠三角,江门,台山市,赤溪镇,"81341028",北门,112.9,22.1,1,O,2025-03-31 00:00:00
广东,珠三角,江门,台山市,赤溪镇,"81341030",渡头(台山),113,22.1,1,O,2025-03-31 00:00:00
广东,珠三角,江门,台山市,赤溪镇,"81341032",铜鼓,113,21.8,1,O,2025-03-31 00:00:00
广东,粤西,阳江,阳东区,大八镇,"81349500",太垌,111.9,22.1,1,O,2025-03-31 00:00:00
广东,粤西,阳江,阳东区,大八镇,"81349502",珠环,111.9,22.2,1,O,2025-03-31 00:00:00
广东,粤西,阳江,阳东区,大八镇,"81349504",罗田(阳东),112,22.2,1,O,2025-03-31 00:00:00
广东,珠三角,珠海,香洲区,翠香街道,"81383500",大镜山水库,113.5,22.3,1,O,2025-03-31 00:00:00
广东,珠三角,江门,恩平市,大田镇,"81385700",凤子山,112.2,22.3,1,O,2019-01-01 00:00:00
广东,珠三角,江门,恩平市,良西镇,"81386300",良西,112.3,22.4,1,O,2019-01-01 00:00:00
广东,珠三角,佛山,顺德区,勒流街道,"813B5800",育贤学校,113.1,22.8,1,O,2025-05-23 00:00:00
广东,粤北,河源,紫金县,龙窝镇,"81500020",洋头（龙山桥）,115.3,23.4,1,O,2022-03-12 00:00:00
广东,粤北,梅州,五华县,龙村镇,"81500040",洞口（五华）,115.4,23.6,1,O,2022-03-19 00:00:00
广东,粤北,梅州,五华县,梅林镇,"81500050",尖山,115.6,23.7,1,O,2022-03-27 00:00:00
广东,粤北,梅州,五华县,安流镇,"81500100",安流（万塘）,115.8,23.8,1,O,2019-01-01 00:00:00
广东,粤北,梅州,兴宁市,水口镇,"81500150",水口(二),115.9,24,1,O,2022-03-27 00:00:00
广东,粤北,梅州,梅江区,金山街道,"81500250",梅县(四),116,24.3,1,O,2022-03-27 00:00:00
广东,粤北,梅州,梅县区,松口镇,"81500360",横山(二),116.4,24.5,1,O,2022-03-27 00:00:00
广东,粤北,梅州,大埔县,三河镇,"81500380",蓬辣滩,116.5,24.4,1,O,2025-03-31 00:00:00
广东,粤北,梅州,大埔县,三河镇,"81500382",蓬辣滩(坝下),116.6,24.5,1,O,2022-03-18 00:00:00
广东,粤北,梅州,大埔县,三河镇,"81500450",三河坝(三),116.7,24.5,1,O,2022-03-18 00:00:00
广东,粤北,梅州,丰顺县,?隍镇,"81500500",留隍,116.4,24,1,O,2022-03-17 00:00:00
广东,粤东,潮州,潮安区,赤凤镇,"81500550",赤凤,116.5,23.9,1,O,2019-01-01 00:00:00
广东,粤东,潮州,湘桥区,太平街道,"81500650",潮安,116.6,23.7,1,O,2022-03-25 00:00:00
广东,粤东,汕头,澄海区,凤翔街道,"81500950",东溪口,116.8,23.5,1,O,2019-01-01 00:00:00
广东,粤北,河源,紫金县,中坝镇,"81501165",中坝,115.4,23.6,1,O,2022-03-11 00:00:00
广东,粤北,梅州,五华县,周江镇,"81501608",黄华（河边）,115.7,23.7,1,O,2022-03-18 00:00:00
广东,粤北,梅州,五华县,安流镇,"81501612",大同,115.8,23.8,1,O,2022-03-18 00:00:00
广东,粤北,梅州,五华县,河东镇,"81501616",林石,115.8,23.9,1,O,2022-03-18 00:00:00
广东,粤北,梅州,五华县,横陂镇,"81501620",东方红（五华）,115.7,23.9,1,O,2019-01-01 00:00:00
广东,粤北,河源,龙川县,龙母镇,"81501630",高陂（龙川）,115.5,24.2,1,O,2019-01-01 00:00:00
广东,粤北,河源,龙川县,铁场镇,"81501635",铁场,115.5,24.2,1,O,2022-03-31 00:00:00
广东,粤北,河源,龙川县,黄布镇,"81501640",黄江（龙川）,115.3,24,1,O,2019-01-01 00:00:00
广东,粤北,梅州,五华县,华城镇,"81501750",河子口,115.5,24,1,O,2022-03-17 00:00:00
广东,粤北,梅州,五华县,潭下镇,"81501810",潭下（杞水）,115.4,23.8,1,O,2022-03-14 00:00:00
广东,粤北,梅州,五华县,潭下镇,"81501813",文里,115.5,24,1,O,2022-04-04 00:00:00
广东,粤北,梅州,五华县,潭下镇,"81501820",益塘,115.6,24,1,O,2022-09-27 00:00:00
广东,粤北,梅州,兴宁市,大坪镇,"81501840",罗岗（大坪）,115.7,24.3,1,O,2022-03-10 00:00:00
广东,粤北,梅州,兴宁市,刁坊镇,"81501925",兴宁（刁坊）,115.8,24.1,1,O,2022-03-28 00:00:00
广东,粤北,梅州,兴宁市,黄陂镇,"81501940",温公,115.7,24.4,1,O,2019-01-01 00:00:00
广东,粤北,梅州,兴宁市,黄陂镇,"81501950",甘砖,115.6,24.3,1,O,2022-04-02 00:00:00
广东,粤北,梅州,兴宁市,龙田镇,"81501955",石壁,115.8,24.3,1,O,2022-10-01 00:00:00
广东,粤北,梅州,兴宁市,宁中镇,"81501960",和山岩,115.7,24.1,1,O,2019-01-01 00:00:00
广东,粤北,梅州,梅县区,畲江镇,"81501980",红星（梅县）,116.1,24.1,1,O,2022-03-16 00:00:00
广东,粤北,梅州,梅县区,梅南镇,"81501985",梅南,116.2,24.1,1,O,2022-03-09 00:00:00
广东,粤北,梅州,梅县区,南口镇,"81501990",荷泗,115.9,24.1,1,O,2022-03-16 00:00:00
广东,粤北,梅州,平远县,石正镇,"81502010",石正（东台）,115.9,24.4,1,O,2022-03-09 00:00:00
广东,粤北,梅州,梅县区,程江镇,"81502080",长滩（桥上）,116,24.3,1,O,2022-03-15 00:00:00
广东,粤北,梅州,梅县区,梅西镇,"81502100",龙虎(二),115.9,24.4,1,O,2022-03-17 00:00:00
广东,粤北,梅州,梅江区,西阳镇,"81502130",清凉山,116.3,24.2,1,O,2022-09-30 00:00:00
广东,粤北,梅州,蕉岭县,长潭镇,"81502295",长潭(坝上),116.2,24.7,1,O,2022-09-28 00:00:00
广东,粤北,梅州,蕉岭县,新铺镇,"81502340",新铺,116.1,24.6,1,O,2022-03-17 00:00:00
广东,粤北,梅州,平远县,差干镇,"81502370",差干（差干）,115.9,24.9,1,O,2022-03-14 00:00:00
广东,粤北,梅州,平远县,八尺镇,"81502396",楼前（村委）,115.9,24.7,1,O,2022-03-09 00:00:00
广东,粤北,梅州,平远县,河头镇,"81502400",河头,115.9,24.6,1,O,2022-03-16 00:00:00
广东,粤北,梅州,蕉岭县,新铺镇,"81502420",三坑（蕉岭新铺）,116.1,24.6,1,O,2022-03-16 00:00:00
广东,粤北,梅州,平远县,大柘镇,"81502430",东石（大柘）,115.9,24.6,1,O,2022-03-16 00:00:00
广东,粤北,梅州,梅县区,隆文镇,"81502440",隆文（木寨）,116.3,24.5,1,O,2022-03-31 00:00:00
广东,粤北,梅州,平远县,大柘镇,"81502460",平远（平城花园）,115.8,24.6,1,O,2022-03-16 00:00:00
广东,粤北,梅州,蕉岭县,南磜镇,"81502500",多宝,116.3,24.9,1,O,2022-09-29 00:00:00
广东,粤北,梅州,梅县区,松源镇,"81502600",宝坑,116.3,24.6,1,O,2022-03-27 00:00:00
广东,粤北,梅州,梅县区,松口镇,"81502610",鸡卵滩,116.4,24.6,1,O,2022-03-19 00:00:00
广东,粤北,梅州,大埔县,青溪镇,"81503020",青溪,116.6,24.6,1,O,2022-09-28 00:00:00
广东,粤北,梅州,大埔县,青溪镇,"81503050",溪口,116.5,24.5,1,O,2022-03-19 00:00:00
广东,粤北,梅州,大埔县,茶阳镇,"81503880",恋墩,116.8,24.6,1,O,2022-03-16 00:00:00
广东,粤北,梅州,大埔县,西河镇,"81503890",上黄沙,116.7,24.5,1,O,2022-03-09 00:00:00
广东,粤北,梅州,大埔县,茶阳镇,"81503920",梅林,116.6,24.5,1,O,2025-03-31 00:00:00
广东,粤北,梅州,大埔县,大东镇,"81503990",大东（联丰）,116.9,24.2,1,O,2022-03-13 00:00:00
广东,粤北,梅州,大埔县,枫朗镇,"81504000",双溪,116.8,24.3,1,O,2019-01-01 00:00:00
广东,粤北,梅州,大埔县,百侯镇,"81504050",百侯,116.7,24.2,1,O,2022-03-19 00:00:00
广东,粤北,梅州,大埔县,湖寮镇,"81504060",大埔,116.7,24.4,1,O,2022-03-13 00:00:00
广东,粤北,梅州,大埔县,银江镇,"81504075",车上（河边）,116.4,24.3,1,O,2022-03-13 00:00:00
广东,粤北,梅州,丰顺县,丰良镇,"81504100",棠荆,116.3,23.9,1,O,2022-03-19 00:00:00
广东,粤北,梅州,丰顺县,黄金镇,"81504150",黄金（丰顺）,116.4,24.1,1,O,2019-01-01 00:00:00
广东,粤北,梅州,丰顺县,黄金镇,"81504160",埔东（河边）,116.5,23.9,1,O,2022-03-13 00:00:00
广东,粤北,梅州,丰顺县,大龙华镇,"81504200",径门（丰顺大龙华）,116.3,24.1,1,O,2022-03-10 00:00:00
广东,粤东,潮州,潮安区,凤凰镇,"81505000",凤凰,116.7,23.8,1,O,2022-09-30 00:00:00
广东,粤东,潮州,潮安区,归湖镇,"81505010",新沟,116.5,23.9,1,O,2022-04-06 00:00:00
广东,粤东,潮州,潮安区,文祠镇,"81505020",甘露桥,116.7,23.7,1,O,2022-04-05 00:00:00
广东,粤北,梅州,大埔县,高陂镇,"81510870",高陂水利枢纽,116.6,24.3,1,O,2025-03-31 00:00:00
广东,粤北,梅州,蕉岭县,文福镇,"81513260",黄竹坪,116.3,24.6,1,O,2025-03-31 00:00:00
广东,粤北,河源,紫金县,南岭镇,"81520020",际头,115.5,23.2,1,O,2019-01-01 00:00:00
广东,粤北,河源,紫金县,苏区镇,"81520080",黄布,115.3,23.3,1,O,2019-01-01 00:00:00
广东,粤北,河源,紫金县,龙窝镇,"81520100",洋头,115.3,23.5,1,O,2019-01-01 00:00:00
广东,粤北,梅州,五华县,龙村镇,"81520120",黄新,115.4,23.3,1,O,2019-01-01 00:00:00
广东,粤北,梅州,五华县,龙村镇,"81520123",榕溪,115.4,23.5,1,O,2019-01-01 00:00:00
广东,粤北,梅州,五华县,龙村镇,"81520140",南洞,115.5,23.5,1,O,2019-01-01 00:00:00
广东,粤北,梅州,五华县,龙村镇,"81520150",宫前,115.6,23.6,1,O,2019-01-01 00:00:00
广东,粤北,梅州,五华县,龙村镇,"81520154",黄洞（五华）,115.5,23.4,1,O,2019-01-01 00:00:00
广东,粤北,梅州,五华县,龙村镇,"81520160",龙村,115.6,23.6,1,O,2019-01-01 00:00:00
广东,粤北,河源,紫金县,中坝镇,"81520200",中心坝,115.2,23.6,1,O,2019-01-01 00:00:00
广东,粤北,河源,紫金县,敬梓镇,"81520220",中正,115.3,23.6,1,O,2019-01-01 00:00:00
广东,粤北,河源,紫金县,龙窝镇,"81520320",宝洞围,115.4,23.5,1,O,2019-01-01 00:00:00
广东,粤北,梅州,五华县,华阳镇,"81520360",大坪,115.4,23.7,1,O,2019-01-01 00:00:00
广东,粤北,梅州,五华县,梅林镇,"81520368",樟坑（五华）,115.6,23.6,1,O,2019-01-01 00:00:00
广东,粤北,梅州,五华县,华阳镇,"81520372",小拔,115.4,23.6,1,O,2019-01-01 00:00:00
广东,粤北,梅州,五华县,周江镇,"81520374",龙洞,115.6,23.8,1,O,2019-01-01 00:00:00
广东,粤北,梅州,五华县,棉洋镇,"81520380",梨树坳,115.6,23.7,1,O,2019-01-01 00:00:00
广东,粤北,梅州,五华县,梅林镇,"81520390",三乐,115.5,23.6,1,O,2019-01-01 00:00:00
广东,粤北,梅州,五华县,周江镇,"81520405",利河,115.5,23.7,1,O,2019-01-01 00:00:00
广东,粤北,梅州,五华县,棉洋镇,"81520408",黎洞,115.7,23.6,1,O,2019-01-01 00:00:00
广东,粤北,梅州,五华县,长布镇,"81520420",长蒲,115.4,23.7,1,O,2019-01-01 00:00:00
广东,粤北,梅州,五华县,周江镇,"81520440",周江,115.6,23.9,1,O,2019-01-01 00:00:00
广东,粤北,梅州,五华县,周江镇,"81520443",黄华（村内）,115.6,23.8,1,O,2019-01-01 00:00:00
广东,粤北,梅州,五华县,安流镇,"81520470",伏溪,115.7,23.8,1,O,2019-01-01 00:00:00
广东,粤北,梅州,五华县,棉洋镇,"81520480",平安,115.8,23.6,1,O,2019-01-01 00:00:00
广东,粤北,梅州,五华县,双华镇,"81520500",双华,115.8,23.8,1,O,2019-01-01 00:00:00
广东,粤北,梅州,五华县,双华镇,"81520506",福全,115.7,23.8,1,O,2019-01-01 00:00:00
广东,粤北,梅州,五华县,安流镇,"81520520",里江,115.7,23.7,1,O,2019-01-01 00:00:00
广东,粤北,梅州,五华县,郭田镇,"81520620",三渡水,116,23.8,1,O,2019-01-01 00:00:00
广东,粤北,梅州,五华县,河东镇,"81520648",汤屋,115.9,23.8,1,O,2019-01-01 00:00:00
广东,粤北,梅州,五华县,河东镇,"81520658",礤坑,115.8,23.7,1,O,2019-01-01 00:00:00
广东,粤北,梅州,五华县,河东镇,"81520660",桂田,115.7,23.8,1,O,2022-10-01 00:00:00
广东,粤北,梅州,五华县,横陂镇,"81520680",走马岗,115.7,23.8,1,O,2019-01-01 00:00:00
广东,粤北,梅州,五华县,水寨镇,"81520700",五华(水寨),115.8,23.9,1,O,2019-01-01 00:00:00
广东,粤北,河源,龙川县,回龙镇,"81520720",迥龙,115.4,24.4,1,O,2019-01-01 00:00:00
广东,粤北,河源,龙川县,龙母镇,"81520740",龙母,115.5,24.2,1,O,2019-01-01 00:00:00
广东,粤北,河源,龙川县,铁场镇,"81520750",谷前,115.5,24.2,1,O,2019-01-01 00:00:00
广东,粤北,梅州,兴宁市,大坪镇,"81520760",将军塘,115.5,24.4,1,O,2019-01-01 00:00:00
广东,粤北,河源,龙川县,紫市镇,"81520800",黄屋坪,115.4,23.8,1,O,2019-01-01 00:00:00
广东,粤北,河源,龙川县,鹤市镇,"81520820",鹤市,115.3,23.9,1,O,2019-01-01 00:00:00
广东,粤北,梅州,五华县,岐岭镇,"81520860",合水(五华),115.4,24.1,1,O,2019-01-01 00:00:00
广东,粤北,梅州,五华县,岐岭镇,"81520880",新桥,115.4,24,1,O,2019-01-01 00:00:00
广东,粤北,梅州,五华县,岐岭镇,"81520882",清溪,115.4,24,1,O,2019-01-01 00:00:00
广东,粤北,梅州,五华县,华城镇,"81520910",新五,115.5,24.2,1,O,2019-01-01 00:00:00
广东,粤北,梅州,五华县,长布镇,"81520940",大田,115.4,23.9,1,O,2019-01-01 00:00:00
广东,粤北,梅州,五华县,潭下镇,"81520950",布坪,115.5,24,1,O,2019-01-01 00:00:00
广东,粤北,梅州,五华县,潭下镇,"81520960",潭下,115.5,23.9,1,O,2019-01-01 00:00:00
广东,粤北,梅州,五华县,华城镇,"81520970",南方（五华）,115.5,24,1,O,2019-01-01 00:00:00
广东,粤北,梅州,五华县,转水镇,"81521000",转水,115.7,24,1,O,2019-01-01 00:00:00
广东,粤北,梅州,五华县,河东镇,"81521020",岩前,115.8,23.9,1,O,2019-01-01 00:00:00
广东,粤北,梅州,兴宁市,罗岗镇,"81521030",溪联,115.6,24.5,1,O,2019-01-01 00:00:00
广东,粤北,梅州,兴宁市,罗岗镇,"81521035",溪庄,115.6,24.5,1,O,2019-01-01 00:00:00
广东,粤北,梅州,兴宁市,罗岗镇,"81521040",罗岗,115.6,24.4,1,O,2019-01-01 00:00:00
广东,粤北,梅州,兴宁市,大坪镇,"81521046",祠堂,115.6,24.4,1,O,2019-01-01 00:00:00
广东,粤北,梅州,兴宁市,罗岗镇,"81521050",黄溪（兴宁）,115.6,24.5,1,O,2019-01-01 00:00:00
广东,粤北,梅州,兴宁市,黄陂镇,"81521080",黄陂,115.7,24.5,1,O,2019-01-01 00:00:00
广东,粤北,梅州,兴宁市,黄陂镇,"81521082",五星（兴宁）,115.8,24.4,1,O,2019-01-01 00:00:00
广东,粤北,梅州,兴宁市,合水镇,"81521100",合水,115.7,24.3,1,O,2019-01-01 00:00:00
广东,粤北,梅州,兴宁市,石马镇,"81521118",石马,115.8,24.2,1,O,2019-01-01 00:00:00
广东,粤北,梅州,兴宁市,石马镇,"81521120",三眼桥,115.7,24.2,1,O,2019-01-01 00:00:00
广东,粤北,梅州,兴宁市,龙田镇,"81521124",云光,115.7,24.2,1,O,2019-01-01 00:00:00
广东,粤北,梅州,兴宁市,叶塘镇,"81521126",麻岭,115.7,24.2,1,O,2019-01-01 00:00:00
广东,粤北,梅州,兴宁市,叶塘镇,"81521130",叶塘,115.7,24.1,1,O,2019-01-01 00:00:00
广东,粤北,梅州,兴宁市,新陂镇,"81521133",新陂,115.7,24.2,1,O,2025-03-31 00:00:00
广东,粤北,梅州,兴宁市,宁新街道,"81521135",兴宁（兴城）,115.7,24.1,1,O,2019-01-01 00:00:00
广东,粤北,梅州,兴宁市,永和镇,"81521140",黄坭陂,115.8,24.1,1,O,2019-01-01 00:00:00
广东,粤北,梅州,兴宁市,坭陂镇,"81521150",坭陂,115.8,24,1,O,2019-01-01 00:00:00
广东,粤北,梅州,兴宁市,新圩镇,"81521155",新圩（兴宁),116,24,1,O,2019-01-01 00:00:00
广东,粤北,梅州,兴宁市,水口镇,"81521164",宋声,116,24,1,O,2019-01-01 00:00:00
广东,粤北,梅州,梅县区,畲江镇,"81521174",中坑,115.9,24,1,O,2019-01-01 00:00:00
广东,粤北,梅州,梅县区,畲江镇,"81521178",叶田,116.1,24,1,O,2019-01-01 00:00:00
广东,粤北,梅州,梅县区,畲江镇,"81521180",双坪,116.1,23.9,1,O,2019-01-01 00:00:00
广东,粤北,梅州,梅县区,畲江镇,"81521200",江杏,116,24.1,1,O,2019-01-01 00:00:00
广东,粤北,梅州,梅县区,水车镇,"81521212",小桑,116,24.2,1,O,2019-01-01 00:00:00
广东,粤北,梅州,梅县区,水车镇,"81521216",水声,116,24.1,1,O,2019-01-01 00:00:00
广东,粤北,梅州,梅县区,水车镇,"81521220",水车,116,24.1,1,O,2019-01-01 00:00:00
广东,粤北,梅州,梅县区,梅南镇,"81521246",下南,116.2,24.1,1,O,2019-01-01 00:00:00
广东,粤北,梅州,梅县区,梅南镇,"81521260",蓝田,116,24,1,O,2019-01-01 00:00:00
广东,粤北,梅州,梅县区,南口镇,"81521280",太平,116,24.2,1,O,2019-01-01 00:00:00
广东,粤北,梅州,梅县区,南口镇,"81521286",星耀,115.9,24.1,1,O,2019-01-01 00:00:00
广东,粤北,梅州,梅江区,长沙镇,"81521300",小密水库,116.2,24.2,1,O,2019-01-01 00:00:00
广东,粤北,梅州,平远县,石正镇,"81521380",富石,115.7,24.6,1,O,2019-01-01 00:00:00
广东,粤北,梅州,平远县,石正镇,"81521390",黄竹良,115.8,24.5,1,O,2025-03-31 00:00:00
广东,粤北,梅州,平远县,石正镇,"81521400",石正,115.8,24.5,1,O,2019-01-01 00:00:00
广东,粤北,梅州,梅县区,石坑镇,"81521440",红卫,115.9,24.4,1,O,2019-01-01 00:00:00
广东,粤北,梅州,梅县区,石坑镇,"81521480",澄坑,115.9,24.3,1,O,2019-01-01 00:00:00
广东,粤北,梅州,梅县区,梅西镇,"81521500",均田,115.8,24.4,1,O,2019-01-01 00:00:00
广东,粤北,梅州,梅县区,大坪镇,"81521540",梅西,115.9,24.4,1,O,2022-09-28 00:00:00
广东,粤北,梅州,梅县区,南口镇,"81521560",瑶尾,115.8,24.2,1,O,2019-01-01 00:00:00
广东,粤北,梅州,梅县区,南口镇,"81521570",南口,116,24.2,1,O,2019-01-01 00:00:00
广东,粤北,梅州,梅县区,程江镇,"81521572",长滩（村内）,116.1,24.4,1,O,2019-01-01 00:00:00
广东,粤北,梅州,梅江区,城北镇,"81521575",城北（梅江）,116,24.4,1,O,2019-01-01 00:00:00
广东,粤北,梅州,梅县区,石扇镇,"81521600",巴庄,116,24.5,1,O,2019-01-01 00:00:00
广东,粤北,梅州,梅县区,城东镇,"81521610",城东,116.1,24.3,1,O,2019-01-01 00:00:00
广东,粤北,梅州,梅江区,西阳镇,"81521620",明山嶂,116.4,24.2,1,O,2019-01-01 00:00:00
广东,粤北,梅州,梅江区,西阳镇,"81521630",将军阁,116.3,24.2,1,O,2019-01-01 00:00:00
广东,粤北,梅州,梅江区,西阳镇,"81521640",富良,116.1,24.3,1,O,2019-01-01 00:00:00
广东,粤北,梅州,梅县区,丙村镇,"81521660",丙村,116.3,24.4,1,O,2019-01-01 00:00:00
广东,粤北,梅州,梅县区,雁洋镇,"81521680",三乡,116.4,24.3,1,O,2019-01-01 00:00:00
广东,粤北,梅州,蕉岭县,广福镇,"81522010",广福,116.2,24.8,1,O,2019-01-01 00:00:00
广东,粤北,梅州,平远县,仁居镇,"81522120",黄石,115.8,24.9,1,O,2025-03-31 00:00:00
广东,粤北,梅州,平远县,仁居镇,"81522130",古丁（平远）,115.7,24.9,1,O,2025-03-31 00:00:00
广东,粤北,梅州,平远县,仁居镇,"81522140",平远,115.9,24.9,1,O,2019-01-01 00:00:00
广东,粤北,梅州,平远县,仁居镇,"81522145",畲溪,115.9,24.9,1,O,2025-03-31 00:00:00
广东,粤北,梅州,平远县,差干镇,"81522148",罗庚坝,115.9,24.9,1,O,2019-01-01 00:00:00
广东,粤北,梅州,平远县,差干镇,"81522155",湖洋（平远）,115.8,24.8,1,O,2025-03-31 00:00:00
广东,粤北,梅州,平远县,上举镇,"81522160",上举,116,24.8,1,O,2019-01-01 00:00:00
广东,粤北,梅州,平远县,差干镇,"81522180",差干,115.9,24.8,1,O,2019-01-01 00:00:00
广东,粤北,梅州,平远县,差干镇,"81522185",湍溪,116.1,24.9,1,O,2019-01-01 00:00:00
广东,粤北,梅州,平远县,泗水镇,"81522280",普滩,116.1,24.8,1,O,2019-01-01 00:00:00
广东,粤北,梅州,平远县,泗水镇,"81522300",泗水,116,24.7,1,O,2019-01-01 00:00:00
广东,粤北,梅州,蕉岭县,文福镇,"81522340",文福,116.2,24.8,1,O,2019-01-01 00:00:00
广东,粤北,梅州,蕉岭县,蓝坊镇,"81522350",蓝坊,116.3,24.6,1,O,2019-01-01 00:00:00
广东,粤北,梅州,蕉岭县,蕉城镇,"81522360",蕉岭,116.2,24.7,1,O,2019-01-01 00:00:00
广东,粤北,梅州,蕉岭县,三圳镇,"81522370",三圳,116.1,24.7,1,O,2019-01-01 00:00:00
广东,粤北,梅州,平远县,八尺镇,"81522380",八尺,115.7,24.7,1,O,2019-01-01 00:00:00
广东,粤北,梅州,平远县,八尺镇,"81522390",楼前（纸槽坑）,115.9,24.8,1,O,2019-01-01 00:00:00
广东,粤北,梅州,平远县,河头镇,"81522400",黄田,116,24.7,1,O,2022-09-30 00:00:00
广东,粤北,梅州,平远县,中行镇,"81522410",中行,115.9,24.7,1,O,2019-01-01 00:00:00
广东,粤北,梅州,平远县,东石镇,"81522420",冷水坑,116,24.7,1,O,2019-01-01 00:00:00
广东,粤北,梅州,平远县,东石镇,"81522430",东石,115.9,24.7,1,O,2019-01-01 00:00:00
广东,粤北,梅州,平远县,东石镇,"81522435",茅坪（平远）,116,24.6,1,O,2025-03-31 00:00:00
广东,粤北,梅州,平远县,大柘镇,"81522450",田兴,115.9,24.4,1,O,2025-03-31 00:00:00
广东,粤北,梅州,平远县,大柘镇,"81522455",凤池,115.8,24.6,1,O,2019-01-01 00:00:00
广东,粤北,梅州,平远县,大柘镇,"81522460",平远(气),116,24.6,1,O,2019-01-01 00:00:00
广东,粤北,梅州,平远县,热柘镇,"81522468",升平,115.9,24.7,1,O,2025-03-31 00:00:00
广东,粤北,梅州,平远县,热柘镇,"81522470",热柘,116,24.5,1,O,2019-01-01 00:00:00
广东,粤北,梅州,平远县,长田镇,"81522473",长田（北）,115.9,24.4,1,O,2025-03-31 00:00:00
广东,粤北,梅州,平远县,长田镇,"81522475",长田,115.9,24.6,1,O,2019-01-01 00:00:00
广东,粤北,梅州,平远县,东石镇,"81522478",锅笃水库,116.1,24.6,1,O,2025-03-31 00:00:00
广东,粤北,梅州,平远县,热柘镇,"81522480",水波形,116,24.6,1,O,2019-01-01 00:00:00
广东,粤北,梅州,蕉岭县,新铺镇,"81522500",黄坑,116,24.5,1,O,2019-01-01 00:00:00
广东,粤北,梅州,蕉岭县,新铺镇,"81522502",徐溪,116,24.5,1,O,2019-01-01 00:00:00
广东,粤北,梅州,梅县区,石扇镇,"81522515",石扇,116.1,24.4,1,O,2019-01-01 00:00:00
广东,粤北,梅州,梅县区,白渡镇,"81522524",梅大,116.1,24.6,1,O,2019-01-01 00:00:00
广东,粤北,梅州,梅县区,白渡镇,"81522528",悦来,116.2,24.4,1,O,2019-01-01 00:00:00
广东,粤北,梅州,蕉岭县,蓝坊镇,"81522560",高思,116.2,24.5,1,O,2019-01-01 00:00:00
广东,粤北,梅州,梅县区,白渡镇,"81522570",嵩灵,116.2,24.5,1,O,2019-01-01 00:00:00
广东,粤北,梅州,梅县区,隆文镇,"81522580",隆文,116.3,24.7,1,O,2019-01-01 00:00:00
广东,粤北,梅州,梅县区,松口镇,"81522590",下坪,116.4,24.6,1,O,2019-01-01 00:00:00
广东,粤北,梅州,蕉岭县,南磜镇,"81522640",白云坳,116.3,24.9,1,O,2019-01-01 00:00:00
广东,粤北,梅州,蕉岭县,南磜镇,"81522700",尚田,116.5,24.7,1,O,2019-01-01 00:00:00
广东,粤北,梅州,蕉岭县,南磜镇,"81522720",桂竹园,116.2,24.8,1,O,2019-01-01 00:00:00
广东,粤北,梅州,蕉岭县,南磜镇,"81522780",三坑,116.4,24.6,1,O,2019-01-01 00:00:00
广东,粤北,梅州,梅县区,松源镇,"81522840",虹光,116.4,24.8,1,O,2019-01-01 00:00:00
广东,粤北,梅州,梅县区,桃尧镇,"81522932",桃溪,116.5,24.6,1,O,2019-01-01 00:00:00
广东,粤北,梅州,梅县区,桃尧镇,"81522938",大美,116.4,24.5,1,O,2019-01-01 00:00:00
广东,粤北,梅州,梅县区,松口镇,"81522942",洋坑（梅县）,116.5,24.5,1,O,2021-07-21 00:00:00
广东,粤北,梅州,梅县区,松口镇,"81522960",下井,116.5,24.6,1,O,2019-01-01 00:00:00
广东,粤北,梅州,梅县区,松口镇,"81522962",界溪,116.5,24.6,1,O,2019-01-01 00:00:00
广东,粤北,梅州,大埔县,大麻镇,"81522980",英雅,116.4,24.3,1,O,2019-01-01 00:00:00
广东,粤北,梅州,大埔县,三河镇,"81522986",良江,116.6,24.5,1,O,2021-04-29 00:00:00
广东,粤北,梅州,平远县,八尺镇,"81523774",凤头,115.9,24.7,1,O,2025-03-31 00:00:00
广东,粤北,梅州,大埔县,青溪镇,"81525860",石下坝,116.5,24.7,1,O,2019-01-01 00:00:00
广东,粤北,梅州,大埔县,茶阳镇,"81525900",古村,116.7,24.5,1,O,2019-01-01 00:00:00
广东,粤北,梅州,大埔县,西河镇,"81526050",西河（漳溪）,116.7,24.5,1,O,2019-01-01 00:00:00
广东,粤北,梅州,大埔县,西河镇,"81526060",樟溪,116.8,24.5,1,O,2019-01-01 00:00:00
广东,粤北,梅州,大埔县,西河镇,"81526065",北塘,116.6,24.5,1,O,2019-01-01 00:00:00
广东,粤北,梅州,大埔县,茶阳镇,"81526080",茶阳,116.6,24.5,1,O,2019-01-01 00:00:00
广东,粤北,梅州,大埔县,茶阳镇,"81526086",乌石（大埔）,116.6,24.5,1,O,2021-07-21 00:00:00
广东,粤北,梅州,大埔县,湖寮镇,"81526090",密坑,116.7,24.4,1,O,2019-01-01 00:00:00
广东,粤北,梅州,大埔县,大东镇,"81526210",大东（水管所）,116.9,24.3,1,O,2019-01-01 00:00:00
广东,粤北,梅州,大埔县,西河镇,"81526214",横溪（大埔）,116.7,24.4,1,O,2019-01-01 00:00:00
广东,粤北,梅州,大埔县,枫朗镇,"81526220",枫朗,116.8,24.3,1,O,2019-01-01 00:00:00
广东,粤北,梅州,大埔县,湖寮镇,"81526250",湖寮（北),116.6,24.4,1,O,2019-01-01 00:00:00
广东,粤北,梅州,大埔县,西河镇,"81526260",岩上,116.7,24.4,1,O,2019-01-01 00:00:00
广东,粤北,梅州,大埔县,大麻镇,"81526306",小留,116.6,24.4,1,O,2019-01-01 00:00:00
广东,粤北,梅州,大埔县,大麻镇,"81526310",大麻,116.6,24.3,1,O,2019-01-01 00:00:00
广东,粤北,梅州,大埔县,大麻镇,"81526312",梨树（大埔）,116.7,24.2,1,O,2019-01-01 00:00:00
广东,粤北,梅州,大埔县,银江镇,"81526314",坑口,116.6,24.2,1,O,2019-01-01 00:00:00
广东,粤北,梅州,大埔县,银江镇,"81526318",葛里,116.4,24.2,1,O,2019-01-01 00:00:00
广东,粤北,梅州,大埔县,银江镇,"81526320",银江,116.5,24.2,1,O,2019-01-01 00:00:00
广东,粤北,梅州,大埔县,银江镇,"81526321",冠山,116.4,24.3,1,O,2021-04-29 00:00:00
广东,粤北,梅州,大埔县,银江镇,"81526322",昆仑,116.4,24.3,1,O,2019-01-01 00:00:00
广东,粤北,梅州,大埔县,高陂镇,"81526330",渡头（大埔）,116.6,24.2,1,O,2019-01-01 00:00:00
广东,粤北,梅州,大埔县,高陂镇,"81526332",上村电站,116.7,24.2,1,O,2019-01-01 00:00:00
广东,粤北,梅州,大埔县,高陂镇,"81526340",南坑,116.8,24.2,1,O,2019-01-01 00:00:00
广东,粤北,梅州,大埔县,高陂镇,"81526360",高陂,116.6,24.1,1,O,2019-01-01 00:00:00
广东,粤北,梅州,大埔县,光德镇,"81526370",光德,116.7,24.1,1,O,2019-01-01 00:00:00
广东,粤北,梅州,大埔县,洲瑞镇,"81526380",洲瑞,116.6,24.1,1,O,2019-01-01 00:00:00
广东,粤北,梅州,大埔县,桃源镇,"81526400",桃源,116.7,24,1,O,2019-01-01 00:00:00
广东,粤北,梅州,大埔县,桃源镇,"81526402",新东水库,116.6,24,1,O,2019-01-01 00:00:00
广东,粤北,梅州,丰顺县,砂田镇,"81526420",沙田,116.5,24.1,1,O,2019-01-01 00:00:00
广东,粤北,梅州,丰顺县,潭江镇,"81526440",祝石,116.7,24.1,1,O,2019-01-01 00:00:00
广东,粤北,梅州,丰顺县,潭江镇,"81526442",大胜,116.6,23.9,1,O,2019-01-01 00:00:00
广东,粤北,梅州,丰顺县,潭江镇,"81526444",胜溪,116.6,24.1,1,O,2019-01-01 00:00:00
广东,粤北,梅州,丰顺县,小胜镇,"81526450",小胜,116.5,24,1,O,2019-01-01 00:00:00
广东,粤北,梅州,兴宁市,水口镇,"81526460",大坪輋,116.1,23.8,1,O,2019-01-01 00:00:00
广东,粤北,梅州,丰顺县,建桥镇,"81526480",青潭,116.1,24,1,O,2019-01-01 00:00:00
广东,粤北,梅州,丰顺县,建桥镇,"81526520",建桥,116.2,23.9,1,O,2019-01-01 00:00:00
广东,粤北,梅州,丰顺县,丰良镇,"81526540",梨树坪,116.2,23.9,1,O,2019-01-01 00:00:00
广东,粤北,梅州,丰顺县,丰良镇,"81526600",上围,116.3,23.9,1,O,2019-01-01 00:00:00
广东,粤北,梅州,丰顺县,丰良镇,"81526650",仙上,116.2,23.9,1,O,2019-01-01 00:00:00
广东,粤北,梅州,丰顺县,大龙华镇,"81526660",北溪,116.2,24.1,1,O,2019-01-01 00:00:00
广东,粤北,梅州,丰顺县,大龙华镇,"81526680",大龙华,116.2,24.1,1,O,2019-01-01 00:00:00
广东,粤北,梅州,丰顺县,砂田镇,"81526720",铜峰,116.3,24.3,1,O,2019-01-01 00:00:00
广东,粤北,梅州,丰顺县,大龙华镇,"81526740",径门,116.3,24.2,1,O,2019-01-01 00:00:00
广东,粤北,梅州,丰顺县,留隍镇,"81526760",大钱,116.5,23.9,1,O,2019-01-01 00:00:00
广东,粤北,梅州,丰顺县,潘田镇,"81526800",潘田,116.4,24,1,O,2019-01-01 00:00:00
广东,粤北,梅州,丰顺县,留隍镇,"81526803",高华,116.3,23.8,1,O,2019-01-01 00:00:00
广东,粤北,梅州,丰顺县,留隍镇,"81526820",犀狗寮,116.4,23.7,1,O,2019-01-01 00:00:00
广东,粤北,梅州,丰顺县,留隍镇,"81526830",西山（丰顺）,116.4,23.8,1,O,2019-01-01 00:00:00
广东,粤北,梅州,丰顺县,留隍镇,"81526840",金岗,116.4,23.8,1,O,2019-01-01 00:00:00
广东,粤东,潮州,潮安区,凤凰镇,"81526860",凤溪,116.7,23.9,1,O,2022-09-30 00:00:00
广东,粤东,潮州,潮安区,文祠镇,"81526920",柏坑,116.7,23.7,1,O,2019-01-01 00:00:00
广东,粤东,潮州,湘桥区,铁铺镇,"81526950",铁铺,116.8,23.7,1,O,2019-01-01 00:00:00
广东,粤东,汕头,澄海区,东里镇,"81526970",东里,116.8,23.6,1,O,2019-01-01 00:00:00
广东,粤东,潮州,潮安区,庵埠镇,"81526990",薛陇,116.7,23.5,1,O,2019-01-01 00:00:00
广东,粤东,潮州,饶平县,汤溪镇,"81600050",汤溪水库(大坝),116.9,23.9,1,O,2019-01-01 00:00:00
广东,粤东,潮州,饶平县,汤溪镇,"81600100",汤溪水库(坝下二),116.9,24,1,O,2022-04-02 00:00:00
广东,粤东,潮州,饶平县,黄冈镇,"81600120",饶平,117,23.6,1,O,2022-03-22 00:00:00
广东,粤东,潮州,饶平县,三饶镇,"81600150",胜利（饶平）,116.8,23.9,1,O,2019-01-01 00:00:00
广东,粤东,潮州,饶平县,建饶镇,"81600160",牛角笼,116.8,23.9,1,O,2019-01-01 00:00:00
广东,粤东,潮州,饶平县,浮滨镇,"81600180",坪溪（饶平）,116.7,23.8,1,O,2022-09-26 00:00:00
广东,粤东,汕头,龙湖区,珠池街道,"81600350",珠池,116.8,23.4,1,O,2019-01-01 00:00:00
广东,粤东,汕尾,陆河县,水唇镇,"81600440",下社,115.6,23.2,1,O,2022-04-02 00:00:00
广东,粤东,揭阳,揭西县,五云镇,"81600450",富口,115.7,23.4,1,O,2022-04-02 00:00:00
广东,粤东,揭阳,揭西县,河婆街道,"81600500",河婆,115.9,23.5,1,O,2022-03-19 00:00:00
广东,粤东,揭阳,揭西县,良田乡,"81600550",河輋水库,115.9,23.6,1,O,2019-01-01 00:00:00
广东,粤东,揭阳,普宁市,里湖镇,"81600620",金山洞,116,23.3,1,O,2019-01-01 00:00:00
广东,粤东,揭阳,揭西县,棉湖镇,"81600650",东桥园,116.1,23.6,1,O,2022-03-29 00:00:00
广东,粤东,揭阳,揭西县,河婆街道,"81600680",新四,115.8,23.5,1,O,2022-04-05 00:00:00
广东,粤北,梅州,丰顺县,八乡山镇,"81600740",八乡,115.8,23.6,1,O,2019-01-01 00:00:00
广东,粤北,梅州,丰顺县,埔寨镇,"81600750",龙颈（上）水库,116.1,23.7,1,O,2019-01-01 00:00:00
广东,粤东,揭阳,揭西县,五经富镇,"81600800",龙颈(下)水库,116,23.6,1,O,2019-01-01 00:00:00
广东,粤东,揭阳,揭西县,京溪园镇,"81600860",员墩,116.1,23.5,1,O,2022-03-09 00:00:00
广东,粤东,揭阳,揭西县,塔头镇,"81600870",塔头,116.1,23.5,1,O,2022-04-05 00:00:00
广东,粤东,揭阳,普宁市,洪阳镇,"81600880",沟边,116.2,23.5,1,O,2022-03-09 00:00:00
广东,粤东,揭阳,榕城区,西马街道,"81600890",揭阳北（二）,116.3,23.6,1,O,2022-04-04 00:00:00
广东,粤东,揭阳,揭东区,玉湖镇,"81601150",赤坎（揭东）,116.3,23.8,1,O,2022-03-19 00:00:00
广东,粤东,潮州,潮安区,凤塘镇,"81601160",林兜,116.5,23.6,1,O,2022-03-09 00:00:00
广东,粤东,揭阳,榕城区,登岗镇,"81601175",方坑,116.4,23.6,1,O,2022-04-05 00:00:00
广东,粤北,梅州,丰顺县,汤南镇,"81601190",汤南,116.2,23.7,1,O,2022-03-09 00:00:00
广东,粤东,揭阳,普宁市,占陇镇,"81601530",占陇,116.3,23.3,1,O,2022-03-22 00:00:00
广东,粤东,汕头,潮南区,峡山街道,"81601540",铜盂水闸,116.5,23.3,1,O,2022-03-21 00:00:00
广东,粤东,汕头,潮阳区,海门镇,"81601550",海门,116.6,23.3,1,O,2019-01-01 00:00:00
广东,粤东,汕头,潮阳区,铜盂镇,"81601560",神仙里,116.4,23.4,1,O,2022-03-15 00:00:00
广东,粤东,汕头,潮南区,峡山街道,"81601565",上东浦,116.4,23.3,1,O,2022-03-09 00:00:00
广东,粤东,汕头,潮南区,陇田镇,"81601570",小龙溪,116.5,23,1,O,2025-03-31 00:00:00
广东,粤东,汕头,潮南区,成田镇,"81601580",龙溪一级,116.3,23.1,1,O,2025-03-31 00:00:00
广东,粤东,汕头,潮南区,陇田镇,"81601585",西湖（潮南）,116.5,23.2,1,O,2022-04-06 00:00:00
广东,粤东,汕头,潮南区,成田镇,"81601590",龙溪二级,116.5,23.1,1,O,2025-03-31 00:00:00
广东,粤东,汕头,潮南区,两英镇,"81601595",红口輋,116.4,23.2,1,O,2025-03-31 00:00:00
广东,粤东,汕头,潮南区,红场镇,"81601610",红场,116.3,23.1,1,O,2025-03-31 00:00:00
广东,粤东,汕头,潮南区,仙城镇,"81601620",上金溪,116.2,23.1,1,O,2025-03-31 00:00:00
广东,粤东,揭阳,普宁市,大南山街道,"81601630",上三坑,116.2,23.2,1,O,2022-10-04 00:00:00
广东,粤东,揭阳,普宁市,大南山街道,"81601635",三坑水库（普宁）,116.2,23.3,1,O,2019-01-01 00:00:00
广东,粤东,揭阳,普宁市,下架山镇,"81601640",白沙溪,116.3,23.3,1,O,2022-10-04 00:00:00
广东,粤东,揭阳,惠来县,葵潭镇,"81601650",磁窑,115.9,23,1,O,2022-03-19 00:00:00
广东,粤东,揭阳,惠来县,隆江镇,"81601655",尖官陂,116.2,23,1,O,2019-01-01 00:00:00
广东,粤东,揭阳,惠来县,惠城镇,"81601660",镇北,116.4,23.2,1,O,2022-10-03 00:00:00
广东,粤东,揭阳,惠来县,惠城镇,"81601670",蜈蚣岭,116.3,23.1,1,O,2022-10-02 00:00:00
广东,粤东,揭阳,惠来县,惠城镇,"81601675",船桥,116.2,23.3,1,O,2019-01-01 00:00:00
广东,粤东,揭阳,惠来县,隆江镇,"81601676",总埔洋,116.2,23,1,O,2022-03-09 00:00:00
广东,粤东,汕头,潮南区,雷岭镇,"81601678",鹅地,116.4,23,1,O,2022-03-09 00:00:00
广东,粤东,揭阳,惠来县,周田镇,"81601680",葫芦潭,116.3,23,1,O,2022-10-03 00:00:00
广东,粤东,揭阳,惠来县,前詹镇,"81601690",古杭,116.4,23,1,O,2019-01-01 00:00:00
广东,粤东,汕尾,陆丰市,陂洋镇,"81601750",巷口水库,115.9,23,1,O,2022-09-12 00:00:00
广东,粤东,揭阳,惠来县,溪西镇,"81601860",新圩（惠来）,116.3,23,1,O,2022-04-05 00:00:00
广东,粤东,揭阳,普宁市,云落镇,"81601865",红饶,115.9,23.2,1,O,2022-03-09 00:00:00
广东,粤东,汕尾,陆丰市,博美镇,"81601960",博美（赤溪）,115.8,23,1,O,2022-03-07 00:00:00
广东,粤东,汕尾,陆丰市,桥冲镇,"81601970",桥冲,115.8,23,1,O,2022-04-05 00:00:00
广东,粤东,揭阳,惠来县,靖海镇,"81601980",狮石湖水闸,116.5,23,1,O,2022-03-19 00:00:00
广东,粤东,汕尾,陆丰市,博美镇,"81601990",五里牌,115.9,23,1,O,2019-01-01 00:00:00
广东,粤东,汕尾,陆丰市,甲西镇,"81601995",客楼,116.1,22.9,1,O,2022-03-09 00:00:00
广东,粤东,汕尾,陆河县,河口镇,"81602050",河口（陆河）,115.7,23.1,1,O,2019-01-01 00:00:00
广东,粤东,汕尾,陆河县,河田镇,"81602130",陆河(河田),115.6,23.4,1,O,2022-04-06 00:00:00
广东,粤东,汕尾,陆丰市,河东镇,"81602150",蕉坑（二）,115.5,23,1,O,2022-04-05 00:00:00
广东,粤东,汕尾,陆丰市,大安镇,"81602210",牛角隆,115.7,23,1,O,2019-01-01 00:00:00
广东,粤东,汕尾,陆丰市,大安镇,"81602220",三溪水,115.7,23.1,1,O,2022-10-03 00:00:00
广东,粤东,汕尾,陆河县,新田镇,"81602230",新坑（陆河）,115.6,23.3,1,O,2019-01-01 00:00:00
广东,粤东,汕尾,陆河县,新田镇,"81602260",参城,115.5,23.2,1,O,2022-03-09 00:00:00
广东,粤东,汕尾,海丰县,陶河镇,"81602270",陶河（步雅）,115.5,22.9,1,O,2022-03-09 00:00:00
广东,粤东,汕尾,陆丰市,潭西镇,"81602280",潭西（赤坎）,115.6,23,1,O,2022-03-12 00:00:00
广东,粤东,汕尾,海丰县,黄羌镇,"81602360",朝面山,115.4,23.3,1,O,2019-01-01 00:00:00
广东,粤东,汕尾,海丰县,黄羌镇,"81602370",朝阳（海丰）,115.4,23.2,1,O,2022-10-03 00:00:00
广东,粤东,汕尾,海丰县,平东镇,"81602380",南门（海丰）,115.5,23.1,1,O,2022-10-03 00:00:00
广东,粤东,汕尾,海丰县,公平镇,"81602385",公平水库（坝下）,115.5,23,1,O,2022-03-09 00:00:00
广东,粤东,汕尾,海丰县,平东镇,"81602390",平龙,115.4,23,1,O,2022-08-08 00:00:00
广东,粤东,汕尾,海丰县,城东镇,"81602396",赤岸桥,115.3,23,1,O,2022-03-22 00:00:00
广东,粤东,汕尾,海丰县,附城镇,"81602405",青年水库,115.2,22.9,1,O,2019-01-01 00:00:00
广东,粤东,汕尾,海丰县,梅陇镇,"81602410",红阳,115.1,23,1,O,2019-01-01 00:00:00
广东,粤东,汕尾,城区,东涌镇,"81602430",宝楼,115.4,22.7,1,O,2019-01-01 00:00:00
广东,粤东,汕尾,城区,香洲街道,"81602440",海关,115.3,22.8,1,O,2019-01-01 00:00:00
广东,珠三角,惠州,惠东县,平海镇,"81602450",港口,114.9,22.5,1,O,2019-01-01 00:00:00
广东,粤东,潮州,饶平县,上饶镇,"81620020",茂芝,116.9,24.2,1,O,2019-01-01 00:00:00
广东,粤东,潮州,饶平县,饶洋镇,"81620040",水西,116.9,24.1,1,O,2019-01-01 00:00:00
广东,粤东,潮州,饶平县,新丰镇,"81620060",九村,116.8,24,1,O,2019-01-01 00:00:00
广东,粤东,潮州,饶平县,韩江林场,"81620080",桃园,116.8,24,1,O,2019-01-01 00:00:00
广东,粤东,潮州,饶平县,三饶镇,"81620100",三饶,116.9,24,1,O,2019-01-01 00:00:00
广东,粤东,潮州,饶平县,建饶镇,"81620120",麻寮,116.8,24,1,O,2019-01-01 00:00:00
广东,粤东,潮州,饶平县,新塘镇,"81620140",外宫,116.7,23.9,1,O,2019-01-01 00:00:00
广东,粤东,潮州,饶平县,新塘镇,"81620150",新塘（饶平）,116.9,24,1,O,2019-01-01 00:00:00
广东,粤东,潮州,饶平县,东山镇,"81620180",东山,117,23.9,1,O,2019-01-01 00:00:00
广东,粤东,潮州,饶平县,新圩镇,"81620220",大潭,117,23.7,1,O,2019-01-01 00:00:00
广东,粤东,潮州,饶平县,新圩镇,"81620230",新圩（饶平）,117,23.7,1,O,2019-01-01 00:00:00
广东,粤东,潮州,饶平县,樟溪镇,"81620240",厂埔,116.8,23.7,1,O,2019-01-01 00:00:00
广东,粤东,潮州,饶平县,樟溪镇,"81620250",樟溪（饶平）,116.9,23.8,1,O,2019-01-01 00:00:00
广东,粤东,潮州,饶平县,联饶镇,"81620270",联饶,117,23.8,1,O,2019-01-01 00:00:00
广东,粤东,汕头,南澳县,云澳镇,"81620290",云澳水库,117,23.4,1,O,2019-01-01 00:00:00
广东,粤东,汕头,南澳县,深澳镇,"81620295",圆墩水库,117.1,23.4,1,O,2019-01-01 00:00:00
广东,粤东,汕头,南澳县,深澳镇,"81620300",南澳,117.1,23.4,1,O,2019-01-01 00:00:00
广东,粤东,汕头,南澳县,后宅镇,"81620310",黄花山水库,117,23.5,1,O,2019-01-01 00:00:00
广东,粤东,汕尾,陆河县,水唇镇,"81620380",吉龙,115.8,23.3,1,O,2019-01-01 00:00:00
广东,粤东,汕尾,陆河县,水唇镇,"81620390",水唇,115.8,23.3,1,O,2019-01-01 00:00:00
广东,粤东,揭阳,揭西县,上砂镇,"81620500",新岭,115.7,23.5,1,O,2019-01-01 00:00:00
广东,粤东,揭阳,揭西县,上砂镇,"81620520",上砂,115.6,23.4,1,O,2019-01-01 00:00:00
广东,粤东,揭阳,揭西县,五云镇,"81620560",龙沟山,115.8,23.4,1,O,2019-01-01 00:00:00
广东,粤东,揭阳,揭西县,良田乡,"81620620",良田,115.9,23.5,1,O,2019-01-01 00:00:00
广东,粤东,揭阳,揭西县,河婆街道,"81620660",大半田,115.7,23.5,1,O,2019-01-01 00:00:00
广东,粤东,揭阳,揭西县,河婆街道,"81620680",横江,115.7,23.6,1,O,2019-01-01 00:00:00
广东,粤东,揭阳,揭西县,龙潭镇,"81620720",龙潭水库,115.9,23.5,1,O,2019-01-01 00:00:00
广东,粤东,揭阳,普宁市,船埔镇,"81620740",李坑,115.9,23.2,1,O,2019-01-01 00:00:00
广东,粤东,揭阳,揭西县,坪上镇,"81620745",石峡,115.9,23.3,1,O,2019-01-01 00:00:00
广东,粤东,揭阳,揭西县,钱坑镇,"81620760",钱坑,116,23.4,1,O,2019-01-01 00:00:00
广东,粤东,揭阳,普宁市,里湖镇,"81620770",寨洋,115.9,23.3,1,O,2019-01-01 00:00:00
广东,粤东,揭阳,揭西县,南山镇,"81620780",大北山,115.9,23.5,1,O,2019-01-01 00:00:00
广东,粤东,揭阳,揭西县,南山镇,"81620800",南山,116,23.5,1,O,2019-01-01 00:00:00
广东,粤北,梅州,丰顺县,八乡山镇,"81620820",高基坪,115.8,23.7,1,O,2019-01-01 00:00:00
广东,粤北,梅州,丰顺县,八乡山镇,"81620850",滩良,116,23.8,1,O,2019-01-01 00:00:00
广东,粤北,梅州,丰顺县,八乡山镇,"81620940",贵人村,115.9,23.8,1,O,2019-01-01 00:00:00
广东,粤北,梅州,丰顺县,八乡山镇,"81620990",小溪,116,23.7,1,O,2019-01-01 00:00:00
广东,粤东,揭阳,揭东区,龙尾镇,"81621090",龙尾,116,23.6,1,O,2019-01-01 00:00:00
广东,粤东,揭阳,普宁市,洪阳镇,"81621100",洪阳,116.2,23.4,1,O,2019-01-01 00:00:00
广东,粤东,揭阳,榕城区,仙桥街道,"81621110",篮兜,116.3,23.5,1,O,2019-01-01 00:00:00
广东,粤北,梅州,丰顺县,北斗镇,"81621120",石角坝,116.1,23.9,1,O,2019-01-01 00:00:00
广东,粤北,梅州,丰顺县,汤西镇,"81621140",南礤,116.1,23.9,1,O,2019-01-01 00:00:00
广东,粤北,梅州,丰顺县,汤西镇,"81621150",石江,116.2,23.7,1,O,2019-01-01 00:00:00
广东,粤北,梅州,丰顺县,汤坑镇,"81621160",梅子坝,116.2,23.8,1,O,2019-01-01 00:00:00
广东,粤北,梅州,丰顺县,汤坑镇,"81621180",虎局,116.2,23.9,1,O,2022-09-28 00:00:00
广东,粤北,梅州,丰顺县,汤坑镇,"81621200",汤坑（丰顺）,116.1,23.7,1,O,2019-01-01 00:00:00
广东,粤北,梅州,丰顺县,埔寨镇,"81621220",埔寨,116.2,23.6,1,O,2019-01-01 00:00:00
广东,粤东,揭阳,揭东区,新亨镇,"81621265",硕联,116.3,23.6,1,O,2019-01-01 00:00:00
广东,粤东,揭阳,揭东区,锡场镇,"81621270",潭蔡,116.3,23.5,1,O,2019-01-01 00:00:00
广东,粤东,揭阳,揭东区,磐东街道,"81621276",白塔,116.4,23.6,1,O,2019-01-01 00:00:00
广东,粤东,揭阳,揭东区,曲溪街道,"81621290",揭东,116.3,23.5,1,O,2019-01-01 00:00:00
广东,粤东,潮州,潮安区,登塘镇,"81621295",田东,116.5,23.8,1,O,2019-01-01 00:00:00
广东,粤东,潮州,潮安区,古巷镇,"81621298",娘坑水库,116.5,23.7,1,O,2019-01-01 00:00:00
广东,粤东,潮州,潮安区,登塘镇,"81621300",大坑,116.5,23.6,1,O,2019-01-01 00:00:00
广东,粤东,揭阳,揭东区,玉滘镇,"81621305",玉滘,116.4,23.7,1,O,2019-01-01 00:00:00
广东,粤东,潮州,潮安区,金石镇,"81621310",金石,116.6,23.5,1,O,2019-01-01 00:00:00
广东,粤东,潮州,潮安区,浮洋镇,"81621315",登岗,116.5,23.5,1,O,2019-01-01 00:00:00
广东,粤东,揭阳,揭东区,埔田镇,"81621320",晏内,116.3,23.6,1,O,2019-01-01 00:00:00
广东,粤东,揭阳,揭东区,埔田镇,"81621330",埔田,116.4,23.7,1,O,2019-01-01 00:00:00
广东,粤东,潮州,潮安区,沙溪镇,"81621335",沙溪（潮安）,116.6,23.4,1,O,2019-01-01 00:00:00
广东,粤东,揭阳,榕城区,地都镇,"81621340",南陇,116.5,23.5,1,O,2019-01-01 00:00:00
广东,粤东,汕头,濠江区,礐石街道,"81621350",达濠,116.6,23.3,1,O,2019-01-01 00:00:00
广东,粤东,揭阳,普宁市,流沙东街道,"81621360",流沙,116.1,23.2,1,O,2019-01-01 00:00:00
广东,粤东,揭阳,普宁市,云落镇,"81621370",寒妈,116.2,23.2,1,O,2019-01-01 00:00:00
广东,粤东,揭阳,普宁市,大坝镇,"81621375",半径（普宁）,116.2,23.3,1,O,2019-01-01 00:00:00
广东,粤东,揭阳,普宁市,下架山镇,"81621380",汤坑水库（普宁）,116.2,23.2,1,O,2022-10-03 00:00:00
广东,粤东,汕头,潮南区,仙城镇,"81621390",仙城,116.3,23.3,1,O,2019-01-01 00:00:00
广东,粤东,揭阳,普宁市,南径镇,"81621400",南径,116.3,23.4,1,O,2019-01-01 00:00:00
广东,粤东,汕头,潮阳区,贵屿镇,"81621450",贵屿,116.3,23.3,1,O,2019-01-01 00:00:00
广东,粤东,汕头,潮阳区,谷饶镇,"81621460",径底,116.5,23.3,1,O,2019-01-01 00:00:00
广东,粤东,汕头,潮阳区,谷饶镇,"81621466",谷饶,116.3,23.4,1,O,2025-03-31 00:00:00
广东,粤东,汕头,潮阳区,和平镇,"81621480",和平,116.4,23.3,1,O,2019-01-01 00:00:00
广东,粤东,汕头,潮南区,峡山街道,"81621490",铜盂（水利所）,116.4,23.3,1,O,2019-01-01 00:00:00
广东,粤东,汕头,潮南区,两英镇,"81621500",秋风岭,116.3,23.2,1,O,2019-01-01 00:00:00
广东,粤东,汕头,潮南区,成田镇,"81621510",成田,116.6,23.1,1,O,2019-01-01 00:00:00
广东,粤东,揭阳,惠来县,仙庵镇,"81621560",顶溪,116.5,23,1,O,2019-01-01 00:00:00
广东,粤东,汕头,潮南区,雷岭镇,"81621570",雷岭,116.4,23,1,O,2019-01-01 00:00:00
广东,粤东,揭阳,惠来县,周田镇,"81621580",坂美,116.5,22.9,1,O,2019-01-01 00:00:00
广东,粤东,揭阳,惠来县,神泉镇,"81621585",鳌头（惠来）,116.3,23,1,O,2019-01-01 00:00:00
广东,粤东,揭阳,惠来县,神泉镇,"81621590",前湖,116.4,23.1,1,O,2019-01-01 00:00:00
广东,粤东,揭阳,普宁市,后溪乡,"81621600",坪洋,115.8,23.2,1,O,2019-01-01 00:00:00
广东,粤东,揭阳,普宁市,大坪镇,"81621610",大坪（普宁）,115.9,23.2,1,O,2019-01-01 00:00:00
广东,粤东,汕尾,陆丰市,陂洋镇,"81621620",龙潭,115.9,23.2,1,O,2019-01-01 00:00:00
广东,粤东,揭阳,普宁市,船埔镇,"81621650",船埔,115.9,23.2,1,O,2019-01-01 00:00:00
广东,粤东,揭阳,普宁市,船埔镇,"81621660",天青湖,116,23.1,1,O,2019-01-01 00:00:00
广东,粤东,揭阳,普宁市,高埔镇,"81621665",梅星,115.9,23.2,1,O,2019-01-01 00:00:00
广东,粤东,揭阳,普宁市,梅林镇,"81621680",南阳,115.9,23.3,1,O,2019-01-01 00:00:00
广东,粤东,揭阳,普宁市,云落镇,"81621720",崩坎,116,23.2,1,O,2019-01-01 00:00:00
广东,粤东,揭阳,惠来县,隆江镇,"81621800",石榴潭,116.2,23.1,1,O,2022-10-01 00:00:00
广东,粤东,揭阳,惠来县,惠城镇,"81621820",惠来,116.3,22.9,1,O,2019-01-01 00:00:00
广东,粤东,揭阳,惠来县,东陇镇,"81621830",陇头,116.2,23,1,O,2019-01-01 00:00:00
广东,粤东,揭阳,惠来县,葵潭农场,"81621840",芒溪,115.9,23,1,O,2019-01-01 00:00:00
广东,粤东,揭阳,惠来县,鳌江镇,"81621850",山栗,115.9,23,1,O,2019-01-01 00:00:00
广东,粤东,汕尾,陆丰市,甲东镇,"81621860",甲东,116.2,22.9,1,O,2019-01-01 00:00:00
广东,粤东,汕尾,陆丰市,碣石镇,"81621880",碣石,115.8,22.7,1,O,2019-01-01 00:00:00
广东,粤东,汕尾,陆丰市,八万镇,"81621900",双沛,115.7,23,1,O,2019-01-01 00:00:00
广东,粤东,汕尾,陆丰市,陂洋镇,"81621910",陂洋,115.7,23.1,1,O,2019-01-01 00:00:00
广东,粤东,汕尾,陆丰市,内湖镇,"81621915",内湖,115.8,23,1,O,2019-01-01 00:00:00
广东,粤东,汕尾,陆丰市,铜锣湖农场,"81621920",铜锣湖,116,22.9,1,O,2019-01-01 00:00:00
广东,粤东,汕尾,陆丰市,城东街道,"81621960",乌坎,115.7,22.8,1,O,2019-01-01 00:00:00
广东,粤东,汕尾,陆河县,南万镇,"81621980",罗经坝,115.5,23.4,1,O,2019-01-01 00:00:00
广东,粤东,汕尾,陆河县,南万镇,"81622000",万全,115.5,23.3,1,O,2019-01-01 00:00:00
广东,粤东,汕尾,陆河县,螺溪镇,"81622020",丁洋,115.6,23.5,1,O,2019-01-01 00:00:00
广东,粤东,汕尾,陆河县,南万镇,"81622040",南告,115.6,23.4,1,O,2019-01-01 00:00:00
广东,粤东,汕尾,陆河县,螺溪镇,"81622060",各安,115.6,23.5,1,O,2019-01-01 00:00:00
广东,粤东,汕尾,陆河县,螺溪镇,"81622070",珠岭下,115.6,23.4,1,O,2019-01-01 00:00:00
广东,粤东,汕尾,陆河县,河田镇,"81622090",陆河（三防办）,115.6,23.2,1,O,2019-01-01 00:00:00
广东,粤东,汕尾,陆河县,上护镇,"81622095",上护,115.5,23.2,1,O,2019-01-01 00:00:00
广东,粤东,汕尾,陆河县,河口镇,"81622100",麦湖,115.7,23.2,1,O,2019-01-01 00:00:00
广东,粤东,汕尾,陆河县,新田镇,"81622140",青年,115.5,23.1,1,O,2019-01-01 00:00:00
广东,粤东,汕尾,陆丰市,西南镇,"81622160",屯埔,115.5,23,1,O,2019-01-01 00:00:00
广东,粤东,汕尾,陆丰市,八万镇,"81622200",下葫,115.8,23.2,1,O,2019-01-01 00:00:00
广东,粤东,汕尾,海丰县,可塘镇,"81622230",可塘（水利所）,115.5,23,1,O,2019-01-01 00:00:00
广东,粤东,汕尾,陆丰市,潭西镇,"81622240",箖投围,115.6,22.9,1,O,2022-09-26 00:00:00
广东,粤东,汕尾,陆丰市,东海街道,"81622250",东海,115.7,22.9,1,O,2019-01-01 00:00:00
广东,粤东,汕尾,海丰县,赤坑镇,"81622260",赤沙,115.5,22.9,1,O,2019-01-01 00:00:00
广东,粤东,汕尾,城区,凤山街道,"81622300",汕尾,115.4,22.9,1,O,2019-01-01 00:00:00
广东,粤东,汕尾,海丰县,黄羌镇,"81622320",黄羌,115.4,23.1,1,O,2019-01-01 00:00:00
广东,粤东,汕尾,海丰县,平东镇,"81622330",平东,115.5,23.2,1,O,2019-01-01 00:00:00
广东,粤东,汕尾,海丰县,公平镇,"81622340",公平,115.3,23.1,1,O,2019-01-01 00:00:00
广东,粤东,汕尾,海丰县,公平镇,"81622360",红花地,115.3,23.1,1,O,2019-01-01 00:00:00
广东,粤东,汕尾,海丰县,海城镇,"81622370",莲花,115.4,23,1,O,2019-01-01 00:00:00
广东,粤东,汕尾,海丰县,附城镇,"81622380",海丰,115.3,23,1,O,2019-01-01 00:00:00
广东,粤东,汕尾,海丰县,梅陇镇,"81622400",黄山洞,115.3,23,1,O,2019-01-01 00:00:00
广东,粤东,汕尾,海丰县,梅陇镇,"81622440",平安洞,115.1,22.9,1,O,2019-01-01 00:00:00
广东,珠三角,惠州,惠东县,吉隆镇,"81622520",吉隆,115,22.7,1,O,2019-01-01 00:00:00
广东,粤东,揭阳,惠来县,惠城镇,"81645810",将军湖,116.2,23.1,1,O,2025-03-31 00:00:00
广东,粤东,揭阳,惠来县,惠城镇,"81645812",小溪（揭阳）,116.3,23.1,1,O,2025-03-31 00:00:00
广东,粤东,揭阳,惠来县,惠城镇,"81645814",西溪（揭阳）,116.3,23,1,O,2025-03-31 00:00:00
广东,粤东,揭阳,惠来县,惠城镇,"81645816",白沙湖,116.4,23.1,1,O,2025-03-31 00:00:00
广东,粤东,揭阳,惠来县,惠城镇,"81645818",林樟,116.2,23.1,1,O,2025-03-31 00:00:00
广东,粤东,揭阳,惠来县,惠城镇,"81645820",泗竹埔,116.2,23,1,O,2025-03-31 00:00:00
广东,粤东,揭阳,惠来县,惠城镇,"81645822",牛角兰,116.2,23.1,1,O,2025-03-31 00:00:00
广东,粤东,揭阳,惠来县,惠城镇,"81645824",河田（揭阳）,116.2,23.1,1,O,2025-03-31 00:00:00
广东,粤东,揭阳,惠来县,惠城镇,"81645826",石古,116.1,23.1,1,O,2025-03-31 00:00:00
广东,粤东,揭阳,惠来县,惠城镇,"81645828",石兰口,116.1,23,1,O,2025-03-31 00:00:00
广东,粤东,揭阳,惠来县,惠城镇,"81645830",后洋（揭阳）,116.2,23,1,O,2025-03-31 00:00:00
广东,粤东,揭阳,惠来县,惠城镇,"81645832",叮美,116.2,23,1,O,2025-03-31 00:00:00
广东,粤东,揭阳,惠来县,惠城镇,"81645834",山美,116.1,23.1,1,O,2025-03-31 00:00:00
广东,粤东,汕尾,陆丰市,八万镇,"81646400",坪石（汕尾）,115.8,23,1,O,2025-03-31 00:00:00
广东,粤东,汕尾,陆丰市,八万镇,"81646402",新坑（陆丰）,115.7,23.1,1,O,2025-03-31 00:00:00
广东,粤东,汕尾,陆丰市,八万镇,"81646404",坪林,115.7,23,1,O,2025-03-31 00:00:00
广东,粤东,汕尾,陆丰市,八万镇,"81646406",新葫,115.8,23.1,1,O,2025-03-31 00:00:00
广东,粤东,汕尾,海丰县,可塘镇,"81647150",罗山（汕尾）,115.4,22.9,1,O,2025-03-31 00:00:00
广东,粤东,汕尾,海丰县,可塘镇,"81647152",城格山,115.4,22.9,1,O,2025-03-31 00:00:00
广东,粤东,汕尾,海丰县,可塘镇,"81647154",罗东,115.5,23,1,O,2025-03-31 00:00:00
广东,粤东,汕尾,海丰县,可塘镇,"81647156",可新,115.4,23,1,O,2025-03-31 00:00:00
广东,粤东,汕尾,海丰县,可塘镇,"81647158",黄厝港,115.5,22.9,1,O,2025-03-31 00:00:00
广东,粤东,汕尾,海丰县,可塘镇,"81647160",凤山（汕尾）,115.5,22.9,1,O,2025-03-31 00:00:00
广东,粤东,汕尾,海丰县,可塘镇,"81647162",罗南,115.5,22.9,1,O,2025-03-31 00:00:00
广东,粤东,汕尾,海丰县,可塘镇,"81647164",仓前,115.4,23,1,O,2025-03-31 00:00:00
广东,粤东,汕尾,海丰县,梅陇镇,"81647730",银液,115.3,23,1,O,2025-03-31 00:00:00
广东,粤东,汕尾,海丰县,梅陇镇,"81647732",东风（汕尾）,115.3,22.9,1,O,2025-03-31 00:00:00
广东,粤东,汕尾,海丰县,梅陇镇,"81647734",联平,115.2,22.8,1,O,2025-03-31 00:00:00
广东,粤东,汕尾,海丰县,梅陇镇,"81647738",南山（汕尾）,115.1,22.8,1,O,2025-03-31 00:00:00
广东,粤东,汕尾,海丰县,梅陇农场,"81647740",梅尖,115.3,22.8,1,O,2025-03-31 00:00:00
广东,粤东,汕尾,海丰县,梅陇镇,"81647742",仓兜,115.2,22.8,1,O,2025-03-31 00:00:00
广东,粤东,汕尾,海丰县,梅陇农场,"81647744",竹符,115.3,22.8,1,O,2025-03-31 00:00:00
广东,粤东,汕尾,海丰县,梅陇镇,"81647746",水踏,115.3,22.9,1,O,2025-03-31 00:00:00
广东,粤东,汕尾,海丰县,梅陇镇,"81647748",梅东,115.2,22.9,1,O,2025-03-31 00:00:00
广东,粤东,揭阳,揭东区,新亨镇,"81684800",新西河水库,116.2,23.6,1,O,2019-01-01 00:00:00
广东,粤东,汕头,潮阳区,河溪镇,"81685301",河溪,116.5,23.3,1,O,2025-03-31 00:00:00
广东,珠三角,江门,台山市,端芬镇,"81700050",爪排潭,112.8,22,1,O,2019-01-01 00:00:00
广东,珠三角,江门,台山市,端芬镇,"81700100",大隆洞,112.6,22,1,O,2019-01-01 00:00:00
广东,珠三角,江门,台山市,广海镇,"81700130",广海,112.8,22,1,O,2022-03-11 00:00:00
广东,珠三角,江门,台山市,深井镇,"81700160",那扶,112.5,22,1,O,2022-03-11 00:00:00
广东,粤西,阳江,阳东区,新洲镇,"81700170",夏水水库,112.3,21.8,1,O,2019-01-01 00:00:00
广东,粤西,阳江,阳东区,大沟镇,"81700180",马岗水库,112,21.8,1,O,2025-03-31 00:00:00
广东,粤西,阳江,阳东区,雅韶镇,"81700190",沙湾水库,112.2,21.9,1,O,2022-09-27 00:00:00
广东,粤西,阳江,阳春市,春湾镇,"81700200",春湾,111.9,22.4,1,O,2022-03-26 00:00:00
广东,粤西,阳江,阳春市,合水镇,"81700250",合水（阳春）,111.8,22.2,1,O,2019-01-01 00:00:00
广东,粤西,阳江,阳春市,春城街道,"81700300",阳春,111.8,22.2,1,O,2022-03-26 00:00:00
广东,粤西,阳江,江城区,双捷镇,"81700350",双捷,111.9,22,1,O,2022-03-26 00:00:00
广东,粤西,阳江,江城区,城北街道,"81700550",阳江,111.9,21.8,1,O,2019-01-01 00:00:00
广东,粤西,阳江,阳东区,雅韶镇,"81700600",北津港,112,21.9,1,O,2019-01-01 00:00:00
广东,粤西,阳江,阳春市,永宁镇,"81700650",永宁,111.6,22.3,1,O,2022-03-17 00:00:00
广东,粤西,阳江,阳春市,永宁镇,"81700670",张公龙,111.7,22.2,1,O,2022-09-28 00:00:00
广东,粤西,阳江,阳春市,圭岗镇,"81700750",大河（阳春）,111.8,22.2,1,O,2019-01-01 00:00:00
广东,粤西,阳江,阳春市,陂面镇,"81700800",陂面(三),111.9,22.4,1,O,2022-03-26 00:00:00
广东,粤西,阳江,阳春市,三甲镇,"81700910",长沙（水库）,111.4,22.2,1,O,2022-09-28 00:00:00
广东,粤西,阳江,阳春市,三甲镇,"81700940",三甲,111.4,22,1,O,2022-03-20 00:00:00
广东,粤西,阳江,阳春市,潭水镇,"81700950",荆山,111.5,22.1,1,O,2022-03-26 00:00:00
广东,粤西,阳江,阳春市,八甲镇,"81701050",仙家垌水库,111.5,22,1,O,2022-09-27 00:00:00
广东,粤西,阳江,阳春市,河口镇,"81701150",云光寨,111.7,22,1,O,2019-01-01 00:00:00
广东,粤西,阳江,阳东区,红丰镇,"81701210",漠地垌水库,111.9,21.9,1,O,2025-03-31 00:00:00
广东,粤西,阳江,江城区,岗列街道,"81701220",连环水库,112,21.9,1,O,2025-03-31 00:00:00
广东,粤西,阳江,阳东区,合山镇,"81701250",合山(阳东),112,22,1,O,2022-03-26 00:00:00
广东,粤西,阳江,阳东区,大八镇,"81701270",上水水库,112.1,22.1,1,O,2019-01-01 00:00:00
广东,粤西,阳江,阳东区,北惯镇,"81701275",北惯,112.1,21.9,1,O,2019-01-01 00:00:00
广东,珠三角,江门,台山市,斗山镇,"81701290",响水潭,112.9,22.1,1,O,2022-09-27 00:00:00
广东,粤西,阳江,江城区,白沙街道,"81701360",石河水库,111.9,21.9,1,O,2025-03-31 00:00:00
广东,粤西,阳江,阳西县,织?镇,"81701380",织篢,111.7,21.7,1,O,2022-05-09 00:00:00
广东,粤西,阳江,阳西县,程村镇,"81701390",新湖水库,111.8,21.9,1,O,2025-03-31 00:00:00
广东,粤西,阳江,江城区,平冈镇,"81701400",溪头（阳西）,111.8,21.7,1,O,2019-01-01 00:00:00
广东,粤西,茂名,电白区,望夫镇,"81701410",望夫（望夫村）,111.4,21.6,1,O,2022-03-13 00:00:00
广东,粤西,阳江,阳西县,儒洞镇,"81701440",长角水库,111.5,21.7,1,O,2025-03-31 00:00:00
广东,粤西,茂名,电白区,马踏镇,"81701460",白沙仔,111.3,21.7,1,O,2022-04-06 00:00:00
广东,粤西,阳江,阳西县,儒洞镇,"81701500",儒垌,111.3,21.7,1,O,2019-01-01 00:00:00
广东,粤西,茂名,电白区,麻岗镇,"81701520",热水（电白）,111.1,21.6,1,O,2022-09-30 00:00:00
广东,粤西,茂名,电白区,博贺镇,"81701530",博贺港,111.2,21.6,1,O,2019-01-01 00:00:00
广东,粤西,茂名,电白区,高地街道,"81701550",水东(南海闸),111.1,21.5,1,O,2022-03-07 00:00:00
广东,粤西,茂名,信宜市,东镇街道,"81701640",信宜（金湖闸）,110.9,22.3,1,O,2022-03-12 00:00:00
广东,粤西,茂名,信宜市,东镇街道,"81701650",信宜,110.9,22.4,1,O,2019-01-01 00:00:00
广东,粤西,茂名,信宜市,镇隆镇,"81701670",十里,110.9,22.2,1,O,2022-03-13 00:00:00
广东,粤西,茂名,信宜市,北界镇,"81701680",北洒,110.8,22.3,1,O,2019-01-01 00:00:00
广东,粤西,茂名,信宜市,水口镇,"81701690",双狮,110.8,22.3,1,O,2022-04-05 00:00:00
广东,粤西,茂名,高州市,潭头镇,"81701700",潭头,110.8,22.1,1,O,2022-03-29 00:00:00
广东,粤西,茂名,高州市,沙田镇,"81701830",龙湾,110.7,22,1,O,2019-01-01 00:00:00
广东,粤西,茂名,高州市,沙田镇,"81701920",沙田（六联）,110.7,22,1,O,2022-03-13 00:00:00
广东,粤西,茂名,高州市,石仔岭街道,"81701950",高州(四),110.9,21.9,1,O,2022-03-29 00:00:00
广东,粤西,茂名,信宜市,玉都街道,"81702000",高城,110.9,22.3,1,O,2022-09-27 00:00:00
广东,粤西,茂名,信宜市,东镇街道,"81702050",尚文,110.9,22.3,1,O,2022-09-30 00:00:00
广东,粤西,茂名,高州市,石鼓镇,"81702250",石鼓,110.7,21.8,1,O,2019-01-01 00:00:00
广东,粤西,茂名,化州市,东山街道,"81702500",化州(城),110.7,21.6,1,O,2022-03-29 00:00:00
广东,粤西,茂名,化州市,中垌镇,"81702550",长湾河,110.4,21.9,1,O,2019-01-01 00:00:00
广东,粤西,茂名,化州市,林尘镇,"81702555",坦塘,110.6,21.9,1,O,2022-03-13 00:00:00
广东,粤西,茂名,化州市,官桥镇,"81702570",官桥（三角山）,110.4,21.8,1,O,2022-03-12 00:00:00
广东,粤西,湛江,吴川市,樟铺镇,"81702590",积美拦河坝,110.8,21.4,1,O,2022-03-25 00:00:00
广东,粤西,湛江,吴川市,梅菉街道,"81702650",梅菉(四),110.8,21.4,1,O,2022-03-29 00:00:00
广东,粤西,湛江,吴川市,海滨街道,"81702655",塘尾闸（下）,110.7,21.4,1,O,2019-01-01 00:00:00
广东,粤西,湛江,吴川市,黄坡镇,"81702700",黄坡,110.7,21.4,1,O,2019-01-01 00:00:00
广东,粤西,湛江,吴川市,吴阳镇,"81702721",鉴江拦河（上）,110.7,21.4,1,O,2022-03-22 00:00:00
广东,粤西,湛江,雷州市,杨家镇,"81702775",杨家,109.9,20.8,1,O,2022-03-25 00:00:00
广东,粤西,茂名,高州市,深镇镇,"81702780",河口（高州）,111.1,22.2,1,O,2022-03-30 00:00:00
广东,粤西,茂名,高州市,平山镇,"81702800",合石（桥边）,111.2,22,1,O,2022-04-05 00:00:00
广东,粤西,茂名,高州市,东岸镇,"81702900",良德水库(大坝),110.9,22.1,1,O,2019-01-01 00:00:00
广东,粤西,茂名,高州市,长坡镇,"81703250",大拜,111.2,22.1,1,O,2022-03-29 00:00:00
广东,粤西,茂名,高州市,新垌镇,"81703260",云炉圩,111,21.9,1,O,2025-03-31 00:00:00
广东,粤西,茂名,高州市,曹江镇,"81703280",罗平,110.9,22.1,1,O,2022-04-05 00:00:00
广东,粤西,茂名,高州市,曹江镇,"81703290",帅堂,110.9,22.1,1,O,2022-03-13 00:00:00
广东,粤西,茂名,高州市,长坡镇,"81703350",石骨,111,22,1,O,2022-10-01 00:00:00
广东,粤西,茂名,高州市,长坡镇,"81703600",龙头坳,111,22.1,1,O,2022-03-15 00:00:00
广东,粤西,茂名,化州市,宝圩镇,"81703670",宝圩（车田朗）,110.6,22.1,1,O,2022-03-11 00:00:00
广东,粤西,茂名,化州市,那务镇,"81703680",那务（那冰）,110.6,22.1,1,O,2022-04-06 00:00:00
广东,粤西,茂名,化州市,文楼镇,"81703685",文楼（百灶湾）,110.4,22,1,O,2022-03-31 00:00:00
广东,粤西,茂名,化州市,平定镇,"81703695",平定,110.4,22,1,O,2022-03-11 00:00:00
广东,粤西,茂名,化州市,合江镇,"81703850",合江（三）,110.6,21.9,1,O,2022-03-16 00:00:00
广东,粤西,茂名,化州市,石湾街道,"81703880",格塘,110.6,21.6,1,O,2022-04-05 00:00:00
广东,粤西,茂名,化州市,那务镇,"81703900",宝树,110.5,22,1,O,2019-01-01 00:00:00
广东,粤西,茂名,电白区,霞洞镇,"81704050",新河,111.1,21.6,1,O,2022-03-16 00:00:00
广东,粤西,茂名,电白区,罗坑镇,"81704100",罗坑（电白）,111.3,21.7,1,O,2019-01-01 00:00:00
广东,粤西,茂名,电白区,沙琅镇,"81704150",黄沙（电白）,111.3,21.8,1,O,2019-01-01 00:00:00
广东,粤西,茂名,茂南区,袂花镇,"81704400",袂花,110.9,21.5,1,O,2022-03-16 00:00:00
广东,粤西,茂名,电白区,小良镇,"81704415",排岭,111,21.5,1,O,2022-03-11 00:00:00
广东,粤西,湛江,吴川市,兰石镇,"81704420",名利闸（茂南）,110.9,21.5,1,O,2022-04-06 00:00:00
广东,粤西,湛江,吴川市,海滨街道,"81704550",博茂,110.7,21.4,1,O,2019-01-01 00:00:00
广东,粤西,茂名,茂南区,羊角镇,"81704600",长山园,110.9,21.7,1,O,2022-03-16 00:00:00
广东,粤西,茂名,茂南区,茂南区辖区,"81704640",茂南一小,111,21.7,1,O,2025-03-31 00:00:00
广东,粤西,茂名,茂南区,茂南区辖区,"81704642",茂南大道,111,21.6,1,O,2025-03-31 00:00:00
广东,粤西,茂名,茂南区,高山镇,"81704644",旺竹桥,111,21.7,1,O,2025-03-31 00:00:00
广东,粤西,茂名,茂南区,镇盛镇,"81704646",彭村闸,110.8,21.7,1,O,2025-03-31 00:00:00
广东,粤西,茂名,茂南区,茂南区辖区,"81704650",茂名,110.8,21.6,1,O,2022-03-16 00:00:00
广东,粤西,茂名,茂南区,公馆镇,"81704655",旧村,110.9,21.7,1,O,2022-03-11 00:00:00
广东,粤西,茂名,茂南区,镇盛镇,"81704660",青年湖,110.8,21.5,1,O,2022-09-30 00:00:00
广东,粤西,茂名,茂南区,镇盛镇,"81704663",白沙村,110.8,21.6,1,O,2022-03-11 00:00:00
广东,粤西,茂名,化州市,同庆镇,"81704670",三丫（东）,110.7,21.7,1,O,2022-03-13 00:00:00
广东,粤西,湛江,吴川市,长岐镇,"81704675",博历,110.7,21.6,1,O,2022-03-25 00:00:00
广东,粤西,茂名,茂南区,山阁镇,"81705000",车角山,110.9,21.7,1,O,2022-03-16 00:00:00
广东,粤西,湛江,吴川市,长岐镇,"81705180",新联村,110.8,21.4,1,O,2022-04-04 00:00:00
广东,粤西,湛江,吴川市,黄坡镇,"81705185",大岸,110.7,21.4,1,O,2022-03-23 00:00:00
广东,粤西,湛江,吴川市,黄坡镇,"81705190",霞马,110.5,21.5,1,O,2022-04-04 00:00:00
广东,粤西,湛江,遂溪县,遂城街道,"81705200",遂溪,110.2,21.4,1,O,2022-03-29 00:00:00
广东,粤西,湛江,遂溪县,黄略镇,"81705210",源水,110.3,21.2,1,O,2022-04-04 00:00:00
广东,粤西,湛江,廉江市,良垌镇,"81705220",良垌（廉江）,110.3,21.4,1,O,2022-04-04 00:00:00
广东,粤西,湛江,遂溪县,洋青镇,"81705230",桔仔树,110.1,21.3,1,O,2022-04-04 00:00:00
广东,粤西,湛江,遂溪县,港门镇,"81705240",石滩仔,109.9,21.2,1,O,2022-03-15 00:00:00
广东,粤西,湛江,赤坎区,沙湾街道,"81705245",军民闸（下）,110.3,21.3,1,O,2019-01-01 00:00:00
广东,粤西,湛江,霞山区,友谊街道,"81705250",湛江港,110.4,21.1,1,O,2019-01-01 00:00:00
广东,粤西,湛江,霞山区,新园街道,"81705251",海滨水厂,110.5,21.2,1,O,2025-03-31 00:00:00
广东,粤西,湛江,霞山区,爱国街道,"81705252",东堤,110.4,21.2,1,O,2025-03-31 00:00:00
广东,粤西,湛江,麻章区,麻章镇,"81705255",志满水库,110.3,21.2,1,O,2019-01-01 00:00:00
广东,粤西,湛江,遂溪县,城月镇,"81705260",官田水库,110.1,21.2,1,O,2019-01-01 00:00:00
广东,粤西,湛江,雷州市,杨家镇,"81705270",恭坑水库,109.9,20.9,1,O,2019-01-01 00:00:00
广东,粤西,湛江,遂溪县,城月镇,"81705272",城月（遂溪）,110.1,21.2,1,O,2022-03-15 00:00:00
广东,粤西,湛江,遂溪县,城月镇,"81705274",文章,110.1,21.1,1,O,2022-04-04 00:00:00
广东,粤西,湛江,雷州市,南兴镇,"81705275",东吴水库,110.1,20.9,1,O,2019-01-01 00:00:00
广东,粤西,湛江,雷州市,西湖街道,"81705280",西湖水库,110,20.9,1,O,2022-09-12 00:00:00
广东,粤西,湛江,雷州市,南兴镇,"81705285",滨洋水库,110.1,20.8,1,O,2019-01-01 00:00:00
广东,粤西,湛江,雷州市,南兴镇,"81705300",南渡(二),110.2,20.9,1,O,2019-01-01 00:00:00
广东,粤西,湛江,雷州市,杨家镇,"81705351",大房,109.9,20.9,1,O,2022-04-04 00:00:00
广东,粤西,湛江,雷州市,唐家镇,"81705400",杜陵,109.8,20.8,1,O,2022-03-29 00:00:00
广东,粤西,湛江,雷州市,雷高镇,"81705500",迈生水库,110.2,20.7,1,O,2019-01-01 00:00:00
广东,粤西,湛江,雷州市,东里镇,"81705510",溪南水库,110.4,20.8,1,O,2022-09-12 00:00:00
广东,粤西,湛江,雷州市,调风镇,"81705520",红心楼水库,110.2,20.7,1,O,2019-01-01 00:00:00
广东,粤西,湛江,徐闻县,前山镇,"81705530",北松水库,110.5,20.5,1,O,2022-09-12 00:00:00
广东,粤西,湛江,徐闻县,龙塘镇,"81705540",迈胜水库,110.4,20.3,1,O,2022-09-12 00:00:00
广东,粤西,湛江,雷州市,龙门镇,"81705600",龙门水库,110,20.6,1,O,2019-01-01 00:00:00
广东,粤西,湛江,雷州市,纪家镇,"81705710",曲溪水库,109.8,20.9,1,O,2022-10-01 00:00:00
广东,粤西,湛江,雷州市,唐家镇,"81705715",土乐水库,109.8,21,1,O,2019-01-01 00:00:00
广东,粤西,湛江,雷州市,唐家镇,"81705720",田西水库,109.8,20.8,1,O,2019-01-01 00:00:00
广东,粤西,湛江,雷州市,企水镇,"81705730",企水港,109.8,20.8,1,O,2019-01-01 00:00:00
广东,粤西,湛江,雷州市,英利镇,"81705735",大湾水库,109.9,20.6,1,O,2025-03-31 00:00:00
广东,粤西,湛江,雷州市,英利镇,"81705740",余庆桥水库,110.1,20.5,1,O,2019-01-01 00:00:00
广东,粤西,湛江,雷州市,龙门镇,"81705745",龙门（雷州）,109.9,20.8,1,O,2022-04-04 00:00:00
广东,粤西,湛江,徐闻县,下桥镇,"81705750",合溪水库,110.2,20.5,1,O,2019-01-01 00:00:00
广东,粤西,湛江,雷州市,英利镇,"81705755",英利（尖山）,110,20.6,1,O,2022-03-25 00:00:00
广东,粤西,湛江,雷州市,调风镇,"81705756",调风（赤欧）,110.3,20.6,1,O,2022-03-15 00:00:00
广东,粤西,湛江,徐闻县,下桥镇,"81705760",三阳桥水库,110.2,20.4,1,O,2019-01-01 00:00:00
广东,粤西,湛江,徐闻县,城北乡,"81705770",鲤鱼潭水库,110.1,20.4,1,O,2019-01-01 00:00:00
广东,粤西,湛江,徐闻县,城北乡,"81705772",北楼坡,110.1,20.5,1,O,2022-03-15 00:00:00
广东,粤西,湛江,徐闻县,下桥镇,"81706140",迈文,110.2,20.4,1,O,2022-03-23 00:00:00
广东,粤西,湛江,徐闻县,徐城街道,"81706150",大水桥水库,110.3,20.4,1,O,2022-10-04 00:00:00
广东,粤西,湛江,徐闻县,南山镇,"81706205",徐闻北港,110.2,20.2,1,O,2019-01-01 00:00:00
广东,粤西,湛江,廉江市,河唇镇,"81706600",鹤地水库(大坝),110.3,21.7,1,O,2019-01-01 00:00:00
广东,粤西,湛江,廉江市,吉水镇,"81706830",木岭闸,110.1,21.7,1,O,2022-04-04 00:00:00
广东,粤西,湛江,廉江市,横山镇,"81706850",缸瓦窑(三),110,21.5,1,O,2022-03-28 00:00:00
广东,粤西,湛江,廉江市,安铺镇,"81706860",河水闸,110,21.5,1,O,2022-03-28 00:00:00
广东,粤西,湛江,廉江市,石岭镇,"81706865",吉水,110.1,21.7,1,O,2022-03-25 00:00:00
广东,粤西,湛江,廉江市,安铺镇,"81706870",安铺,110,21.6,1,O,2022-03-28 00:00:00
广东,粤西,湛江,廉江市,吉水镇,"81706950",江头水库,110.2,21.8,1,O,2022-10-01 00:00:00
广东,粤西,湛江,廉江市,石岭镇,"81707000",武陵水库,110.1,21.7,1,O,2019-01-01 00:00:00
广东,粤西,湛江,霞山区,新园街道,"81707012",昌大昌,110.4,21.2,1,O,2025-03-31 00:00:00
广东,粤西,湛江,赤坎区,沙湾街道,"81707013",金沙湾,110.3,21.3,1,O,2025-03-31 00:00:00
广东,粤西,湛江,廉江市,城北街道,"81707020",西瓜坡,110.3,21.7,1,O,2022-04-04 00:00:00
广东,粤西,湛江,廉江市,长山镇,"81707050",岭背下水库,110,21.7,1,O,2019-01-01 00:00:00
广东,粤西,湛江,廉江市,青平镇,"81707100",仙人域水库,109.9,21.8,1,O,2019-01-01 00:00:00
广东,粤西,湛江,廉江市,长山镇,"81707250",瑞坡,110,21.7,1,O,2022-04-04 00:00:00
广东,粤西,湛江,廉江市,高桥镇,"81707400",高桥（廉江）,109.7,21.7,1,O,2022-03-25 00:00:00
广东,珠三角,江门,台山市,川岛镇,"81710140",山咀,112.6,21.9,1,O,2019-01-01 00:00:00
广东,粤西,阳江,阳东区,东平镇,"81710218",平堤水库,112.3,21.8,1,O,2025-03-31 00:00:00
广东,粤西,阳江,阳春市,合水镇,"81710253",合水水库,112,22.3,1,O,2019-01-01 00:00:00
广东,粤西,阳江,阳东区,红丰镇,"81710293",双捷拦河坝（上）,111.8,21.9,1,O,2022-03-21 00:00:00
广东,粤西,阳江,江城区,城南街道,"81710468",阳江河堤,111.9,21.8,1,O,2022-03-21 00:00:00
广东,粤西,湛江,赤坎区,中华街道,"81718390",赤坎水库（赤坎）,110.3,21.2,1,O,2019-01-01 00:00:00
广东,珠三角,江门,台山市,端芬镇,"81720060",隆胜,112.5,22,1,O,2019-01-01 00:00:00
广东,珠三角,江门,台山市,端芬镇,"81720080",石朗,112.6,22,1,O,2019-01-01 00:00:00
广东,珠三角,江门,台山市,端芬镇,"81720120",隐洞,112.7,21.9,1,O,2019-01-01 00:00:00
广东,珠三角,江门,台山市,端芬镇,"81720180",田坑,112.6,22,1,O,2019-01-01 00:00:00
广东,珠三角,江门,台山市,端芬镇,"81720200",寻王,112.7,22,1,O,2019-01-01 00:00:00
广东,珠三角,江门,台山市,端芬镇,"81720260",端芬,112.8,22,1,O,2019-01-01 00:00:00
广东,珠三角,江门,台山市,冲蒌镇,"81720280",岐山,112.9,22.2,1,O,2019-01-01 00:00:00
广东,珠三角,江门,台山市,广海镇,"81720300",烽火角,112.8,21.9,1,O,2019-01-01 00:00:00
广东,珠三角,江门,台山市,广海镇,"81720340",康洞,112.8,21.9,1,O,2019-01-01 00:00:00
广东,珠三角,江门,台山市,川岛镇,"81720385",西坑水库,112.8,21.7,1,O,2025-03-31 00:00:00
广东,珠三角,江门,台山市,川岛镇,"81720390",沙堤,112.7,21.6,1,O,2025-03-31 00:00:00
广东,珠三角,江门,台山市,海宴镇,"81720400",桂南,112.5,21.8,1,O,2022-09-28 00:00:00
广东,珠三角,江门,台山市,川岛镇,"81720420",下川,112.6,21.7,1,O,2019-01-01 00:00:00
广东,珠三角,江门,台山市,北陡镇,"81720440",石井,112.4,21.7,1,O,2019-01-01 00:00:00
广东,珠三角,江门,台山市,深井镇,"81720460",丹竹水库,112.4,22,1,O,2019-01-01 00:00:00
广东,珠三角,江门,台山市,深井镇,"81720500",深井,112.5,22,1,O,2019-01-01 00:00:00
广东,珠三角,江门,台山市,汶村镇,"81720520",鹅斗,112.4,21.9,1,O,2019-01-01 00:00:00
广东,珠三角,江门,台山市,汶村镇,"81720580",茭簕,112.5,21.8,1,O,2019-01-01 00:00:00
广东,粤西,阳江,阳东区,东平镇,"81720600",北城,112.3,21.7,1,O,2019-01-01 00:00:00
广东,粤西,阳江,阳东区,东平镇,"81720603",鸡山农场,112.2,21.7,1,O,2019-01-01 00:00:00
广东,粤西,阳江,阳东区,新洲镇,"81720607",新洲,112.4,21.8,1,O,2019-01-01 00:00:00
广东,粤西,阳江,阳东区,大沟镇,"81720610",赤坎（阳东）,112.1,21.8,1,O,2021-04-29 00:00:00
广东,粤西,阳江,阳春市,河朗镇,"81720620",罗阳圩,111.8,22.7,1,O,2019-01-01 00:00:00
广东,粤西,阳江,阳春市,河朗镇,"81720630",河朗,112,22.6,1,O,2019-01-01 00:00:00
广东,粤西,阳江,阳春市,松柏镇,"81720640",北河,111.9,22.4,1,O,2019-01-01 00:00:00
广东,粤西,阳江,阳春市,石望镇,"81720650",石望,112,22.4,1,O,2019-01-01 00:00:00
广东,粤西,阳江,阳春市,春湾镇,"81720655",卫国,112.1,22.5,1,O,2019-01-02 00:00:00
广东,粤西,阳江,阳春市,永宁镇,"81720680",红卫圩,111.5,22.3,1,O,2019-01-01 00:00:00
广东,粤西,阳江,阳春市,永宁镇,"81720700",马山,111.6,22.3,1,O,2019-01-01 00:00:00
广东,粤西,阳江,阳春市,三甲镇,"81720735",山口,111.4,22.2,1,O,2019-01-01 00:00:00
广东,粤西,阳江,阳春市,永宁镇,"81720740",硖石,111.6,22.3,1,O,2019-01-01 00:00:00
广东,粤西,阳江,阳春市,潭水镇,"81720745",水口（阳春）,111.7,22,1,O,2019-01-01 00:00:00
广东,粤西,阳江,阳春市,圭岗镇,"81720800",大野芋,111.7,22.4,1,O,2019-01-01 00:00:00
广东,粤西,阳江,阳春市,圭岗镇,"81720820",圭岗圩,111.7,22.3,1,O,2019-01-01 00:00:00
广东,粤西,阳江,阳春市,圭岗镇,"81720840",根竹笼,111.7,22.2,1,O,2019-01-01 00:00:00
广东,粤西,阳江,阳春市,圭岗镇,"81720860",网步圩,111.7,22.5,1,O,2019-01-01 00:00:00
广东,粤西,阳江,阳春市,春城街道,"81720920",鹊垌,111.9,22.2,1,O,2019-01-01 00:00:00
广东,粤西,阳江,阳春市,岗美镇,"81720970",岗美（蛤山）,111.8,22,1,O,2019-01-01 00:00:00
广东,粤西,阳江,阳春市,双窖镇,"81720980",上茂坪,111.3,22.1,1,O,2019-01-01 00:00:00
广东,粤西,阳江,阳春市,双窖镇,"81720985",黄江（阳春）,111.3,22.1,1,O,2019-01-01 00:00:00
广东,粤西,阳江,阳春市,双窖镇,"81720990",双滘,111.4,22.2,1,O,2019-01-01 00:00:00
广东,粤西,阳江,阳春市,双窖镇,"81720995",五一,111.3,22.1,1,O,2019-01-01 00:00:00
广东,粤西,阳江,阳春市,双窖镇,"81721000",大陈圩,111.5,22,1,O,2019-01-01 00:00:00
广东,粤西,阳江,阳春市,双窖镇,"81721005",永水,111.5,22.1,1,O,2019-02-15 00:00:00
广东,粤西,阳江,阳春市,八甲镇,"81721010",石碧,111.4,22.1,1,O,2019-01-01 00:00:00
广东,粤西,阳江,阳春市,双窖镇,"81721015",罗迈,111.3,21.9,1,O,2019-01-01 00:00:00
广东,粤西,阳江,阳春市,八甲镇,"81721017",联合（阳春）,111.4,22,1,O,2019-01-01 00:00:00
广东,粤西,阳江,阳春市,八甲镇,"81721020",莫村,111.2,22.1,1,O,2019-01-01 00:00:00
广东,粤西,阳江,阳春市,八甲镇,"81721025",黄垌,111.4,22,1,O,2019-01-01 00:00:00
广东,粤西,阳江,阳春市,八甲镇,"81721030",清湖（阳春）,111.3,22,1,O,2019-01-01 00:00:00
广东,粤西,阳江,阳春市,八甲镇,"81721040",官河,111.4,21.9,1,O,2019-01-01 00:00:00
广东,粤西,阳江,阳春市,八甲镇,"81721060",八甲圩,111.5,21.9,1,O,2019-01-01 00:00:00
广东,粤西,阳江,阳春市,八甲镇,"81721140",更仔,111.6,22,1,O,2019-01-01 00:00:00
广东,粤西,阳江,阳春市,三甲镇,"81721160",长沙街,111.4,22.2,1,O,2019-01-01 00:00:00
广东,粤西,阳江,阳春市,三甲镇,"81721165",岳冲,111.3,22.3,1,O,2019-01-01 00:00:00
广东,粤西,阳江,阳春市,三甲镇,"81721170",丰垌（阳春）,111.5,22.2,1,O,2019-01-01 00:00:00
广东,粤西,阳江,阳春市,三甲镇,"81721175",京冲,111.4,22.2,1,O,2019-01-01 00:00:00
广东,粤西,阳江,阳春市,三甲镇,"81721180",山坪圩,111.5,22.1,1,O,2019-01-01 00:00:00
广东,粤西,阳江,阳春市,三甲镇,"81721185",西岸,111.5,22.2,1,O,2019-01-01 00:00:00
广东,粤西,阳江,阳春市,三甲镇,"81721190",庞洞,111.6,22.1,1,O,2019-01-01 00:00:00
广东,粤西,阳江,阳春市,三甲镇,"81721195",庞西,111.5,22.2,1,O,2019-01-01 00:00:00
广东,粤西,阳江,阳春市,潭水镇,"81721210",高尧,111.5,22,1,O,2019-01-01 00:00:00
广东,粤西,阳江,阳春市,潭水镇,"81721230",新凤,111.6,22.1,1,O,2019-01-01 00:00:00
广东,粤西,阳江,阳春市,八甲镇,"81721245",河尾山林场,111.6,21.8,1,O,2019-01-01 00:00:00
广东,粤西,阳江,阳春市,河口镇,"81721248",下双,111.6,21.8,1,O,2019-01-01 00:00:00
广东,粤西,阳江,阳春市,河口镇,"81721250",龙门（阳春）,111.7,21.9,1,O,2019-01-01 00:00:00
广东,粤西,阳江,阳东区,红丰镇,"81721270",麻汕,111.9,21.9,1,O,2019-01-01 00:00:00
广东,粤西,阳江,阳东区,大八镇,"81721280",江河,111.9,22.2,1,O,2019-01-01 00:00:00
广东,粤西,阳江,阳东区,塘坪镇,"81721290",塘坪,111.9,22.1,1,O,2025-03-31 00:00:00
广东,粤西,阳江,江城区,白沙街道,"81721295",白沙(阳江),111.9,22,1,O,2019-01-01 00:00:00
广东,粤西,阳江,阳东区,东城镇,"81721310",东城,112.1,21.9,1,O,2019-01-01 00:00:00
广东,珠三角,江门,恩平市,横陂镇,"81721320",马山（水库）,112.3,22.2,1,O,2022-09-28 00:00:00
广东,粤西,阳江,阳东区,那龙镇,"81721380",那龙,112.2,22,1,O,2019-01-01 00:00:00
广东,粤西,阳江,阳东区,那龙镇,"81721390",东湖,112.2,22.1,1,O,2019-01-01 00:00:00
广东,粤西,阳江,阳东区,那龙镇,"81721393",田畔,112.1,22,1,O,2019-01-01 00:00:00
广东,粤西,阳江,阳东区,合山镇,"81721400",黑湾,112.1,22,1,O,2019-01-01 00:00:00
广东,粤西,阳江,江城区,平冈镇,"81721443",平冈,111.9,21.8,1,O,2019-01-01 00:00:00
广东,粤西,阳江,阳西县,程村镇,"81721450",程村,111.8,21.8,1,O,2021-04-28 00:00:00
广东,粤西,阳江,江城区,闸坡镇,"81721460",潮表,111.8,21.6,1,O,2019-01-01 00:00:00
广东,粤西,阳江,江城区,闸坡镇,"81721465",闸坡,111.8,21.6,1,O,2019-01-01 00:00:00
广东,粤西,阳江,阳西县,塘口镇,"81721500",茅垌,111.6,21.8,1,O,2022-09-28 00:00:00
广东,粤西,阳江,阳西县,塘口镇,"81721520",塘口圩,111.6,21.9,1,O,2019-01-01 00:00:00
广东,粤西,阳江,阳西县,塘口镇,"81721523",横山（阳西）,111.7,21.8,1,O,2019-01-01 00:00:00
广东,粤西,阳江,阳西县,织篢镇,"81721528",蒲牌,111.5,21.8,1,O,2019-01-01 00:00:00
广东,粤西,阳江,阳西县,织篢镇,"81721540",山塘,111.6,21.7,1,O,2019-01-01 00:00:00
广东,粤西,阳江,阳西县,溪头镇,"81721545",白土（阳西）,111.7,21.7,1,O,2019-01-01 00:00:00
广东,粤西,阳江,阳西县,程村镇,"81721548",西一,111.8,21.7,1,O,2019-01-01 00:00:00
广东,粤西,阳江,阳西县,上洋镇,"81721550",上洋,111.6,21.7,1,O,2019-01-01 00:00:00
广东,粤西,阳江,阳西县,新圩镇,"81721560",深涌,111.4,21.8,1,O,2019-01-01 00:00:00
广东,粤西,茂名,电白区,望夫镇,"81721600",望夫圩（镇政府）,111.3,21.8,1,O,2019-01-01 00:00:00
广东,粤西,阳江,阳西县,新墟镇,"81721620",陂底,111.5,21.7,1,O,2019-01-01 00:00:00
广东,粤西,阳江,阳西县,新圩镇,"81721630",新圩（阳西）,111.4,21.6,1,O,2019-01-01 00:00:00
广东,粤西,茂名,电白区,观珠镇,"81721640",旱平,111.3,21.7,1,O,2022-09-27 00:00:00
广东,粤西,茂名,电白区,马踏镇,"81721660",河角,111.4,21.7,1,O,2022-09-30 00:00:00
广东,粤西,茂名,电白区,岭门镇,"81721740",岭门,111.5,21.7,1,O,2019-01-01 00:00:00
广东,粤西,阳江,阳西县,沙扒镇,"81721745",沙扒,111.5,21.5,1,O,2019-01-01 00:00:00
广东,粤西,茂名,电白区,电城镇,"81721760",西麻,111.3,21.4,1,O,2019-01-01 00:00:00
广东,粤西,茂名,电白区,旦场镇,"81721780",福寨,111.1,21.6,1,O,2019-01-01 00:00:00
广东,粤西,茂名,电白区,水东镇,"81721800",电白,111,21.5,1,O,2019-01-01 00:00:00
广东,粤西,茂名,信宜市,池洞镇,"81721805",池垌,111,22.5,1,O,2019-01-01 00:00:00
广东,粤西,茂名,信宜市,东镇街道,"81721825",六宅木垌,110.9,22.4,1,O,2025-03-31 00:00:00
广东,粤西,茂名,信宜市,丁堡镇,"81721840",岭脚,111,22.4,1,O,2019-01-01 00:00:00
广东,粤西,茂名,信宜市,东镇街道,"81721845",六川充,110.9,22.4,1,O,2019-01-01 00:00:00
广东,粤西,茂名,信宜市,水口镇,"81721850",都龙,110.8,22.3,1,O,2019-01-01 00:00:00
广东,粤西,茂名,信宜市,北界镇,"81721855",文垌,110.7,22.5,1,O,2019-01-01 00:00:00
广东,粤西,茂名,信宜市,北界镇,"81721858",罗汉,110.7,22.4,1,O,2019-01-01 00:00:00
广东,粤西,茂名,信宜市,北界镇,"81721860",北界,110.9,22.3,1,O,2019-01-01 00:00:00
广东,粤西,茂名,高州市,古丁镇,"81721900",古丁,111.2,22.1,1,O,2019-01-01 00:00:00
广东,粤西,茂名,高州市,平山镇,"81721920",合石,111.1,22,1,O,2019-01-01 00:00:00
广东,粤西,茂名,高州市,深镇镇,"81721940",叶根垌,111.2,22.3,1,O,2019-01-01 00:00:00
广东,粤西,茂名,高州市,深镇镇,"81721960",造贤,111.1,22.2,1,O,2019-01-01 00:00:00
广东,粤西,茂名,高州市,东岸镇,"81722000",礼垌,110.9,22.2,1,O,2019-01-01 00:00:00
广东,粤西,茂名,高州市,南塘镇,"81722060",南塘,110.8,22.1,1,O,2019-01-01 00:00:00
广东,粤西,茂名,高州市,马贵镇,"81722080",厚园圩,111.3,22.4,1,O,2019-01-01 00:00:00
广东,粤西,茂名,高州市,马贵镇,"81722100",马贵,111.3,22.1,1,O,2019-01-01 00:00:00
广东,粤西,茂名,高州市,大坡镇,"81722120",白马,111.2,22.1,1,O,2019-01-01 00:00:00
广东,粤西,茂名,高州市,大坡镇,"81722140",大坡圩,111.2,22.1,1,O,2019-01-01 00:00:00
广东,粤西,茂名,高州市,大坡镇,"81722160",下垌,111.2,22.1,1,O,2019-01-01 00:00:00
广东,粤西,茂名,高州市,新垌镇,"81722280",干河口,111.1,21.9,1,O,2019-01-01 00:00:00
广东,粤西,茂名,高州市,新垌镇,"81722290",大路坡,111.2,21.8,1,O,2019-01-01 00:00:00
广东,粤西,茂名,高州市,谢鸡镇,"81722295",铺面,111.1,22,1,O,2019-01-01 00:00:00
广东,粤西,茂名,高州市,曹江镇,"81722300",荷垌,110.9,22,1,O,2019-01-01 00:00:00
广东,粤西,茂名,高州市,荷塘镇,"81722340",荷塘,110.7,22.1,1,O,2019-01-01 00:00:00
广东,粤西,茂名,高州市,沙田镇,"81722350",曹岭,110.8,22,1,O,2019-01-01 00:00:00
广东,粤西,茂名,信宜市,北界镇,"81722398",旺将水库,110.6,22.4,1,O,2025-03-31 00:00:00
广东,粤西,茂名,高州市,荷花镇,"81722440",上俗,110.7,22.2,1,O,2019-01-01 00:00:00
广东,粤西,茂名,化州市,宝圩镇,"81722500",宝圩,110.6,22.2,1,O,2019-01-01 00:00:00
广东,粤西,茂名,化州市,播扬镇,"81722520",平泰圩,110.5,22.1,1,O,2019-01-01 00:00:00
广东,粤西,茂名,化州市,那务镇,"81722530",那务（壶垌电站）,110.6,22.1,1,O,2019-01-01 00:00:00
广东,粤西,茂名,化州市,文楼镇,"81722600",甲隆,110.4,22.2,1,O,2019-01-01 00:00:00
广东,粤西,茂名,化州市,文楼镇,"81722610",文楼（拦河坝）,110.5,22.1,1,O,2025-03-31 00:00:00
广东,粤西,茂名,化州市,平定镇,"81722620",平定圩,110.3,22,1,O,2019-01-01 00:00:00
广东,粤西,茂名,化州市,林尘镇,"81722670",林尘,110.6,21.9,1,O,2019-01-01 00:00:00
广东,粤西,茂名,化州市,中垌镇,"81722673",那洪,110.4,22,1,O,2019-01-01 00:00:00
广东,粤西,茂名,化州市,中垌镇,"81722676",石岭（化州）,110.5,21.8,1,O,2019-01-01 00:00:00
广东,粤西,茂名,化州市,新安镇,"81722678",梨垌,110.4,21.8,1,O,2019-01-01 00:00:00
广东,粤西,茂名,化州市,官桥镇,"81722680",官桥,110.4,21.8,1,O,2019-01-01 00:00:00
广东,粤西,茂名,化州市,石湾街道,"81722685",石湾,110.5,21.7,1,O,2019-01-01 00:00:00
广东,粤西,茂名,化州市,石湾街道,"81722690",旺埇,110.5,21.7,1,O,2019-01-01 00:00:00
广东,粤西,茂名,化州市,石湾街道,"81722695",文家埇,110.6,21.7,1,O,2025-03-31 00:00:00
广东,粤西,茂名,化州市,同庆镇,"81722705",丰告,110.6,21.6,1,O,2019-01-01 00:00:00
广东,粤西,茂名,化州市,长岐镇,"81722710",长岐,110.7,21.6,1,O,2019-01-01 00:00:00
广东,粤西,茂名,电白区,罗坑镇,"81722720",利垌,111.4,21.8,1,O,2019-01-01 00:00:00
广东,粤西,茂名,电白区,罗坑镇,"81722730",里联马房,111.4,21.9,1,O,2025-03-31 00:00:00
广东,粤西,茂名,电白区,罗坑镇,"81722750",清湾三级,111.3,21.8,1,O,2025-03-31 00:00:00
广东,粤西,茂名,高州市,云潭镇,"81722800",珍珠,111.2,22,1,O,2019-01-01 00:00:00
广东,粤西,茂名,电白区,那霍镇,"81722820",茶山,111.3,22,1,O,2019-01-01 00:00:00
广东,粤西,茂名,电白区,沙琅镇,"81722860",沙琅,111.2,21.8,1,O,2019-01-01 00:00:00
广东,粤西,茂名,高州市,新垌镇,"81722880",榕木塘,111.1,21.9,1,O,2019-01-01 00:00:00
广东,粤西,茂名,电白区,黄岭镇,"81722900",黄岭,111.2,21.8,1,O,2019-01-01 00:00:00
广东,粤西,茂名,电白区,林头镇,"81722930",林头,111,21.6,1,O,2019-01-01 00:00:00
广东,粤西,茂名,电白区,羊角镇,"81722935",羊角,111,21.6,1,O,2019-01-01 00:00:00
广东,粤西,茂名,茂南区,鳌头镇,"81722965",鳌头（茂南）,110.9,21.6,1,O,2019-01-01 00:00:00
广东,粤西,茂名,电白区,小良镇,"81722970",小良,111,21.5,1,O,2019-01-01 00:00:00
广东,粤西,茂名,高州市,根子镇,"81723020",根子,111.1,21.8,1,O,2022-09-30 00:00:00
广东,粤西,茂名,茂南区,金塘镇,"81723195",金塘,110.8,21.8,1,O,2019-01-01 00:00:00
广东,粤西,茂名,高州市,泗水镇,"81723200",泗水圩,111,21.8,1,O,2019-01-01 00:00:00
广东,粤西,茂名,茂南区,茂南开发区、河东街道、红旗街道、,"81723270",露天矿,110.8,21.7,1,O,2025-03-31 00:00:00
广东,粤西,茂名,茂南区,官渡街道,"81723272",应急局,111,21.7,1,O,2025-03-31 00:00:00
广东,粤西,茂名,茂南区,茂南开发区、河东街道、红旗街道、,"81723274",市委广场,110.9,21.6,1,O,2025-03-31 00:00:00
广东,粤西,茂名,电白区,羊角镇,"81723276",文化广场,110.8,21.7,1,O,2025-03-31 00:00:00
广东,粤西,茂名,茂南区,茂南开发区、河东街道、红旗街道、,"81723278",愉园小区,111,21.7,1,O,2025-03-31 00:00:00
广东,粤西,茂名,茂南区,公馆镇,"81723290",坡尾,110.7,21.6,1,O,2019-01-01 00:00:00
广东,粤西,茂名,化州市,同庆镇,"81723305",三丫（西）,110.7,21.6,1,O,2019-01-01 00:00:00
广东,粤西,湛江,吴川市,浅水镇,"81723310",浅水,110.8,21.7,1,O,2019-01-01 00:00:00
广东,粤西,湛江,吴川市,浅水镇,"81723311",杨梅（吴川）,110.8,21.5,1,O,2019-01-01 00:00:00
广东,粤西,湛江,吴川市,兰石镇,"81723315",名利闸（吴川）,110.9,21.4,1,O,2019-01-01 00:00:00
广东,粤西,湛江,吴川市,长岐镇,"81723317",对面坡,110.9,21.6,1,O,2019-01-01 00:00:00
广东,粤西,茂名,化州市,良光镇,"81723330",良光,110.5,21.5,1,O,2019-01-01 00:00:00
广东,粤西,湛江,吴川市,塘缀镇,"81723340",塘缀,110.5,21.4,1,O,2019-01-01 00:00:00
广东,粤西,湛江,吴川市,塘缀镇,"81723342",塘莲,110.7,21.5,1,O,2019-01-01 00:00:00
广东,粤西,湛江,吴川市,塘缀镇,"81723345",山雅水库,110.5,21.6,1,O,2019-01-01 00:00:00
广东,粤西,湛江,吴川市,樟铺镇,"81723350",樟铺,110.7,21.5,1,O,2019-01-01 00:00:00
广东,粤西,湛江,吴川市,黄坡镇,"81723362",平城,110.6,21.4,1,O,2019-01-01 00:00:00
广东,粤西,湛江,廉江市,新民镇,"81723365",黎村,110.3,21.6,1,O,2019-01-01 00:00:00
广东,粤西,湛江,遂溪县,遂城镇,"81723366",豆村,110.2,21.5,1,O,2019-01-01 00:00:00
广东,粤西,湛江,遂溪县,遂城镇,"81723367",边岭,110.2,21.4,1,O,2019-01-01 00:00:00
广东,粤西,湛江,遂溪县,遂城镇,"81723368",有华,110.3,21.4,1,O,2019-01-01 00:00:00
广东,粤西,湛江,遂溪县,洋青镇,"81723370",寮客,110.1,21.3,1,O,2019-01-01 00:00:00
广东,粤西,湛江,遂溪县,遂城镇,"81723371",沙泥坡,110.3,21.3,1,O,2019-01-01 00:00:00
广东,粤西,湛江,遂溪县,遂城镇,"81723380",遂溪（水利局）,110.2,21.4,1,O,2019-01-01 00:00:00
广东,粤西,湛江,遂溪县,黄略镇,"81723384",茅村,110.3,21.3,1,O,2019-01-01 00:00:00
广东,粤西,湛江,遂溪县,遂城镇,"81723386",白水（遂溪）,110.3,21.4,1,O,2019-01-01 00:00:00
广东,粤西,湛江,遂溪县,遂城镇,"81723390",湾洲,110.3,21.5,1,O,2019-01-01 00:00:00
广东,粤西,湛江,遂溪县,遂城镇,"81723392",官湖,110.3,21.4,1,O,2019-01-01 00:00:00
广东,粤西,湛江,遂溪县,遂城镇,"81723394",合水圩（遂溪）,110.4,21.5,1,O,2019-01-01 00:00:00
广东,粤西,湛江,廉江市,良垌镇,"81723396",中塘,110.4,21.5,1,O,2019-01-01 00:00:00
广东,粤西,湛江,廉江市,良垌镇,"81723400",良垌圩,110.3,21.5,1,O,2019-01-01 00:00:00
广东,粤西,湛江,廉江市,良垌镇,"81723402",黄茅,110.4,21.5,1,O,2019-01-01 00:00:00
广东,粤西,茂名,化州市,新安镇,"81723403",红阳农场,110.3,21.5,1,O,2019-01-01 00:00:00
广东,粤西,湛江,廉江市,良垌镇,"81723404",良田（廉江）,110.5,21.5,1,O,2019-01-01 00:00:00
广东,粤西,湛江,坡头区,官渡镇,"81723405",官渡（坡头）,110.4,21.4,1,O,2019-01-01 00:00:00
广东,粤西,湛江,廉江市,良垌镇,"81723406",平田,110.3,21.6,1,O,2019-01-01 00:00:00
广东,粤西,茂名,化州市,新安镇,"81723410",新安（化州）,110.5,21.6,1,O,2019-01-01 00:00:00
广东,粤西,湛江,赤坎区,寸金街道,"81723420",湛江(赤坎),110.3,21.3,1,O,2019-01-01 00:00:00
广东,粤西,湛江,坡头区,坡头镇,"81723430",坡头（坡头）,110.4,21.3,1,O,2025-03-31 00:00:00
广东,粤西,湛江,坡头区,南三镇,"81723450",南三岛,110.6,21.2,1,O,2019-01-01 00:00:00
广东,粤西,湛江,麻章区,太平镇,"81723460",太平（麻章）,110.2,21.1,1,O,2019-01-01 00:00:00
广东,粤西,湛江,麻章区,东山镇,"81723480",东海岛,110.4,21,1,O,2019-01-01 00:00:00
广东,粤西,湛江,麻章区,东简镇,"81723490",东简,110.5,21.1,1,O,2019-01-01 00:00:00
广东,粤西,湛江,麻章区,硇洲镇,"81723500",硇洲岛,110.6,20.9,1,O,2019-01-01 00:00:00
广东,粤西,湛江,遂溪县,广前公司,"81723510",前进农场,110,21.2,1,O,2019-01-01 00:00:00
广东,粤西,湛江,遂溪县,城月镇,"81723515",城月（镇政府）,110,21.2,1,O,2019-01-01 00:00:00
广东,粤西,湛江,雷州市,客路镇,"81723520",客路,109.9,21.1,1,O,2019-01-01 00:00:00
广东,粤西,湛江,遂溪县,河头镇,"81723525",山域,109.8,21.2,1,O,2019-01-01 00:00:00
广东,粤西,湛江,遂溪县,城月镇,"81723532",高明（遂溪）,110.1,21,1,O,2019-01-01 00:00:00
广东,粤西,湛江,遂溪县,乌塘镇,"81723535",乌塘,110.1,21.2,1,O,2019-01-01 00:00:00
广东,粤西,湛江,雷州市,纪家镇,"81723690",张宅,109.8,21,1,O,2019-01-01 00:00:00
广东,粤西,湛江,雷州市,客路镇,"81723762",夏柳,109.9,21.1,1,O,2019-01-01 00:00:00
广东,粤西,湛江,雷州市,白沙镇,"81723765",符处,109.9,21,1,O,2019-01-01 00:00:00
广东,粤西,湛江,雷州市,唐家镇,"81723780",火炬四队,110,20.8,1,O,2019-01-01 00:00:00
广东,粤西,湛江,雷州市,唐家镇,"81723820",绿洲仔,109.9,20.7,1,O,2019-01-01 00:00:00
广东,粤西,湛江,雷州市,唐家镇,"81723840",后湾,109.9,20.8,1,O,2019-01-01 00:00:00
广东,粤西,湛江,雷州市,白沙镇,"81723861",黄桐圩,109.9,21,1,O,2019-01-01 00:00:00
广东,粤西,湛江,雷州市,杨家镇,"81723862",草地林队,110,20.9,1,O,2019-01-01 00:00:00
广东,粤西,湛江,雷州市,松竹镇,"81723865",松竹,110,20.9,1,O,2019-01-01 00:00:00
广东,粤西,湛江,雷州市,南兴镇,"81723866",南兴,110.1,20.7,1,O,2019-01-01 00:00:00
广东,粤西,湛江,雷州市,白沙镇,"81723867",下井（雷州）,110.1,20.8,1,O,2019-01-01 00:00:00
广东,粤西,湛江,雷州市,沈塘镇,"81723868",茂莲,110.1,21,1,O,2019-01-01 00:00:00
广东,粤西,湛江,雷州市,调风镇,"81723881",调风（镇政府）,110.2,20.7,1,O,2019-01-01 00:00:00
广东,粤西,湛江,雷州市,调风镇,"81723920",收获农场,110.2,20.6,1,O,2019-01-01 00:00:00
广东,粤西,湛江,徐闻县,和安镇,"81723940",凤桥,110.3,20.7,1,O,2019-01-01 00:00:00
广东,粤西,湛江,徐闻县,下洋镇,"81723950",梁村仔,110.5,20.4,1,O,2019-01-01 00:00:00
广东,粤西,湛江,徐闻县,曲界镇,"81723960",曲界,110.3,20.6,1,O,2019-01-01 00:00:00
广东,粤西,湛江,徐闻县,下桥镇,"81724060",后塘,110.3,20.4,1,O,2019-01-01 00:00:00
广东,粤西,湛江,徐闻县,徐城街道,"81724100",徐闻,110.1,20.2,1,O,2019-01-01 00:00:00
广东,粤西,湛江,徐闻县,西连镇,"81724110",西连,110,20.3,1,O,2019-01-01 00:00:00
广东,粤西,湛江,徐闻县,龙塘镇,"81724115",黄定,110.4,20.3,1,O,2019-01-01 00:00:00
广东,粤西,湛江,徐闻县,迈陈镇,"81724120",迈陈,110,20.3,1,O,2019-01-01 00:00:00
广东,粤西,湛江,徐闻县,下桥镇,"81724125",旋安,110.1,20.4,1,O,2019-01-01 00:00:00
广东,粤西,湛江,雷州市,龙门镇,"81724130",幸福农场,110,20.6,1,O,2019-01-01 00:00:00
广东,粤西,湛江,雷州市,英利镇,"81724140",曾家,110.1,20.5,1,O,2019-01-01 00:00:00
广东,粤西,湛江,雷州市,乌石镇,"81724180",那澳,109.9,20.6,1,O,2019-01-01 00:00:00
广东,粤西,湛江,雷州市,乌石镇,"81724190",嘉山岭,109.9,20.7,1,O,2019-01-01 00:00:00
广东,粤西,湛江,雷州市,北和镇,"81724195",北和,109.8,20.6,1,O,2019-01-01 00:00:00
广东,粤西,湛江,雷州市,龙门镇,"81724200",龙门,110,20.7,1,O,2019-01-01 00:00:00
广东,粤西,湛江,雷州市,龙门镇,"81724202",公树,110,20.7,1,O,2019-01-01 00:00:00
广东,粤西,湛江,雷州市,龙门镇,"81724205",淘汶,110,20.7,1,O,2019-01-01 00:00:00
广东,粤西,湛江,雷州市,北和镇,"81724210",调逻,109.9,20.8,1,O,2019-01-01 00:00:00
广东,粤西,湛江,雷州市,唐家镇,"81724220",唐家,109.9,20.9,1,O,2019-01-01 00:00:00
广东,粤西,湛江,雷州市,纪家镇,"81724240",纪家,109.8,21,1,O,2019-01-01 00:00:00
广东,粤西,湛江,遂溪县,河头镇,"81724243",坡仔甲,109.9,21.1,1,O,2019-01-01 00:00:00
广东,粤西,湛江,遂溪县,北坡镇,"81724250",北坡,109.8,21.1,1,O,2019-01-01 00:00:00
广东,粤西,湛江,遂溪县,杨柑镇,"81724255",杨柑,109.8,21.3,1,O,2019-01-01 00:00:00
广东,粤西,湛江,遂溪县,洋青镇,"81724258",胜利（遂溪）,110.1,21.5,1,O,2019-01-01 00:00:00
广东,粤西,湛江,遂溪县,草潭镇,"81724260",下菉,109.8,21.3,1,O,2019-01-01 00:00:00
广东,粤西,湛江,遂溪县,洋青镇,"81724280",洋青,110.2,21.4,1,O,2019-01-01 00:00:00
广东,粤西,湛江,廉江市,和寮镇,"81724505",长岭,110.3,21.9,1,O,2019-01-01 00:00:00
广东,粤西,湛江,廉江市,石角镇,"81724510",丰满,110.3,21.9,1,O,2019-01-01 00:00:00
广东,粤西,湛江,廉江市,石角镇,"81724520",大垌排,110.3,21.8,1,O,2019-01-01 00:00:00
广东,粤西,茂名,化州市,中垌镇,"81724540",兰山圩,110.4,21.9,1,O,2019-01-01 00:00:00
广东,粤西,湛江,廉江市,城北街道,"81724640",廉江,110.2,21.6,1,O,2019-01-01 00:00:00
广东,粤西,湛江,廉江市,新民镇,"81724650",新民,110.2,21.6,1,O,2019-01-01 00:00:00
广东,粤西,湛江,雷州市,杨家镇,"81724654",吴划,110,20.9,1,O,2019-01-01 00:00:00
广东,粤西,湛江,廉江市,长山镇,"81724660",长山圩,109.9,21.8,1,O,2019-01-01 00:00:00
广东,粤西,湛江,廉江市,和寮镇,"81724780",斜楼,110.3,21.8,1,O,2019-01-01 00:00:00
广东,粤西,湛江,廉江市,塘蓬镇,"81724800",下鹿社,110.2,21.8,1,O,2019-01-01 00:00:00
广东,粤西,湛江,廉江市,塘蓬镇,"81724820",上山,110,21.8,1,O,2019-01-01 00:00:00
广东,粤西,湛江,廉江市,塘蓬镇,"81724840",塘蓬圩,110.1,21.8,1,O,2019-01-01 00:00:00
广东,粤西,湛江,廉江市,雅塘镇,"81724950",雅塘（廉江）,110,21.6,1,O,2019-01-01 00:00:00
广东,粤西,湛江,廉江市,石岭镇,"81724954",虎桥,110.2,21.8,1,O,2019-01-01 00:00:00
广东,粤西,湛江,廉江市,石岭镇,"81724980",石岭圩,110.1,21.6,1,O,2019-01-01 00:00:00
广东,粤西,湛江,廉江市,营仔镇,"81725010",营仔,110,21.5,1,O,2019-01-01 00:00:00
广东,粤西,湛江,廉江市,青平镇,"81725020",青平圩,110,21.7,1,O,2019-01-01 00:00:00
广东,粤西,湛江,廉江市,车板镇,"81725030",车板,109.9,21.5,1,O,2019-01-01 00:00:00
广东,粤西,湛江,廉江市,青平镇,"81725210",红江农场,109.9,21.6,1,O,2019-01-01 00:00:00
广东,粤西,湛江,廉江市,青平镇,"81725220",大坝（廉江）,109.9,21.5,1,O,2019-01-01 00:00:00
广东,粤西,湛江,廉江市,高桥镇,"81725230",德耀,109.8,21.5,1,O,2019-01-01 00:00:00
广东,粤西,茂名,高州市,马贵镇,"81745060",山心（高州）,111.3,22.3,1,O,2025-03-31 00:00:00
广东,粤西,茂名,高州市,马贵镇,"81745070",垭垌,111.3,22.2,1,O,2025-03-31 00:00:00
广东,粤西,茂名,高州市,马贵镇,"81745080",甘埇,111.4,22.3,1,O,2025-03-31 00:00:00
广东,粤西,茂名,高州市,马贵镇,"81745110",深水,111.3,22.2,1,O,2025-03-31 00:00:00
广东,粤西,茂名,高州市,马贵镇,"81745115",朗练,111.2,22.2,1,O,2025-03-31 00:00:00
广东,粤西,茂名,高州市,马贵镇,"81745120",埕垌,111.4,22.2,1,O,2025-03-31 00:00:00
广东,粤西,茂名,高州市,马贵镇,"81745150",六塘,111.2,22.1,1,O,2025-03-31 00:00:00
广东,粤西,茂名,高州市,马贵镇,"81745155",龙坑（高州）,111.4,22.2,1,O,2025-03-31 00:00:00
广东,粤西,茂名,高州市,新垌镇,"81745240",凤坑,110.9,21.9,1,O,2025-03-31 00:00:00
广东,粤西,茂名,高州市,新垌镇,"81745245",新光,111,22,1,O,2025-03-31 00:00:00
广东,粤西,茂名,高州市,新垌镇,"81745250",联合,111,22.1,1,O,2025-03-31 00:00:00
广东,粤西,茂名,高州市,新垌镇,"81745255",良坑,111,22,1,O,2025-03-31 00:00:00
广东,粤西,茂名,高州市,新垌镇,"81745260",高联,111,22,1,O,2025-03-31 00:00:00
广东,粤西,茂名,高州市,新垌镇,"81745265",坡仔,111.2,22,1,O,2025-03-31 00:00:00
广东,粤西,茂名,高州市,新垌镇,"81745270",中合,111.1,21.9,1,O,2025-03-31 00:00:00
广东,粤西,茂名,高州市,新垌镇,"81745280",新垌（雨）,111.1,21.9,1,O,2025-03-31 00:00:00
广东,粤西,茂名,高州市,新垌镇,"81745285",东茂坡,111.1,21.9,1,O,2025-03-31 00:00:00
广东,粤西,茂名,高州市,新垌镇,"81745290",长流,111.1,21.8,1,O,2025-03-31 00:00:00
广东,粤西,茂名,信宜市,金垌镇,"81745630",上磨,110.7,22.4,1,O,2025-03-31 00:00:00
广东,粤西,茂名,信宜市,金垌镇,"81745640",马辣,110.7,22.5,1,O,2025-03-31 00:00:00
广东,粤西,茂名,信宜市,金垌镇,"81745650",上贵,110.7,22.4,1,O,2025-03-31 00:00:00
广东,粤西,茂名,信宜市,北界镇,"81745660",高垌,110.8,22.3,1,O,2025-03-31 00:00:00
广东,粤西,茂名,信宜市,北界镇,"81745670",明堂,110.8,22.4,1,O,2025-03-31 00:00:00
广东,粤西,茂名,信宜市,北界镇,"81745675",西镇,110.7,22.3,1,O,2025-03-31 00:00:00
广东,粤西,茂名,信宜市,北界镇,"81745730",六琶,110.8,22.3,1,O,2025-03-31 00:00:00
广东,粤西,茂名,信宜市,北界镇,"81745740",六利,110.8,22.5,1,O,2025-03-31 00:00:00
广东,粤西,茂名,信宜市,北界镇,"81745745",红光,110.7,22.4,1,O,2025-03-31 00:00:00
广东,粤西,茂名,信宜市,北界镇,"81745750",石砚,110.8,22.3,1,O,2025-03-31 00:00:00
广东,粤西,茂名,信宜市,北界镇,"81745760",东村（信宜）,110.7,22.3,1,O,2025-03-31 00:00:00
广东,粤西,茂名,信宜市,北界镇,"81745765",平山（信宜）,110.7,22.3,1,O,2025-03-31 00:00:00
广东,粤西,茂名,信宜市,北界镇,"81745770",石订,110.7,22.3,1,O,2025-03-31 00:00:00
广东,粤西,茂名,信宜市,北界镇,"81745780",南山（信宜）,110.9,22.4,1,O,2025-03-31 00:00:00
广东,粤西,茂名,信宜市,北界镇,"81745790",塘村（信宜）,110.9,22.3,1,O,2025-03-31 00:00:00
广东,粤西,茂名,信宜市,北界镇,"81745810",桃子,110.8,22.3,1,O,2025-03-31 00:00:00
广东,粤西,茂名,信宜市,北界镇,"81745820",金坡,110.8,22.2,1,O,2025-03-31 00:00:00
广东,粤西,茂名,信宜市,北界镇,"81745830",金渠,110.8,22.2,1,O,2025-03-31 00:00:00
广东,粤西,茂名,信宜市,北界镇,"81745840",六问,110.8,22.4,1,O,2025-03-31 00:00:00
广东,粤西,茂名,信宜市,北界镇,"81745850",结坡,110.8,22.2,1,O,2025-03-31 00:00:00
广东,粤西,茂名,信宜市,北界镇,"81745870",柴珫,110.8,22.4,1,O,2025-03-31 00:00:00
广东,粤西,茂名,信宜市,北界镇,"81745920",良垌,110.8,22.4,1,O,2025-03-31 00:00:00
广东,粤西,茂名,信宜市,北界镇,"81745940",学地,110.9,22.4,1,O,2025-03-31 00:00:00
广东,粤西,茂名,信宜市,北界镇,"81745950",长坡,110.9,22.4,1,O,2025-04-17 00:00:00
广东,粤西,茂名,信宜市,北界镇,"81745960",汕口,110.7,22.3,1,O,2025-03-31 00:00:00
广东,粤西,茂名,信宜市,北界镇,"81745970",六俵,110.9,22.4,1,O,2025-03-31 00:00:00
广东,粤西,茂名,信宜市,北界镇,"81745980",丰月,110.9,22.4,1,O,2025-03-31 00:00:00
广东,粤西,茂名,信宜市,北界镇,"81745990",双寿,110.9,22.4,1,O,2025-03-31 00:00:00
广东,粤西,阳江,阳东区,大八镇,"81747000",沙？,112,22,1,O,2025-03-31 00:00:00
广东,粤西,阳江,阳东区,大八镇,"81747002",井冈,112.1,22.2,1,O,2025-03-31 00:00:00
广东,粤西,阳江,阳东区,大八镇,"81747004",茅塘(阳东),112.1,22,1,O,2025-03-31 00:00:00
广东,粤西,阳江,阳东区,大八镇,"81747006",雷冈,112,22.1,1,O,2025-03-31 00:00:00
广东,粤西,阳江,阳东区,大八镇,"81747010",新垌(阳东),112,22.1,1,O,2025-03-31 00:00:00
广东,粤西,阳江,阳东区,大八镇,"81747012",大陂(阳东),111.9,22,1,O,2025-03-31 00:00:00
广东,粤西,阳江,阳东区,大八镇,"81747014",河垌,111.8,22.1,1,O,2025-03-31 00:00:00
广东,粤西,阳江,阳东区,大八镇,"81747016",牛岭,111.9,22.2,1,O,2025-03-31 00:00:00
广东,粤西,阳江,阳东区,大八镇,"81747018",白蒙,112,22.1,1,O,2025-03-31 00:00:00
广东,粤西,阳江,阳东区,大八镇,"81747020",长坪(阳东),112,22.1,1,O,2025-03-31 00:00:00
广东,粤西,阳江,阳东区,大八镇,"81747022",走马坪,112.1,22.2,1,O,2025-03-31 00:00:00
广东,粤西,阳江,阳东区,大八镇,"81747024",龙心,111.9,22.1,1,O,2025-03-31 00:00:00
广东,粤西,阳江,阳东区,大八镇,"81747026",吉水(阳东),112,22.1,1,O,2025-03-31 00:00:00
广东,粤西,阳江,阳春市,潭水镇,"81747028",清溪(阳春),111.7,22.1,1,O,2025-03-31 00:00:00
广东,粤西,阳江,阳春市,河口镇,"81747030",黄蔃,111.6,22,1,O,2025-03-31 00:00:00
广东,粤西,阳江,阳春市,河口镇,"81747032",曲水,111.6,21.9,1,O,2025-03-31 00:00:00
广东,粤西,阳江,阳春市,河口镇,"81747034",蝉石,111.6,22,1,O,2025-03-31 00:00:00
广东,粤西,阳江,阳春市,河口镇,"81747036",河东(阳春),111.6,21.9,1,O,2025-03-31 00:00:00
广东,粤西,阳江,阳春市,河口镇,"81747038",河口(阳春),111.6,21.9,1,O,2025-03-31 00:00:00
广东,粤西,阳江,阳春市,河口镇,"81747040",河南,111.7,21.9,1,O,2025-03-31 00:00:00
广东,粤西,阳江,阳春市,河口镇,"81747042",茶滩(阳春),111.6,22,1,O,2025-03-31 00:00:00
广东,粤西,阳江,阳春市,河口镇,"81747044",下双(阳春),111.6,22,1,O,2025-03-31 00:00:00
广东,粤西,阳江,阳春市,河口镇,"81747046",龙门(阳春),111.6,22,1,O,2025-03-31 00:00:00
广东,粤西,阳江,阳春市,河口镇,"81747048",梅垌,111.6,22,1,O,2025-03-31 00:00:00
广东,粤西,阳江,阳春市,河口镇,"81747050",石河,111.8,22,1,O,2025-03-31 00:00:00
广东,粤西,阳江,阳春市,河口镇,"81747052",金堡,111.7,22,1,O,2025-03-31 00:00:00
广东,粤西,阳江,江城区,平冈镇,"81747054",麻梨,111.9,21.7,1,O,2025-03-31 00:00:00
广东,粤西,阳江,江城区,平冈镇,"81747056",那棉,111.8,21.7,1,O,2025-03-31 00:00:00
广东,粤西,阳江,江城区,平冈镇,"81747058",良潮,111.9,21.8,1,O,2025-03-31 00:00:00
广东,粤西,阳江,江城区,平冈镇,"81747060",河东西,112,21.8,1,O,2025-03-31 00:00:00
广东,粤西,阳江,江城区,平冈镇,"81747062",平东(江城),111.9,21.8,1,O,2025-03-31 00:00:00
广东,粤西,阳江,江城区,平冈镇,"81747064",周村,111.9,21.8,1,O,2025-03-31 00:00:00
广东,粤西,阳江,江城区,平冈镇,"81747066",洋边,111.9,21.7,1,O,2025-03-31 00:00:00
广东,粤西,阳江,江城区,平冈镇,"81747068",黄村(江城),111.8,21.7,1,O,2025-03-31 00:00:00
广东,粤西,阳江,江城区,平冈镇,"81747070",百禄,111.8,21.8,1,O,2025-03-31 00:00:00
广东,粤西,阳江,江城区,平冈镇,"81747072",沙头垅,112,21.8,1,O,2025-03-31 00:00:00
广东,粤西,阳江,江城区,平冈镇,"81747074",廉村,111.8,21.8,1,O,2025-03-31 00:00:00
广东,粤西,阳江,江城区,平冈镇,"81747076",元头,111.8,21.8,1,O,2025-03-31 00:00:00
广东,粤西,阳江,江城区,平冈镇,"81747078",旦祥,111.9,21.8,1,O,2025-03-31 00:00:00
广东,粤西,阳江,江城区,平冈镇,"81747080",北宿,111.7,21.8,1,O,2025-03-31 00:00:00
广东,粤西,阳江,江城区,平冈镇,"81747082",村头,111.8,21.7,1,O,2025-03-31 00:00:00
广东,粤西,阳江,江城区,平冈镇,"81747084",石柱,111.9,21.7,1,O,2025-03-31 00:00:00
广东,粤西,阳江,江城区,平冈镇,"81747086",东一,111.8,21.7,1,O,2025-03-31 00:00:00
广东,粤西,阳江,江城区,平冈镇,"81747088",东二,111.8,21.8,1,O,2025-03-31 00:00:00
广东,珠三角,江门,台山市,赤溪镇,"81749000",冲金,113,22.1,1,O,2025-03-31 00:00:00
广东,珠三角,江门,台山市,赤溪镇,"81749002",田头,112.8,22,1,O,2025-03-31 00:00:00
广东,珠三角,江门,台山市,赤溪镇,"81749004",长沙(台山),113,21.9,1,O,2025-03-31 00:00:00
广东,珠三角,江门,台山市,端芬镇,"81749006",庙边,112.7,22.2,1,O,2025-03-31 00:00:00
广东,珠三角,江门,台山市,端芬镇,"81749008",西泽,112.6,22.2,1,O,2025-03-31 00:00:00
广东,珠三角,江门,台山市,端芬镇,"81749010",上泽,112.8,22,1,O,2025-03-31 00:00:00
广东,珠三角,江门,台山市,端芬镇,"81749012",山底(台山),112.8,22,1,O,2025-03-31 00:00:00
广东,珠三角,江门,台山市,端芬镇,"81749014",锦江(台山),112.7,22,1,O,2025-03-31 00:00:00
广东,珠三角,江门,台山市,端芬镇,"81749018",西头,112.7,22.1,1,O,2025-03-31 00:00:00
广东,珠三角,江门,台山市,端芬镇,"81749020",西廓,112.7,22,1,O,2025-03-31 00:00:00
广东,珠三角,江门,台山市,端芬镇,"81749022",那泰,112.8,22,1,O,2025-03-31 00:00:00
广东,珠三角,江门,台山市,端芬镇,"81749024",塘底,112.6,22.1,1,O,2025-03-31 00:00:00
广东,珠三角,江门,台山市,端芬镇,"81749026",塘头(台山),112.8,22,1,O,2025-03-31 00:00:00
广东,珠三角,江门,台山市,端芬镇,"81749028",莲湖,112.7,21.9,1,O,2025-03-31 00:00:00
广东,珠三角,江门,台山市,端芬镇,"81749030",寻皇,112.6,21.9,1,O,2025-03-31 00:00:00
广东,珠三角,江门,台山市,端芬镇,"81749032",隆文(台山),112.7,21.9,1,O,2025-03-31 00:00:00
广东,珠三角,江门,台山市,端芬镇,"81749034",三洞,112.6,21.9,1,O,2025-03-31 00:00:00
广东,珠三角,江门,台山市,深井镇,"81749036",那北(台山),112.5,22,1,O,2025-03-31 00:00:00
广东,珠三角,江门,台山市,深井镇,"81749038",蓝田(台山),112.4,22,1,O,2025-03-31 00:00:00
广东,珠三角,江门,台山市,深井镇,"81749040",龙岗(台山）,112.5,22.1,1,O,2025-03-31 00:00:00
广东,珠三角,江门,台山市,深井镇,"81749042",那中,112.4,22.2,1,O,2025-03-31 00:00:00
广东,珠三角,江门,台山市,深井镇,"81749044",沙潮,112.4,22,1,O,2025-03-31 00:00:00
广东,珠三角,江门,台山市,深井镇,"81749046",那南,112.5,22,1,O,2025-03-31 00:00:00
广东,珠三角,江门,台山市,深井镇,"81749048",大洞(台山),112.4,22,1,O,2025-03-31 00:00:00
广东,珠三角,肇庆,高要区,新桥镇,"81749050",小江(台山),112.4,23,1,O,2025-03-31 00:00:00
广东,珠三角,江门,台山市,深井镇,"81749052",江东,112.4,22.1,1,O,2025-03-31 00:00:00
广东,珠三角,江门,台山市,深井镇,"81749054",井西,112.5,22,1,O,2025-03-31 00:00:00
广东,珠三角,江门,台山市,深井镇,"81749056",河西(台山),112.6,22,1,O,2025-03-31 00:00:00
广东,珠三角,江门,台山市,深井镇,"81749058",河东(台山),112.5,21.9,1,O,2025-03-31 00:00:00
广东,珠三角,江门,台山市,深井镇,"81749060",康华,112.6,21.8,1,O,2025-03-31 00:00:00
广东,珠三角,江门,台山市,深井镇,"81749062",獭山,112.5,21.9,1,O,2025-03-31 00:00:00
广东,珠三角,江门,恩平市,那吉镇,"81749064",那西,112.1,22.1,1,O,2025-03-31 00:00:00
广东,珠三角,江门,恩平市,那吉镇,"81749066",那北(恩平),112.1,22.2,1,O,2025-03-31 00:00:00
广东,珠三角,江门,恩平市,那吉镇,"81749068",潭角,112.1,22,1,O,2025-03-31 00:00:00
广东,珠三角,江门,恩平市,那吉镇,"81749070",大莲,112.2,22.2,1,O,2025-03-31 00:00:00
广东,粤西,湛江,麻章区,湖光镇,"81786000",湖光岩湖,110.3,21.2,1,O,2019-03-25 00:00:00
广东,粤西,茂名,滨海新区,电城,G0149,茂名市浮标站2,111.4,20.8,0,"B,G",2018-07-17 00:00:00
广东,珠三角,广州,黄埔区,九龙镇,G0816,黄埔区新龙镇福洞村气象观测站,113.5,23.2,1,B,2025-01-18 00:00:00
广东,珠三角,广州,黄埔区,九龙镇,G0817,龙湖街何棠下村气象站,113.5,23.3,1,B,2025-01-18 00:00:00
广东,珠三角,佛山,南海区,狮山镇,G0900,南海区便携式应用气象观测站,113,23.1,1,"B,z97",2026-05-19 00:00:00
广东,珠三角,广州,天河区,黄村街道,G0902,全运会开幕式便携站01,113.4,23.2,1,"B,z97",2025-10-17 00:00:00
广东,珠三角,广州,天河区,黄村街道,G0903,全运会开幕式便携站02,113.3,23.1,1,"B,z97",2025-10-17 00:00:00
广东,珠三角,广州,番禺区,大石街道,G1000,番禺区大石街植村,113.4,23.1,1,"B,z96",2009-12-11 00:00:00
广东,珠三角,广州,天河区,天河南街道,G1001,天河区天河南街体育西路,113.2,23.1,1,"B,X,p",2004-02-29 00:00:00
广东,珠三角,广州,黄埔区,萝岗街道,G1002,黄埔区萝岗街道办气象观测站,113.6,23.2,1,B,2000-04-01 00:00:00
广东,珠三角,广州,黄埔区,红山街道,G1003,黄埔区红山街文冲船厂气象观测站,113.4,23,1,B,2000-04-01 00:00:00
广东,珠三角,广州,白云区,太和镇,G1006,白云区太和镇朝亮南路,113.3,23.4,1,"B,X",2000-04-01 00:00:00
广东,珠三角,广州,黄埔区,龙湖街道,G1007,黄埔区龙湖街环卫服务中心气象观测站,113.5,23.4,1,B,2004-12-31 00:00:00
广东,珠三角,广州,黄埔区,联和街道,G1008,黄埔区联和街天鹿湖气象观测站,113.4,23.3,1,B,2004-12-31 00:00:00
广东,珠三角,广州,白云区,景泰街道,G1009,白云区景泰街大金钟路,113.3,23.1,1,"B,X",2004-12-31 00:00:00
广东,珠三角,广州,白云区,江高镇,G1010,白云区江高镇田南路,113.2,23.3,1,"B,X",2004-12-31 00:00:00
广东,珠三角,广州,白云区,人和镇,G1011,白云区人和镇人和园,113.3,23.2,1,"B,X",2004-12-31 00:00:00
广东,珠三角,广州,白云区,永平街道,G1014,白云区永平街东平村,113.3,23.2,1,B,2004-12-31 00:00:00
广东,珠三角,广州,番禺区,市桥街道,G1015,番禺区市桥街沙墟村气象观测站,113.3,23,1,"B,K,X",2003-12-31 00:00:00
广东,珠三角,广州,南沙区,大岗镇,G1016,南沙区大岗镇灵山村气象观测站,113.4,22.8,1,B,2000-04-01 00:00:00
广东,珠三角,广州,南沙区,万顷沙镇,G1017,南沙区万顷沙镇红海村气象观测站,113.7,22.7,1,B,2000-04-01 00:00:00
广东,珠三角,广州,番禺区,化龙镇,G1018,番禺区化龙镇草堂村气象观测站,113.4,23.1,1,"B,X",2000-04-01 00:00:00
广东,珠三角,广州,番禺区,石楼镇,G1019,番禺区石楼镇群星村气象观测站,113.5,23,1,"B,X",2004-12-31 00:00:00
广东,珠三角,广州,从化区,良口镇,G1020,从化良口镇政府气象观测站,113.8,23.7,1,"B,X",2000-04-01 00:00:00
广东,珠三角,广州,从化区,鳌头镇,G1021,从化鳌头龙潭气象观测站,113.5,23.6,1,"B,X",2000-04-01 00:00:00
广东,珠三角,广州,增城区,中新镇,G1022,增城区中新镇中福路,113.6,23.3,1,"B,X",2000-04-01 00:00:00
广东,珠三角,广州,增城区,仙村镇,G1023,增城区仙村镇下境村,113.7,23.2,1,B,2000-04-01 00:00:00
广东,珠三角,广州,花都区,花东镇,G1024,花都区花东镇花都大道北,113.4,23.4,1,B,2000-04-01 00:00:00
广东,珠三角,广州,花都区,狮岭镇,G1025,花都区狮岭镇雄狮路,113.2,23.4,1,B,2004-12-31 00:00:00
广东,珠三角,广州,花都区,赤坭镇,G1026,花都赤坭国家气象观测站,113.1,23.5,1,"B,X",2000-04-01 00:00:00
广东,珠三角,广州,花都区,梯面镇,G1027,花都梯面国家气象观测站,113.3,23.6,1,"B,X",2004-12-31 00:00:00
广东,珠三角,广州,从化区,太平镇,G1028,从化太平二中气象观测站,113.5,23.5,1,"B,X",2004-07-21 00:00:00
广东,珠三角,广州,白云区,钟落潭镇,G1029,白云区钟落潭镇沙田村,113.5,23.4,1,"B,X",2004-12-31 00:00:00
广东,珠三角,广州,黄埔区,长洲街道,G1030,黄埔区长洲街道办气象观测站,113.5,23.1,1,"B,X",2004-12-31 00:00:00
广东,珠三角,广州,黄埔区,夏港街道,G1031,黄埔区夏港街东基气象观测站,113.5,23.1,1,B,2004-12-31 00:00:00
广东,珠三角,广州,黄埔区,黄埔街道,G1032,黄埔区黄埔街乌涌水闸气象观测站,113.4,23,1,"B,Q,X",2004-12-31 00:00:00
广东,珠三角,广州,荔湾区,华林街道,G1033,荔湾区逢源街宝源路,113.2,23.2,1,B,2004-12-31 00:00:00
广东,珠三角,广州,天河区,前进街道,G1034,天河区前进街黄埔大道东,113.5,23.2,1,B,2004-12-31 00:00:00
广东,珠三角,广州,天河区,长兴街道,G1036,天河区长兴街天源路,113.4,23.1,1,"B,p",2000-04-01 00:00:00
广东,珠三角,广州,越秀区,东山街道,G1037,越秀区东山街署前路,113.3,23.1,1,"B,X",2000-04-01 00:00:00
广东,珠三角,广州,海珠区,华洲街道,G1039,海珠区华洲街华洲村,113.4,23,1,B,2004-12-31 00:00:00
广东,珠三角,广州,白云区,钟落潭镇,G1040,白云区钟落潭镇福龙路,113.4,23.4,1,B,2004-12-31 00:00:00
广东,珠三角,广州,白云区,江高镇,G1042,白云区江高镇大岭村,113.3,23.5,1,"B,X",2004-12-31 00:00:00
广东,珠三角,广州,花都区,炭步镇,G1043,花都区炭步镇茶塘路,113,23.3,1,"B,X",2004-12-31 00:00:00
广东,珠三角,广州,荔湾区,南源街道,G1044,荔湾区南源街东风西路广雅小学,113.2,23.1,1,B,2004-12-31 00:00:00
广东,珠三角,广州,越秀区,北京街道,G1045,越秀区北京街大南路,113.4,23.2,1,B,2004-12-31 00:00:00
广东,珠三角,广州,白云区,石井街道,G1046,白云区石井街石丰路,113.3,23.2,1,B,2004-12-31 00:00:00
广东,珠三角,广州,番禺区,大石街道,G1047,番禺区大石街东联村气象观测站,113.3,23,1,"B,X",2004-12-31 00:00:00
广东,珠三角,广州,南沙区,南沙街道,G1048,南沙区南沙街大涌村气象观测站,113.6,22.7,1,B,2004-12-31 00:00:00
广东,珠三角,广州,南沙区,榄核镇,G1049,南沙区榄核镇榄核村气象观测站,113.3,22.7,1,"B,X",2004-12-31 00:00:00
广东,珠三角,广州,白云区,新市街道,G1051,白云区新市街新市西街,113.2,23.1,1,B,2004-12-31 00:00:00
广东,珠三角,广州,白云区,钟落潭镇,G1052,白云区钟落潭镇大罗村,113.4,23.4,1,"B,X",2004-12-31 00:00:00
广东,珠三角,广州,越秀区,梅花村街道,G1053,越秀区梅花村街福今路,113.4,23.1,1,"B,R0,X",2004-12-31 00:00:00
广东,珠三角,广州,番禺区,石碁镇,G1054,番禺区石碁镇海傍村气象观测站,113.4,22.9,1,B,2004-12-31 00:00:00
广东,珠三角,广州,南沙区,横沥镇,G1055,南沙区横沥镇义沙村气象观测站,113.4,22.7,1,B,2001-12-31 00:00:00
广东,珠三角,广州,南沙区,黄阁镇,G1056,南沙区黄阁镇东里村气象观测站,113.5,22.8,1,B,2004-12-31 00:00:00
广东,珠三角,广州,从化区,吕田镇,G1057,从化吕田东明国家气象观测站,113.8,24,1,"B,X",2005-11-30 00:00:00
广东,珠三角,广州,花都区,花东镇,G1058,花都区花东镇北兴小学,113.4,23.4,1,B,2005-07-31 00:00:00
广东,珠三角,广州,花都区,花山镇,G1059,花都区花山镇两龙墟气象观测站,113.3,23.5,1,"B,X",2005-05-31 00:00:00
广东,珠三角,广州,增城区,派潭镇,G1060,增城派潭,113.7,23.5,1,"B,X",2005-05-31 00:00:00
广东,珠三角,广州,增城区,正果镇,G1061,增城区正果镇正南街,113.8,23.5,1,B,2005-07-31 00:00:00
广东,珠三角,广州,增城区,新塘镇,G1062,增城区新塘镇府前路,113.6,23,1,"B,X",2006-03-31 00:00:00
广东,珠三角,广州,从化区,吕田镇,G1063,从化吕田道班国家气象观测站,113.9,23.8,1,"B,K,X",2004-07-21 00:00:00
广东,珠三角,广州,从化区,温泉镇,G1064,从化温泉水管所气象观测站,113.7,23.7,1,"B,X",2004-07-25 00:00:00
广东,珠三角,广州,增城区,小楼镇,G1065,增城区小楼镇泰安路,113.7,23.3,1,"B,X",2006-03-31 00:00:00
广东,珠三角,广州,番禺区,沙湾街道,G1069,番禺区沙湾街涌口村气象观测站,113.4,22.8,1,"B,X",2005-05-31 00:00:00
广东,珠三角,广州,番禺区,石壁街道,G1070,番禺区石壁街大洲村气象观测站,113.2,23.1,1,"B,K",2005-05-31 00:00:00
广东,珠三角,广州,番禺区,南村镇,G1071,番禺区南村镇梅山村气象观测站,113.3,23.1,1,B,2005-05-31 00:00:00
广东,珠三角,广州,南沙区,港湾街道,G1072,南沙区港湾街港前大道气象观测站,113.6,22.8,1,"B,X",2004-12-31 00:00:00
广东,珠三角,广州,花都区,狮岭镇,G1073,花都区狮岭镇联星村气象观测站,113.1,23.4,1,B,2005-08-31 00:00:00
广东,珠三角,广州,南沙区,东涌镇,G1077,南沙区东涌镇官坦村气象观测站,113.4,22.9,1,B,2004-12-31 00:00:00
广东,珠三角,广州,南沙区,万顷沙镇,G1078,南沙区万顷沙镇新安村气象观测站,113.6,22.6,1,B,2004-12-31 00:00:00
广东,珠三角,广州,黄埔区,南岗街道,G1079,黄埔区南岗街道办气象观测站,113.5,23.1,1,B,2004-12-31 00:00:00
广东,珠三角,广州,从化区,城郊街道,G1080,从化明珠开发区气象观测站,113.5,23.6,1,B,2005-05-31 00:00:00
广东,珠三角,广州,花都区,花城街道,G1081,花都区狮岭镇芙蓉大道气象观测站,113.2,23.4,1,"B,X",2005-07-31 00:00:00
广东,珠三角,广州,从化区,良口镇,G1082,从化良口温塘肚国家气象观测站,113.8,23.8,1,"B,X",2005-05-31 00:00:00
广东,珠三角,广州,增城区,增江街道,G1083,增城区增江街荔城中学,113.9,23.3,1,"B,X",2006-06-01 00:00:00
广东,珠三角,广州,从化区,吕田镇,G1084,从化吕田莲麻气象观测站,113.9,23.9,1,"B,X",2005-05-31 00:00:00
广东,珠三角,广州,从化区,良口镇,G1085,从化流溪河林场气象观测站,113.8,23.7,1,"B,X",2005-05-31 00:00:00
广东,珠三角,广州,南沙区,东涌镇,G1086,南沙区东涌镇鱼窝头村气象观测站,113.5,22.8,1,"B,X",2005-05-31 00:00:00
广东,珠三角,广州,番禺区,桥南街道,G1087,番禺区桥南街南郊村气象观测站,113.4,22.9,1,"B,X",2005-05-31 00:00:00
广东,珠三角,广州,荔湾区,东沙街道,G1088,荔湾区东沙街南漖水闸,113.2,23,1,"B,g",2005-07-31 00:00:00
广东,珠三角,广州,南沙区,南沙街道,G1089,南沙区南沙街坦尾村气象观测站,113.6,22.8,1,"B,X,p",2005-05-31 00:00:00
广东,珠三角,广州,南沙区,万顷沙镇,G1090,南沙区万顷沙镇民立村气象观测站,113.6,22.6,1,B,2005-05-31 00:00:00
广东,珠三角,广州,南沙区,龙穴街道,G1091,南沙区龙穴街港务公司气象观测站,113.7,22.6,1,"B,E",2005-09-01 00:00:00
广东,珠三角,广州,番禺区,沙头街道,G1092,番禺区沙头街景观大道气象观测站,113.3,23,1,"B,R1",2005-06-01 00:00:00
广东,珠三角,广州,海珠区,新港街道,G1093,海珠区新港街中山大学,113.3,23.2,1,"B,X",2007-12-31 00:00:00
广东,珠三角,广州,白云区,金沙街道,G1094,白云区金沙街横沙复建街,113.3,23.2,1,"B,X",2007-12-31 00:00:00
广东,珠三角,广州,白云区,鹤龙街道,G1095,白云区鹤龙街鹤龙一路,113.2,23.2,1,B,2009-07-08 00:00:00
广东,珠三角,广州,海珠区,南洲街道,G1097,海珠区南洲路大沙新村,113.3,23,1,B,2015-08-27 00:00:00
广东,珠三角,广州,天河区,五山街道,G1099,天河区五山街东莞庄路,113.4,23.2,1,"B,K,Q,X,p",2010-12-31 00:00:00
广东,珠三角,深圳,深汕特别合作区,小漠镇,G1114,深汕合作区小漠镇华润电厂,115,22.9,1,B,2020-01-07 00:00:00
广东,珠三角,深圳,深汕特别合作区,赤石镇,G1115,深汕合作区赤石镇赤河广场,115.1,22.8,1,B,2020-01-07 00:00:00
广东,珠三角,深圳,深汕特别合作区,鹅埠镇,G1116,深汕合作区鹅埠镇西湖村,115,22.9,1,B,2020-01-07 00:00:00
广东,珠三角,深圳,深汕特别合作区,赤石镇,G1117,深汕合作区赤石镇鹭月岛,115.2,22.9,1,B,2020-01-07 00:00:00
广东,珠三角,深圳,深汕特别合作区,赤石镇,G1118,深汕合作区赤石镇洛坑村,115.2,22.9,1,B,2020-01-07 00:00:00
广东,珠三角,深圳,深汕特别合作区,小漠镇,G1119,深汕合作区小漠镇小漠水库,115.1,22.7,1,B,2020-01-07 00:00:00
广东,珠三角,深圳,罗湖区,黄贝街道,G1120,罗湖区黄贝街道罗湖,114.1,22.5,1,B,2005-12-31 00:00:00
广东,珠三角,深圳,罗湖区,笋岗街道,G1121,罗湖区笋岗街道笋岗,114.1,22.5,1,B,2005-12-31 00:00:00
广东,珠三角,深圳,深汕特别合作区,鲘门镇,G1122,深汕合作区鲘门镇红泉村,115.2,22.9,1,B,2005-12-31 00:00:00
广东,珠三角,深圳,深汕特别合作区,赤石镇,G1123,深汕合作区赤石镇碗窑村,115.2,23,1,B,2005-12-31 00:00:00
广东,珠三角,深圳,深汕特别合作区,鹅埠镇,G1124,深汕合作区鹅埠镇西南村,114.9,22.8,1,B,2005-12-31 00:00:00
广东,珠三角,深圳,盐田区,梅沙街道,G1125,盐田区梅沙街道小梅沙,114.3,22.7,1,B,2006-01-01 00:00:00
广东,珠三角,深圳,深汕特别合作区,鹅埠镇,G1126,深汕合作区鹅埠镇日月湖,114.9,22.8,1,B,2005-12-31 00:00:00
广东,珠三角,深圳,深汕特别合作区,鲘门镇,G1127,深汕合作区石牌水库,115,22.9,1,B,2005-12-31 00:00:00
广东,珠三角,深圳,深汕特别合作区,赤石镇,G1128,深汕合作区赤石镇北坑林场,115.2,22.9,1,B,2006-09-01 00:00:00
广东,珠三角,深圳,罗湖区,南湖街道,G1129,罗湖区南湖街道罗湖口岸,114.1,22.5,1,"B,p",2005-12-31 00:00:00
广东,珠三角,深圳,福田区,福保街道,G1130,福田区福保街道福田,114,22.5,1,B,2005-12-31 00:00:00
广东,珠三角,深圳,宝安区,松岗街道,G1131,宝安区松岗街道松岗体育中心,113.8,22.8,1,"B,p,r",2006-01-01 00:00:00
广东,珠三角,深圳,光明区,玉塘街道,G1132,光明区玉塘街道阿婆髻水库,113.8,22.8,1,B,2019-04-30 00:00:00
广东,珠三角,深圳,盐田区,梅沙街道,G1133,盐田区梅沙街道上坪水库,114.3,22.6,1,B,2007-07-01 00:00:00
广东,珠三角,深圳,大鹏新区,南澳办,G1134,大鹏新区南澳办穿鼻岩,114.6,22.4,1,B,2006-01-01 00:00:00
广东,珠三角,深圳,福田区,莲花街道,G1135,福田区莲花街道莲花山,114,22.6,1,"B,p",2005-12-31 00:00:00
广东,珠三角,深圳,宝安区,沙井街道,G1136,宝安区福海街道海洋新城北,113.8,22.8,1,B,2024-12-04 00:00:00
广东,珠三角,深圳,盐田区,盐田街道,G1137,盐田区盐田街道三洲田水库,114.2,22.7,1,B,2024-12-04 00:00:00
广东,珠三角,深圳,坪山区,马峦街道,G1138,坪山区马峦街道红花岭下库,114.3,22.6,1,B,2024-12-04 00:00:00
广东,珠三角,深圳,宝安区,福永街道,G1139,宝安区航城街道机场码头,113.8,22.7,1,B,2024-12-04 00:00:00
广东,珠三角,深圳,大鹏新区,南澳办,G1140,大鹏新区南澳办七娘山,114.4,22.4,1,B,2006-01-01 00:00:00
广东,珠三角,深圳,南山区,招商街道,G1142,南山区招商街道蛇口码头,113.9,22.6,1,"B,C,X",2005-12-31 00:00:00
广东,珠三角,深圳,光明区,马田街道,G1143,光明区马田街道后底坑水库,113.8,22.7,1,"B,p",2019-04-30 00:00:00
广东,珠三角,深圳,罗湖区,东湖街道,G1144,罗湖区东湖街道大望,114.2,22.5,1,B,2019-04-30 00:00:00
广东,珠三角,深圳,宝安区,西乡街道,G1145,宝安区西乡街道固戍,113.8,22.6,1,B,2019-04-30 00:00:00
广东,珠三角,深圳,罗湖区,黄贝街道,G1146,罗湖区黄贝街道罗芳水质厂,114.2,22.6,1,B,2019-04-30 00:00:00
广东,珠三角,深圳,龙岗区,宝龙街道,G1147,龙岗区宝龙街道宝龙,114.3,22.6,1,B,2019-04-30 00:00:00
广东,珠三角,深圳,龙岗区,平湖街道,G1148,龙岗区平湖街道山厦,114.2,22.7,1,B,2019-04-30 00:00:00
广东,珠三角,深圳,福田区,华强北街道,G1149,福田区华强北街道荔枝公园,114.2,22.5,1,B,2019-04-30 00:00:00
广东,珠三角,深圳,宝安区,福永街道,G1151,宝安区福永街道福永,113.9,22.6,1,B,2006-01-01 00:00:00
广东,珠三角,深圳,宝安区,福海街道,G1152,宝安区福海街道灶下涌,113.7,22.6,1,B,2006-01-01 00:00:00
广东,珠三角,深圳,宝安区,新安街道,G1153,宝安区新安街道欢乐港湾西,113.9,22.5,1,"B,p,r",2006-01-01 00:00:00
广东,珠三角,深圳,龙岗区,南澳街道,G1154,大鹏新区南澳办大毛田水库,114.5,22.5,1,B,2006-01-01 00:00:00
广东,珠三角,深圳,龙华区,龙华街道,G1155,龙华区龙华街道龙华,114.1,22.7,1,"B,C,X,p",2005-12-31 00:00:00
广东,珠三角,深圳,光明区,凤凰街道,G1156,光明区凤凰街道甲子塘,113.9,22.8,1,B,2006-01-01 00:00:00
广东,珠三角,深圳,龙岗区,南澳街道,G1159,大鹏新区南澳办新大,114.5,22.6,1,B,2024-12-04 00:00:00
广东,珠三角,深圳,龙岗区,南湾街道,G1161,龙岗区南湾街道下李朗,114.1,22.6,1,B,2006-01-01 00:00:00
广东,珠三角,深圳,大鹏新区,大鹏办,G1162,大鹏新区大鹏办大鹏,114.4,22.5,1,"B,C,Q,X",2005-12-31 00:00:00
广东,珠三角,深圳,大鹏新区,葵涌办,G1163,大鹏新区葵涌办葵涌,114.4,22.6,1,B,2006-01-01 00:00:00
广东,珠三角,深圳,光明区,新湖街道,G1164,光明区新湖街道石狗公水库,113.9,22.7,1,B,2006-01-01 00:00:00
广东,珠三角,深圳,龙岗区,葵涌街道,G1165,大鹏新区葵涌街道亚迪学校,114.4,22.6,1,B,2006-01-01 00:00:00
广东,珠三角,深圳,龙岗区,布吉街道,G1166,龙岗区布吉街道布吉,114.1,22.6,1,"B,C,X",2005-12-31 00:00:00
广东,珠三角,深圳,光明区,凤凰街道,G1170,光明区凤凰街道东坑,113.9,22.7,1,B,2006-01-01 00:00:00
广东,珠三角,深圳,龙岗区,宝龙街道,G1171,龙岗区宝龙街道南约,114.2,22.7,1,B,2006-01-01 00:00:00
广东,珠三角,深圳,龙岗区,大鹏街道,G1172,大鹏新区葵涌街道布新,114.4,22.6,1,B,2006-01-01 00:00:00
广东,珠三角,深圳,罗湖区,莲塘街道,G1173,罗湖区莲塘街道莲塘,114.1,22.6,1,B,2005-12-31 00:00:00
广东,珠三角,深圳,罗湖区,东湖街道,G1174,罗湖区东湖街道梧桐村,114.1,22.6,1,B,2006-01-31 00:00:00
广东,珠三角,深圳,罗湖区,清水河街道,G1175,罗湖区清水河街道银湖,114.1,22.6,1,"B,p,r",2006-01-01 00:00:00
广东,珠三角,深圳,光明区,公明街道,G1176,光明区公明街道李松蓢,113.9,22.8,1,"B,p,r",2024-12-04 00:00:00
广东,珠三角,深圳,盐田区,盐田街道,G1177,盐田区盐田街道盐田坳,114.3,22.6,1,B,2006-10-01 00:00:00
广东,珠三角,深圳,南山区,桃源街道,G1178,南山区桃源街道长岭陂水库,114.1,22.6,1,B,2006-02-01 00:00:00
广东,珠三角,深圳,南山区,招商街道,G1179,深圳市南山区招商街道,114,22.5,1,B,2018-01-15 00:00:00
广东,珠三角,深圳,龙岗区,坂田街道,G1180,龙岗区坂田街道岗头,114.1,22.8,1,B,2018-01-15 00:00:00
广东,珠三角,深圳,坪山区,马峦街道,G1181,坪山区马峦街道马峦,114.3,22.7,1,"B,p,r",2018-01-15 00:00:00
广东,珠三角,深圳,罗湖区,东湖街道,G1182,罗湖区东湖街道下洋,114.1,22.7,1,B,2018-01-15 00:00:00
广东,珠三角,深圳,光明区,凤凰街道,G1183,光明区凤凰街道大凼水库,113.9,22.7,1,B,2018-01-15 00:00:00
广东,珠三角,深圳,罗湖区,清水河街道,G1184,罗湖区清水河街道玉龙,114.1,22.5,1,B,2018-01-15 00:00:00
广东,珠三角,深圳,龙岗区,龙城街道,G1185,龙岗区龙城街道爱联,114.1,22.7,1,B,2018-01-15 00:00:00
广东,珠三角,深圳,南山区,沙河街道,G1186,南山区沙河街道华侨城,114,22.6,1,B,2018-01-15 00:00:00
广东,珠三角,深圳,南山区,桃源街道,G1187,南山区桃源街道龙联,114,22.6,1,B,2018-01-15 00:00:00
广东,珠三角,深圳,罗湖区,清水河街道,G1188,罗湖区清水河街道银湖山,114,22.7,1,B,2018-01-15 00:00:00
广东,珠三角,深圳,南山区,南山街道,G1189,南山区南山街道妈湾,113.8,22.5,1,B,2018-01-15 00:00:00
广东,珠三角,深圳,龙华区,福城街道,G1190,龙华区福城街道街道茜坑水库,113.9,22.6,1,B,2018-01-15 00:00:00
广东,珠三角,深圳,南山区,蛇口街道,G1191,南山区蛇口街道内伶仃南,113.8,22.5,1,"B,E",2018-01-15 00:00:00
广东,珠三角,深圳,宝安区,航城街道,G1192,宝安区航城街道深中西岛,113.7,22.6,0,"B,E",2018-01-15 00:00:00
广东,珠三角,深圳,光明区,马田街道,G1193,光明区马田街道薯田埔,113.9,22.7,1,B,2018-01-15 00:00:00
广东,珠三角,深圳,深汕特别合作区,赤石镇,G1194,深汕合作区赤石镇深汕,115,22.9,1,B,2018-01-15 00:00:00
广东,珠三角,深圳,南山区,蛇口街道,G1195,南山区蛇口街道海监广场,114,22.4,1,"B,p",2019-04-30 00:00:00
广东,珠三角,深圳,宝安区,新安街道,G1196,移动气象站A,113.9,22.6,1,"B,z97,z99",2021-12-02 00:00:00
广东,珠三角,深圳,宝安区,新安街道,G1197,移动气象站B,113.8,22.6,1,"B,z97",2025-10-26 00:00:00
广东,珠三角,珠海,香洲区,桂山镇,G1201,香洲区桂山镇桂山岛国家气象观测站,113.8,22.1,0,"B,C,E,X",2003-01-01 00:00:00
广东,珠三角,珠海,斗门区,斗门区围垦公司雷蛛垦区,G1202,斗门区乾务镇雷蛛垦区气象观测站,113,22.2,1,"B,C,X",2003-01-01 00:00:00
广东,珠三角,珠海,金湾区,南水镇,G1203,金湾区高栏港高速路应用气象观测站（交通）,113.3,21.9,1,"B,U",2003-04-01 00:00:00
广东,珠三角,珠海,香洲区,唐家湾镇,G1204,香洲区唐家湾镇国际赛车场气象观测站,113.5,22.4,1,"B,X",2003-01-01 00:00:00
广东,珠三角,珠海,金湾区,三灶镇,G1205,金湾区三灶镇金湾机场气象观测站,113.3,22,1,"B,C,E,X",2003-01-01 00:00:00
广东,珠三角,珠海,香洲区,南屏镇,G1206,香洲区南屏镇广昌泵站气象观测站,113.4,22.2,1,"B,C,X",2003-01-01 00:00:00
广东,珠三角,珠海,金湾区,南水镇,G1207,金湾区南水镇南水中学气象观测站,113.2,22.1,1,"B,C,E,X",2006-08-01 00:00:00
广东,珠三角,珠海,金湾区,平沙镇,G1208,金湾区平沙镇前西居委会气象观测站,113.1,22.1,1,"B,C,X",2003-01-01 00:00:00
广东,珠三角,珠海,香洲区,吉大街道,G1209,香洲区吉大街道九洲港气象观测站,113.6,22.2,1,"B,X,p",2003-01-01 00:00:00
广东,珠三角,珠海,金湾区,西城街道,G1210,金湾区西城街道城市职业技术学院气象观测站,113.3,22,1,"B,C,X,p",2003-01-01 00:00:00
广东,珠三角,珠海,香洲区,唐家湾镇,G1211,香洲区唐家湾镇淇澳国家气象观测站,113.7,22.5,1,"B,C,E,X",2003-01-01 00:00:00
广东,珠三角,珠海,香洲区,拱北街道,G1212,香洲区拱北街道卫生学校气象观测站,113.6,22.2,1,"B,X",2003-01-01 00:00:00
广东,珠三角,珠海,香洲区,吉大街道,G1213,香洲区吉大街道九洲岛气象观测站,113.7,22.3,0,B,2009-06-01 00:00:00
广东,珠三角,珠海,金湾区,南水镇,G1214,金湾区南水镇高栏岛国际货柜码头气象观测站,113.2,21.9,1,B,2021-01-18 00:00:00
广东,珠三角,珠海,香洲区,吉大街道,G1215,香洲区吉大街道四中气象观测站,113.6,22.2,1,B,2021-07-22 00:00:00
广东,珠三角,珠海,香洲区,担杆镇,G1216,香洲区担杆镇庙湾岛主站气象观测站,113.9,21.9,0,"B,E",2009-06-01 00:00:00
广东,珠三角,珠海,香洲区,横琴镇,G1217,横琴粤澳深度合作区中心沟国家气象观测站,113.5,22.2,1,"B,C,E,X",2009-12-15 00:00:00
广东,珠三角,珠海,金湾区,西城街道,G1218,金湾区西城街道东咀山气象观测站,113.3,22,1,B,2012-05-31 00:00:00
广东,珠三角,珠海,斗门区,白藤街道,G1220,斗门区白藤街道鹤洲北气象观测站,113.3,22.1,1,B,2016-09-07 00:00:00
广东,珠三角,珠海,香洲区,湾仔街道,G1221,香洲区湾仔街道湾仔中学气象观测站,113.5,22.2,1,B,2016-09-05 00:00:00
广东,珠三角,珠海,金湾区,三灶镇,G1222,金湾区三灶镇轿顶山气象观测站,113.4,22.1,1,B,2016-02-19 00:00:00
广东,珠三角,珠海,香洲区,唐家湾镇,G1223,香洲区唐家湾镇凤凰山北麓金凤路气象观测站,113.5,22.4,1,"B,X",2015-12-03 00:00:00
广东,珠三角,珠海,香洲区,横琴镇,G1224,横琴粤澳深度合作区横琴西气象观测站,113.5,22.2,1,B,2016-01-27 00:00:00
广东,珠三角,珠海,金湾区,平沙镇,G1225,金湾区平沙镇海泉湾气象观测站,113.2,22.2,1,B,2016-02-19 00:00:00
广东,珠三角,珠海,香洲区,横琴,G1226,横琴粤澳深度合作区横琴大桥气象观测站,113.4,22.1,1,"B,p,r",2016-09-01 00:00:00
广东,珠三角,珠海,香洲区,淇澳,G1227,香洲区唐家湾镇淇澳大桥气象观测站,113.5,22.3,1,B,2016-08-31 00:00:00
广东,珠三角,珠海,香洲区,香湾街道,G1228,香洲区野狸岛气象观测站,113.6,22.2,1,B,2016-01-15 00:00:00
广东,珠三角,珠海,香洲区,唐家湾镇,G1229,香洲区唐家湾镇情侣北路气象观测站,113.5,22.4,1,"B,X",2015-12-03 00:00:00
广东,珠三角,珠海,香洲区,湾仔街道,G1230,香洲区湾仔街道保税区气象观测站,113.5,22.2,1,"B,X",2016-01-14 00:00:00
广东,珠三角,珠海,金湾区,南水镇,G1231,金湾区南水镇高栏港综保区气象观测站,113.3,22,1,B,2026-07-22 00:00:00
广东,珠三角,珠海,香洲区,横琴镇,G1232,横琴粤澳深度合作区芒洲湿地公园气象观测站,113.4,22.1,1,B,2016-09-01 00:00:00
广东,珠三角,珠海,香洲区,翠香街道,G1233,香洲区翠香街道香山学校气象观测站,113.5,22.3,1,B,2017-08-01 00:00:00
广东,珠三角,珠海,金湾区,平沙镇,G1234,金湾区平沙镇珠海港指标站主站气象观测站,113.2,22,1,"B,E",2017-07-13 00:00:00
广东,珠三角,珠海,金湾区,平沙镇,G1235,金湾区平沙镇珠海港指标站备站气象观测站,113.2,22,1,"B,E",2017-07-08 00:00:00
广东,珠三角,珠海,香洲区,狮山街道,G1236,香洲区香洲港客运码头气象观测站,113.5,22.2,1,B,2018-12-06 00:00:00
广东,珠三角,珠海,香洲区,前山街道,G1237,香洲区凤山街道界涌青年水库气象观测站,113.4,22.3,1,B,2017-12-11 00:00:00
广东,珠三角,珠海,香洲区,南屏镇,G1238,香洲区珠海大桥东气象观测站,113.5,22.3,1,B,2017-12-12 00:00:00
广东,珠三角,珠海,斗门区,白蕉镇,G1240,斗门区白蕉镇珠海大桥西气象观测站,113.5,22.2,1,B,2018-01-05 00:00:00
广东,珠三角,珠海,金湾区,平沙镇,G1241,金湾区平沙镇大海环气象观测站,113.3,22.1,1,"B,e",2017-12-19 00:00:00
广东,珠三角,珠海,香洲区,万山镇,G1242,香洲区万山镇东澳岛主站气象观测站,113.7,22.1,0,"B,E",2017-12-13 00:00:00
广东,珠三角,珠海,香洲区,唐家湾镇,G1243,高新区唐家湾镇中大气象观测站,113.5,22.4,1,B,2018-01-17 00:00:00
广东,珠三角,珠海,香洲区,唐家湾镇,G1244,香洲区唐家湾镇创新海岸科技园气象观测站,113.5,22.3,1,B,2018-01-08 00:00:00
广东,珠三角,珠海,香洲区,担杆镇,G1246,珠海市香洲区庙湾岛备站气象观测站,114,21.8,0,"B,X",2019-10-25 00:00:00
广东,珠三角,珠海,斗门区,井岸镇,G1250,斗门区井岸镇气象局旧站气象观测站,113.3,22.1,1,"B,X",2003-01-01 00:00:00
广东,珠三角,珠海,斗门区,莲洲镇,G1251,斗门区莲洲镇横山中学气象观测站,113.2,22.3,1,"B,X",2003-03-01 00:00:00
广东,珠三角,珠海,斗门区,白蕉镇,G1252,斗门区白蕉镇灯笼中心小学气象观测站,113.4,22.2,1,B,2016-09-08 00:00:00
广东,珠三角,珠海,斗门区,斗门镇,G1253,斗门区斗门镇新乡村气象观测站,113.2,22.2,1,"B,X",2015-12-03 00:00:00
广东,珠三角,珠海,斗门区,乾务镇,G1254,斗门区乾务镇五山中心小学气象观测站,113.3,22.1,1,B,2016-09-06 00:00:00
广东,珠三角,珠海,斗门区,斗门镇,G1255,斗门区斗门镇大赤坎气象观测站,113.2,22.2,1,B,2016-09-09 00:00:00
广东,珠三角,珠海,斗门区,白蕉镇,G1256,斗门区白藤街道白藤大闸气象观测站,113.3,22.2,1,"B,X",2015-12-03 00:00:00
广东,珠三角,珠海,斗门区,莲洲镇,G1257,斗门区莲洲镇三角村气象观测站,113.1,22.3,1,B,2016-09-09 00:00:00
广东,珠三角,珠海,斗门区,白藤街道,G1258,斗门区白藤街道白藤湖旅游公司气象观测站,113.3,22.3,1,B,2016-09-06 00:00:00
广东,珠三角,珠海,斗门区,白蕉镇,G1259,斗门区白蕉镇新环中心小学气象观测站,113.2,22.3,1,B,2016-09-06 00:00:00
广东,珠三角,珠海,斗门区,斗门镇,G1260,斗门区斗门镇乾务水库北堤气象观测站,113.2,22.2,1,B,2016-09-09 00:00:00
广东,珠三角,珠海,斗门区,白蕉镇,G1261,斗门区白蕉镇六乡办冲幼儿园气象观测站,113.3,22.3,1,B,2016-09-08 00:00:00
广东,珠三角,珠海,斗门区,白蕉镇,G1262,斗门区白蕉镇竹洲小学气象观测站,113.3,22.4,1,B,2016-09-08 00:00:00
广东,珠三角,珠海,斗门区,莲洲镇,G1263,斗门区莲洲镇莲溪学校气象观测站,113.1,22.3,1,B,2016-04-14 00:00:00
广东,珠三角,珠海,斗门区,莲洲镇,G1264,斗门区莲洲镇横坑大桥气象观测站,113.3,22.4,1,B,2016-09-02 00:00:00
广东,珠三角,珠海,斗门区,莲洲镇,G1265,斗门区莲洲镇谦益闸气象观测站,113.2,22.4,1,B,2016-09-08 00:00:00
广东,珠三角,珠海,斗门区,乾务镇,G1268,斗门区乾务镇雷蛛公园气象观测站,113.2,22.3,1,B,2018-02-02 00:00:00
广东,珠三角,珠海,斗门区,斗门区围垦公司雷蛛垦区,G1269,斗门区乾务镇三围2号闸气象观测站,113.2,22.1,1,B,2020-04-14 00:00:00
广东,珠三角,珠海,香洲区,珠海市大镜山水库,G1270,香洲区翠香街道大镜山水库气象观测站,113.6,22.3,1,B,2018-02-01 00:00:00
广东,珠三角,珠海,香洲区,梅华街道,G1271,香洲区梅华街道体育中心气象观测站,113.5,22.2,1,"B,p",2018-05-12 00:00:00
广东,珠三角,珠海,香洲区,梅华街道,G1272,香洲区梅华街道实验学校气象观测站,113.6,22.2,1,B,2018-09-08 00:00:00
广东,珠三角,珠海,金湾区,三灶镇,G1273,金湾区三灶镇国际健康港气象观测站,113.3,22.1,1,B,2018-05-12 00:00:00
广东,珠三角,珠海,金湾区,南水镇,G1274,金湾区南水镇纬一路气象观测站,113.1,22,1,B,2018-03-23 00:00:00
广东,珠三角,珠海,香洲区,担杆镇,G1275,香洲区担杆镇外伶仃流水坑气象观测站,114.1,22.2,0,B,2018-03-18 00:00:00
广东,珠三角,珠海,香洲区,,G1276,港珠澳大桥联检大楼气象观测站,113.6,22.1,1,"B,p,r",2017-07-19 00:00:00
广东,珠三角,珠海,香洲区,,G1277,港珠澳大桥白海豚岛气象观测站,113.8,22.2,1,"B,p,r",2018-05-04 00:00:00
广东,珠三角,珠海,斗门区,乾务镇,G1278,斗门区乾务镇乾务中心小学气象观测站,113.3,22.1,1,B,2018-06-11 00:00:00
广东,珠三角,珠海,斗门区,赤鼻岛,G1279,斗门区乾务镇赤鼻岛气象观测站,113.1,22,0,B,2022-01-12 00:00:00
广东,珠三角,珠海,香洲区,横琴镇,G1280,横琴粤澳深度合作区横琴东气象观测站,113.5,22.1,1,"B,p,r",2022-04-21 00:00:00
广东,珠三角,珠海,香洲区,桂山镇,G1281,香洲区桂山镇桂山电厂气象观测站,113.8,22.2,0,"B,E",2012-03-02 00:00:00
广东,珠三角,珠海,香洲区,唐家湾镇,G1282,香洲区唐家湾镇唐家小学气象观测站,113.6,22.4,1,"B,p",2003-01-01 00:00:00
广东,珠三角,珠海,香洲区,唐家湾镇,G1283,香洲区唐家湾镇智能制造孵化加速基地气象观测站,113.6,22.4,1,B,2003-02-01 00:00:00
广东,珠三角,珠海,金湾区,南水镇,G1284,金湾区南水镇高栏岛南大堤气象观测站,113.2,21.8,0,B,2020-04-18 00:00:00
广东,珠三角,珠海,香洲区,唐家湾镇,G1285,香洲区唐家湾镇中山公园气象观测站,113.6,22.3,1,B,2019-10-17 00:00:00
广东,珠三角,珠海,金湾区,南水镇,G1286,金湾区南水镇高栏岛白藤咀气象观测站,113.2,22,1,"B,X",2019-01-04 00:00:00
广东,珠三角,珠海,香洲区,担杆镇,G1287,珠海市万山区蚊尾洲岛气象观测站,113.9,21.7,0,B,2020-06-16 00:00:00
广东,珠三角,珠海,香洲区,万山镇,G1288,香洲区万山镇东澳岛备站气象观测站,113.6,22,0,"B,E",2019-07-10 00:00:00
广东,珠三角,珠海,斗门区,井岸镇,G1289,斗门区井岸镇华发水郡湿地公园气象观测站,113.4,22.2,1,B,2019-12-06 00:00:00
广东,珠三角,珠海,斗门区,斗门镇,G1290,西部沿海高速斗门服务区应用气象观测站（交通）,113.2,22.2,1,"B,U",2022-10-21 00:00:00
广东,珠三角,珠海,香洲区,担杆镇,G1291,香洲区担杆镇担杆岛担杆头气象观测站,114.3,22,0,B,2019-08-29 00:00:00
广东,珠三角,珠海,香洲区,横琴镇,G1292,横琴粤澳深度合作区长湾遂道南气象观测站,113.5,22.1,1,"B,X",2020-04-22 00:00:00
广东,珠三角,珠海,金湾区,红旗镇,G1293,金湾区红旗镇小木乃气象观测站,113.3,22,1,B,2020-04-22 00:00:00
广东,珠三角,珠海,香洲区,唐家湾镇,G1294,香洲区唐家湾镇淇澳岛红树林气象观测站,113.7,22.3,1,"B,X",2020-01-09 00:00:00
广东,珠三角,珠海,香洲区,南屏镇,G1295,珠海洪鹤大桥应用气象观测站（交通）,113.5,22.1,1,"B,U",2022-10-21 00:00:00
广东,珠三角,珠海,香洲区,万山镇,G1296,香洲区万山镇了哥垌气象观测站,113.7,21.9,0,B,2021-07-23 00:00:00
广东,珠三角,珠海,金湾区,西城街道,G1297,金湾区西城街道技师学院气象观测站,113.4,22.1,1,B,2019-10-26 00:00:00
广东,珠三角,珠海,金湾区,红旗镇,G1298,金湾区红旗镇政府气象观测站,113.3,22.2,1,B,2019-10-15 00:00:00
广东,珠三角,珠海,金湾区,西城街道,G1299,金湾区西城街道金湾路二号水闸应用气象观测站（交通）,113.4,22,1,"B,U,p,r",2022-10-21 00:00:00
广东,粤东,汕头,金平区,鮀莲街道,G1302,金平区鮀莲街道天港社区,116.6,23.3,1,"B,C",2000-04-01 00:00:00
广东,粤东,汕头,濠江区,礐石街道,G1305,礐石街道红星社区,116.8,23.3,1,"B,C",2003-01-01 00:00:00
广东,粤东,汕头,金平区,石砲台街道,G1306,金平区石砲台街道长平社区,116.8,23.4,1,"B,X,p",2003-01-01 00:00:00
广东,粤东,汕头,龙湖区,珠池街道,G1307,龙湖区珠池街道广兴社区,116.8,23.4,1,"B,C,X",2003-02-01 00:00:00
广东,粤东,汕头,龙湖区,鸥汀街道,G1308,龙湖区鸥汀街道流美社区,116.7,23.4,1,"B,C",2003-01-01 00:00:00
广东,粤东,汕头,澄海区,凤翔街道,G1309,澄海区凤翔街道区域站,116.9,23.4,1,"B,C",2000-04-01 00:00:00
广东,粤东,汕头,澄海区,凤翔街道,G1310,汕头体育中心,116.9,23.3,1,"B,p,r",2023-11-08 00:00:00
广东,粤东,汕头,澄海区,凤翔街道,G1311,澄海海明公园,116.8,23.4,1,B,2023-11-07 00:00:00
广东,粤东,汕头,南澳县,深澳镇,G1312,南澳青澳湾气象观测站1,117.1,23.5,1,B,2025-10-13 00:00:00
广东,粤东,汕头,南澳县,深澳镇,G1313,南澳青澳湾气象观测站,117,23.4,1,"B,C,E,p,r",2003-01-01 00:00:00
广东,粤东,汕头,南澳县,深澳镇,G1314,南澳竹栖肚湾气象观测站,117.2,23.5,1,"B,E",2020-05-19 00:00:00
广东,粤东,汕头,南澳县,深澳镇,G1315,青澳管委后窑村气象观测站,117,23.5,1,"B,E",2025-03-03 00:00:00
广东,粤东,汕头,潮阳区,关埠镇,G1316,潮阳区关埠镇水利所,116.5,23.5,1,"B,C,X",2000-04-01 00:00:00
广东,粤东,汕头,潮南区,峡山街道,G1317,潮南区峡山街道水利所,116.4,23.3,1,"B,Q,X",2000-04-01 00:00:00
广东,粤东,汕头,潮阳区,文光街道,G1318,潮阳区文光街道,116.6,23.3,1,B,2022-01-26 00:00:00
广东,粤东,汕头,澄海区,凤翔街道,G1319,凤翔百二两气象观测站,116.8,23.4,1,"B,p",2024-01-31 00:00:00
广东,粤东,汕头,龙湖区,新海街道,G1320,龙湖区新海街道六份村,116.7,23.4,1,"B,C",2008-10-01 00:00:00
广东,粤东,汕头,龙湖区,外砂街道,G1321,龙湖区外砂街道外砂桥闸,116.7,23.5,1,"B,X,g",2012-12-10 00:00:00
广东,粤东,汕头,龙湖区,龙祥街道,G1322,龙湖区龙祥街道周厝塭社区,116.7,23.4,1,"B,p",2018-09-18 00:00:00
广东,粤东,汕头,龙湖区,鸥汀街道,G1323,龙湖区鸥汀街道西畔社区,116.8,23.5,1,B,2019-05-10 00:00:00
广东,粤东,汕头,龙湖区,鸥汀街道,G1324,龙湖区鸥汀街道旦家园社区,116.8,23.4,1,B,2019-04-29 00:00:00
广东,粤东,汕头,龙湖区,新海街道,G1325,龙湖区新海街道大兴村双涵,116.9,23.4,1,B,2019-07-12 00:00:00
广东,粤东,汕头,龙湖区,珠池街道,G1326,龙湖龙腾胜利社区,116.7,23.3,1,B,2023-11-07 00:00:00
广东,粤东,汕头,龙湖区,龙腾街道,G1327,龙湖东海岸1,116.8,23.4,1,"B,E",2024-11-09 00:00:00
广东,粤东,汕头,龙湖区,龙腾街道,G1328,龙湖东海岸2,116.7,23.4,1,"B,E",2024-11-09 00:00:00
广东,粤东,汕头,龙湖区,珠池街道,G1329,龙湖区珠池街道广兴社区城市观测站,116.7,23.3,1,B,2017-03-29 00:00:00
广东,粤东,汕头,澄海区,莲华镇,G1331,澄海区莲华镇碧砂村区域站,116.8,23.7,1,"B,C",2008-09-30 00:00:00
广东,粤东,汕头,濠江区,玉新街道,G1332,濠江区玉新街道灯塔社区,116.7,23.2,1,"B,C",2008-12-31 00:00:00
广东,粤东,汕头,濠江区,达濠街道,G1334,濠江区达濠街道青篮社区青云岩风景区,116.8,23.2,1,B,2015-12-08 00:00:00
广东,粤东,汕头,潮阳区,谷饶镇,G1340,潮阳区谷饶镇政府,116.4,23.3,1,"B,C,X",2004-08-31 00:00:00
广东,粤东,汕头,潮阳区,铜盂镇,G1341,潮阳区铜盂镇污水处理厂,116.5,23.2,1,B,2012-12-13 00:00:00
广东,粤东,汕头,潮南区,两英镇,G1342,潮南区两英镇水利所,116.3,23.3,1,"B,X",2004-06-30 00:00:00
广东,粤东,汕头,潮阳区,河溪镇,G1343,潮阳区河溪水利所,116.6,23.3,1,"B,C,X",2008-12-31 00:00:00
广东,粤东,汕头,潮阳区,海门镇,G1344,潮阳区海门镇渔经办,116.7,23.1,1,"B,C,X",2008-12-31 00:00:00
广东,粤东,汕头,潮阳区,金灶镇,G1345,潮阳区金灶镇政府,116.4,23.4,1,"B,X",2009-01-01 00:00:00
广东,粤东,汕头,潮阳区,和平镇,G1346,潮阳区和平镇政府,116.4,23.3,1,"B,C,X",2008-12-31 00:00:00
广东,粤东,汕头,潮阳区,贵屿镇,G1347,潮阳区贵屿镇政府,116.3,23.4,1,"B,X",2009-11-23 00:00:00
广东,粤东,汕头,潮阳区,西胪镇,G1348,潮阳区西胪镇水利所,116.5,23.3,1,"B,C,X",2009-11-18 00:00:00
广东,粤东,汕头,澄海区,隆都镇,G1351,澄海区隆都镇店市区域站,116.8,23.6,1,"B,C",2003-01-01 00:00:00
广东,粤东,汕头,澄海区,莲下镇,G1352,澄海区莲下镇区域站,116.8,23.6,1,"B,X",2012-12-12 00:00:00
广东,粤东,汕头,澄海区,盐鸿镇,G1353,澄海区盐鸿镇鸿三村区域站,116.9,23.7,1,"B,C,X",2004-06-30 00:00:00
广东,粤东,汕头,澄海区,溪南镇,G1354,澄海区溪南镇云英村区域站,116.9,23.6,1,"B,C,X",2008-09-30 00:00:00
广东,粤东,汕头,澄海区,上华镇,G1355,澄海区上华镇下陈村区域站,116.8,23.6,1,"B,C,X,g",2008-09-30 00:00:00
广东,粤东,汕头,澄海区,东里镇,G1356,澄海区东里镇区域站,116.9,23.5,1,B,2012-12-12 00:00:00
广东,粤东,汕头,澄海区,莲上镇,G1357,澄海区莲上镇区域站,116.9,23.5,1,"B,C,X",2009-11-27 00:00:00
广东,粤东,汕头,澄海区,澄华街道,G1358,澄海澄华气象观测站,116.8,23.4,1,B,2020-11-06 00:00:00
广东,粤东,汕头,澄海区,广益街道,G1359,澄海区广益街道区域站,116.8,23.4,1,"B,X",2003-01-01 00:00:00
广东,粤东,汕头,南澳县,南澳县海岛国家森林公园管理委员会,G1361,南澳长山尾气象观测站,117,23.5,1,"B,C,X",2003-11-01 00:00:00
广东,粤东,汕头,南澳县,云澳镇,G1362,南澳县云澳镇白颈屿,117.1,23.3,0,B,2019-12-10 00:00:00
广东,粤东,汕头,南澳县,云澳镇,G1363,南澳县云澳镇澳前村,117.1,23.4,1,"B,C",2003-11-01 00:00:00
广东,粤东,汕头,南澳县,深澳镇,G1364,南澳县深澳镇气象观测站,117.1,23.5,1,"B,C",2007-07-01 00:00:00
广东,粤东,汕头,南澳县,后宅镇,G1365,南澳后宅气象观测站,117,23.4,1,"B,C,X",2009-05-27 00:00:00
广东,粤东,汕头,南澳县,云澳镇,G1366,华能勒门风电升压平台气象观测站1,117,23.1,0,B,2009-11-19 00:00:00
广东,粤东,汕头,南澳县,云澳镇,G1367,南澳金交椅气象观测站,117.1,23.4,1,"B,E",2017-07-24 00:00:00
广东,粤东,汕头,南澳县,云澳镇,G1368,南澳县云澳镇赤屿岛,117.1,23.3,0,"B,E",2015-06-09 00:00:00
广东,粤东,汕头,潮南区,成田镇,G1371,潮南区成田镇大龙溪水库,116.4,23.1,1,"B,C,X",2009-11-19 00:00:00
广东,粤东,汕头,潮南区,雷岭镇,G1372,潮南区雷岭镇政府,116.3,23,1,"B,X",2009-11-20 00:00:00
广东,粤东,汕头,潮南区,司马浦镇,G1373,潮南区司马浦镇政府,116.3,23.3,1,"B,X",2012-12-12 00:00:00
广东,粤东,汕头,潮南区,胪岗镇,G1374,潮南区胪岗镇水利所,116.6,23.3,1,B,2009-11-23 00:00:00
广东,粤东,汕头,潮南区,井都镇,G1375,潮南区井都镇政府,116.6,23.3,1,"B,C,X",2008-12-31 00:00:00
广东,粤东,汕头,潮南区,陈店镇,G1376,潮南区陈店镇水利所电排,116.4,23.3,1,"B,X",2008-12-31 00:00:00
广东,粤东,汕头,潮南区,成田镇,G1377,潮南区成田镇家美乡基层社会组织联合会,116.4,23.3,1,"B,C,X",2008-12-31 00:00:00
广东,粤东,汕头,潮南区,仙城镇,G1378,潮南区仙城镇政府,116.3,23.3,1,"B,X",2008-12-31 00:00:00
广东,粤东,汕头,潮南区,红场镇,G1379,潮南区红场镇政府,116.3,23.1,1,"B,X",2008-12-31 00:00:00
广东,粤东,汕头,金平区,鮀江街道,G1382,金平鮀江国家气象观测站,116.6,23.5,1,"B,C",2008-09-30 00:00:00
广东,粤东,汕头,金平区,鮀江街道,G1383,汕头市金平区鮀江街道龙坑山,116.7,23.4,1,B,2017-12-06 00:00:00
广东,粤东,汕头,濠江区,礐石街道,G1385,濠江区礐石大桥,116.6,23.4,1,B,2020-11-08 00:00:00
广东,粤东,汕头,濠江区,礐石街道,G1386,濠江区礐石大桥交通气象观测站,116.6,23.3,1,"B,U",2022-01-12 00:00:00
广东,粤东,汕头,龙湖区,金霞街道,G1387,汕头华侨公园气象观测站1,116.8,23.3,1,B,2026-01-04 00:00:00
广东,粤东,汕头,龙湖区,金霞街道,G1388,汕头华侨公园气象观测站2,116.6,23.4,1,B,2026-01-04 00:00:00
广东,粤东,汕头,南澳县,云澳镇,G1398,南澳县南澎岛,117.2,23.3,0,"B,E",2017-03-28 00:00:00
广东,粤东,汕头,南澳县,深澳镇,G1399,便携移动气象站1,116.8,23.2,1,"B,z97",2014-05-26 00:00:00
广东,粤北,韶关,武江区,新华街道,G1401,武江新华利民社区国家气象观测站,113.6,24.9,1,"B,X",2003-02-28 00:00:00
广东,粤北,韶关,浈江区,新韶镇,G1402,浈江新韶韶关大学气象观测站,113.6,24.8,1,B,2003-03-01 00:00:00
广东,粤北,韶关,武江区,龙归镇,G1403,武江龙归龙安村国家气象观测站,113.5,24.7,1,B,2017-11-14 00:00:00
广东,粤北,韶关,武江区,重阳镇,G1404,武江重阳九联村国家气象观测站,113.4,25,1,B,2017-11-13 00:00:00
广东,粤北,韶关,浈江区,犁市镇,G1405,浈江犁市犁市村气象观测站,113.5,24.9,1,B,2018-10-03 00:00:00
广东,粤北,韶关,武江区,西河镇,G1406,武江西河芙蓉山气象观测站,113.6,24.9,1,B,2018-12-19 00:00:00
广东,粤北,韶关,南雄市,全安镇,G1407,韶赣上行K505应用气象观测站,114.3,25.2,1,"B,U",2013-02-05 00:00:00
广东,粤北,韶关,曲江区,乌石镇,G1409,曲江乌石韶关港坝厂气象观测站,113.7,24.5,1,B,2025-01-24 00:00:00
广东,粤北,韶关,乐昌市,云岩镇,G1410,京珠下行K1880应用气象观测站,113.2,25,1,"B,U",2012-01-19 00:00:00
广东,粤北,韶关,乐昌市,长来镇,G1411,乐广上行K58应用气象观测站,113.4,24.9,1,"B,U",2021-02-02 00:00:00
广东,粤北,韶关,乐昌市,大源镇,G1412,乐广下行K32应用气象观测站,113.1,25.2,1,"B,U",2021-02-04 00:00:00
广东,粤北,韶关,乐昌市,梅花镇,G1413,乐广下行K26应用气象观测站,113.2,25.1,1,"B,U",2021-05-14 00:00:00
广东,粤北,韶关,乳源瑶族自治县,大桥镇,G1414,京珠下行K1890应用气象观测站,113.1,24.9,1,"B,U",2021-05-14 00:00:00
广东,粤北,韶关,乳源瑶族自治县,大桥镇,G1415,京珠上行K1885应用气象观测站,113.1,25,1,"B,U",2021-05-14 00:00:00
广东,粤北,韶关,仁化县,红山镇,G1417,仁化红山新白村茶园气象观测站,113.6,25.3,1,B,2023-11-16 00:00:00
广东,粤北,韶关,仁化县,红山镇,G1418,仁化红山青迳村气象观测站,113.7,25.3,1,B,2023-11-16 00:00:00
广东,粤北,韶关,仁化县,长江镇,G1419,仁化长江里周村气象观测站,113.9,25.3,1,B,2023-11-16 00:00:00
广东,粤北,韶关,仁化县,黄坑镇,G1420,仁化黄坑气象观测站,113.8,25,1,B,2003-02-28 00:00:00
广东,粤北,韶关,新丰县,,G1421,新丰移动气象观测站,114.2,24.1,1,B,2023-03-30 00:00:00
广东,粤北,韶关,南雄市,雄州街道,G1422,南雄雄州莲塘村国家气象观测站,114.3,25.1,1,B,2014-01-25 00:00:00
广东,粤北,韶关,新丰县,梅坑镇,G1423,新丰梅坑南方试验场气象观测站,114.2,24,1,"B,Z",2024-12-26 00:00:00
广东,粤北,韶关,曲江区,小坑镇,G1424,曲江小坑水库气象观测站,113.8,24.8,1,B,2003-02-28 00:00:00
广东,粤北,韶关,浈江区,花坪镇,G1425,浈江花坪气象观测站,113.6,25,1,B,2004-06-30 00:00:00
广东,粤北,韶关,曲江区,罗坑镇,G1426,曲江罗坑国家气象观测站,113.3,24.6,1,"B,X",2003-02-28 00:00:00
广东,粤北,韶关,南雄市,主田镇,G1427,南雄主田樱花基地气象观测站,114.3,25.1,1,B,2004-01-31 00:00:00
广东,粤北,韶关,曲江区,沙溪镇,G1428,曲江沙溪气象观测站,113.7,24.5,1,"B,X",2003-12-31 00:00:00
广东,粤北,韶关,曲江区,白土镇,G1429,曲江白土横村气象观测站,113.4,24.7,1,B,2003-03-01 00:00:00
广东,粤北,韶关,南雄市,珠玑镇,G1430,南雄珠玑梅岭村气象观测站,114.3,25.3,1,B,2017-11-01 00:00:00
广东,粤北,韶关,南雄市,水口镇,G1431,南雄水口气象观测站,114.6,25.1,1,B,2004-08-31 00:00:00
广东,粤北,韶关,南雄市,南亩镇,G1432,南雄南亩中岭村气象观测站,114.6,25.1,1,B,2015-07-07 00:00:00
广东,粤北,韶关,南雄市,乌迳镇,G1433,南雄乌迳田心村气象观测站,114.5,25.2,1,B,2004-08-31 00:00:00
广东,粤北,韶关,南雄市,主田镇,G1434,南雄市主田镇政府,114.3,25.1,1,B,2004-08-31 00:00:00
广东,粤北,韶关,南雄市,帽子峰镇,G1435,南雄帽子峰林场气象观测站,114.1,25.4,1,B,2004-08-31 00:00:00
广东,粤北,韶关,仁化县,丹霞街道,G1437,仁化丹霞中心村气象观测站,113.7,25.2,1,B,2014-01-28 00:00:00
广东,粤北,韶关,仁化县,丹霞街道,G1439,仁化丹霞山风景区观日亭气象观测站,113.8,25,1,B,2018-04-16 00:00:00
广东,粤北,韶关,始兴县,隘子镇,G1440,始兴隘子满堂村气象观测站,114,24.6,1,B,2003-02-28 00:00:00
广东,粤北,韶关,始兴县,澄江镇,G1441,始兴澄江气象观测站,114.3,24.9,1,B,2003-12-01 00:00:00
广东,粤北,韶关,仁化县,丹霞街道,G1442,仁化丹霞夏富村气象观测站,113.8,25,1,B,2017-12-29 00:00:00
广东,粤北,韶关,始兴县,马市镇,G1443,始兴马市陂田村气象观测站,114.2,25,1,B,2003-02-28 00:00:00
广东,粤北,韶关,始兴县,罗坝镇,G1444,始兴罗坝车八岭自然保护区气象观测站,114.3,24.8,1,B,2003-02-28 00:00:00
广东,粤北,韶关,仁化县,董塘镇,G1445,仁化丹霞山风景区巴寨气象观测站,113.7,25.1,1,B,2018-02-09 00:00:00
广东,粤北,韶关,仁化县,红山镇,G1446,仁化红山小楣水村气象观测站,113.6,25.2,1,B,2023-11-16 00:00:00
广东,粤北,韶关,仁化县,红山镇,G1448,仁化红山烟竹村茶园气象观测站,113.5,25.1,1,B,2023-11-16 00:00:00
广东,粤北,韶关,仁化县,红山镇,G1449,仁化红山前洞村气象观测站,113.6,25.2,1,B,2003-03-01 00:00:00
广东,粤北,韶关,始兴县,顿岗镇,G1450,始兴澄江善亨村气象观测站,114.3,25,1,B,2018-10-06 00:00:00
广东,粤北,韶关,始兴县,沈所镇,G1451,始兴沈所围溪村气象观测站,114.1,24.9,1,B,2018-10-06 00:00:00
广东,粤北,韶关,仁化县,红山镇,G1452,仁化红山气象观测站,113.5,25.3,1,B,2005-06-30 00:00:00
广东,粤北,韶关,仁化县,长江镇,G1453,仁化长江气象观测站,113.8,25.4,1,B,2003-03-01 00:00:00
广东,粤北,韶关,乐昌市,乐城街道,G1454,乐昌乐城古佛岩气象观测站,113.3,25.1,1,B,2003-03-01 00:00:00
广东,粤北,韶关,仁化县,董塘镇,G1455,仁化董塘国家气象观测站,113.7,25.1,1,"B,X",2003-03-01 00:00:00
广东,粤北,韶关,乐昌市,北乡镇,G1456,乐昌北乡新村气象观测站,113.4,25.1,1,B,2017-12-02 00:00:00
广东,粤北,韶关,乐昌市,梅花镇,G1458,乐昌梅花梅花村气象观测站,113.1,25.2,1,B,2018-10-21 00:00:00
广东,粤北,韶关,仁化县,红山镇,G1459,仁化红山中山村气象观测站,113.5,25.2,1,B,2003-03-01 00:00:00
广东,粤北,韶关,乳源瑶族自治县,大布镇,G1460,乳源大布气象观测站,113.2,24.6,1,B,2003-02-28 00:00:00
广东,粤北,韶关,乐昌市,廊田镇,G1461,乐昌廊田龙山林场气象观测站,113.4,25.1,1,B,2018-11-15 00:00:00
广东,粤北,韶关,乳源瑶族自治县,大桥镇,G1462,乳源大桥国家气象观测站,113.1,25,1,"B,D,X",2003-02-28 00:00:00
广东,粤北,韶关,乳源瑶族自治县,桂头镇,G1463,乳源桂头气象观测站,113.4,25,1,B,2004-09-30 00:00:00
广东,粤北,韶关,乳源瑶族自治县,东坪镇,G1464,乳源东坪梯下村气象观测站,113.2,24.8,1,B,2018-12-10 00:00:00
广东,粤北,韶关,仁化县,红山镇,G1465,仁化红山新山村气象观测站,113.6,25.3,1,B,2023-11-16 00:00:00
广东,粤北,韶关,乳源瑶族自治县,大布镇,G1466,乳源大布大峡谷风景区国家气象观测站,113,24.6,1,B,2018-03-31 00:00:00
广东,粤北,韶关,始兴县,司前镇,G1467,始兴司前河口村气象观测站,114.1,24.8,1,B,2023-06-16 00:00:00
广东,粤北,韶关,始兴县,司前镇,G1468,始兴司前月武村气象观测站,114,24.7,1,B,2023-06-16 00:00:00
广东,粤北,韶关,始兴县,司前镇,G1469,始兴司前刘屋村气象观测站,114,24.7,1,B,2003-03-01 00:00:00
广东,粤北,韶关,乐昌市,坪石镇,G1470,乐昌坪石气象观测站,113,25.3,1,"B,X",2003-03-31 00:00:00
广东,粤北,韶关,乐昌市,白石镇,G1471,乐昌白石气象观测站,113.2,25.5,1,B,2003-03-31 00:00:00
广东,粤北,韶关,乐昌市,两江镇,G1472,乐昌两江狮子山气象观测站,113.1,25.4,1,B,2006-10-01 00:00:00
广东,粤北,韶关,新丰县,黄磜镇,G1473,新丰黄磜岭南红叶世界气象观测站,114.2,24.2,1,B,2020-04-11 00:00:00
广东,粤北,韶关,乐昌市,五山镇,G1474,乐昌东洛水库气象观测站,113.5,25.3,1,B,2003-12-01 00:00:00
广东,粤北,韶关,新丰县,马头镇,G1475,新丰马头湾田村气象观测站,114.3,24.1,1,B,2018-10-26 00:00:00
广东,粤北,韶关,新丰县,丰城街道,G1476,新丰丰城朱峒村气象观测站,114.2,24,1,B,2018-10-26 00:00:00
广东,粤北,韶关,新丰县,沙田镇,G1478,新丰沙田天中村气象观测站,113.9,24,1,B,2018-05-16 00:00:00
广东,粤北,韶关,新丰县,黄礤镇,G1481,新丰黄磜气象观测站,114.1,24.2,1,B,2003-01-01 00:00:00
广东,粤北,韶关,新丰县,回龙镇,G1482,新丰回龙来石村气象观测站,113.9,24.2,1,B,2003-12-01 00:00:00
广东,粤北,韶关,新丰县,遥田镇,G1483,新丰遥田国家气象观测站,113.9,24,1,B,2003-01-01 00:00:00
广东,粤北,韶关,翁源县,江尾镇,G1484,翁源江尾蓝坑村气象观测站,114.1,24.4,1,B,2018-01-17 00:00:00
广东,粤北,韶关,翁源县,龙仙镇,G1485,翁源龙仙新岭村三华李种植园气象观测站,114,24.2,1,B,2017-12-26 00:00:00
广东,粤北,韶关,翁源县,龙仙镇,G1486,翁源龙仙水口村气象观测站,114.2,24.4,1,B,2017-12-29 00:00:00
广东,粤北,韶关,翁源县,龙仙镇,G1488,翁源龙仙青山村青云山自然保护区气象观测站,114.2,24.2,1,B,2015-12-26 00:00:00
广东,粤北,韶关,始兴县,司前镇,G1489,始兴司前江草村气象观测站,114.2,24.6,1,B,2003-01-01 00:00:00
广东,粤北,韶关,翁源县,龙仙镇,G1490,翁源龙仙中心村气象观测站,114.2,24.4,1,B,2003-02-28 00:00:00
广东,粤北,韶关,曲江区,沙溪镇,G1491,曲江沙溪中心村气象观测站,113.6,24.7,1,B,2018-10-14 00:00:00
广东,粤北,韶关,曲江区,沙溪镇,G1492,曲江沙溪大宝山矿气象观测站,113.8,24.6,1,B,2018-10-25 00:00:00
广东,粤北,韶关,翁源县,新江镇,G1493,翁源新江民光村中心小学气象观测站,113.9,24.5,1,B,2003-02-28 00:00:00
广东,粤北,韶关,翁源县,坝仔镇,G1494,翁源坝仔岩庄村气象观测站,114.2,24.5,1,B,2003-02-28 00:00:00
广东,粤北,韶关,翁源县,周陂镇,G1495,翁源周陂国家气象观测站,114.1,24.2,1,"B,X",2004-09-30 00:00:00
广东,粤北,韶关,仁化县,黄坑镇,G1496,仁化黄坑古竹村气象观测站,114,25.1,1,B,2023-04-20 00:00:00
广东,粤北,韶关,翁源县,龙仙镇,G1499,翁源龙仙罗坑水村气象观测站,114.1,24.3,1,B,2003-02-28 00:00:00
广东,粤北,河源,源城区,埔前镇,G1501,河源市区埔前镇埔前一中,114.7,23.5,1,"B,X",2008-12-31 00:00:00
广东,粤北,河源,东源县,仙塘镇,G1502,东源县仙塘镇河源中学实验学校,114.8,23.7,1,B,2008-12-31 00:00:00
广东,粤北,河源,东源县,义合镇,G1503,东源县义合镇镇政府,114.9,23.9,1,B,2008-12-31 00:00:00
广东,粤北,河源,东源县,黄田镇,G1504,东源县黄田镇镇政府,115,23.8,1,"B,X",2008-12-31 00:00:00
广东,粤北,河源,东源县,康禾镇,G1505,东源县康禾镇镇政府,115.1,23.8,1,B,2009-03-31 00:00:00
广东,粤北,河源,东源县,新丰江林场,G1506,东源县新港镇新港海事局,114.6,23.7,1,"B,X",2008-01-01 00:00:00
广东,粤北,河源,源城区,埔前镇,G1507,河源市区高新区实验学校,114.7,23.6,1,B,2008-01-01 00:00:00
广东,粤北,河源,源城区,新江街道,G1508,源城区源城区大桥路一号,114.7,23.7,1,"B,Q,X",2006-11-30 00:00:00
广东,粤北,河源,源城区,东埔街道,G1509,河源市商务小区气象站,114.7,23.8,1,"B,X",2005-11-30 00:00:00
广东,粤北,河源,东源县,叶潭镇,G1510,东源县叶潭镇镇政府,115.2,23.8,1,B,2008-12-31 00:00:00
广东,粤北,河源,东源县,柳城镇,G1511,东源县柳城镇镇政府,115,24.1,1,B,2008-12-31 00:00:00
广东,粤北,河源,东源县,骆湖镇,G1512,东源县骆湖镇镇政府,114.9,24.1,1,B,2008-12-31 00:00:00
广东,粤北,河源,东源县,漳溪畲族乡,G1513,东源县漳溪乡政府,114.9,24,1,B,2009-11-20 00:00:00
广东,粤北,河源,东源县,上莞镇,G1514,东源县上莞镇镇政府,114.9,24.1,1,B,2009-11-11 00:00:00
广东,粤北,河源,东源县,顺天镇,G1515,东源县顺天镇镇政府,114.7,24.2,1,"B,X",2009-11-11 00:00:00
广东,粤北,河源,东源县,双江镇,G1516,东源县双江镇镇政府,114.7,23.9,1,B,2009-11-20 00:00:00
广东,粤北,河源,东源县,锡场镇,G1517,东源县锡场镇镇政府,114.4,23.9,1,B,2009-11-24 00:00:00
广东,粤北,河源,东源县,涧头镇,G1518,东源县涧头镇镇政府,114.7,24.1,1,B,2009-11-11 00:00:00
广东,粤北,河源,东源县,锡场镇,G1519,东源县锡场镇林石村气象观测站,114.5,24,1,B,2009-04-30 00:00:00
广东,粤北,河源,东源县,船塘镇,G1520,东源县船塘镇农技站,114.9,24.2,1,B,2005-11-30 00:00:00
广东,粤北,河源,东源县,灯塔镇,G1521,东源县灯塔镇农科所,114.7,24.1,1,"B,X",2005-11-30 00:00:00
广东,粤北,河源,东源县,曾田镇,G1522,东源县曾田镇中学,114.9,24,1,"B,X",2005-11-30 00:00:00
广东,粤北,河源,东源县,新回龙镇,G1523,东源县新回龙镇镇政府,114.5,23.7,1,"B,X",2005-11-30 00:00:00
广东,粤北,河源,东源县,蓝口镇,G1524,东源县蓝口镇中学,115.1,24.1,1,"B,X",2005-11-30 00:00:00
广东,粤北,河源,东源县,黄村镇,G1525,东源县黄村镇文化站,115.1,23.8,1,"B,X",2005-11-30 00:00:00
广东,粤北,河源,东源县,仙塘镇,G1526,东源县气象局,114.8,23.8,1,B,2024-06-03 00:00:00
广东,粤北,河源,东源县,仙塘镇,G1527,东源县仙塘镇县水利局,114.7,23.9,1,B,2005-11-30 00:00:00
广东,粤北,河源,东源县,半江镇,G1528,东源县半江镇镇政府,114.6,23.9,1,B,2005-11-30 00:00:00
广东,粤北,河源,龙川县,贝岭镇,G1530,龙川县贝岭镇镇政府,115.3,24.6,1,B,2008-01-01 00:00:00
广东,粤北,河源,龙川县,黄石镇,G1531,龙川县黄石镇镇政府,115.3,24.4,1,B,2008-01-01 00:00:00
广东,粤北,河源,龙川县,铁场镇,G1532,龙川县铁场镇镇政府,115.5,24.3,1,B,2008-01-01 00:00:00
广东,粤北,河源,龙川县,新田镇,G1533,龙川县新田镇镇政府,115.5,24.4,1,B,2008-01-01 00:00:00
广东,粤北,河源,龙川县,田心镇,G1534,龙川县田心镇镇政府,115.4,24.2,1,B,2008-12-31 00:00:00
广东,粤北,河源,龙川县,丰稔镇,G1535,龙川县丰稔镇镇政府,115.2,24.2,1,B,2008-12-31 00:00:00
广东,粤北,河源,龙川县,义都镇,G1536,龙川县义都镇镇政府,115.2,24.2,1,B,2008-12-31 00:00:00
广东,粤北,河源,龙川县,鹤市镇,G1537,龙川县鹤市镇镇政府,115.4,24,1,B,2008-12-31 00:00:00
广东,粤北,河源,龙川县,细坳镇,G1538,龙川县细坳镇镇政府,115.2,24.6,1,"B,X",2008-12-31 00:00:00
广东,粤北,河源,连平县,隆街镇,G1540,连平县隆街镇第二中学,114.4,24.3,1,"B,X",2006-11-30 00:00:00
广东,粤北,河源,连平县,忠信镇,G1541,连平县忠信镇镇政府,114.8,24.3,1,B,2008-01-03 00:00:00
广东,粤北,河源,连平县,陂头镇,G1542,连平县陂头镇镇政府,114.3,24.4,1,"B,X",2006-11-30 00:00:00
广东,粤北,河源,连平县,高莞镇,G1543,连平县高莞镇镇政府,114.8,24.3,1,B,2008-12-31 00:00:00
广东,粤北,河源,连平县,上坪镇,G1544,连平县上坪镇中心小学,114.5,24.5,1,"B,X",2006-11-30 00:00:00
广东,粤北,河源,连平县,大湖镇,G1545,连平县大湖镇中心小学,114.9,24.2,1,"B,X",2006-11-30 00:00:00
广东,粤北,河源,连平县,内莞镇,G1546,连平县内莞镇镇政府,114.5,24.4,1,B,2008-12-31 00:00:00
广东,粤北,河源,连平县,绣缎镇,G1547,连平县绣缎镇镇政府,114.8,24.3,1,B,2008-12-31 00:00:00
广东,粤北,河源,连平县,油溪镇,G1548,连平县油溪镇镇政府,114.7,24.2,1,"B,X",2008-12-31 00:00:00
广东,粤北,河源,和平县,上陵镇,G1550,和平县上陵镇上陵中学,115,24.6,1,"B,X",2006-11-30 00:00:00
广东,粤北,河源,和平县,优胜镇,G1551,和平县优胜镇镇政府,115.1,24.5,1,B,2008-10-01 00:00:00
广东,粤北,河源,和平县,彭寨镇,G1552,和平县彭寨镇四联中学,115.1,24.3,1,"B,X",2006-11-30 00:00:00
广东,粤北,河源,和平县,东水镇,G1553,和平县东水镇邮政所,115.1,24.3,1,"B,X",2006-11-30 00:00:00
广东,粤北,河源,和平县,青州镇,G1554,和平县青州镇镇中学,114.8,24.3,1,"B,X",2006-11-30 00:00:00
广东,粤北,河源,和平县,贝墩镇,G1555,和平县贝墩镇贝墎中学,115.2,24.4,1,"B,X",2006-11-30 00:00:00
广东,粤北,河源,和平县,公白镇,G1556,和平县公白镇镇政府,114.9,24.2,1,"B,X",2008-10-01 00:00:00
广东,粤北,河源,和平县,浰源镇,G1557,和平县浰源镇镇政府,114.8,24.5,1,"B,X",2008-10-01 00:00:00
广东,粤北,河源,和平县,长塘镇,G1558,和平县长塘镇镇政府,115.2,24.6,1,B,2008-11-01 00:00:00
广东,粤北,河源,和平县,阳明镇,G1559,和平县阳明镇城西村气象观测站,114.9,24.4,1,B,2009-04-30 00:00:00
广东,粤北,河源,龙川县,上坪镇,G1560,龙川县上坪镇,115.5,24.8,1,"B,X",2004-08-31 00:00:00
广东,粤北,河源,龙川县,赤光镇,G1561,龙川县赤光镇镇政府,115.4,24.4,1,"B,X",2004-08-31 00:00:00
广东,粤北,河源,龙川县,回龙镇,G1562,龙川县回龙镇镇政府,115.5,24.4,1,"B,X",2004-12-27 00:00:00
广东,粤北,河源,龙川县,龙母镇,G1563,龙川县龙母镇镇政府,115.5,24.2,1,"B,X",2004-08-31 00:00:00
广东,粤北,河源,龙川县,佗城镇,G1564,龙川县佗城镇镇政府,115.2,24,1,"B,X",2004-08-31 00:00:00
广东,粤北,河源,龙川县,紫市镇,G1565,龙川县紫市镇镇政府,115.3,24,1,"B,X",2004-08-31 00:00:00
广东,粤北,河源,龙川县,麻布岗镇,G1566,龙川县麻布岗镇政府,115.3,24.6,1,"B,X",2004-08-31 00:00:00
广东,粤北,河源,龙川县,车田镇,G1567,龙川县车田镇镇政府,115.3,24.4,1,B,2008-12-31 00:00:00
广东,粤北,河源,龙川县,登云镇,G1568,龙川县登云镇镇政府,115.3,24.1,1,B,2008-12-31 00:00:00
广东,粤北,河源,紫金县,龙窝镇,G1569,紫金县龙窝镇琴口村区域自动站,115.4,23.5,1,B,2009-04-30 00:00:00
广东,粤北,河源,紫金县,紫城镇,G1570,紫金中学,115.2,23.6,1,B,2003-01-01 00:00:00
广东,粤北,河源,紫金县,柏埔镇,G1571,紫金县柏埔镇府,114.9,23.6,1,"B,X",2003-03-01 00:00:00
广东,粤北,河源,紫金县,古竹镇,G1572,江东新区古竹镇古竹中学,114.6,23.5,1,"B,X",2003-01-01 00:00:00
广东,粤北,河源,紫金县,蓝塘镇,G1573,紫金蓝塘第二人民医院国家气象观测站,114.8,23.4,1,"B,X",2003-03-01 00:00:00
广东,粤北,河源,紫金县,龙窝镇,G1574,龙窝镇府,115.3,23.5,1,"B,X",2004-04-30 00:00:00
广东,粤北,河源,紫金县,南岭镇,G1575,南岭敬老院,115.5,23.4,1,"B,X",2004-04-30 00:00:00
广东,粤北,河源,紫金县,黄塘镇,G1576,黄塘镇府,114.9,23.7,1,B,2003-03-01 00:00:00
广东,粤北,河源,紫金县,敬梓镇,G1577,敬梓镇府,115.3,23.6,1,"B,X",2008-10-01 00:00:00
广东,粤北,河源,紫金县,九和镇,G1578,九和镇府,115,23.5,1,B,2009-02-01 00:00:00
广东,粤北,河源,紫金县,临江镇,G1580,江东新区临江镇镇政府,114.7,23.6,1,"B,g",2009-02-01 00:00:00
广东,粤北,河源,紫金县,瓦溪镇,G1581,瓦溪镇府,115.1,23.5,1,"B,X",2009-02-01 00:00:00
广东,粤北,河源,紫金县,义容镇,G1582,义容镇府,114.8,23.6,1,B,2008-10-01 00:00:00
广东,粤北,河源,紫金县,中坝镇,G1583,中坝镇府,115.3,23.8,1,B,2008-10-01 00:00:00
广东,粤北,河源,紫金县,水墩镇,G1584,水墩镇府,115.4,23.6,1,B,2009-12-14 00:00:00
广东,粤北,河源,紫金县,苏区镇,G1585,苏区镇府,115.3,23.3,1,B,2009-12-16 00:00:00
广东,粤北,河源,紫金县,好义镇,G1586,好义镇府,114.7,23.3,1,"B,X",2009-12-15 00:00:00
广东,粤北,河源,紫金县,上义镇,G1587,上义镇府,114.8,23.2,1,"B,X",2009-12-15 00:00:00
广东,粤北,河源,紫金县,凤安镇,G1588,凤安镇府,114.8,23.4,1,B,2009-12-16 00:00:00
广东,粤北,河源,紫金县,紫城镇,G1589,紫金紫城镇教场村,115.2,23.6,1,B,2022-03-16 00:00:00
广东,粤北,河源,和平县,下车镇,G1590,和平县下车镇镇政府,115.1,24.7,1,B,2008-11-01 00:00:00
广东,粤北,河源,紫金县,好义镇,G1591,紫金好义交通站,114.8,23.4,1,B,2022-03-14 00:00:00
广东,粤北,河源,紫金县,蓝塘镇,G1592,河源市紫金县蓝塘镇大村村区域自动站,115,23.4,1,B,2025-03-05 00:00:00
广东,粤北,河源,紫金县,苏区镇,G1593,河源市紫金县苏区镇永光村自动气象站,115.3,23.4,1,B,2025-03-05 00:00:00
广东,粤北,河源,紫金县,九和镇,G1594,河源市紫金县九和镇黄砂村区域自动站,115,23.4,1,B,2025-03-05 00:00:00
广东,粤北,河源,紫金县,义容镇,G1595,河源市紫金县义容镇汀村自动气象站,114.9,23.5,1,B,2025-03-05 00:00:00
广东,粤北,河源,紫金县,蓝塘镇,G1596,河源市紫金县蓝塘镇塘田村自动气象站,115,23.4,1,B,2025-03-05 00:00:00
广东,粤北,河源,紫金县,紫城镇,G1597,河源市紫金县紫城镇衙前村区域自动站,115,23.5,1,B,2025-03-05 00:00:00
广东,粤北,河源,紫金县,凤安镇,G1598,河源市紫金县凤安镇回龙村自动气象站,114.9,23.3,1,B,2025-03-05 00:00:00
广东,粤北,梅州,梅江区,金山街道,G1600,梅江区金山街道办梅松路气象观测站,116.2,24.3,1,"B,X",2008-11-30 00:00:00
广东,粤北,梅州,梅江区,三角镇,G1601,梅江区江南街道办丽都路气象观测站,116,24.2,1,"B,Q,X",2000-04-01 00:00:00
广东,粤北,梅州,梅江区,城北镇,G1602,梅江区城北镇五里亭气象观测站,116.2,24.2,1,"B,X",2000-04-01 00:00:00
广东,粤北,梅州,梅江区,三角镇,G1603,梅江区三角镇泮坑村气象观测站,116.1,24.2,1,"B,X",2000-04-01 00:00:00
广东,粤北,梅州,梅县区,南口镇,G1604,南口镇气象局雷达站气象观测站,115.9,24.2,1,B,2005-02-28 00:00:00
广东,粤北,梅州,梅江区,长沙镇,G1605,梅江区长沙镇长沙村气象观测站,116.1,24.3,1,"B,X",2007-12-31 00:00:00
广东,粤北,梅州,梅江区,西阳镇,G1606,梅江区西阳镇新田村气象观测站,116.2,24.2,1,B,2010-07-06 00:00:00
广东,粤北,梅州,梅江区,三角镇,G1607,梅江区三角镇客天下旅游产业园气象观测站,116.1,24.3,1,B,2013-03-30 00:00:00
广东,粤北,梅州,梅江区,长沙镇,G1608,长沙镇上罗村气象观测站,116,24.1,1,B,2013-03-26 00:00:00
广东,粤北,梅州,五华县,转水镇,G1609,五华县转水镇政府气象观测站,115.6,24,1,"B,X",2009-04-30 00:00:00
广东,粤北,梅州,五华县,双华镇,G1610,五华县双华镇政府气象观测站,115.9,23.8,1,"B,X",2007-12-31 00:00:00
广东,粤北,梅州,五华县,岐岭镇,G1611,五华县岐岭镇政府气象观测站,115.4,24,1,"B,X",2007-12-31 00:00:00
广东,粤北,梅州,五华县,河东镇,G1612,五华县河东镇桂田水库气象观测站,115.9,23.9,1,"B,X",2007-12-31 00:00:00
广东,粤北,梅州,五华县,周江镇,G1613,五华县周江镇政府气象观测站,115.6,23.7,1,"B,X",2009-04-30 00:00:00
广东,粤北,梅州,五华县,梅林镇,G1614,五华县梅林镇政府国家气象观测站,115.5,23.6,1,"B,X",2009-04-30 00:00:00
广东,粤北,梅州,五华县,横陂镇,G1615,五华县横陂镇锡坑水库气象观测站,115.7,23.8,1,"B,X",2009-04-30 00:00:00
广东,粤北,梅州,梅县区,雁洋镇,G1617,梅县雁洋镇阴那山阴那山2(900m)气象观测站,116.4,24.4,1,"B,D",2009-05-22 00:00:00
广东,粤北,梅州,梅县区,雁洋镇,G1618,梅州阴那山3（660M）国家气象观测站,116.5,24.4,1,"B,D,X",2009-05-22 00:00:00
广东,粤北,梅州,梅县区,雁洋镇,G1619,梅县雁洋镇阴那山（500M）气象观测站,116.4,24.4,1,"B,D,X",2009-05-06 00:00:00
广东,粤北,梅州,梅县区,雁洋镇,G1620,梅县雁洋镇雁南飞茶田气象观测站,116.3,24.4,1,"B,D,X",2003-12-31 00:00:00
广东,粤北,梅州,梅县区,雁洋镇,G1622,梅县区雁洋镇气象观测站,116.4,24.5,1,"B,p,r",2003-12-31 00:00:00
广东,粤北,梅州,梅县区,南口镇,G1623,梅县区南口镇气象观测站,116,24.2,1,"B,X",2009-04-30 00:00:00
广东,粤北,梅州,梅县区,松口镇,G1624,梅县区松口镇气象观测站,116.3,24.6,1,"B,X",2003-12-31 00:00:00
广东,粤北,梅州,梅县区,水车镇,G1625,梅县区水车镇气象观测站,115.9,24.1,1,"B,X",2003-12-31 00:00:00
广东,粤北,梅州,梅县区,大坪镇,G1626,梅县区大坪镇气象观测站,115.9,24.4,1,"B,X",2003-12-31 00:00:00
广东,粤北,梅州,梅县区,梅南镇,G1627,梅县区梅南镇气象观测站,116.1,24.1,1,"B,X",2009-04-30 00:00:00
广东,粤北,梅州,梅县区,雁洋镇,G1628,梅县雁洋镇阴那山1153气象观测站,116.5,24.4,1,"B,D",2003-12-31 00:00:00
广东,粤北,梅州,梅县区,程江镇,G1629,梅县区程江镇新县城气象观测站,116,24.3,1,"B,p",2003-12-31 00:00:00
广东,粤北,梅州,兴宁市,合水镇,G1630,兴宁市合水镇合水水库气象观测站,115.7,24.3,1,"B,X",2007-12-31 00:00:00
广东,粤北,梅州,兴宁市,径南镇,G1631,兴宁市径南镇气象观测站,115.9,24.1,1,"B,X",2007-12-31 00:00:00
广东,粤北,梅州,兴宁市,水口镇,G1632,兴宁市水口镇府前街气象观测站,115.9,24.1,1,B,2007-12-31 00:00:00
广东,粤北,梅州,兴宁市,兴田街道,G1633,兴宁市兴田街道气象观测站,115.8,24.2,1,"B,X",2007-12-31 00:00:00
广东,粤北,梅州,兴宁市,福兴街道,G1634,兴宁市福兴街道神光山气象观测站,115.7,24,1,"B,X",2008-09-01 00:00:00
广东,粤北,梅州,兴宁市,龙田镇,G1635,兴宁市龙田镇石壁村气象观测站,115.8,24.2,1,"B,X",2004-01-03 00:00:00
广东,粤北,梅州,兴宁市,宁中镇,G1636,兴宁市宁中镇和山村气象观测站,115.7,24.2,1,B,2004-03-31 00:00:00
广东,粤北,梅州,兴宁市,黄陂镇,G1637,兴宁市黄陂镇简头岭气象观测站,115.7,24.5,1,B,2004-04-15 00:00:00
广东,粤北,梅州,兴宁市,坭陂镇,G1638,兴宁市坭陂镇宫前街气象观测站,115.8,24.1,1,"B,X",2004-01-03 00:00:00
广东,粤北,梅州,五华县,转水镇,G1640,五华县转水镇益塘水库气象观测站,115.7,24,1,"B,X",2003-07-31 00:00:00
广东,粤北,梅州,五华县,郭田镇,G1641,五华县郭田镇三渡水水库气象观测站,116,23.8,1,"B,X",2003-07-31 00:00:00
广东,粤北,梅州,五华县,龙村镇,G1642,五华县龙村镇睦贤水库气象观测站,115.5,23.5,1,B,2003-07-31 00:00:00
广东,粤北,梅州,五华县,长布镇,G1643,五华县长布镇风门坳水库气象观测站,115.4,23.7,1,"B,X",2003-07-31 00:00:00
广东,粤北,梅州,五华县,水寨镇,G1644,五华县水寨镇东方街气象观测站,115.7,23.9,1,"B,X",2012-05-01 00:00:00
广东,粤北,梅州,五华县,华城镇,G1645,五华县华城镇政府气象观测站,115.6,24.1,1,"B,X",2003-07-31 00:00:00
广东,粤北,梅州,五华县,安流镇,G1646,五华县安流镇政府气象观测站,115.6,23.6,1,B,2003-07-31 00:00:00
广东,粤北,梅州,五华县,华阳镇,G1647,五华县华阳镇政府气象观测站,115.4,23.6,1,"B,X",2007-12-31 00:00:00
广东,粤北,梅州,五华县,棉洋镇,G1648,五华县棉洋镇政府气象观测站,115.7,23.7,1,"B,X",2007-12-31 00:00:00
广东,粤北,梅州,五华县,水寨镇,G1649,五华县水寨气象观测站,115.7,23.9,1,"B,p",2005-03-01 00:00:00
广东,粤北,梅州,大埔县,大东镇,G1650,大埔县大东镇福光村国家气象观测站,116.9,24.3,1,"B,X",2004-01-31 00:00:00
广东,粤北,梅州,大埔县,三河镇,G1651,大埔县三河镇汇城村,116.5,24.4,1,"B,X",2008-12-01 00:00:00
广东,粤北,梅州,大埔县,光德镇,G1652,大埔县光德镇富岭村气象观测站,116.8,24.1,1,"B,X",2008-09-30 00:00:00
广东,粤北,梅州,大埔县,高陂镇,G1653,大埔县高陂镇水利枢纽工程气象观测站,116.7,24.2,1,"B,X",2003-12-31 00:00:00
广东,粤北,梅州,大埔县,茶阳镇,G1654,大埔县茶阳镇金山路,116.7,24.5,1,"B,X",2003-12-31 00:00:00
广东,粤北,梅州,大埔县,银江镇,G1655,大埔县银江镇冷水坑村气象观测站,116.5,24.3,1,"B,X",2007-12-31 00:00:00
广东,粤北,梅州,大埔县,茶阳镇,G1656,大埔县茶阳镇七里溪村,116.9,24.7,1,"B,X",2007-12-31 00:00:00
广东,粤北,梅州,大埔县,桃源镇,G1657,大埔县桃源镇桃星村气象观测站,116.7,24,1,"B,X",2007-12-31 00:00:00
广东,粤北,梅州,大埔县,西河镇,G1658,大埔县西河镇下黄砂村气象观测站,116.7,24.6,1,"B,X",2007-12-31 00:00:00
广东,粤北,梅州,丰顺县,建桥镇,G1660,丰顺县建桥镇建桥村,116.2,24,1,"B,X",2003-12-31 00:00:00
广东,粤北,梅州,丰顺县,八乡山镇,G1661,丰顺县八乡镇戏潭村,115.9,23.7,1,"B,X",2003-12-31 00:00:00
广东,粤北,梅州,丰顺县,潘田镇,G1662,丰顺县潘田镇政府气象观测站,116.3,23.9,1,"B,X",2003-12-31 00:00:00
广东,粤北,梅州,丰顺县,埔寨镇,G1663,丰顺县埔寨镇埔北村,116.2,23.7,1,"B,X",2003-12-31 00:00:00
广东,粤北,梅州,丰顺县,丰良镇,G1664,丰顺县丰良镇政府气象观测站,116.2,23.9,1,"B,X",2007-12-31 00:00:00
广东,粤北,梅州,丰顺县,潭江镇,G1665,丰顺县潭江镇桥头街,116.5,24.1,1,"B,X",2006-11-30 00:00:00
广东,粤北,梅州,丰顺县,黄金镇,G1666,丰顺县黄金镇建新街,116.3,24,1,"B,X",2007-12-31 00:00:00
广东,粤北,梅州,丰顺县,留隍镇,G1667,丰顺县留隍镇新兴路,116.5,23.9,1,"B,X",2007-12-31 00:00:00
广东,粤北,梅州,丰顺县,小胜镇,G1668,丰顺县小胜镇政府气象观测站,116.5,24.1,1,"B,X",2007-12-31 00:00:00
广东,粤北,梅州,蕉岭县,南磜镇,G1670,蕉岭县南磜镇石寨村站,116.3,24.8,1,B,2003-12-31 00:00:00
广东,粤北,梅州,蕉岭县,新铺镇,G1671,蕉岭县新铺镇政府气象观测站,116.2,24.5,1,"B,X",2003-01-01 00:00:00
广东,粤北,梅州,蕉岭县,长潭镇,G1672,长潭水库,116.2,24.7,1,"B,X",2003-12-31 00:00:00
广东,粤北,梅州,蕉岭县,蓝坊镇,G1673,蕉岭县蓝坊镇政府气象观测站,116.2,24.6,1,"B,X",2012-12-03 00:00:00
广东,粤北,梅州,蕉岭县,广福镇,G1674,蕉岭县广福镇政府,116.3,24.8,1,"B,X",2007-12-31 00:00:00
广东,粤北,梅州,蕉岭县,文福镇,G1675,蕉岭县文福镇政府气象观测站,116.2,24.7,1,"B,X",2007-12-31 00:00:00
广东,粤北,梅州,蕉岭县,三圳镇,G1676,蕉岭县三圳镇政府气象观测站,116.2,24.7,1,"B,X",2007-12-31 00:00:00
广东,粤北,梅州,蕉岭县,南礤镇,G1677,蕉岭县南礤镇政府,116.3,24.7,1,"B,X",2007-12-31 00:00:00
广东,粤北,梅州,蕉岭县,蕉城镇,G1678,蕉岭县气象局,116.2,24.7,1,"B,p",2009-04-01 00:00:00
广东,粤北,梅州,平远县,河头镇,G1680,平远县河头镇黄田村黄田水库,115.9,24.6,1,"B,X",2003-12-31 00:00:00
广东,粤北,梅州,平远县,长田镇,G1681,平远县长田镇官仁村长田镇曼佗山庄,115.9,24.5,1,"B,X",2008-09-01 00:00:00
广东,粤北,梅州,平远县,中行镇,G1682,平远县中行镇矮地村中行横水水库,115.8,24.8,1,"B,X",2003-12-31 00:00:00
广东,粤北,梅州,平远县,石正镇,G1683,平远县石正镇安仁村富石水库,115.8,24.6,1,B,2007-12-31 00:00:00
广东,粤北,梅州,平远县,八尺镇,G1684,平远县八尺镇八尺村,115.7,24.7,1,"B,X",2007-12-31 00:00:00
广东,粤北,梅州,平远县,东石镇,G1685,平远县东石镇东石村,116,24.7,1,"B,X",2007-12-31 00:00:00
广东,粤北,梅州,平远县,热柘镇,G1686,平远县热柘镇热柘村热柘镇政府,116.1,24.5,1,"B,X",2008-09-01 00:00:00
广东,粤北,梅州,平远县,差干镇,G1687,平远县差干镇加丰村差干镇政府,115.9,24.9,1,"B,X",2008-09-01 00:00:00
广东,粤北,梅州,平远县,泗水镇,G1688,平远县泗水镇泗水村泗水镇政府,116.1,24.7,1,"B,X",2009-03-31 00:00:00
广东,粤北,梅州,梅江区,城北镇,G1690,梅江区城北镇干才水库气象观测站,116,24.4,1,B,2013-06-24 00:00:00
广东,粤北,梅州,蕉岭县,华侨农场,G1691,蕉岭服务区,116.1,24.5,1,"B,U",2013-09-09 00:00:00
广东,粤北,梅州,梅江区,三角镇,G1692,梅江区三角镇寮背岭气象观测站,116.2,24.2,1,"B,X",2014-02-25 00:00:00
广东,粤北,梅州,梅江区,西郊街道,G1694,梅江区西郊街道联合中学气象观测站,116.1,24.4,1,B,2015-10-27 00:00:00
广东,粤北,梅州,梅县区,程江镇,G1695,梅县区扶大宪梓中学,116.1,24.4,1,"B,X",2015-10-27 00:00:00
广东,粤北,梅州,平远县,大柘镇,G1696,平远县大柘镇振兴街平远旧观测站,115.9,24.7,1,B,2017-04-20 00:00:00
广东,粤北,梅州,大埔县,湖寮镇,G1697,大埔县湖寮镇泰安楼,116.6,24.4,1,B,2013-09-06 00:00:00
广东,粤北,梅州,梅县区,城东镇,G1699,梅县区城东镇气象观测站,116.2,24.5,1,"B,X",2012-12-06 00:00:00
广东,珠三角,惠州,大亚湾区,澳头街道,G1701,大亚湾澳头街道中兴五路,114.6,22.7,1,"B,C,Q",2000-04-01 00:00:00
广东,珠三角,惠州,惠阳区,淡水街道,G1702,惠阳区淡水街道中山一路,114.5,22.9,1,B,2000-04-01 00:00:00
广东,珠三角,惠州,惠城区,横沥镇,G1703,惠城区矮陂镇长兴路,114.6,23.3,1,"B,C",2000-04-01 00:00:00
广东,珠三角,惠州,博罗县,杨侨镇,G1704,杨侨中学,114.6,23.5,1,"B,X",2000-04-01 00:00:00
广东,珠三角,惠州,博罗县,博罗县显岗水库管理局,G1705,湖镇镇显岗水库,114.2,23.3,1,B,2000-04-01 00:00:00
广东,珠三角,惠州,惠东县,平海镇,G1706,广东省惠东县平海镇,114.9,22.6,1,"B,C,X",2000-04-01 00:00:00
广东,珠三角,惠州,惠东县,白盆珠镇,G1707,惠东县白盆珠镇1,115.1,23.1,1,"B,d",2000-04-01 00:00:00
广东,珠三角,惠州,惠东县,,G1708,沈海高速K2796交通气象站,114.8,22.8,1,B,2026-05-13 00:00:00
广东,珠三角,惠州,惠城区,横沥镇,G1709,广龙高速横沥交通气象站,114.7,23.2,1,B,2026-05-13 00:00:00
广东,珠三角,惠州,惠城区,江北街道,G1710,惠城区江北富民路气象观测站,114.4,23.1,1,"B,X,p",2003-01-01 00:00:00
广东,珠三角,惠州,惠城区,水口街道,G1711,惠州惠城高新技术产业开发区管理委员会气象观测站,114.4,23.1,1,B,2025-05-22 00:00:00
广东,珠三角,惠州,惠城区,小金口街道,G1712,惠城区小金口街道白石村民委员会气象观测站,114.4,23.3,1,B,2025-05-22 00:00:00
广东,珠三角,惠州,惠城区,芦洲镇,G1713,惠州市公安局芦岚派出所气象观测站,114.6,23.4,1,B,2025-05-22 00:00:00
广东,珠三角,惠州,惠城区,汝湖镇,G1714,惠城区角洞水库气象观测站,114.5,23.2,1,B,2025-05-22 00:00:00
广东,珠三角,惠州,惠城区,汝湖镇,G1715,惠城区庙滩水库气象观测站,114.5,23.3,1,B,2025-05-22 00:00:00
广东,珠三角,惠州,惠城区,江北街道,G1716,惠州市惠城区江北科技馆气象观测站,114.3,23.2,1,"B,p,r",2025-05-22 00:00:00
广东,珠三角,惠州,大亚湾区,西区街道,G1717,大亚湾西区海惠社区气象观测站,114.6,22.8,1,B,2025-05-28 00:00:00
广东,珠三角,惠州,大亚湾区,中海壳牌石油化工业区（澳头）中海壳牌石油化,G1718,大亚湾石化区海油气象观测站,114.6,22.7,1,B,2025-06-19 00:00:00
广东,珠三角,惠州,惠城区,桥西街道,G1719,惠城区桥西街道办下埔路,114.4,23.1,1,B,2003-01-01 00:00:00
广东,珠三角,惠州,仲恺区,潼湖镇,G1720,仲恺区潼湖镇广和村,114.3,23.2,1,B,2003-04-01 00:00:00
广东,珠三角,惠州,惠阳区,新墟镇,G1721,惠阳区新墟镇,114.3,22.9,1,B,2003-01-31 00:00:00
广东,珠三角,惠州,惠阳区,平潭镇,G1722,惠阳区平潭镇区,114.5,23.1,1,"B,X",2003-04-01 00:00:00
广东,珠三角,惠州,惠东县,高潭镇,G1730,惠东县高潭镇1,115.4,23.1,1,B,2003-04-01 00:00:00
广东,珠三角,惠州,惠东县,安墩镇,G1731,惠东县安墩镇1,115,23.1,1,B,2003-04-30 00:00:00
广东,珠三角,惠州,惠东县,白花镇,G1733,惠东县白花镇1,114.6,22.9,1,"B,C",2004-12-22 00:00:00
广东,珠三角,惠州,惠东县,吉隆镇,G1734,惠东县吉隆镇吉隆中学,114.9,22.7,1,"B,C,X",2003-01-01 00:00:00
广东,珠三角,惠州,惠东县,平海镇,G1735,惠东县巽寮管委会喜来登酒店,114.8,22.7,1,"B,C,X",2004-12-22 00:00:00
广东,珠三角,惠州,惠东县,平山街道,G1739,惠东县平山街道办平山街道办,114.8,23,1,"B,C",2003-01-01 00:00:00
广东,珠三角,惠州,博罗县,石湾镇,G1740,石湾镇水利所,113.9,23.1,1,"B,X",2003-01-01 00:00:00
广东,珠三角,惠州,博罗县,龙溪镇,G1741,龙溪镇白石水库,114.2,23.1,1,"B,X",2003-03-31 00:00:00
广东,珠三角,惠州,博罗县,泰美镇,G1742,泰美镇三径村,114.5,23.3,1,B,2025-05-14 00:00:00
广东,珠三角,惠州,博罗县,泰美镇,G1743,泰美镇府,114.5,23.3,1,"B,X",2003-03-31 00:00:00
广东,珠三角,惠州,博罗县,泰美镇,G1744,泰美镇车村村,114.4,23.4,1,B,2025-05-14 00:00:00
广东,珠三角,惠州,博罗县,杨村镇,G1745,杨村镇大井村,114.4,23.4,1,B,2025-05-21 00:00:00
广东,珠三角,惠州,博罗县,杨侨镇,G1746,杨侨镇大肚坑村,114.5,23.4,1,B,2025-05-14 00:00:00
广东,珠三角,惠州,博罗县,园洲镇,G1747,园洲镇白马围村,114,23.1,1,B,2025-05-22 00:00:00
广东,珠三角,惠州,博罗县,柏塘镇,G1748,柏塘镇中心小学,114.3,23.5,1,B,2025-05-22 00:00:00
广东,珠三角,惠州,博罗县,麻陂镇,G1749,麻陂镇坳头村,114.5,23.6,1,B,2003-02-18 00:00:00
广东,珠三角,惠州,龙门县,永汉镇,G1750,龙门县南昆山管理区南昆山站,113.9,23.7,1,B,2004-12-22 00:00:00
广东,珠三角,惠州,龙门县,蓝田瑶族乡,G1752,龙门县蓝田乡镇区气象观测站,114.3,23.9,1,"B,X",2003-01-31 00:00:00
广东,珠三角,惠州,龙门县,地派镇,G1753,龙门县地派镇,114.1,23.8,1,B,2004-12-22 00:00:00
广东,珠三角,惠州,龙门县,永汉镇,G1755,龙门县永汉镇镇区,114.1,23.5,1,B,2003-03-31 00:00:00
广东,珠三角,惠州,大亚湾区,,G1772,大亚湾鱿鱼湾水库气象观测站（备站）,114.7,22.9,1,B,2026-04-07 00:00:00
广东,珠三角,惠州,博罗县,龙华镇,G1773,龙华镇仕塘村,114,23.2,1,B,2025-05-21 00:00:00
广东,珠三角,惠州,博罗县,镇级争议地,G1774,长宁镇坳岭村,114,23.1,1,B,2025-05-22 00:00:00
广东,珠三角,惠州,博罗县,长宁镇,G1775,长宁镇石巷村,114,23.3,1,B,2025-05-22 00:00:00
广东,珠三角,惠州,惠东县,惠东南海域,G1776,惠州港口风电上升平台,115.1,22.3,0,"B,i",2024-09-26 00:00:00
广东,珠三角,惠州,博罗县,龙华镇,G1779,龙华镇竹园村,114.1,23.1,1,B,2025-05-21 00:00:00
广东,珠三角,惠州,博罗县,龙华镇,G1780,龙华镇人民政府,114.2,23.3,1,B,2025-05-21 00:00:00
广东,珠三角,惠州,博罗县,石坝镇,G1781,石坝镇蓝田村,114.6,23.5,1,B,2025-05-14 00:00:00
广东,珠三角,惠州,博罗县,观音阁镇,G1782,观音阁镇棠下村,114.7,23.5,1,B,2025-05-23 00:00:00
广东,珠三角,惠州,博罗县,柏塘镇,G1783,柏塘镇蕉木村,114.4,23.4,1,B,2025-05-22 00:00:00
广东,珠三角,惠州,博罗县,龙溪镇,G1784,龙溪街道第二污水处理厂,114,23.1,1,B,2025-06-15 00:00:00
广东,珠三角,惠州,博罗县,柏塘镇,G1785,柏塘镇鹅寨村,114.2,23.4,1,B,2025-05-23 00:00:00
广东,珠三角,惠州,博罗县,长宁镇,G1786,长宁镇荔枝墩村,113.9,23.2,1,B,2025-06-07 00:00:00
广东,珠三角,惠州,博罗县,象头山林场,G1787,泰美镇象头山林场,114.3,23.3,1,B,2025-05-21 00:00:00
广东,珠三角,惠州,博罗县,杨村镇,G1788,杨村镇陈村,114.4,23.5,1,B,2025-05-21 00:00:00
广东,珠三角,惠州,博罗县,杨侨镇,G1789,杨侨镇朝田村,114.5,23.5,1,B,2025-05-21 00:00:00
广东,珠三角,惠州,博罗县,石坝镇,G1790,杨侨镇小坑村,114.6,23.6,1,B,2025-05-21 00:00:00
广东,珠三角,惠州,博罗县,泰美镇,G1791,泰美镇楼下村,114.5,23.4,1,B,2025-05-21 00:00:00
广东,珠三角,惠州,博罗县,石湾镇,G1792,石湾镇污水处理厂,114,23.1,1,B,2025-05-22 00:00:00
广东,珠三角,惠州,博罗县,石湾镇,G1793,石湾镇中岗村,113.8,23.1,1,B,2025-05-22 00:00:00
广东,珠三角,惠州,博罗县,石坝镇,G1794,石坝镇埔贝村,114.5,23.5,1,B,2025-05-21 00:00:00
广东,珠三角,惠州,博罗县,石坝镇,G1795,石坝镇秀埔村,114.8,23.4,1,B,2025-05-14 00:00:00
广东,珠三角,惠州,博罗县,石坝镇,G1796,石坝镇山下村,114.6,23.5,1,B,2025-05-14 00:00:00
广东,珠三角,惠州,博罗县,罗阳镇,G1797,罗阳街道上库村,114.3,23.2,1,B,2025-05-13 00:00:00
广东,珠三角,惠州,博罗县,罗阳镇,G1798,罗阳街道小金村,114.4,23.2,1,B,2025-05-13 00:00:00
广东,珠三角,惠州,博罗县,汤泉林场,G1799,罗阳街道赤竹坑村,114.4,23.3,1,B,2025-05-13 00:00:00
广东,粤东,汕尾,城区,田墘街道,G1801,红海湾田墘街道自动站,115.5,22.7,1,"B,Q,X",2005-01-01 00:00:00
广东,粤东,汕尾,陆河县,河田镇,G1802,陆河县河田镇陆河县气象局自动站,115.7,23.4,1,"B,Q,X",2005-01-01 00:00:00
广东,粤东,汕尾,海丰县,梅陇镇,G1803,海丰梅陇气象观测站,115.2,22.9,1,"B,C,X",2005-01-01 00:00:00
广东,粤东,汕尾,陆丰市,碣石镇,G1804,陆丰碣石国家气象观测站,115.9,22.8,1,"B,C,X",2005-01-01 00:00:00
广东,粤东,汕尾,城区,东涌镇,G1805,汕尾城区东涌变电站自动站,115.5,22.8,1,"B,C",2005-01-01 00:00:00
广东,粤东,汕尾,陆丰市,南塘镇,G1806,陆丰华侨管理区管委会气象观测站,115.8,22.9,1,"B,Q,X",2006-03-31 00:00:00
广东,粤东,汕尾,城区,东涌镇,G1807,汕尾城区东涌镇大园村自动站,115.4,22.9,1,"B,X",2006-03-31 00:00:00
广东,粤东,汕尾,城区,捷胜镇,G1808,汕尾城区捷胜镇牛肚村海训基地自动站,115.4,22.7,1,"B,X",2011-04-30 00:00:00
广东,粤东,汕尾,城区,遮浪街道,G1810,红海湾遮浪街道观音庙自动站,115.5,22.7,1,"B,E",2009-04-30 00:00:00
广东,粤东,汕尾,红海湾开发区,遮浪街道,G1811,红海湾遮浪街道五家曾自动站,115.5,22.7,1,"B,X,p",2009-07-23 00:00:00
广东,粤东,汕尾,城区,马宫街道,G1813,汕尾城区马宫街道马宫社区自动站,115.2,22.8,1,"B,C,X",2010-11-01 00:00:00
广东,粤东,汕尾,城区,红草镇,G1814,汕尾城区红草镇埔边村自动站,115.4,22.9,1,"B,X",2010-10-30 00:00:00
广东,粤东,汕尾,海丰县,平东镇,G1815,海丰平东镇区气象观测站,115.6,23,1,B,2010-08-21 00:00:00
广东,粤东,汕尾,海丰县,联安镇,G1816,海丰联安气象观测站,115.3,22.9,1,"B,X",2010-08-18 00:00:00
广东,粤东,汕尾,海丰县,陶河镇,G1817,海丰陶河气象观测站,115.4,23,1,B,2010-08-21 00:00:00
广东,珠三角,深圳,深汕特别合作区,鹅埠镇,G1818,深汕合作区鹅埠镇鹅埠,114.9,22.8,1,"B,Q",2010-07-30 00:00:00
广东,粤东,汕尾,海丰县,赤坑镇,G1819,海丰赤坑赤沙水库气象观测站,115.5,22.8,1,"B,X",2010-07-31 00:00:00
广东,粤东,汕尾,海丰县,公平镇,G1820,海丰公平水库气象观测站,115.4,23.1,1,"B,X",2005-01-01 00:00:00
广东,珠三角,深圳,深汕特别合作区,赤石镇,G1821,深汕合作区赤石镇赤石,115,22.8,1,"B,X",2005-01-01 00:00:00
广东,粤东,汕尾,海丰县,赤坑镇,G1822,海丰大湖气象观测站,115.5,22.9,1,"B,X",2009-03-04 00:00:00
广东,粤东,汕尾,海丰县,黄羌林场,G1823,海丰黄羌朝面山水库气象观测站,115.5,23.1,1,B,2009-04-30 00:00:00
广东,珠三角,深圳,深汕特别合作区,小漠镇,G1824,深汕合作区小漠镇小漠,115,22.7,1,"B,X",2009-04-30 00:00:00
广东,粤东,汕尾,海丰县,海城镇,G1825,海丰海城温厝村气象观测站,115.3,23,1,"B,X",2009-03-02 00:00:00
广东,珠三角,深圳,深汕特别合作区,鲘门镇,G1826,深汕合作区泗马岭水库,115.2,22.7,1,"B,X",2009-03-04 00:00:00
广东,粤东,汕尾,海丰县,可塘镇,G1827,海丰可塘国家气象观测站,115.5,22.9,1,"B,X",2009-03-04 00:00:00
广东,粤东,汕尾,海丰县,城东镇,G1828,海丰城东气象观测站,115.5,23,1,"B,X",2009-09-21 00:00:00
广东,粤东,汕尾,海丰县,梅陇农场,G1830,海丰梅陇农场中学气象观测站,115.2,22.9,1,B,2013-06-03 00:00:00
广东,粤东,汕尾,陆丰市,大安镇,G1832,陆丰大安镇府气象观测站,115.7,23.1,1,"B,X",2005-01-01 00:00:00
广东,粤东,汕尾,陆丰市,甲东镇,G1833,陆丰甲东国家气象观测站,116.1,22.9,1,"B,C,X",2005-01-01 00:00:00
广东,粤东,汕尾,陆丰市,上英镇,G1834,陆丰上英镇府气象观测站,115.6,23,1,"B,X",2009-02-28 00:00:00
广东,粤东,汕尾,陆丰市,西南镇,G1835,陆丰西南镇府气象观测站,115.5,23.2,1,"B,X",2009-02-28 00:00:00
广东,粤东,汕尾,陆丰市,八万镇,G1836,陆丰八万镇府气象观测站,115.7,23.1,1,"B,X",2009-02-28 00:00:00
广东,粤东,汕尾,陆丰市,湖东镇,G1837,陆丰湖东镇府气象观测站,115.9,22.8,1,"B,X",2009-09-01 00:00:00
广东,粤东,汕尾,陆丰市,陂洋镇,G1838,陆丰陂洋国家气象观测站,116,23.1,1,"B,X",2009-03-03 00:00:00
广东,粤东,汕尾,陆丰市,南塘镇,G1840,陆丰铜锣湖管委会气象观测站,115.8,23,1,B,2010-11-03 00:00:00
广东,粤东,汕尾,陆丰市,大安农场,G1841,陆丰大安农场气象观测站,115.6,23.1,1,B,2010-11-04 00:00:00
广东,粤东,汕尾,陆丰市,南塘镇,G1842,陆丰南塘镇府气象观测站,115.9,22.9,1,B,2010-11-04 00:00:00
广东,粤东,汕尾,陆丰市,金厢镇,G1843,陆丰金厢镇府气象观测站,115.6,22.9,1,"B,X",2011-04-13 00:00:00
广东,粤东,汕尾,陆丰市,内湖镇,G1844,陆丰内湖镇府气象观测站,115.9,23,1,"B,X",2010-11-03 00:00:00
广东,粤东,汕尾,陆丰市,桥冲镇,G1845,陆丰桥冲大塘气象观测站,115.9,23,1,B,2011-12-30 00:00:00
广东,粤东,汕尾,陆丰市,星都经济开发试验区,G1847,陆丰市星都开发区管委会气象观测站,115.5,23,1,B,2012-05-26 00:00:00
广东,粤东,汕尾,陆丰市,大安镇,G1848,陆丰大安牛角隆水库气象观测站,115.6,23.1,1,B,2012-01-11 00:00:00
广东,粤东,汕尾,陆丰市,博美镇,G1849,陆丰博美五里牌水库气象观测站,115.8,23.1,1,B,2012-02-12 00:00:00
广东,粤东,汕尾,陆河县,东坑镇,G1850,陆河县东坑镇东坑自动站,115.7,23.2,1,B,2010-10-29 00:00:00
广东,粤东,汕尾,陆河县,新田镇,G1851,陆河县上护镇新坑水库自动站,115.6,23.2,1,B,2010-10-30 00:00:00
广东,粤东,汕尾,陆河县,螺溪镇,G1852,陆河县螺溪镇螺溪自动站,115.7,23.4,1,"B,X",2011-07-08 00:00:00
广东,粤东,汕尾,陆河县,河口镇,G1853,陆河县河口镇北龙水库自动站,115.6,23.2,1,"B,g",2011-07-09 00:00:00
广东,粤东,汕尾,城区,香洲街道,G1854,汕尾城区同顶山自动站,115.4,22.9,1,B,2011-08-18 00:00:00
广东,粤东,汕尾,陆河县,新田镇,G1856,陆河县新田镇新田自动站,115.6,23.1,1,"B,X",2013-08-02 00:00:00
广东,粤东,汕尾,海丰县,公平镇,G1858,海丰公平西坑中学气象观测站,115.4,23.1,1,B,2013-12-04 00:00:00
广东,珠三角,深圳,深汕特别合作区,赤石镇,G1859,深汕合作区赤石镇圆墩,115.1,22.8,1,B,2013-12-01 00:00:00
广东,粤东,汕尾,陆河县,水唇镇,G1860,陆河县水唇镇水唇自动站,115.7,23.3,1,"B,X",2014-05-24 00:00:00
广东,粤东,汕尾,陆河县,南万镇,G1861,陆河县南万镇南万自动站,115.6,23.4,1,B,2014-04-30 00:00:00
广东,粤东,汕尾,陆河县,螺溪镇,G1862,陆河县螺溪镇嶂顶水电公司自动站,115.6,23.5,1,B,2014-05-24 00:00:00
广东,粤东,汕尾,海丰县,附城镇,G1863,海丰附城国家气象观测站,115.3,22.9,1,B,2013-11-29 00:00:00
广东,珠三角,深圳,深汕特别合作区,赤石镇,G1864,深汕合作区赤石镇大安小学,115.1,22.8,1,B,2013-11-28 00:00:00
广东,粤东,汕尾,海丰县,黄羌镇,G1865,海丰黄羌坑联气象观测站,115.4,23.3,1,B,2013-11-30 00:00:00
广东,珠三角,深圳,深汕特别合作区,赤石镇,G1866,深汕合作区赤石镇明热,115,23,1,B,2013-11-27 00:00:00
广东,粤东,汕尾,陆丰市,东海街道,G1868,陆丰东海乌坎气象观测站,115.7,22.8,1,B,2014-11-30 00:00:00
广东,粤东,汕尾,陆丰市,陂洋镇,G1869,陆丰铜锣湖桂坑气象观测站,116,23.2,1,B,2015-01-08 00:00:00
广东,粤东,汕尾,陆丰市,八万镇,G1870,陆丰八万上葫气象观测站,115.8,23.1,1,B,2014-12-17 00:00:00
广东,粤东,汕尾,海丰县,可塘镇,G1872,海丰可塘郭厝村气象观测站,115.3,22.9,1,B,2016-01-13 00:00:00
广东,粤东,汕尾,陆丰市,潭西镇,G1873,陆丰潭西后底气象观测站,115.5,22.9,1,B,2015-12-31 00:00:00
广东,粤东,汕尾,陆河县,南万镇,G1874,陆河县南万镇南告自动站,115.5,23.4,1,B,2016-01-04 00:00:00
广东,粤东,汕尾,陆河县,河口镇,G1875,陆河县河口镇麦湖自动站,115.7,23.2,1,B,2015-12-31 00:00:00
广东,粤东,汕尾,陆河县,上护镇,G1876,陆河县上护镇上护自动站,115.6,23.2,1,B,2015-09-23 00:00:00
广东,粤东,汕尾,陆丰市,湖东镇,G1877,陆丰市湖东镇海岛站,115.9,22.7,1,"B,E",2017-03-14 00:00:00
广东,粤东,汕尾,陆丰市,湖东镇,G1878,陆丰市湖东镇海岛站2,115.9,22.8,1,"B,E",2017-03-14 00:00:00
广东,粤东,汕尾,城区,遮浪街道,G1879,红海湾遮浪街道施公寮村自动站,115.6,22.8,1,B,2017-03-23 00:00:00
广东,粤东,汕尾,海丰县,大湖镇,G1880,海丰大湖新置村大湖沿海气象观测站,115.5,22.8,1,B,2017-08-17 00:00:00
广东,粤东,汕尾,海丰县,平东镇,G1881,海丰平东海亮种植基地气象观测站,115.4,23.2,1,B,2017-09-01 00:00:00
广东,粤东,汕尾,海丰县,梅陇镇,G1882,海丰梅陇国家气象观测站,115.1,23,1,B,2017-09-06 00:00:00
广东,粤东,汕尾,海丰县,海城镇,G1883,海丰海城召贡气象观测站,115.2,23,1,B,2018-01-24 00:00:00
广东,粤东,汕尾,陆河县,水唇镇,G1884,陆河县水唇镇螺洞梅园景区自动站,115.7,23.3,1,B,2018-01-26 00:00:00
广东,粤东,汕尾,陆河县,河口镇,G1885,陆河县河口镇新河工业园自动站,115.7,23.2,1,B,2017-12-07 00:00:00
广东,粤东,汕尾,海丰县,海城镇,G1886,海丰海城气象局气象观测站,115.4,23,1,B,2017-06-18 00:00:00
广东,粤东,汕尾,陆丰市,东海街道,G1892,陆丰市东海镇旧站,115.7,23,1,B,2018-01-25 00:00:00
广东,粤东,汕尾,陆丰市,汕尾市华侨管理区,G1893,陆丰华侨管理区第五小学气象观测站,116,23,1,B,2017-08-30 00:00:00
广东,粤东,汕尾,陆丰市,陂洋镇,G1894,陆丰陂洋龙潭水库气象观测站,115.9,23,1,B,2017-11-15 00:00:00
广东,珠三角,东莞,东莞市,虎门镇,G1901,东莞虎门镇路东村气象观测站,113.6,22.8,1,"B,C,X",2000-04-01 00:00:00
广东,珠三角,东莞,东莞市,常平镇,G1902,东莞常平镇振兴路气象观测站,114,23,1,"B,X",2000-04-01 00:00:00
广东,珠三角,东莞,东莞市,沙田镇,G1904,东莞沙田镇振海路气象观测站,113.5,23,1,B,2000-04-01 00:00:00
广东,珠三角,东莞,东莞市,清溪镇,G1905,东莞清溪镇三中村气象观测站,114.2,22.8,1,"B,X",2000-04-01 00:00:00
广东,珠三角,东莞,东莞市,塘厦镇,G1906,东莞塘厦镇大坪村气象观测站,114,22.8,1,"B,X",2000-04-01 00:00:00
广东,珠三角,东莞,东莞市,麻涌镇,G1907,东莞麻涌镇麻涌大道气象观测站,113.6,23.1,1,"B,X",2000-04-01 00:00:00
广东,珠三角,东莞,东莞市,企石镇,G1908,东莞企石镇企石村气象观测站,114.1,23,1,"B,X",2003-11-30 00:00:00
广东,珠三角,东莞,东莞市,莞城街道,G1909,东莞莞城区莞太路气象观测站,113.7,23,1,"B,X,p,r",2003-11-30 00:00:00
广东,珠三角,东莞,东莞市,松山湖科技产业园区,G1910,东莞松山湖管委会礼宾路气象观测站,114,23,1,B,2003-11-30 00:00:00
广东,珠三角,东莞,东莞市,长安镇,G1911,东莞长安镇新安村气象观测站,113.8,22.8,1,"B,X",2003-11-30 00:00:00
广东,珠三角,东莞,东莞市,石龙镇,G1912,东莞石龙镇黄家山村气象观测站,113.8,23.2,1,"B,X",2003-11-30 00:00:00
广东,珠三角,东莞,东莞市,寮步镇,G1913,东莞寮步镇大坣路气象观测站,113.9,23.1,1,"B,X",2005-01-31 00:00:00
广东,珠三角,东莞,东莞市,谢岗镇,G1914,东莞谢岗镇粤海大道气象观测站,114,22.9,1,B,2005-01-31 00:00:00
广东,珠三角,东莞,东莞市,道滘镇,G1915,东莞道滘镇南城村气象观测站,113.7,22.9,1,"B,X",2005-01-31 00:00:00
广东,珠三角,东莞,东莞市,黄江镇,G1916,东莞黄江镇莞樟路气象观测站,113.9,23,1,"B,X",2005-01-31 00:00:00
广东,珠三角,东莞,东莞市,凤岗镇,G1917,东莞凤岗镇兴贸西路站气象观测站,114.1,22.7,1,"B,X",2005-01-31 00:00:00
广东,珠三角,东莞,东莞市,东城街道,G1918,东莞东城区光明村气象观测站,113.8,22.9,1,"B,X",2006-03-31 00:00:00
广东,珠三角,东莞,东莞市,麻涌镇,G1919,东莞麻涌镇新港南路气象观测站,113.6,23,1,B,2006-08-31 00:00:00
广东,珠三角,东莞,东莞市,万江街道,G1920,东莞万江区万龙路气象观测站,113.8,23,1,B,2006-03-31 00:00:00
广东,珠三角,东莞,东莞市,东城街道,G1921,东莞东城区东城大道气象观测站,113.8,23.1,1,"B,X",2006-03-31 00:00:00
广东,珠三角,东莞,东莞市,南城街道,G1922,东莞南城区元美中路气象观测站,113.7,23.1,1,"B,X",2006-03-31 00:00:00
广东,珠三角,东莞,东莞市,莞城街道,G1923,东莞莞城区万寿路气象观测站,113.8,23,1,"B,X",2006-03-31 00:00:00
广东,珠三角,东莞,东莞市,万江街道,G1924,东莞万江区沿江东路气象观测站,113.8,23.1,1,"B,X",2006-03-31 00:00:00
广东,珠三角,东莞,东莞市,横沥镇,G1925,东莞横沥镇康乐路气象观测站,114,23.1,1,B,2006-03-31 00:00:00
广东,珠三角,东莞,东莞市,洪梅镇,G1926,东莞洪梅镇洪屋涡村气象观测站,113.6,23,1,"B,X",2006-03-31 00:00:00
广东,珠三角,东莞,东莞市,桥头镇,G1927,东莞桥头镇屋厦村气象观测站,114.1,23.1,1,"B,X",2006-03-31 00:00:00
广东,珠三角,东莞,东莞市,茶山镇,G1928,东莞茶山镇石大路气象观测站,113.9,23,1,"B,X",2006-03-31 00:00:00
广东,珠三角,东莞,东莞市,望牛墩镇,G1929,东莞望牛墩镇官洲村气象观测站,113.6,23,1,B,2006-03-31 00:00:00
广东,珠三角,东莞,东莞市,樟木头镇,G1930,东莞樟木头镇金河村气象观测站,114.2,23,1,"B,X",2006-03-31 00:00:00
广东,珠三角,东莞,东莞市,中堂镇,G1931,东莞中堂镇中堂村气象观测站,113.7,23,1,"B,X",2006-03-31 00:00:00
广东,珠三角,东莞,东莞市,大岭山镇,G1932,东莞大岭山镇向东村气象观测站,113.8,22.8,1,"B,X",2006-03-31 00:00:00
广东,珠三角,东莞,东莞市,大岭山镇,G1933,东莞大岭山镇风柜口路气象观测站,113.8,23,1,"B,X",2006-03-31 00:00:00
广东,珠三角,东莞,东莞市,石碣镇,G1934,东莞石碣镇桔洲村气象观测站,113.8,23.1,1,B,2006-03-31 00:00:00
广东,珠三角,东莞,东莞市,厚街镇,G1935,东莞厚街镇湖景大道气象观测站,113.7,23,1,"B,X",2006-03-31 00:00:00
广东,珠三角,东莞,东莞市,高埗镇,G1936,东莞高埗镇高埗大道气象观测站,113.6,23.1,1,"B,X",2006-03-31 00:00:00
广东,珠三角,东莞,东莞市,东坑镇,G1937,东莞东坑镇井美村气象观测站,113.9,23,1,"B,X",2006-03-31 00:00:00
广东,珠三角,东莞,东莞市,石排镇,G1939,东莞石排镇下沙村气象观测站,114,23.1,1,"B,X",2006-03-31 00:00:00
广东,珠三角,东莞,东莞市,石排镇,G1940,东莞石排镇太和路气象观测站,114,23.2,1,B,2006-03-31 00:00:00
广东,珠三角,东莞,东莞市,石排镇,G1941,东莞石排镇向西村气象观测站,114.1,23.1,1,B,2006-03-31 00:00:00
广东,珠三角,东莞,东莞市,大朗镇,G1942,东莞大朗国家气象观测站,114,22.9,1,"B,X",2006-03-31 00:00:00
广东,珠三角,东莞,东莞市,大朗镇,G1943,东莞大朗镇美景中路气象观测站,114,22.9,1,B,2006-03-31 00:00:00
广东,珠三角,东莞,东莞市,松山湖科技产业园区,G1944,东莞松山湖区大学路气象观测站,113.9,22.9,1,"B,X",2006-08-02 00:00:00
广东,珠三角,东莞,东莞市,望牛墩镇,G1945,东莞望牛墩镇五涌村气象观测站,113.7,23.1,1,"B,X",2006-08-02 00:00:00
广东,珠三角,东莞,东莞市,桥头镇,G1946,东莞桥头镇桥鸿路气象观测站,114.1,23,1,"B,X",2006-08-01 00:00:00
广东,珠三角,东莞,东莞市,洪梅镇,G1947,东莞洪梅镇桥东路气象观测站,113.7,23,1,B,2006-08-01 00:00:00
广东,珠三角,东莞,东莞市,中堂镇,G1948,东莞中堂镇潢涌村气象观测站,113.8,23.1,1,"B,X",2006-09-30 00:00:00
广东,珠三角,东莞,东莞市,寮步镇,G1949,东莞寮步国家气象观测站,113.7,23,1,B,2006-09-30 00:00:00
广东,珠三角,东莞,东莞市,东坑镇,G1950,东莞东坑国家气象观测站,114,22.9,1,"B,X",2006-10-03 00:00:00
广东,珠三角,东莞,东莞市,常平镇,G1951,东莞常平镇司马村气象观测站,114,22.9,1,B,2006-09-30 00:00:00
广东,珠三角,东莞,东莞市,茶山镇,G1952,东莞茶山镇寒溪水村气象观测站,113.8,23,1,B,2006-09-30 00:00:00
广东,珠三角,东莞,东莞市,塘厦镇,G1953,东莞塘厦镇环市西路气象观测站,114.1,22.9,1,"B,X",2006-09-30 00:00:00
广东,珠三角,东莞,东莞市,凤岗镇,G1954,东莞凤岗镇官井头村气象观测站,114.1,22.7,1,B,2007-01-01 00:00:00
广东,珠三角,东莞,东莞市,樟木头镇,G1955,东莞樟木头镇樟木头大道气象观测站,114,22.8,1,B,2006-09-30 00:00:00
广东,珠三角,东莞,东莞市,道滘镇,G1956,东莞道滘镇大鱼沙村气象观测站,113.7,23,1,"B,X",2006-09-30 00:00:00
广东,珠三角,东莞,东莞市,企石镇,G1957,东莞企石镇清湖村气象观测站,114.1,23.1,1,"B,X",2006-09-30 00:00:00
广东,珠三角,东莞,东莞市,谢岗镇,G1958,东莞谢岗镇南面村气象观测站,114.3,23,1,B,2006-09-30 00:00:00
广东,珠三角,东莞,东莞市,清溪镇,G1959,东莞清溪镇东环路气象观测站,114.3,22.9,1,"B,X,e",2006-09-30 00:00:00
广东,珠三角,东莞,东莞市,长安镇,G1960,东莞长安镇莲湖路气象观测站,113.9,22.8,1,"B,X",2006-09-30 00:00:00
广东,珠三角,东莞,东莞市,高埗镇,G1961,东莞高埗国家气象观测站,113.8,23.1,1,B,2006-10-31 00:00:00
广东,珠三角,东莞,东莞市,石龙镇,G1962,东莞石龙镇水源路气象观测站,113.8,23.1,1,"B,X",2006-11-01 00:00:00
广东,珠三角,东莞,东莞市,石碣镇,G1963,东莞石碣镇横滘村气象观测站,113.8,23.2,1,"B,X",2006-10-31 00:00:00
广东,珠三角,东莞,东莞市,厚街镇,G1964,东莞厚街镇环冈村气象观测站,113.8,22.9,1,"B,X",2006-10-31 00:00:00
广东,珠三角,东莞,东莞市,横沥镇,G1965,东莞横沥国家气象观测站,114.1,23.1,1,"B,X",2007-01-01 00:00:00
广东,珠三角,东莞,东莞市,虎门镇,G1966,东莞虎门镇南面大道气象观测站,113.6,22.9,1,"B,C,X",2007-01-01 00:00:00
广东,珠三角,东莞,东莞市,沙田镇,G1967,东莞沙田镇西大坦村气象观测站,113.5,22.9,1,"B,C",2007-01-01 00:00:00
广东,珠三角,东莞,东莞市,黄江镇,G1968,东莞黄江镇黄牛埔村气象观测站,113.9,22.9,1,"B,X",2007-01-01 00:00:00
广东,珠三角,东莞,东莞市,望牛墩镇,G1970,东莞望牛墩镇聚龙江村气象观测站,113.6,23.1,1,B,2007-09-30 00:00:00
广东,珠三角,东莞,东莞市,万江街道,G1971,东莞万江区官桥滘村气象观测站,113.8,22.9,1,"B,X",2007-09-30 00:00:00
广东,珠三角,东莞,东莞市,横沥镇,G1972,东莞横沥镇田头村气象观测站,113.9,23,1,"B,X",2007-09-30 00:00:00
广东,珠三角,东莞,东莞市,石碣镇,G1973,东莞石碣镇百花路气象观测站,113.8,23.1,1,B,2007-09-30 00:00:00
广东,珠三角,东莞,东莞市,清溪镇,G1974,东莞清溪镇育才路气象观测站,114.2,22.8,1,B,2007-10-31 00:00:00
广东,珠三角,东莞,东莞市,麻涌镇,G1975,东莞麻涌镇华阳村气象观测站,113.6,23.1,1,"B,X",2007-10-31 00:00:00
广东,珠三角,东莞,东莞市,黄江镇,G1976,东莞黄江镇田心村气象观测站,113.9,22.9,1,B,2007-10-31 00:00:00
广东,珠三角,东莞,东莞市,石排镇,G1977,东莞石排国家气象观测站,114,23.2,1,B,2007-10-31 00:00:00
广东,珠三角,东莞,东莞市,高埗镇,G1978,东莞高埗镇振兴东四环横路气象观测站,113.7,23.2,1,B,2007-11-01 00:00:00
广东,珠三角,东莞,东莞市,樟木头镇,G1979,东莞樟木头镇石新村气象观测站,114.1,23,1,B,2007-11-01 00:00:00
广东,珠三角,东莞,东莞市,桥头镇,G1980,东莞桥头镇大洲村气象观测站,114,22.9,1,"B,X",2009-04-30 00:00:00
广东,珠三角,东莞,东莞市,寮步镇,G1981,东莞寮步镇下岭贝村气象观测站,113.8,23,1,"B,X",2009-04-30 00:00:00
广东,珠三角,东莞,东莞市,道滘镇,G1982,东莞道滘镇西村气象站,113.7,23,1,B,2009-04-30 00:00:00
广东,珠三角,东莞,东莞市,中堂镇,G1983,东莞中堂国家气象观测站,113.7,23.1,1,"B,X",2009-04-30 00:00:00
广东,珠三角,东莞,东莞市,大朗镇,G1984,东莞大朗镇富民路气象观测站,113.8,23,1,"B,X",2009-04-30 00:00:00
广东,珠三角,东莞,东莞市,长安镇,G1985,东莞长安国家气象观测站,113.7,22.8,1,"B,C",2009-04-30 00:00:00
广东,珠三角,东莞,东莞市,常平镇,G1986,东莞常平镇下圩村气象观测站,114,23.1,1,B,2009-04-30 00:00:00
广东,珠三角,东莞,东莞市,松山湖科技产业园区,G1987,东莞松山湖区滨湖路气象观测站,114,22.9,1,B,2009-04-30 00:00:00
广东,珠三角,东莞,东莞市,企石镇,G1988,东莞企石镇新江路气象观测站,114,23,1,B,2009-04-30 00:00:00
广东,珠三角,东莞,东莞市,沙田镇,G1989,东莞沙田国家气象观测站,113.5,22.8,1,"B,C,X",2009-04-30 00:00:00
广东,珠三角,东莞,东莞市,塘厦镇,G1990,东莞塘厦国家气象观测站,114.1,22.9,1,"B,X",2009-04-30 00:00:00
广东,珠三角,东莞,东莞市,谢岗镇,G1991,东莞谢岗国家气象观测站,114.1,22.9,1,B,2009-04-30 00:00:00
广东,珠三角,东莞,东莞市,茶山镇,G1992,东莞茶山镇安泰路气象观测站,113.9,23.1,1,B,2009-04-30 00:00:00
广东,珠三角,东莞,东莞市,东城街道,G1993,东莞东城区余屋村气象观测站,113.8,23.1,1,"B,X",2009-04-30 00:00:00
广东,珠三角,东莞,东莞市,东城街道,G1994,东莞东城区育华路气象观测站,113.8,23,1,"B,X",2009-04-30 00:00:00
广东,珠三角,东莞,东莞市,东城街道,G1995,东莞东城区东宝路气象观测站,113.8,23,1,"B,X",2009-04-30 00:00:00
广东,珠三角,东莞,东莞市,厚街镇,G1996,东莞厚街镇教育路气象观测站,113.6,22.9,1,B,2009-04-30 00:00:00
广东,珠三角,东莞,东莞市,虎门镇,G1997,东莞虎门镇渔港村气象观测站,113.6,22.7,1,"B,C",2009-04-30 00:00:00
广东,珠三角,东莞,东莞市,凤岗镇,G1998,东莞凤岗国家气象观测站,114.1,22.8,1,"B,X",2009-04-30 00:00:00
广东,珠三角,中山,中山市,小榄镇,G2001,小榄排涝南站气象观测站,113.2,22.6,1,"B,C,X",2000-04-01 00:00:00
广东,珠三角,中山,中山市,沙溪镇,G2002,沙溪凤凰山公园气象观测站,113.3,22.5,1,"B,C,X,p",2000-04-01 00:00:00
广东,珠三角,中山,中山市,坦洲镇,G2003,坦洲农业农村局气象观测站,113.5,22.3,1,"B,C,X",2000-04-01 00:00:00
广东,珠三角,中山,中山市,五桂山街道,G2004,五桂山镇政府气象观测站,113.4,22.5,1,"B,X",2003-02-28 00:00:00
广东,珠三角,中山,中山市,南朗街道,G2005,南朗镇政府气象观测站,113.4,22.5,1,"B,C,X",2003-02-28 00:00:00
广东,珠三角,中山,中山市,民众街道,G2006,中山民众国家气象观测站,113.5,22.7,1,"B,X",2003-02-28 00:00:00
广东,珠三角,中山,中山市,西区街道,G2007,西区气象观测站,113.3,22.5,1,"B,X,p",2003-02-28 00:00:00
广东,珠三角,中山,中山市,中山港街道,G2008,东河口水利枢纽气象观测站,113.5,22.5,1,"B,X",2003-02-28 00:00:00
广东,珠三角,中山,中山市,东区街道,G2009,市政府气象观测站,113.3,22.6,1,"B,X,p",2003-02-28 00:00:00
广东,珠三角,中山,中山市,三乡镇,G2010,三乡镇圩仔居委会气象观测站,113.5,22.3,1,"B,X",2003-02-28 00:00:00
广东,珠三角,中山,中山市,小榄镇,G2011,东升街道办气象观测站,113.2,22.7,1,"B,X",2006-11-30 00:00:00
广东,珠三角,中山,中山市,东凤镇,G2012,东凤中学气象观测站,113.3,22.7,1,"B,X",2006-11-30 00:00:00
广东,珠三角,中山,中山市,南头镇,G2013,南头镇政府气象观测站,113.3,22.7,1,"B,X",2006-11-30 00:00:00
广东,珠三角,中山,中山市,黄圃镇,G2014,黄圃镇政府气象观测站,113.2,22.7,1,"B,X",2006-11-30 00:00:00
广东,珠三角,中山,中山市,阜沙镇,G2015,阜沙镇政府气象观测站,113.2,22.6,1,"B,X",2006-11-30 00:00:00
广东,珠三角,中山,中山市,港口镇,G2016,港口镇政府气象观测站,113.4,22.5,1,"B,X",2006-11-30 00:00:00
广东,珠三角,中山,中山市,神湾镇,G2017,神湾镇大排村委气象观测站,113.4,22.3,1,"B,X",2006-11-30 00:00:00
广东,珠三角,中山,中山市,板芙镇,G2018,板芙镇政府气象观测站,113.3,22.4,1,"B,X",2006-11-30 00:00:00
广东,珠三角,中山,中山市,大涌镇,G2019,大涌卓山中学气象观测站,113.4,22.4,1,"B,X,p",2006-11-30 00:00:00
广东,珠三角,中山,中山市,横栏镇,G2020,横栏镇政府气象观测站,113.3,22.6,1,"B,X",2006-11-30 00:00:00
广东,珠三角,中山,中山市,古镇镇,G2021,古镇镇政府气象观测站,113.2,22.6,1,"B,C,X",2006-11-30 00:00:00
广东,珠三角,中山,中山市,三角镇,G2022,三角镇政府气象观测站,113.4,22.7,1,"B,X",2006-11-30 00:00:00
广东,珠三角,中山,中山市,中山港街道,G2023,火炬区小隐洋关泵站气象观测站,113.6,22.6,1,"B,X",2006-11-30 00:00:00
广东,珠三角,中山,中山市,南区街道,G2024,南区政府气象观测站,113.3,22.5,1,"B,X,p",2006-11-30 00:00:00
广东,珠三角,中山,中山市,东区街道,G2025,紫马岭公园气象观测站,113.3,22.6,1,"B,p",2024-03-15 00:00:00
广东,珠三角,中山,中山市,东区街道,G2026,长江水库气象观测站,113.5,22.4,1,"B,C,X",2007-09-30 00:00:00
广东,珠三角,中山,中山市,五桂山街道,G2027,五桂山山顶气象观测站,113.5,22.5,1,"B,C,X",2007-09-30 00:00:00
广东,珠三角,中山,中山市,南朗街道,G2028,中山南朗国家气象观测站,113.5,22.5,1,"B,C,X",2008-04-03 00:00:00
广东,珠三角,中山,中山市,南区街道,G2029,南区马岭水库气象观测站,113.4,22.4,1,"B,X",2009-01-31 00:00:00
广东,珠三角,中山,中山市,东区街道,G2030,东区金钟水库气象观测站,113.4,22.5,1,"B,X",2009-01-31 00:00:00
广东,珠三角,中山,中山市,神湾镇,G2031,神湾镇竹排村气象观测站,113.4,22.4,1,"B,X",2009-01-31 00:00:00
广东,珠三角,中山,中山市,三角镇,G2032,三角乌沙水闸气象观测站,113.4,22.7,1,"B,X",2009-01-31 00:00:00
广东,珠三角,中山,中山市,东凤镇,G2033,中山东凤国家气象观测站,113.3,22.7,1,"B,X",2009-01-31 00:00:00
广东,珠三角,中山,中山市,小榄镇,G2034,东升鸡笼水闸气象观测站,113.3,22.6,1,"B,X",2009-01-31 00:00:00
广东,珠三角,中山,中山市,五桂山街道,G2035,五桂山长坑水库气象观测站,113.4,22.4,1,"B,X",2009-01-31 00:00:00
广东,珠三角,中山,中山市,坦洲镇,G2036,中山坦洲国家气象观测站,113.4,22.3,1,"B,X",2009-01-31 00:00:00
广东,珠三角,中山,中山市,坦洲镇,G2037,中山坦洲镇大涌口气象观测站,113.4,22.1,1,"B,X",2009-01-31 00:00:00
广东,珠三角,中山,中山市,三乡镇,G2038,中山三乡国家气象观测站,113.6,22.4,1,"B,X",2009-01-31 00:00:00
广东,珠三角,中山,中山市,横栏镇,G2039,中山横栏国家气象观测站,113.2,22.5,1,"B,X,g",2009-01-31 00:00:00
广东,珠三角,中山,中山市,南头镇,G2040,南头低沙泵站气象观测站,113.3,22.8,1,"B,X",2009-01-31 00:00:00
广东,珠三角,中山,中山市,黄圃镇,G2041,黄圃壳塘水闸气象观测站,113.5,22.8,1,"B,X",2009-01-31 00:00:00
广东,珠三角,中山,中山市,南朗街道,G2042,南朗逸仙水库气象观测站,113.5,22.5,1,"B,X",2009-01-31 00:00:00
广东,珠三角,中山,中山市,南朗街道,G2043,南朗莲花地水库气象观测站,113.6,22.4,1,"B,X",2009-01-31 00:00:00
广东,珠三角,中山,中山市,阜沙镇,G2044,阜沙鸦雀尾电排站气象观测站,113.3,22.6,1,"B,X",2009-01-31 00:00:00
广东,珠三角,中山,中山市,民众街道,G2045,民众裕安水闸气象观测站,113.6,22.5,1,"B,X",2009-01-31 00:00:00
广东,珠三角,中山,中山市,大涌镇,G2046,大涌镇横河水闸气象观测站,113.2,22.4,1,"B,X",2009-01-31 00:00:00
广东,珠三角,中山,中山市,小榄镇,G2047,小榄金鱼沥水闸气象观测站,113.2,22.6,1,"B,X",2009-01-31 00:00:00
广东,珠三角,中山,中山市,三角镇,G2048,三角头围水闸气象观测站,113.5,22.7,1,"B,X",2009-01-31 00:00:00
广东,珠三角,中山,中山市,民众街道,G2049,民众三宝水闸气象观测站,113.6,22.6,1,B,2009-10-01 00:00:00
广东,珠三角,中山,中山市,五桂山街道,G2050,田心水库气象观测站,113.5,22.3,1,B,2009-07-10 00:00:00
广东,珠三角,中山,中山市,南朗街道,G2051,南朗横迳水库气象观测站,113.4,22.6,1,"B,X",2009-07-10 00:00:00
广东,珠三角,中山,中山市,南朗街道,G2052,南朗冲口门大闸气象观测站,113.5,22.5,1,"B,X",2009-07-10 00:00:00
广东,珠三角,中山,中山市,三乡镇,G2053,三乡古鹤水库气象观测站,113.6,22.4,1,"B,X",2009-07-14 00:00:00
广东,珠三角,中山,中山市,三乡镇,G2054,三乡镇妈坑水库气象观测站,113.5,22.3,1,"B,X",2009-07-14 00:00:00
广东,珠三角,中山,中山市,古镇镇,G2055,古镇二明窦水闸气象观测站,113.2,22.7,1,B,2010-11-22 00:00:00
广东,珠三角,中山,中山市,黄圃镇,G2056,黄圃雁企泵站气象观测站,113.3,22.8,1,"B,X",2009-07-16 00:00:00
广东,珠三角,中山,中山市,横栏镇,G2057,横栏新窖水闸气象观测站,113.1,22.6,1,"B,X,g",2009-07-13 00:00:00
广东,珠三角,中山,中山市,神湾镇,G2058,西河水闸气象观测站,113.3,22.3,1,"B,X",2009-09-27 00:00:00
广东,珠三角,中山,中山市,小榄镇,G2059,小榄熊猫体育馆气象观测站,113.2,22.7,1,"B,p,r",2009-07-13 00:00:00
广东,珠三角,中山,中山市,板芙镇,G2060,板芙寿围水闸气象观测站,113.4,22.4,1,"B,X",2009-07-13 00:00:00
广东,珠三角,中山,中山市,阜沙镇,G2061,阜沙牛角中学气象观测站,113.3,22.7,1,"B,X",2009-09-26 00:00:00
广东,珠三角,中山,中山市,石岐街道,G2062,石岐区华侨北站气象观测站,113.4,22.5,1,"B,X",2009-08-01 00:00:00
广东,珠三角,中山,中山市,沙溪镇,G2063,沙溪中学气象观测站,113.4,22.4,1,"B,X,p",2011-05-06 00:00:00
广东,珠三角,中山,中山市,古镇镇,G2064,中山古镇国家气象观测站,113.3,22.7,1,B,2014-02-25 00:00:00
广东,珠三角,中山,中山市,东区街道,G2065,兴中体育馆气象观测站,113.4,22.5,1,"B,p,r",2014-07-15 00:00:00
广东,珠三角,中山,中山市,民众街道,G2066,民众三民学校气象观测站,113.6,22.6,1,B,2022-06-20 00:00:00
广东,珠三角,中山,中山市,沙溪镇,G2067,沙溪体育馆气象观测站,113.4,22.5,1,"B,p,r",2025-04-27 00:00:00
广东,珠三角,中山,中山市,五桂山街道,G2068,五桂山南桥村委气象观测站,113.5,22.5,1,B,2023-10-31 00:00:00
广东,珠三角,中山,中山市,小榄镇,G2069,小榄渡口气象观测站,113.3,22.6,1,B,2021-04-20 00:00:00
广东,珠三角,中山,中山市,神湾镇,G2070,神湾海事处气象观测站,113.4,22.3,1,B,2021-07-20 00:00:00
广东,珠三角,中山,中山市,中山港街道,G2071,中山港海事处气象观测站,113.6,22.6,1,"B,p",2021-04-20 00:00:00
广东,珠三角,中山,中山市,黄圃镇,G2072,黄圃港气象观测站,113.4,22.8,1,B,2021-04-20 00:00:00
广东,珠三角,中山,中山市,南朗街道,G2073,横门中铁气象观测站,113.7,22.5,1,B,2021-04-20 00:00:00
广东,珠三角,中山,中山市,南朗街道,G2074,翠亨湿地公园气象观测站,113.7,22.4,1,B,2022-07-12 00:00:00
广东,珠三角,中山,中山市,沙溪镇,G2075,中山市G94珠三角环线高速沙溪服务区重点交通气象观测站,113.2,22.5,1,"B,U",2021-12-26 00:00:00
广东,珠三角,中山,中山市,板芙镇,G2076,中山市G94珠三角环线高速板芙镇共和村基本交通气象观测站,113.2,22.5,1,"B,U",2021-12-26 00:00:00
广东,珠三角,中山,中山市,三乡镇,G2077,中山市G94珠三角环线高速三乡镇金环村基本交通气象站,113.3,22.3,1,"B,U",2021-12-27 00:00:00
广东,珠三角,中山,中山市,小榄镇,G2078,小榄绩东二小学气象观测站,113.3,22.5,1,B,2023-01-18 00:00:00
广东,珠三角,中山,中山市,小榄镇,G2079,小榄永宁中学气象观测站,113.1,22.6,1,B,2023-01-18 00:00:00
广东,珠三角,中山,中山市,东区街道,G2080,东区香山小学气象观测站,113.3,22.5,1,B,2023-01-17 00:00:00
广东,珠三角,中山,中山市,三乡镇,G2081,三乡大布小学气象观测站,113.4,22.4,1,B,2023-01-17 00:00:00
广东,珠三角,中山,中山市,东凤镇,G2082,东凤西罟步村委气象观测站,113.4,22.6,1,B,2023-01-17 00:00:00
广东,珠三角,中山,中山市,坦洲镇,G2083,坦洲前进小学气象观测站,113.4,22.3,1,B,2023-01-17 00:00:00
广东,珠三角,中山,中山市,坦洲镇,G2084,坦洲群联小学气象观测站,113.4,22.3,1,B,2023-01-17 00:00:00
广东,珠三角,中山,中山市,坦洲镇,G2085,坦洲中学气象观测站,113.4,22.2,1,B,2023-01-17 00:00:00
广东,珠三角,中山,中山市,坦洲镇,G2086,坦洲永二小学气象观测站,113.6,22.4,1,B,2023-01-17 00:00:00
广东,珠三角,中山,中山市,南区街道,G2087,南区英才学校气象观测站,113.3,22.5,1,B,2023-01-17 00:00:00
广东,珠三角,中山,中山市,南区街道,G2088,南区北溪社区气象观测站,113.3,22.4,1,B,2023-01-18 00:00:00
广东,珠三角,中山,中山市,南朗街道,G2089,南朗龙珠经济园气象观测站,113.6,22.5,1,B,2023-01-17 00:00:00
广东,珠三角,中山,中山市,黄圃镇,G2090,黄圃马安小学气象观测站,113.4,22.6,1,B,2023-01-17 00:00:00
广东,珠三角,中山,中山市,民众街道,G2091,民众东胜村委气象观测站,113.5,22.7,1,B,2023-01-17 00:00:00
广东,珠三角,中山,中山市,民众街道,G2092,民众上网村委气象观测站,113.5,22.7,1,B,2023-01-17 00:00:00
广东,珠三角,中山,中山市,三角镇,G2093,三角怡丰水闸气象观测站,113.5,22.7,1,B,2023-01-17 00:00:00
广东,珠三角,中山,中山市,港口镇,G2094,港口大丰小学气象观测站,113.5,22.7,1,B,2023-01-17 00:00:00
广东,珠三角,中山,中山市,港口镇,G2096,港口大滨水闸气象观测站,113.4,22.7,1,B,2023-01-17 00:00:00
广东,珠三角,中山,中山市,民众街道,G2099,广澳高速民众服务区气象观测站,113.4,22.7,1,"B,U",2023-03-22 00:00:00
广东,珠三角,江门,蓬江区,白沙街道,G2101,蓬江白沙东仓里,113.1,22.6,1,"B,Q,X",2000-04-01 00:00:00
广东,珠三角,江门,新会区,大鳌镇,G2102,新会区大鳌水利,113.2,22.4,1,"B,g",2000-04-01 00:00:00
广东,珠三角,江门,新会区,罗坑镇,G2103,新会罗坑镇府,113,22.4,1,"B,X",2000-04-01 00:00:00
广东,珠三角,江门,鹤山市,址山镇,G2104,鹤山址山镇府气象观测站,112.8,22.6,1,B,2000-04-01 00:00:00
广东,珠三角,江门,台山市,汶村镇,G2105,台山汶村茭勒水闸,112.5,21.9,1,B,2000-04-01 00:00:00
广东,珠三角,江门,台山市,端芬镇,G2106,台山市端芬镇西头村,112.7,22.1,1,B,2000-04-01 00:00:00
广东,珠三角,江门,开平市,大沙河水库,G2107,开平市龙胜镇大沙河水库,112.3,22.6,1,B,2000-04-01 00:00:00
广东,珠三角,江门,开平市,狮山水库,G2108,开平市赤水镇狮山水库,112.5,22,1,B,2000-04-01 00:00:00
广东,珠三角,江门,恩平市,牛江镇,G2109,恩平市牛江镇宝华街,112.4,22.3,1,B,2000-04-01 00:00:00
广东,珠三角,江门,新会区,罗坑镇,G2110,新会长坑水库,112.8,22.4,1,B,2000-04-01 00:00:00
广东,珠三角,江门,新会区,,G2111,新会区银湖湾湿地,113,22.2,1,"B,C",2003-01-01 00:00:00
广东,珠三角,江门,新会区,沙堆镇,G2112,新会区沙堆镇中心小学,113.1,22.4,1,B,2003-03-01 00:00:00
广东,珠三角,江门,鹤山市,古劳镇,G2113,鹤山市古劳镇二四二乡道气象观测站,112.9,22.8,1,"B,X,g",2007-01-01 00:00:00
广东,珠三角,江门,鹤山市,双合镇,G2114,鹤山市双合镇府前路气象观测站,112.4,22.6,1,"B,X",2007-01-01 00:00:00
广东,珠三角,江门,鹤山市,龙口镇,G2115,鹤山四堡水库气象观测站,112.8,22.8,1,B,2007-01-01 00:00:00
广东,珠三角,江门,鹤山市,雅瑶镇,G2116,鹤山市雅瑶镇九零一乡道气象观测站,113,22.8,1,"B,X",2007-10-01 00:00:00
广东,珠三角,江门,鹤山市,鹤城镇,G2117,鹤山市鹤城镇零九三乡道气象观测站,112.7,22.7,1,"B,X",2007-10-01 00:00:00
广东,珠三角,江门,鹤山市,址山镇,G2118,鹤山云乡水库气象观测站,112.7,22.5,1,"B,X",2007-10-01 00:00:00
广东,珠三角,江门,新会区,古井镇,G2120,新会古井珠西新材料集聚区,113.2,22.2,1,B,2015-10-28 00:00:00
广东,珠三角,江门,新会区,崖门镇,G2121,赤鼻岛海岛站,113,22.1,0,"B,E",2009-12-10 00:00:00
广东,珠三角,江门,台山市,川岛镇,G2122,台山市川岛镇山咀村,112.7,21.9,1,B,2010-02-05 00:00:00
广东,珠三角,江门,江海区,外海街道,G2123,江海外海水利所,113.2,22.6,1,B,2008-12-01 00:00:00
广东,珠三角,江门,蓬江区,荷塘镇,G2124,蓬江荷塘龙冲电排站,113.2,22.5,1,"B,X",2008-12-01 00:00:00
广东,珠三角,江门,蓬江区,杜阮镇,G2125,蓬江杜阮镇府,113.1,22.6,1,"B,X",2007-10-01 00:00:00
广东,珠三角,江门,蓬江区,棠下镇,G2126,蓬江棠下沙富村,113,22.7,1,B,2007-10-01 00:00:00
广东,珠三角,江门,江海区,礼乐街道,G2127,江海礼乐镇府,113.1,22.6,1,"B,Q,X",2006-05-25 00:00:00
广东,珠三角,江门,蓬江区,潮连街道,G2128,蓬江潮连职院,113.1,22.7,1,"B,X",2006-05-25 00:00:00
广东,珠三角,江门,蓬江区,环市街道,G2129,蓬江环市市气象局,113.1,22.7,1,"B,X",2004-07-31 00:00:00
广东,珠三角,江门,新会区,双水镇,G2130,新会双水镇府,113,22.5,1,"B,X",2003-01-01 00:00:00
广东,珠三角,江门,新会区,睦洲镇,G2131,新会睦洲镇府,113.1,22.5,1,"B,X",2007-01-02 00:00:00
广东,珠三角,江门,新会区,三江镇,G2132,新会三江水利所,113.2,22.4,1,"B,X",2007-01-02 00:00:00
广东,珠三角,江门,新会区,古井镇,G2133,新会古井水利所,113.2,22.4,1,"B,X",2007-01-02 00:00:00
广东,珠三角,江门,新会区,崖门镇,G2134,新会崖门甜水电站,113.1,22.2,1,"B,X",2007-01-02 00:00:00
广东,珠三角,江门,新会区,大泽镇,G2135,新会区大泽镇府,113,22.6,1,"B,X",2007-01-02 00:00:00
广东,珠三角,江门,新会区,司前镇,G2136,新会司前水利所,112.9,22.5,1,B,2007-05-01 00:00:00
广东,珠三角,江门,新会区,双水镇,G2137,新会双水小冈,113,22.4,1,"B,X",2008-12-01 00:00:00
广东,珠三角,江门,新会区,双水镇,G2138,新会区双水镇万亩水库,113,22.4,1,B,2008-12-01 00:00:00
广东,珠三角,江门,鹤山市,宅梧镇,G2140,鹤山宅梧镇府气象观测站,112.5,22.7,1,B,2003-04-01 00:00:00
广东,珠三角,江门,鹤山市,共和镇,G2141,鹤山共和大凹村气象观测站,113,22.5,1,B,2003-01-01 00:00:00
广东,珠三角,江门,鹤山市,桃源镇,G2142,鹤山市桃源镇建设东路气象观测站,112.9,22.7,1,"B,X",2007-10-01 00:00:00
广东,珠三角,江门,鹤山市,共和镇,G2143,鹤山市共和镇德和路气象观测站,112.8,22.6,1,"B,X",2008-11-01 00:00:00
广东,珠三角,江门,鹤山市,龙口镇,G2144,鹤山市龙口镇龙口大道气象观测站,113,22.8,1,"B,X",2008-11-01 00:00:00
广东,珠三角,江门,鹤山市,宅梧镇,G2145,鹤山宅梧白水带村气象观测站,112.8,22.7,1,"B,X",2008-11-01 00:00:00
广东,珠三角,江门,鹤山市,鹤城镇,G2146,鹤山鹤城五星村,112.8,22.6,1,B,2010-02-02 00:00:00
广东,珠三角,江门,鹤山市,址山镇,G2147,鹤山址山国家气象观测站,112.8,22.5,1,B,2010-02-04 00:00:00
广东,珠三角,江门,鹤山市,沙坪街道,G2148,鹤山大雁山气象观测站,113.1,22.8,1,B,2013-12-23 00:00:00
广东,珠三角,江门,台山市,四九镇,G2150,台山市四九镇塘田村,112.9,22.2,1,"B,X",2003-01-31 00:00:00
广东,珠三角,江门,台山市,白沙镇,G2151,台山市白沙镇阳岭村,112.7,22.3,1,"B,X",2003-01-01 00:00:00
广东,珠三角,江门,台山市,冲蒌镇,G2152,台山冲蒌国家气象观测站,112.9,22.1,1,"B,X",2007-10-01 00:00:00
广东,珠三角,江门,台山市,广海镇,G2153,台山市广海镇中兴村,112.7,21.9,1,"B,C",2007-10-01 00:00:00
广东,珠三角,江门,台山市,川岛镇,G2154,台山市川岛镇略尾圩,112.6,21.7,1,"B,C",2004-07-01 00:00:00
广东,珠三角,江门,台山市,大江镇,G2155,台山市大江镇新塘村,112.8,22.4,1,"B,X",2004-07-05 00:00:00
广东,珠三角,江门,台山市,深井镇,G2156,台山市深井镇那北村,112.4,22.1,1,"B,X",2007-09-01 00:00:00
广东,珠三角,江门,台山市,海宴镇,G2157,台山市海宴镇安和村,112.5,21.8,1,B,2007-10-01 00:00:00
广东,珠三角,江门,台山市,赤溪镇,G2158,台山市赤溪镇曹冲村,113,21.9,1,"B,C",2007-10-01 00:00:00
广东,珠三角,江门,恩平市,横陂镇,G2160,恩平市横陂镇迎龙东路,112.3,22.1,1,"B,C",2003-06-30 00:00:00
广东,珠三角,江门,恩平市,那吉镇,G2161,恩平市那吉镇那吉圩,112.1,22.2,1,"B,X",2009-01-01 00:00:00
广东,珠三角,江门,恩平市,东成镇,G2162,恩平市东成镇东升街,112.4,22.3,1,"B,X",2007-10-01 00:00:00
广东,珠三角,江门,恩平市,良西镇,G2163,恩平市良西镇龙山村,112.3,22.3,1,B,2007-10-01 00:00:00
广东,珠三角,江门,恩平市,良西镇,G2164,恩平市良西镇良龙西路,112.3,22.3,1,B,2007-10-01 00:00:00
广东,珠三角,江门,恩平市,圣堂镇,G2165,恩平市圣堂镇进职村,112.4,22.3,1,B,2008-12-01 00:00:00
广东,珠三角,江门,恩平市,君堂镇,G2166,恩平君堂镇府,112.4,22.3,1,B,2008-12-01 00:00:00
广东,珠三角,江门,恩平市,大槐镇,G2167,恩平市大槐镇大朗村,112.3,22,1,B,2009-01-01 00:00:00
广东,珠三角,江门,恩平市,大田镇,G2168,恩平市大田镇蓢底圩,112.1,22.4,1,B,2008-12-01 00:00:00
广东,珠三角,江门,开平市,蚬冈镇,G2170,开平市蚬冈镇蚬冈镇圩,112.6,22.2,1,"B,X",2007-10-01 00:00:00
广东,珠三角,江门,开平市,月山镇,G2171,开平市月山镇长肇路,112.8,22.5,1,"B,X",2003-01-01 00:00:00
广东,珠三角,江门,开平市,苍城镇,G2172,开平市苍城镇苍城镇圩,112.6,22.5,1,B,2003-01-01 00:00:00
广东,珠三角,江门,开平市,百合镇,G2173,开平市百合镇325国道侧百合镇府,112.6,22.4,1,B,2004-02-22 00:00:00
广东,珠三角,江门,开平市,金鸡镇,G2174,开平市金鸡镇南安路,112.6,22.2,1,"B,X",2007-10-01 00:00:00
广东,珠三角,江门,开平市,大沙镇,G2175,开平市大沙镇大沙镇圩,112.3,22.6,1,"B,X",2007-10-01 00:00:00
广东,珠三角,江门,开平市,赤坎镇,G2176,开平市赤坎镇060乡道侧赤坎镇府,112.6,22.3,1,"B,X",2008-12-01 00:00:00
广东,珠三角,江门,开平市,国营石榴塘农场,G2177,开平市翠山湖管理区翠山湖大道,112.7,22.5,1,B,2004-10-10 00:00:00
广东,珠三角,江门,开平市,沙塘镇,G2178,开平市沙塘镇五五六乡道,112.5,22.5,1,"B,X",2008-12-01 00:00:00
广东,珠三角,江门,台山市,深井镇,G2180,台山深井国家气象观测站,112.5,22,1,B,2008-12-01 00:00:00
广东,珠三角,江门,台山市,都斛镇,G2181,台山市都斛镇南坑水库,113,22.1,1,"B,X",2008-12-01 00:00:00
广东,珠三角,江门,台山市,斗山镇,G2182,台山市斗山镇六福村,112.8,22,1,"B,X",2008-12-01 00:00:00
广东,珠三角,江门,台山市,水步镇,G2183,台山市水步镇宝兴村,112.8,22.4,1,B,2008-12-01 00:00:00
广东,珠三角,江门,台山市,三合镇,G2184,台山市三合镇联山村,112.7,22.1,1,"B,X",2008-12-01 00:00:00
广东,珠三角,江门,台山市,北陡镇,G2185,台山市北陡镇那琴圩,112.4,21.7,1,B,2008-12-01 00:00:00
广东,珠三角,江门,台山市,赤溪镇,G2186,台山市赤溪镇腰古村,113.1,21.8,1,B,2009-01-31 00:00:00
广东,珠三角,江门,台山市,赤溪镇,G2187,台山市赤溪镇黄竹坑村,113,21.9,1,B,2009-09-18 00:00:00
广东,珠三角,江门,台山市,端芬镇,G2188,台山市端芬镇墩寨村,112.7,22,1,B,2010-02-02 00:00:00
广东,珠三角,江门,新会区,崖门镇,G2190,新会崖门古斗林场,113.1,22.2,1,B,2008-12-01 00:00:00
广东,珠三角,江门,新会区,崖门镇,G2191,新会崖门古兜水电,113,22.1,1,"B,C",2008-12-01 00:00:00
广东,珠三角,江门,新会区,会城街道,G2192,新会区会城群星村,113.1,22.6,1,"B,X",2008-12-01 00:00:00
广东,珠三角,江门,新会区,沙堆镇,G2193,新会沙堆船厂,113.1,22.2,1,"B,C",2009-04-01 00:00:00
广东,珠三角,江门,新会区,会城街道,G2194,新会区会城天马村,113.1,22.4,1,B,2013-06-27 00:00:00
广东,珠三角,江门,新会区,会城街道,G2195,新会圭峰山绿护屏,112.9,22.6,1,B,2015-01-30 00:00:00
广东,珠三角,江门,新会区,睦洲镇,G2196,新会睦洲牛牯田,113.3,22.6,1,B,2014-12-31 00:00:00
广东,珠三角,江门,新会区,会城街道,G2197,新会国家农业产业园,113,22.5,1,B,2015-10-13 00:00:00
广东,珠三角,江门,新会区,三江镇,G2198,新会三江新村,113.2,22.4,1,B,2014-04-10 00:00:00
广东,珠三角,佛山,禅城区,石湾镇街道,G2201,禅城区石湾镇街道福华社区气象大厦气象观测站,113,23,1,"B,X",2000-04-01 00:00:00
广东,珠三角,佛山,禅城区,南庄镇,G2202,禅城区南庄镇贺丰村贺丰水闸气象观测站,113,22.9,1,"B,X",2000-04-01 00:00:00
广东,珠三角,佛山,禅城区,石湾镇街道,G2204,禅城区石湾镇街道武装部气象观测站,113.1,23.1,1,"B,X",2003-01-01 00:00:00
广东,珠三角,佛山,高明区,荷城街道,G2205,高明区荷城街道江湾社区富湾下湾村气象观测站,112.8,23,1,B,2003-01-01 00:00:00
广东,珠三角,佛山,南海区,里水镇,G2206,南海区里水镇邓岗社区里水水利所气象观测站,113.2,23.2,1,"B,X",2003-03-01 00:00:00
广东,珠三角,佛山,高明区,明城镇,G2207,高明区明城镇明西村委气象观测站,112.6,22.8,1,B,2003-12-01 00:00:00
广东,珠三角,佛山,顺德区,龙江镇,G2208,顺德区龙江镇万安村水利会气象观测站,113,22.8,1,"B,X",2000-04-01 00:00:00
广东,珠三角,佛山,顺德区,陈村镇,G2209,顺德区陈村镇旧圩社区新圩民警中队气象观测站,113.3,22.9,1,"B,X",2000-04-01 00:00:00
广东,珠三角,佛山,三水区,芦苞镇,G2210,三水区芦苞镇水利所气象观测站,112.8,23.3,1,B,2003-05-01 00:00:00
广东,珠三角,佛山,三水区,西南街道,G2211,三水区西南街道五顶岗电排站气象观测站,112.8,23.1,1,B,2003-02-28 00:00:00
广东,珠三角,佛山,高明区,杨和镇,G2212,高明区杨和镇皂幕山风景区气象观测站,112.9,22.7,1,"B,Q",2000-04-01 00:00:00
广东,珠三角,佛山,高明区,更合镇,G2214,高明区更合镇白洞村委气象观测站,112.5,22.7,1,B,2003-01-01 00:00:00
广东,珠三角,佛山,高明区,杨和镇,G2215,高明区杨和镇河西社区居委气象观测站,112.7,22.8,1,B,2003-01-01 00:00:00
广东,珠三角,佛山,三水区,乐平镇,G2216,三水区乐平镇水利所气象观测站,113,23.2,1,"B,X",2003-05-01 00:00:00
广东,珠三角,佛山,三水区,西南街道,G2217,三水区西南街道水利所气象观测站,112.8,23.2,1,"B,X,p",2004-08-31 00:00:00
广东,珠三角,佛山,三水区,乐平镇,G2218,三水区乐平镇大同湖公园气象观测站,113,23.4,1,B,2004-08-31 00:00:00
广东,珠三角,佛山,南海区,桂城街道,G2219,南海区桂城街道中区社区三山森林公园气象观测站,113.2,23.1,1,B,2022-06-20 00:00:00
广东,珠三角,佛山,三水区,南山镇,G2220,三水区南山镇六和村委气象观测站,112.8,23.4,1,B,2003-03-01 00:00:00
广东,珠三角,佛山,禅城区,张槎街道,G2221,禅城区张槎街道办事处气象观测站,113.2,23,1,"B,X",2003-01-01 00:00:00
广东,珠三角,佛山,禅城区,石湾镇街道,G2222,禅城区石湾镇街道奇槎社区奇槎旧泵站气象观测站,113.1,22.9,1,"B,Q,X",2003-01-01 00:00:00
广东,珠三角,佛山,禅城区,祖庙街道,G2223,禅城区祖庙街道文北社区第一中学气象观测站,113.2,23,1,"B,X",2003-01-01 00:00:00
广东,珠三角,佛山,三水区,南山镇,G2224,三水区南山镇中心小学气象观测站,112.8,23.5,1,"B,X",2003-12-01 00:00:00
广东,珠三角,佛山,禅城区,南庄镇,G2225,禅城区南庄镇水利所气象观测站,113.1,22.9,1,"B,X",2005-06-01 00:00:00
广东,珠三角,佛山,禅城区,南庄镇,G2226,禅城区南庄镇梧村平流水闸气象观测站,113,22.9,1,B,2005-06-01 00:00:00
广东,珠三角,佛山,三水区,大塘镇,G2227,三水区大塘镇水利所气象观测站,112.8,23.4,1,B,2006-04-01 00:00:00
广东,珠三角,佛山,三水区,白坭镇,G2228,三水区白坭镇水利所气象观测站,112.9,22.9,1,"B,X",2006-04-01 00:00:00
广东,珠三角,佛山,顺德区,大良街道,G2230,顺德区大良街道文秀社区登俊山气象观测站,113.3,22.9,1,B,2003-01-01 00:00:00
广东,珠三角,佛山,顺德区,大良街道,G2231,顺德区大良街道逢沙村顺德港气象观测站,113.4,22.8,1,"B,X,g,p",2003-01-01 00:00:00
广东,珠三角,佛山,顺德区,伦教街道,G2232,顺德区伦教街道三洲社区三洲大洲水闸气象观测站,113.4,23,1,"B,X",2003-01-01 00:00:00
广东,珠三角,佛山,顺德区,陈村镇,G2233,顺德区陈村镇潭州村花卉世界气象观测站,113.1,22.9,1,B,2003-01-01 00:00:00
广东,珠三角,佛山,顺德区,乐从镇,G2234,顺德区乐从镇东平社区佛山世纪莲体育中心气象观测站,113.1,23.1,1,"B,X,p,r",2003-01-01 00:00:00
广东,珠三角,佛山,顺德区,杏坛镇,G2235,顺德区杏坛镇光华村潘祥中学气象观测站,113.2,22.8,1,B,2003-01-01 00:00:00
广东,珠三角,佛山,顺德区,容桂街道,G2236,顺德区容桂街道红旗社区华丰沙水闸气象观测站,113.2,22.7,1,"B,X",2003-01-01 00:00:00
广东,珠三角,佛山,顺德区,均安镇,G2237,顺德区均安镇星槎村均安水利会气象观测站,113.2,22.6,1,"B,X",2003-01-01 00:00:00
广东,珠三角,佛山,顺德区,北滘镇,G2238,顺德区北滘镇莘村村委莘村中学气象观测站,113.2,23,1,"B,X",2003-01-31 00:00:00
广东,珠三角,佛山,顺德区,勒流街道,G2239,顺德区勒流街道众涌村众涌小学气象观测站,113.2,22.9,1,B,2003-01-01 00:00:00
广东,珠三角,佛山,南海区,桂城街道,G2240,南海区桂城街道文翰社区三山科创中心气象观测站,113.2,23,1,B,2003-01-01 00:00:00
广东,珠三角,佛山,顺德区,龙江镇,G2241,顺德区龙江镇左滩村新世纪农业园气象观测站,113,22.9,1,B,2003-01-01 00:00:00
广东,珠三角,佛山,顺德区,大良街道,G2242,顺德区大良街道苏岗社区区政府气象观测站,113.4,22.7,1,"B,X",2003-01-31 00:00:00
广东,珠三角,佛山,顺德区,容桂街道,G2243,顺德区容桂街道华口社区华口小学气象观测站,113.4,22.7,1,B,2003-01-01 00:00:00
广东,珠三角,佛山,顺德区,伦教街道,G2244,顺德区伦教街道羊额村良仁涌水闸气象观测站,113.3,22.8,1,"B,X",2003-01-01 00:00:00
广东,珠三角,佛山,顺德区,北滘镇,G2245,顺德区北滘桃村桃西中学气象观测站,113.3,22.9,1,"B,X",2003-01-01 00:00:00
广东,珠三角,佛山,顺德区,杏坛镇,G2246,顺德区杏坛镇高赞村委气象观测站,113.2,22.7,1,"B,X",2003-01-01 00:00:00
广东,珠三角,佛山,南海区,里水镇,G2247,南海区里水镇得胜南厅水闸气象观测站,113.1,23.2,1,B,2022-03-30 00:00:00
广东,珠三角,佛山,南海区,里水镇,G2248,南海区里水镇麻奢村委气象观测站,113.2,23.3,1,B,2022-03-31 00:00:00
广东,珠三角,佛山,南海区,里水镇,G2249,南海区里水镇贤僚电排站气象观测站,113.2,23.3,1,B,2022-03-29 00:00:00
广东,珠三角,佛山,南海区,里水镇,G2250,南海区里水镇小布村委气象观测站,113.1,23.4,1,B,2022-03-04 00:00:00
广东,珠三角,佛山,南海区,里水镇,G2251,南海区里水镇鹤峰村委气象观测站,113.2,23.2,1,B,2022-03-22 00:00:00
广东,珠三角,佛山,南海区,桂城街道,G2252,南海区桂城街道新填地水闸气象观测站,113.2,23.1,1,B,2022-01-24 00:00:00
广东,珠三角,佛山,南海区,桂城街道,G2253,南海区桂城街道平胜村委气象观测站,113.2,23,1,B,2022-03-01 00:00:00
广东,珠三角,佛山,南海区,丹灶镇,G2254,南海区丹灶镇应急管理办气象观测站,113,23.1,1,"B,p",2022-03-17 00:00:00
广东,珠三角,佛山,南海区,丹灶镇,G2255,南海区丹灶镇良登村委气象观测站,112.8,23,1,B,2022-03-18 00:00:00
广东,珠三角,佛山,南海区,桂城街道,G2256,南海区桂城街道千灯湖魁星阁气象（环保）观测站,113.2,23.1,1,B,2021-11-30 00:00:00
广东,珠三角,佛山,南海区,九江镇,G2257,南海区九江镇海寿岛养殖尾水处理区气象观测站,113.1,22.8,1,B,2021-11-26 00:00:00
广东,珠三角,佛山,南海区,西樵镇,G2258,南海区西樵镇平沙东渡口应用气象观测站,113,22.9,1,B,2021-11-26 00:00:00
广东,珠三角,佛山,南海区,桂城街道,G2259,南海区桂城街道桂一社区南方电网实操基地气象（环保）观测站,113.2,23.1,1,B,2021-12-01 00:00:00
广东,珠三角,佛山,南海区,桂城街道,G2260,南海区桂城街道北约社区北约居委会停车场气象（环保）观测站,113.2,23.1,1,B,2021-11-29 00:00:00
广东,珠三角,佛山,南海区,大沥镇,G2261,南海区大沥镇沥雄社区大沥水利所气象观测站,113.1,23,1,"B,X",2003-01-01 00:00:00
广东,珠三角,佛山,南海区,九江镇,G2263,南海区九江镇沙头社区人字水闸气象观测站,113,22.8,1,B,2003-01-01 00:00:00
广东,珠三角,佛山,南海区,西樵镇,G2264,南海区西樵镇西樵社区官山大泵站气象观测站,112.9,22.9,1,B,2003-01-01 00:00:00
广东,珠三角,佛山,南海区,九江镇,G2265,南海区九江镇上西村九江水利所气象观测站,112.9,22.8,1,"B,X",2003-01-01 00:00:00
广东,珠三角,佛山,顺德区,大良街道,G2266,顺德区大良街道逢沙村德胜体育中心气象观测站,113.3,22.9,1,"B,p,r",2025-05-08 00:00:00
广东,珠三角,佛山,南海区,狮山镇,G2267,南海区狮山镇佛山西站气象观测站,113,23,1,"B,X",2003-01-01 00:00:00
广东,珠三角,佛山,南海区,狮山镇,G2268,南海区狮山镇官窑社区官窑水利站气象观测站,113.2,23.3,1,B,2005-02-28 00:00:00
广东,珠三角,佛山,南海区,狮山镇,G2270,南海区狮山镇罗村社区罗村水利站气象观测站,113,23.1,1,"B,X",2005-02-28 00:00:00
广东,珠三角,佛山,南海区,丹灶镇,G2271,南海区丹灶镇沙滘社区丹灶水利所气象观测站,112.9,23.1,1,"B,X",2005-02-28 00:00:00
广东,珠三角,佛山,南海区,大沥镇,G2272,南海区大沥镇盐步社区盐步水利站气象观测站,113.3,23.2,1,"B,X",2005-02-28 00:00:00
广东,珠三角,佛山,南海区,狮山镇,G2273,南海区狮山镇小塘社区狮山水利所气象观测站,113,23.1,1,"B,X",2005-02-28 00:00:00
广东,珠三角,佛山,南海区,桂城街道,G2274,南海区桂城街道平西社区桂城水利所气象观测站,113.2,23,1,"B,X",2006-04-01 00:00:00
广东,珠三角,佛山,南海区,里水镇,G2275,南海区里水镇金溪社区水利排灌养护站气象观测站,113.2,23.2,1,"B,X",2006-04-01 00:00:00
广东,珠三角,佛山,南海区,狮山镇,G2276,南海区狮山镇万石村东风水库气象观测站,113.1,23.3,1,"B,X",2006-04-01 00:00:00
广东,珠三角,佛山,顺德区,大良街道,G2278,顺德区“十五运”便携式应用气象观测站,113.2,22.9,1,"B,z97",2026-05-29 00:00:00
广东,珠三角,佛山,南海区,狮山镇,G2279,南海区狮山镇桃园社区南海技师学校气象（环保）观测站,113.1,23.3,1,B,2019-09-09 00:00:00
广东,珠三角,佛山,南海区,狮山镇,G2280,南海区狮山镇仙溪村仙溪排灌管理中心气象（环保）观测站,113.1,23.1,1,B,2019-09-09 00:00:00
广东,珠三角,佛山,南海区,大沥镇,G2281,南海区大沥镇联胜村河东小学气象（环保）观测站,113.3,23.2,1,B,2019-09-09 00:00:00
广东,珠三角,佛山,南海区,里水镇,G2282,南海区里水镇和顺乡和顺中心小学气象（环保）观测站,113.1,23.3,1,B,2019-09-09 00:00:00
广东,珠三角,佛山,三水区,云东海街道,G2285,三水区云东海街道省女子所气象观测站,112.8,23.1,1,B,2020-10-30 00:00:00
广东,珠三角,佛山,三水区,云东海街道,G2286,三水区云东海街道省第四戒毒所气象观测站,112.8,23.3,1,B,2020-10-22 00:00:00
广东,珠三角,佛山,三水区,云东海街道,G2287,三水区云东海街道飞鹅影水库气象观测站,112.8,23.1,1,B,2020-10-22 00:00:00
广东,珠三角,佛山,三水区,云东海街道,G2288,三水区云东海街道宝月小学气象观测站,112.8,23.2,1,B,2020-10-22 00:00:00
广东,珠三角,佛山,三水区,云东海街道,G2289,三水区云东海街道下东鲁小学气象观测站,112.9,23.1,1,B,2020-10-22 00:00:00
广东,珠三角,佛山,三水区,乐平镇,G2290,三水区乐平镇南边南丰戒毒所气象观测站,112.9,23.4,1,B,2020-10-22 00:00:00
广东,珠三角,佛山,三水区,乐平镇,G2291,三水区乐平镇黄塘泵站气象观测站,112.8,23.2,1,B,2020-10-22 00:00:00
广东,珠三角,佛山,三水区,乐平镇,G2292,三水区乐平镇新旗村委气象观测站,113,23.3,1,B,2020-10-22 00:00:00
广东,珠三角,佛山,三水区,乐平镇,G2293,三水区乐平镇黄婆坑水库气象观测站,113,23.3,1,B,2020-10-22 00:00:00
广东,珠三角,佛山,三水区,乐平镇,G2294,三水区乐平镇范湖小学气象观测站,113,23.2,1,B,2020-10-22 00:00:00
广东,珠三角,佛山,三水区,乐平镇,G2295,三水区乐平镇防汛物资仓库气象观测站,113.1,23.3,1,B,2020-10-22 00:00:00
广东,珠三角,佛山,三水区,乐平镇,G2296,三水区乐平镇大岗村委气象观测站,112.8,23.3,1,B,2020-10-22 00:00:00
广东,珠三角,佛山,三水区,乐平镇,G2297,三水区乐平镇侨鑫生态园气象观测站,112.8,23.2,1,B,2020-10-22 00:00:00
广东,珠三角,佛山,三水区,芦苞镇,G2298,三水区芦苞镇四合村委气象观测站,112.9,23.3,1,B,2020-10-22 00:00:00
广东,珠三角,佛山,三水区,大塘镇,G2299,三水区大塘镇六一莲洲电排站气象观测站,112.8,23.4,1,B,2020-10-22 00:00:00
广东,粤西,阳江,江城区,闸坡镇,G2304,海陵岛大角湾气象观测站,111.8,21.6,1,"B,C,E,Q,p",2003-02-28 00:00:00
广东,粤西,阳江,江城区,埠场镇,G2305,江城埠场气象观测站,111.8,21.8,1,"B,C",2003-01-31 00:00:00
广东,粤西,阳江,阳春市,岗美镇,G2306,阳春岗美气象观测站,111.7,22.1,1,B,2003-11-30 00:00:00
广东,粤西,阳江,江城区,南恩街道,G2307,江城波陵园气象观测站,112,21.9,1,"B,X",2008-12-31 00:00:00
广东,粤西,阳江,江城区,白沙街道,G2308,江城白沙国家气象观测站,111.7,21.9,1,B,2008-12-31 00:00:00
广东,粤西,阳江,江城区,平冈镇,G2309,江城平冈农场气象观测站,111.9,21.7,1,"B,C",2008-12-31 00:00:00
广东,粤西,阳江,江城区,闸坡镇,G2310,海陵大堤国家气象观测站,111.9,21.7,1,"B,C,E,X",2009-04-30 00:00:00
广东,粤西,阳江,江城区,平冈镇,G2311,阳江港特大桥气象观测站,111.7,21.8,1,B,2009-09-02 00:00:00
广东,粤西,阳江,江城区,平冈镇,G2314,江城平冈吉树岛气象观测站,111.8,21.6,1,"B,E",2012-07-21 00:00:00
广东,粤西,阳江,江城区,双捷镇,G2317,江城双捷气象观测站,111.9,22,1,B,2009-09-01 00:00:00
广东,粤西,阳江,阳东区,北惯镇,G2318,阳东北惯国家气象观测站,112.1,22,1,"B,X",2010-01-12 00:00:00
广东,粤西,阳江,阳东区,塘坪镇,G2319,阳东塘坪国家气象观测站,111.9,22,1,"B,X",2009-11-30 00:00:00
广东,粤西,阳江,阳东区,东平镇,G2320,阳东东平气象观测站,112.2,21.7,1,"B,X",2003-01-31 00:00:00
广东,粤西,阳江,阳东区,新洲镇,G2321,阳东新洲气象观测站,112.2,21.8,1,B,2003-01-31 00:00:00
广东,粤西,阳江,阳东区,合山镇,G2322,阳东合山机场气象观测站,112,21.9,1,B,2003-01-31 00:00:00
广东,粤西,阳江,阳东区,大八镇,G2323,阳东大八气象观测站,111.9,22,1,B,2003-11-01 00:00:00
广东,粤西,阳江,阳东区,雅韶镇,G2325,阳东雅韶气象观测站,111.9,21.8,1,"B,C",2003-11-01 00:00:00
广东,粤西,阳江,阳东区,东城镇,G2326,阳东东城气象观测站,112,21.9,1,"B,Q,X",2008-12-31 00:00:00
广东,粤西,阳江,阳东区,那龙镇,G2327,阳东那龙气象观测站,112.3,22,1,B,2008-12-31 00:00:00
广东,粤西,阳江,阳东区,红丰镇,G2328,阳东红丰气象观测站,111.8,22,1,B,2008-12-31 00:00:00
广东,粤西,阳江,江城区,闸坡镇,G2329,海陵岛海洋气象观测站,111.8,21.7,0,B,2010-08-09 00:00:00
广东,粤西,阳江,阳西县,程村镇,G2330,阳西程村红光气象观测站,111.7,21.8,1,"B,X",2003-01-31 00:00:00
广东,粤西,阳江,阳西县,织篢镇,G2331,阳西织篢气象观测站,111.7,21.8,1,"B,Q",2003-01-31 00:00:00
广东,粤西,阳江,阳西县,沙扒镇,G2332,阳西沙扒盐场国家气象观测站,111.4,21.6,1,"B,C,X",2003-01-31 00:00:00
广东,粤西,阳江,阳西县,塘口镇,G2333,阳西塘口气象观测站,111.6,21.7,1,"B,g",2008-12-31 00:00:00
广东,粤西,阳江,阳西县,溪头镇,G2334,阳西溪头国家气象观测站,111.7,21.7,1,"B,C,X",2008-12-31 00:00:00
广东,粤西,阳江,阳西县,儒洞镇,G2335,阳西儒洞气象观测站,111.4,21.5,1,B,2008-12-31 00:00:00
广东,粤西,阳江,阳西县,新墟镇,G2336,阳西新墟气象观测站,111.5,21.7,1,"B,X",2008-12-31 00:00:00
广东,粤西,阳江,阳西县,上洋镇,G2337,阳西上洋气象观测站,111.5,21.6,1,"B,C",2009-01-01 00:00:00
广东,粤西,阳江,阳东区,大沟镇,G2338,阳东大沟华洞国家气象观测站,112.1,21.8,1,"B,X",2009-05-06 00:00:00
广东,粤西,阳江,阳春市,八甲镇,G2340,阳春八甲国家气象观测站,111.5,21.9,1,"B,X",2003-01-01 00:00:00
广东,粤西,阳江,阳春市,春湾镇,G2342,阳春春湾气象观测站,111.8,22.4,1,"B,X",2003-01-01 00:00:00
广东,粤西,阳江,阳春市,河口镇,G2343,阳春河口国家气象观测站,111.8,21.9,1,B,2003-01-01 00:00:00
广东,粤西,阳江,阳春市,圭岗镇,G2344,阳春圭岗国家气象观测站,111.7,22.5,1,"B,X",2003-01-01 00:00:00
广东,粤西,阳江,阳春市,河朗镇,G2345,阳春河朗国家气象观测站,111.9,22.5,1,B,2003-01-01 00:00:00
广东,粤西,阳江,阳春市,三甲镇,G2346,阳春三甲气象观测站,111.5,22.1,1,B,2003-01-01 00:00:00
广东,粤西,阳江,阳春市,合水镇,G2347,阳春合水气象观测站,111.8,22.3,1,B,2003-01-01 00:00:00
广东,粤西,阳江,阳春市,永宁镇,G2348,阳春永宁气象观测站,111.6,22.2,1,"B,X",2003-01-01 00:00:00
广东,粤西,阳江,阳春市,双滘镇,G2350,阳春双滘气象观测站,111.4,22.1,1,B,2008-12-31 00:00:00
广东,粤西,阳江,阳春市,马水镇,G2351,阳春马水气象观测站,111.6,22.2,1,B,2008-12-31 00:00:00
广东,粤西,阳江,阳春市,潭水镇,G2352,阳春潭水气象观测站,111.6,22,1,"B,X",2008-12-31 00:00:00
广东,粤西,阳江,阳春市,松柏镇,G2353,阳春松柏大塘岗气象观测站,111.8,22.4,1,B,2008-12-31 00:00:00
广东,粤西,阳江,阳春市,陂面镇,G2354,阳春陂面气象观测站,111.8,22.2,1,B,2008-12-31 00:00:00
广东,粤西,阳江,阳春市,石望镇,G2355,阳春石望气象观测站,112,22.4,1,B,2008-12-31 00:00:00
广东,粤西,阳江,阳东区,东平镇,G2356,南鹏岛备份气象观测站,112.3,21.5,0,B,2009-05-12 00:00:00
广东,粤西,阳江,阳东区,东平镇,G2359,阳东东平国家气象观测站,112.2,21.8,1,"B,C",2011-05-06 00:00:00
广东,粤西,阳江,阳东区,东平镇,G2360,阳东东平山坡气象观测站,112.2,21.6,1,"B,C",2011-05-06 00:00:00
广东,粤西,阳江,阳春市,圭岗镇,G2362,阳春圭岗那柳气象观测站,111.8,22.2,1,B,2014-03-21 00:00:00
广东,粤西,阳江,阳春市,永宁镇,G2363,阳春永宁新合气象观测站,111.4,22.3,1,B,2014-03-23 00:00:00
广东,粤西,阳江,阳春市,三甲镇,G2364,阳春三甲山坪气象观测站,111.5,22.2,1,B,2014-03-13 00:00:00
广东,粤西,阳江,阳春市,春湾镇,G2365,阳春春湾卫国气象观测站,111.9,22.5,1,B,2014-03-13 00:00:00
广东,粤西,阳江,阳春市,河口镇,G2366,阳春河口上双气象观测站,111.5,22,1,B,2014-01-06 00:00:00
广东,粤西,阳江,阳春市,岗美镇,G2367,阳春岗美轮源气象观测站,111.8,22.1,1,B,2014-01-24 00:00:00
广东,粤西,阳江,阳西县,织贡镇,G2368,阳西织篢牛头岭国家气象观测站,111.5,21.9,1,B,2014-06-16 00:00:00
广东,粤西,阳江,阳西县,沙扒镇,G2369,阳西沙扒中学气象观测站,111.5,21.6,1,B,2014-06-13 00:00:00
广东,粤西,阳江,阳西县,新墟镇,G2370,阳西新墟东水气象观测站,111.4,21.8,1,B,2014-07-14 00:00:00
广东,粤西,阳江,阳春市,松柏镇,G2372,阳春松柏云容气象观测站,111.8,22.6,1,B,2014-03-14 00:00:00
广东,粤西,湛江,遂溪县,岭北镇,G2400,遂溪岭北国家气象观测站,110.2,21.2,1,B,2017-03-27 00:00:00
广东,粤西,湛江,麻章区,东简街道,G2401,东海岛东简镇龙水村气象观测站,110.5,21.1,1,"B,E",2017-01-06 00:00:00
广东,粤西,湛江,雷州市,客路镇,G2402,雷州市奋勇高新区管委会气象观测站,109.9,21.1,1,B,2017-07-06 00:00:00
广东,粤西,湛江,坡头区,乾塘镇,G2403,湛江市坡头区乾塘镇新川西村气象观测站,110.6,21.2,1,"B,E",2022-06-20 00:00:00
广东,粤西,湛江,遂溪县,遂城街道,G2404,遂溪县遂城街道兰海高速渝湛路段交通气象观测站,110.2,21.3,1,"B,U",2022-11-04 00:00:00
广东,粤西,湛江,遂溪县,城月镇,G2405,遂溪县城月镇沈海高速遂溪服务区交通气象观测站,110,21,1,"B,U",2022-11-04 00:00:00
广东,粤西,湛江,坡头区,乾塘镇,G2406,湛江市坡头区乾塘镇新川西村气象观测站（备份站）,110.7,21.2,1,"B,E",2022-08-25 00:00:00
广东,粤西,湛江,廉江市,良垌镇,G2407,廉江市良垌镇化廉高速交通气象观测站,110.5,21.5,1,"B,U",2022-10-20 00:00:00
广东,粤西,湛江,霞山区,友谊街道,G2408,霞山区友谊街道湛江港国际集装箱码头气象观测站,110.3,21.2,1,B,2023-07-16 00:00:00
广东,粤西,湛江,霞山区,友谊街道,G2409,霞山区友谊街道湛江港国际集装箱码头气象观测站（备份站）,110.4,21.2,1,B,2023-07-16 00:00:00
广东,粤西,湛江,霞山区,友谊街道,G2410,霞山区友谊街道湛江港第一分公司气象观测站,110.5,21.2,1,B,2023-07-10 00:00:00
广东,粤西,湛江,霞山区,友谊街道,G2411,霞山区友谊街道湛江港第一分公司气象观测站（备份站）,110.5,21.1,1,B,2023-07-10 00:00:00
广东,粤西,湛江,赤坎区,调顺街道,G2412,赤坎区调顺街道湛江港第三分公司气象观测站,110.4,21.4,1,B,2023-07-10 00:00:00
广东,粤西,湛江,赤坎区,调顺街道,G2413,赤坎区调顺街道湛江港第三分公司气象观测站（备份站）,110.5,21.2,1,B,2023-07-10 00:00:00
广东,粤西,湛江,麻章区,东简街道,G2414,东海岛东简街道宝钢码头气象观测站,110.5,21.1,1,B,2023-07-10 00:00:00
广东,粤西,湛江,麻章区,东简街道,G2415,东海岛东简街道宝钢码头气象观测站（备份站）,110.4,21.2,1,B,2023-07-10 00:00:00
广东,粤西,湛江,雷州市,龙门镇,G2416,雷州市龙门镇沈海高速雷州服务区交通气象观测站,109.9,20.8,1,"B,U",2023-11-13 00:00:00
广东,粤西,湛江,霞山区,新园街道,G2420,霞山新园国家气象观测站,110.5,21.3,1,"B,C",2003-01-31 00:00:00
广东,粤西,湛江,赤坎区,寸金街道,G2421,赤坎区寸金街道湛江市水务局气象观测站,110.4,21.3,1,"B,C",2003-01-31 00:00:00
广东,粤西,湛江,麻章区,东简街道,G2422,东海岛东山镇中科炼化厂气象观测站,110.5,21,1,"B,C,E",2003-01-31 00:00:00
广东,粤西,湛江,霞山区,海滨街道,G2423,湛江市海湾大桥气象观测站,110.4,21.2,1,B,2008-12-31 00:00:00
广东,粤西,湛江,坡头区,南三镇,G2424,坡头区南三镇沙腰村气象观测站,110.5,21.1,1,"B,C,E,X",2008-03-01 00:00:00
广东,粤西,湛江,麻章区,麻章镇,G2425,麻章区麻章镇麻东大道西侧气象观测站,110.4,21.2,1,"B,C,X",2008-03-01 00:00:00
广东,粤西,湛江,麻章区,太平镇,G2426,麻章区太平镇民主街气象观测站,110.2,21,1,"B,C,X",2008-10-01 00:00:00
广东,粤西,湛江,坡头区,坡头镇,G2427,坡头区坡头镇坡头镇政府气象观测站,110.5,21.2,1,"B,C,X",2008-09-03 00:00:00
广东,粤西,湛江,坡头区,官渡镇,G2428,湛江市坡头区官渡镇政府气象观测站,110.4,21.3,1,B,2012-11-28 00:00:00
广东,粤西,湛江,徐闻县,海安镇,G2440,徐闻县海安镇政府气象观测站,110.2,20.3,1,"B,C,X",2003-05-31 00:00:00
广东,粤西,湛江,徐闻县,徐城街道,G2441,徐闻县徐城街道气象局气象观测站,110.1,20.2,1,"B,C",2003-05-31 00:00:00
广东,粤西,湛江,徐闻县,角尾乡,G2442,徐闻县角尾乡人民政府气象观测站,109.9,20.2,1,"B,C",2003-05-31 00:00:00
广东,粤西,湛江,徐闻县,前山镇,G2443,徐闻县前山镇政府气象观测站,110.5,20.5,1,"B,C",2003-12-31 00:00:00
广东,粤西,湛江,徐闻县,曲界镇,G2444,徐闻县曲界镇海欧农场气象观测站,110.3,20.5,1,"B,C,X",2003-05-31 00:00:00
广东,粤西,湛江,徐闻县,前山镇,G2445,徐闻县前山镇前海村气象观测站,110.5,20.5,1,"B,E",2022-07-07 00:00:00
广东,粤西,湛江,徐闻县,和安镇,G2446,徐闻县和安镇政府气象观测站,110.3,20.5,1,"B,C",2004-08-31 00:00:00
广东,粤西,湛江,徐闻县,前山镇,G2447,徐闻县前山镇前海村气象观测站(备份站）,110.5,20.5,1,"B,E",2022-07-12 00:00:00
广东,粤西,湛江,徐闻县,龙塘镇,G2448,徐闻县龙塘镇赤渔村委会气象观测站,110.4,20.4,1,"B,C",2006-06-30 00:00:00
广东,粤西,湛江,徐闻县,海安镇,G2449,徐闻县海安镇海安新港气象观测站,110.2,20.3,1,B,2003-06-01 00:00:00
广东,粤西,湛江,吴川市,覃巴镇,G2450,吴川市覃巴镇吉兆村气象观测站,111,21.5,1,"B,C",2003-04-30 00:00:00
广东,粤西,湛江,吴川市,黄坡镇,G2451,吴川市黄坡镇财政所气象观测站,110.7,21.4,1,"B,C,X",2006-05-27 00:00:00
广东,粤西,湛江,吴川市,浅水镇,G2452,吴川市浅水镇政府气象观测站,110.7,21.6,1,"B,C",2003-04-30 00:00:00
广东,粤西,湛江,吴川市,振文镇,G2453,吴川市振文镇政府气象观测站,110.7,21.5,1,"B,C,X",2008-12-31 00:00:00
广东,粤西,湛江,吴川市,兰石镇,G2454,吴川市兰石镇政府气象观测站,110.8,21.5,1,"B,C",2008-12-31 00:00:00
广东,粤西,湛江,吴川市,塘缀镇,G2455,吴川市塘缀镇山瑶村气象观测站,110.5,21.3,1,B,2012-11-29 00:00:00
广东,粤西,湛江,吴川市,王村港镇,G2456,吴川市王村港镇王村港中学气象观测站,111,21.4,1,B,2012-12-04 00:00:00
广东,粤西,湛江,吴川市,吴阳镇,G2457,吴川市吴阳镇政府气象观测站,110.8,21.3,1,"B,X",2012-12-03 00:00:00
广东,粤西,湛江,吴川市,樟铺镇,G2458,吴川市樟铺镇政府气象观测站,110.8,21.5,1,"B,X",2012-12-04 00:00:00
广东,粤西,湛江,吴川市,梅菉街道,G2459,吴川市梅菉街道气象观测站,110.8,21.4,1,B,2003-04-30 00:00:00
广东,粤西,湛江,廉江市,良垌镇,G2460,廉江市良垌镇气象观测站,110.3,21.4,1,"B,C",2003-02-28 00:00:00
广东,粤西,湛江,廉江市,石角镇,G2461,廉江市石角镇气象观测站,110.2,21.8,1,"B,C,X",2003-02-28 00:00:00
广东,粤西,湛江,廉江市,安铺镇,G2462,廉江市安铺镇气象观测站,110,21.5,1,B,2012-11-22 00:00:00
广东,粤西,湛江,廉江市,罗州街道,G2463,廉江市罗州街道中环二路气象观测站,110.2,21.6,1,"B,C,X",2007-01-01 00:00:00
广东,粤西,湛江,廉江市,长山镇,G2464,廉江市长山镇气象观测站,109.9,21.9,1,"B,C,X",2003-02-28 00:00:00
广东,粤西,湛江,廉江市,吉水镇,G2465,廉江市吉水镇气象观测站,110.3,21.7,1,"B,X",2012-11-30 00:00:00
广东,粤西,湛江,廉江市,青平镇,G2466,廉江市青平镇气象观测站,109.9,21.6,1,"B,X",2012-11-22 00:00:00
广东,粤西,湛江,廉江市,石颈镇,G2467,廉江市石颈镇气象观测站,110.1,21.7,1,B,2012-11-22 00:00:00
广东,粤西,湛江,廉江市,高桥镇,G2468,廉江市高桥镇气象观测站,109.8,21.7,1,"B,C",2003-02-28 00:00:00
广东,粤西,湛江,遂溪县,城月镇,G2470,遂溪城月国家气象观测站,110.2,21.2,1,"B,C,X",2003-01-01 00:00:00
广东,粤西,湛江,遂溪县,港门镇,G2471,遂溪县港门镇人民路气象观测站,109.8,21.3,1,"B,X",2012-11-22 00:00:00
广东,粤西,湛江,遂溪县,草潭镇,G2472,遂溪县草潭镇解放路气象观测站,109.8,21.2,1,"B,C,X",2003-01-01 00:00:00
广东,粤西,湛江,遂溪县,洋青镇,G2473,遂溪县洋青镇府前路气象观测站,110.2,21.3,1,"B,C,X",2003-01-31 00:00:00
广东,粤西,湛江,遂溪县,界炮镇,G2474,遂溪界炮国家气象观测站,110,21.5,1,"B,C,X",2008-12-31 00:00:00
广东,粤西,湛江,遂溪县,北坡镇,G2475,遂溪北坡国家气象观测站,109.9,21.3,1,"B,C,X",2008-12-31 00:00:00
广东,粤西,湛江,遂溪县,岭北镇,G2476,遂溪县岭北镇甘岭路气象观测站,110.1,21.3,1,"B,C,X",2008-12-31 00:00:00
广东,粤西,湛江,遂溪县,江洪镇,G2477,遂溪江洪国家气象观测站,109.8,21,1,"B,C",2006-05-31 00:00:00
广东,粤西,湛江,遂溪县,黄略镇,G2478,遂溪县黄略镇泰安路气象观测站,110.3,21.3,1,"B,X",2012-11-22 00:00:00
广东,粤西,湛江,遂溪县,遂城街道,G2479,遂溪县遂城街道气象局（旧址）气象观测站,110.2,21.3,1,B,2003-01-01 00:00:00
广东,粤西,湛江,雷州市,客路镇,G2480,雷州市客路镇气象观测站,109.9,21,1,"B,C",2003-01-31 00:00:00
广东,粤西,湛江,雷州市,附城镇,G2481,雷州市附城镇气象局（旧址）气象观测站,110.1,20.9,1,"B,C,X",2010-06-28 00:00:00
广东,粤西,湛江,雷州市,雷高镇,G2482,雷州市雷高镇南光农场气象观测站,110.2,20.7,1,B,2003-01-31 00:00:00
广东,粤西,湛江,雷州市,东里镇,G2483,雷州市东里镇气象观测站,110.3,20.9,1,"B,C",2003-01-31 00:00:00
广东,粤西,湛江,雷州市,唐家镇,G2484,雷州市唐家镇气象观测站,109.8,20.9,1,"B,C",2003-01-31 00:00:00
广东,粤西,湛江,雷州市,乌石镇,G2485,雷州市乌石镇乌石盐场气象观测站,109.7,20.6,1,"B,C",2003-04-30 00:00:00
广东,粤西,湛江,雷州市,龙门镇,G2486,雷州市龙门国家气象观测站,110.1,20.6,1,"B,C,X",2006-05-31 00:00:00
广东,粤西,湛江,雷州市,企水镇,G2487,雷州市企水镇气象观测站,109.8,20.8,1,B,2003-04-01 00:00:00
广东,粤西,湛江,雷州市,调风镇,G2488,雷州调风国家气象观测站,110.2,20.7,1,"B,C,X",2004-06-07 00:00:00
广东,粤西,湛江,雷州市,龙门镇,G2489,雷州市龙门镇金星农场气象观测站,110.1,20.6,1,B,2003-01-31 00:00:00
广东,粤西,湛江,廉江市,长山镇,G2490,廉江市长山镇南湛高速长山服务区交通气象观测站,109.9,21.9,1,B,2026-05-07 00:00:00
广东,粤西,茂名,电白区,沙琅镇,G2501,电白区沙琅镇府前路气象观测站,111.2,21.8,1,"B,C",2004-08-31 00:00:00
广东,粤西,茂名,信宜市,思贺镇,G2502,信宜市思贺镇气象观测站,111.5,22.5,1,B,2004-08-31 00:00:00
广东,粤西,茂名,高州市,马贵镇,G2503,高州市马贵镇气象观测站,111.3,22.2,1,B,2004-08-31 00:00:00
广东,粤西,茂名,高州市,根子镇,G2504,高州市根子镇茅坡气象观测站,111.1,21.8,1,B,2004-08-31 00:00:00
广东,粤西,茂名,化州市,平定镇,G2505,化州市平定镇大岭村气象观测站,110.4,21.9,1,B,2004-08-31 00:00:00
广东,粤西,茂名,电白区,林头镇,G2506,电白区林头镇丰泽路气象观测站,111.1,21.6,1,"B,X",2004-08-31 00:00:00
广东,粤西,茂名,茂南区,茂南区辖区,G2507,茂南区新福五路愉园小学气象观测站,110.9,21.6,1,B,2017-12-06 00:00:00
广东,粤西,茂名,电白区,沙院镇,G2508,电白区沙院镇木苏村气象观测站,110.9,21.5,1,"B,C,X",2004-08-31 00:00:00
广东,粤西,茂名,茂南区,茂南区辖区,G2509,茂南区计星北路气象观测站,111,21.6,1,"B,Q,X",2004-08-31 00:00:00
广东,粤西,茂名,茂南区,茂南区辖区,G2510,茂南区厂前路茂名石化炼油厂气象观测站,110.9,21.8,1,"B,X",2007-11-01 00:00:00
广东,粤西,茂名,茂南区,鳌头镇,G2513,茂南区鳌头镇气象观测站,110.8,21.6,1,"B,X",2007-11-01 00:00:00
广东,粤西,茂名,电白区,七迳镇,G2514,茂名市高新区众和呈驰气象观测站,110.9,21.5,1,B,2026-07-28 00:00:00
广东,粤西,茂名,茂南区,茂南区辖区,G2515,茂南区高凉北路祥和中学气象观测站,110.9,21.6,1,"B,X",2007-11-01 00:00:00
广东,粤西,茂名,电白区,羊角镇,G2516,茂南区羊角镇气象观测站,111,21.6,1,"B,X",2007-11-01 00:00:00
广东,粤西,茂名,茂南区,公馆镇,G2517,茂南区镇盛镇茂名森林公园气象观测站,110.8,21.7,1,"B,X",2007-11-01 00:00:00
广东,粤西,茂名,电白区,小良镇,G2518,电白区小良镇水土保持生态风景区气象观测站,110.8,21.5,1,"B,C",2007-11-01 00:00:00
广东,粤西,茂名,高州市,平山镇,G2520,高州市平山镇气象观测站,111.1,22.1,1,B,2008-05-01 00:00:00
广东,粤西,茂名,高州市,荷花镇,G2521,高州市荷花镇气象观测站,110.6,22.3,1,B,2004-08-31 00:00:00
广东,粤西,茂名,高州市,东岸镇,G2522,高州市东岸镇气象观测站,111,22.1,1,"B,X",2008-05-01 00:00:00
广东,粤西,茂名,高州市,深镇镇,G2523,高州市深镇镇气象观测站,111.2,22.3,1,B,2004-08-31 00:00:00
广东,粤西,茂名,高州市,长坡镇,G2524,高州市长坡镇长坡水库气象观测站,110.9,22,1,"B,d",2004-08-31 00:00:00
广东,粤西,茂名,高州市,大坡镇,G2525,高州市大坡镇气象观测站,111.1,22,1,B,2008-05-01 00:00:00
广东,粤西,茂名,高州市,荷塘镇,G2526,高州市荷塘镇气象观测站,110.6,22.1,1,"B,X",2004-08-31 00:00:00
广东,粤西,茂名,高州市,新垌镇,G2527,高州市新垌镇气象观测站,111,21.9,1,"B,X",2004-08-31 00:00:00
广东,粤西,茂名,高州市,沙田镇,G2528,高州市沙田镇气象观测站,110.8,21.8,1,"B,X",2008-05-01 00:00:00
广东,粤西,茂名,高州市,宝光街道,G2529,高州市宝光红花气象观测站,110.9,21.9,1,B,2004-09-01 00:00:00
广东,粤西,茂名,信宜市,镇隆镇,G2530,信宜市镇隆镇国家气象观测站,110.9,22.2,1,"B,X",2004-08-31 00:00:00
广东,粤西,茂名,信宜市,贵子镇,G2531,信宜市贵子镇气象观测站,111,22.7,1,B,2004-08-31 00:00:00
广东,粤西,茂名,信宜市,大成镇,G2532,信宜市大成镇气象观测站,111.2,22.4,1,B,2004-08-31 00:00:00
广东,粤西,茂名,信宜市,金垌镇,G2533,信宜市金垌镇径口气象观测站,110.7,22.6,1,B,2004-08-31 00:00:00
广东,粤西,茂名,信宜市,怀乡镇,G2534,信宜市怀乡镇国家气象观测站,111,22.4,1,"B,X",2004-08-31 00:00:00
广东,粤西,茂名,信宜市,合水镇,G2535,信宜市合水镇气象观测站,111.4,22.3,1,B,2004-08-31 00:00:00
广东,粤西,茂名,信宜市,平塘镇,G2536,信宜市平塘镇气象观测站,111.3,22.5,1,B,2008-04-30 00:00:00
广东,粤西,茂名,信宜市,北界镇,G2537,信宜市北界镇气象观测站,110.7,22.2,1,"B,X,g",2008-05-01 00:00:00
广东,粤西,茂名,信宜市,池洞镇,G2538,信宜市池洞镇气象观测站,111,22.3,1,"B,X",2008-04-30 00:00:00
广东,粤西,茂名,信宜市,东镇街道,G2539,信宜市玉都街道气象观测站,111,22.5,1,B,2010-08-09 00:00:00
广东,粤西,茂名,电白区,岭门镇,G2540,电白区岭门镇人民中路气象观测站,111.4,21.6,1,"B,C,X",2004-08-31 00:00:00
广东,粤西,茂名,电白区,观珠镇,G2541,电白区观珠镇府前气象观测站,111.1,21.7,1,B,2007-12-01 00:00:00
广东,粤西,茂名,滨海新区,博贺镇,G2542,广东博贺中心渔港气象观测站1,111.2,21.5,1,"B,C,X",2004-08-31 00:00:00
广东,粤西,茂名,电白区,电城镇,G2543,电白电城镇北山村国家气象观测站,111.4,21.4,1,"B,X,d",2010-03-21 00:00:00
广东,粤西,茂名,电白区,水东镇,G2544,电白区陈村镇豆坡东路气象观测站,111,21.5,1,"B,C,X",2007-12-01 00:00:00
广东,粤西,茂名,电白区,麻岗镇,G2545,电白区麻岗镇光明路气象观测站,111.2,21.5,1,"B,C",2007-12-01 00:00:00
广东,粤西,茂名,电白区,黄岭镇,G2546,电白区黄岭镇府前东路气象观测站,111.1,21.8,1,"B,X",2007-12-01 00:00:00
广东,粤西,茂名,电白区,望夫镇,G2547,电白区望夫镇教育路气象观测站,111.4,21.7,1,"B,X",2007-12-01 00:00:00
广东,粤西,茂名,滨海新区,博贺镇,G2548,广东博贺中心渔港气象观测站,111.2,21.4,1,B,2009-11-11 00:00:00
广东,粤西,茂名,电白区,水东镇,G2549,电白区水东镇桥南路气象观测站,111.1,21.4,1,"B,X",2009-05-15 00:00:00
广东,粤西,茂名,化州市,文楼镇,G2550,化州市文楼镇政府气象观测站,110.4,22.1,1,B,2007-12-01 00:00:00
广东,粤西,茂名,化州市,新安镇,G2551,化州市官桥镇水口水库气象观测站,110.4,21.7,1,B,2017-09-07 00:00:00
广东,粤西,茂名,化州市,中垌镇,G2552,化州市中垌镇长湾河水库气象观测站,110.5,21.8,1,B,2004-08-31 00:00:00
广东,粤西,茂名,化州市,那务镇,G2553,化州市那务镇宝树水库国家气象观测站,110.5,22.1,1,B,2012-12-13 00:00:00
广东,粤西,茂名,化州市,笪桥镇,G2554,化州市笪桥镇政府气象观测站,110.5,21.6,1,B,2004-08-31 00:00:00
广东,粤西,茂名,化州市,那务镇,G2555,化州市那务镇新时代农场气象观测站,110.6,22,1,B,2017-09-08 00:00:00
广东,粤西,茂名,化州市,播扬镇,G2556,化州市播扬镇林场气象观测站,110.7,22.2,1,B,2017-10-16 00:00:00
广东,粤西,茂名,化州市,石湾街道,G2557,化州新安国家气象观测站,110.5,21.6,1,"B,X,p",2009-04-30 00:00:00
广东,粤西,茂名,化州市,播扬镇,G2558,化州市播扬镇敬老院气象观测站,110.7,22.2,1,B,2009-01-01 00:00:00
广东,粤西,茂名,信宜市,钱排镇,G2560,信宜市钱排镇气象观测站,111.2,22.3,1,B,2008-01-01 00:00:00
广东,粤西,茂名,信宜市,水口镇,G2561,信宜市水口镇气象观测站,110.9,22.3,1,"B,X,g",2008-05-01 00:00:00
广东,粤西,茂名,信宜市,洪冠镇,G2562,信宜市洪冠镇气象观测站,111.1,22.5,1,"B,X",2008-04-30 00:00:00
广东,粤西,茂名,信宜市,大成镇,G2563,信宜市大成镇大田顶500M国家气象观测站,111.1,22.4,1,"B,D",2011-03-16 00:00:00
广东,粤西,茂名,信宜市,大成镇,G2564,信宜市大成镇大田顶800M气象观测站,111.2,22.3,1,"B,D",2011-03-16 00:00:00
广东,粤西,茂名,信宜市,大成镇,G2565,信宜市大成镇大田顶1000M气象观测站,111.3,22.2,1,"B,D",2011-03-16 00:00:00
广东,粤西,茂名,信宜市,大成镇,G2566,信宜市大成镇大田顶1200M气象观测站,111.1,22.4,1,"B,D",2011-03-16 00:00:00
广东,粤西,茂名,信宜市,大成镇,G2567,信宜市大成镇大田顶1400M气象观测站,111.2,22.4,1,"B,D",2012-01-19 00:00:00
广东,粤西,茂名,信宜市,大成镇,G2568,信宜市大成镇大田顶1700M气象观测站,111.2,22.2,1,"B,D",2011-03-16 00:00:00
广东,粤西,茂名,信宜市,东镇街道,G2569,信宜市东镇气象观测站,111,22.3,1,B,2013-03-31 00:00:00
广东,粤西,茂名,高州市,南塘镇,G2570,高州市南塘镇气象观测站,110.7,22,1,"B,X",2008-04-30 00:00:00
广东,粤西,茂名,高州市,谢鸡镇,G2571,高州市谢鸡镇气象观测站,110.9,21.9,1,"B,X",2008-05-01 00:00:00
广东,粤西,茂名,高州市,平山镇,G2572,高州市平山镇国家气象观测站,111.2,22.1,1,B,2017-10-18 00:00:00
广东,粤西,茂名,高州市,深镇镇,G2573,高州市深镇仙人洞400米气象观测站,111.1,22.2,1,"B,D",2011-03-16 00:00:00
广东,粤西,茂名,高州市,深镇镇,G2574,高州市深镇仙人洞700米气象观测站,111.2,22.2,1,"B,D",2011-02-28 00:00:00
广东,粤西,茂名,高州市,深镇镇,G2575,高州市深镇仙人洞900米气象观测站,111.2,22.2,1,"B,D",2011-03-16 00:00:00
广东,粤西,茂名,高州市,深镇镇,G2576,高州市深镇仙人洞1300米气象观测站,111.2,22.2,1,"B,D",2011-03-16 00:00:00
广东,粤西,茂名,电白区,电城镇,G2590,电白区电城镇海上平台气象观测站,111.4,21.4,0,B,2015-08-13 00:00:00
广东,粤西,茂名,电白区,电城镇,G2591,电白区电城镇峙仔岛气象观测站,111.4,21.5,0,"B,E",2016-03-31 00:00:00
广东,粤西,茂名,电白区,电城镇,G2592,电白区电城镇大竹洲岛气象观测站,111.3,21.5,0,"B,E",2016-03-31 00:00:00
广东,粤西,茂名,电白区,博贺镇,G2593,电白区博贺镇放鸡岛气象观测站2,111.3,21.4,0,"B,E",2017-05-20 00:00:00
广东,粤西,茂名,电白区,电城镇,G2594,电白区电城镇小放鸡岛气象观测站,111.2,21.4,0,"B,E",2017-05-03 00:00:00
广东,粤西,茂名,电白区,电城镇,G2595,电白区博贺海上风塔气象观测站,111.6,21.2,0,B,2018-09-04 00:00:00
广东,珠三角,肇庆,四会市,大旺街道,G2601,肇庆高新区龙王庙水库气象观测站,112.9,23.4,1,"B,Q",2008-12-31 00:00:00
广东,珠三角,肇庆,四会市,大旺街道,G2602,肇庆高新区管委会气象观测站,112.8,23.4,1,B,2017-09-20 00:00:00
广东,珠三角,肇庆,广宁县,宾亨镇,G2604,二广高速广宁服务区气象观测站,112.4,23.6,1,B,2025-08-21 00:00:00
广东,珠三角,肇庆,高要区,水南镇,G2605,高要S14水南服务区气象观测站,112.4,23.2,1,B,2025-10-10 00:00:00
广东,珠三角,肇庆,鼎湖区,莲花镇,G2606,鼎湖S8鼎湖山服务区气象观测站,112.7,23.2,1,"B,U",2025-12-09 00:00:00
广东,珠三角,肇庆,鼎湖区,沙浦镇,G2607,鼎湖沙浦农林科学院气象观测站,112.6,23.1,1,B,2025-09-24 00:00:00
广东,珠三角,肇庆,鼎湖区,莲花镇,G2609,鼎湖莲花气象观测站,112.8,23.3,1,B,2026-02-26 00:00:00
广东,珠三角,肇庆,鼎湖区,桂城街道,G2610,鼎湖桂城气象观测站,112.7,23.2,1,B,2026-02-26 00:00:00
广东,珠三角,肇庆,怀集县,桥头镇,G2611,怀集桥头气象观测站,112,23.7,1,B,2007-05-31 00:00:00
广东,珠三角,肇庆,怀集县,马宁镇,G2612,怀集马宁国家气象观测站,112,24,1,"B,X",2007-05-31 00:00:00
广东,珠三角,肇庆,怀集县,诗洞镇,G2613,怀集诗洞气象观测站,112,23.7,1,B,2007-05-31 00:00:00
广东,珠三角,肇庆,怀集县,中洲镇,G2614,怀集中洲国家气象观测站,112.2,24.1,1,"B,X",2007-05-31 00:00:00
广东,珠三角,肇庆,怀集县,洽水镇,G2615,怀集洽水气象观测站,112.4,24.1,1,B,2007-05-31 00:00:00
广东,珠三角,肇庆,怀集县,凤岗镇,G2616,怀集凤岗国家气象观测站,112.4,23.9,1,"B,X",2007-05-31 00:00:00
广东,珠三角,肇庆,广宁县,五和镇,G2622,广宁五和社区气象观测站,112.4,23.4,1,"B,X",2004-07-31 00:00:00
广东,珠三角,肇庆,广宁县,坑口镇,G2623,广宁坑口社区气象观测站,112.4,23.9,1,B,2004-07-31 00:00:00
广东,珠三角,肇庆,广宁县,北市镇,G2624,广宁赤坑福排气象观测站,112.5,23.9,1,B,2004-07-31 00:00:00
广东,珠三角,肇庆,广宁县,江屯镇,G2625,广宁江屯社区气象观测站,112.5,23.8,1,B,2004-07-31 00:00:00
广东,珠三角,肇庆,广宁县,洲仔镇,G2626,广宁洲仔社区气象观测站,112.2,23.6,1,"B,X",2004-07-31 00:00:00
广东,珠三角,肇庆,封开县,江口镇,G2630,封开江口河堤气象观测站,111.5,23.4,1,B,2007-07-01 00:00:00
广东,珠三角,肇庆,封开县,平凤镇,G2631,封开平凤镇府气象观测站,111.4,23.4,1,"B,X",2003-10-31 00:00:00
广东,珠三角,肇庆,封开县,大洲镇,G2632,封开大洲泗科气象观测站,111.6,23.6,1,"B,X",2003-01-01 00:00:00
广东,珠三角,肇庆,封开县,渔涝镇,G2633,封开渔涝镇府气象观测站,111.8,23.6,1,"B,X",2003-01-01 00:00:00
广东,珠三角,肇庆,封开县,河儿口镇,G2634,封开河儿口黑石顶气象观测站,111.9,23.4,1,B,2003-10-31 00:00:00
广东,珠三角,肇庆,封开县,南丰镇,G2635,封开南丰镇府气象观测站,111.9,23.8,1,B,2003-01-01 00:00:00
广东,珠三角,肇庆,封开县,长安镇,G2636,封开长安镇府气象观测站,111.8,23.9,1,B,2003-01-01 00:00:00
广东,珠三角,肇庆,德庆县,德城街道,G2640,德庆德城自来水厂气象观测站,111.7,23.2,1,"B,X",2008-11-01 00:00:00
广东,珠三角,肇庆,德庆县,官圩镇,G2641,德庆官圩沙旁气象观测站,111.8,23.3,1,B,2004-08-31 00:00:00
广东,珠三角,肇庆,德庆县,高良镇,G2642,德庆高良气象观测站,111.9,23.3,1,"B,X",2004-08-31 00:00:00
广东,珠三角,肇庆,德庆县,莫村镇,G2643,德庆莫村国家气象观测站,112,23.3,1,"B,X",2004-08-31 00:00:00
广东,珠三角,肇庆,德庆县,凤村镇,G2644,德庆凤村气象观测站,112.2,23.3,1,"B,X",2004-08-31 00:00:00
广东,珠三角,肇庆,德庆县,悦城镇,G2645,德庆悦城气象观测站,112.2,23,1,"B,X",2004-02-02 00:00:00
广东,珠三角,肇庆,德庆县,永丰镇,G2646,德庆S8高速播植服务区气象观测站,112.1,23.2,1,"B,U",2017-11-13 00:00:00
广东,珠三角,肇庆,四会市,贞山街道,G2651,四会贞山邓村气象观测站,112.5,23.3,1,"B,X",2003-11-30 00:00:00
广东,珠三角,肇庆,四会市,江谷镇,G2652,四会江谷气象观测站,112.8,23.5,1,"B,X",2003-11-30 00:00:00
广东,珠三角,肇庆,四会市,黄田镇,G2653,四会黄田气象观测站,112.6,23.4,1,"B,X",2003-11-30 00:00:00
广东,珠三角,肇庆,四会市,大沙镇,G2654,四会大沙气象观测站,112.8,23.2,1,"B,X",2003-11-30 00:00:00
广东,珠三角,肇庆,四会市,东城街道,G2655,四会华侨中学气象观测站,112.7,23.3,1,B,2024-09-21 00:00:00
广东,珠三角,肇庆,四会市,城中街道,G2656,四会人民医院仓岗院区气象观测站,112.7,23.4,1,B,2024-09-21 00:00:00
广东,珠三角,肇庆,四会市,贞山街道,G2658,四会贞山姚沙气象观测站,112.7,23.3,1,"B,p",2024-09-21 00:00:00
广东,珠三角,肇庆,四会市,贞山街道,G2659,四会越秀区科普基地气象观测站,112.6,23.2,1,B,2009-04-30 00:00:00
广东,珠三角,肇庆,高要区,小湘镇,G2660,高要小湘石印气象观测站,112.4,23.2,1,B,2021-01-01 00:00:00
广东,珠三角,肇庆,高要区,禄步镇,G2661,高要禄步国家气象观测站,112.3,23.2,1,"B,X",2003-01-01 00:00:00
广东,珠三角,肇庆,高要区,河台镇,G2662,高要河台气象观测站,112.3,23.3,1,B,2003-01-01 00:00:00
广东,珠三角,肇庆,高要区,活道镇,G2663,高要活道国家气象观测站,112.3,22.8,1,"B,X",2003-01-01 00:00:00
广东,珠三角,肇庆,高要区,白土镇,G2664,高要白土气象观测站,112.7,22.9,1,"B,X",2004-05-16 00:00:00
广东,珠三角,肇庆,高要区,金利镇,G2665,高要金利气象观测站,112.7,23,1,B,2003-01-01 00:00:00
广东,珠三角,肇庆,高要区,南岸街道,G2666,高要南岸自来水厂气象观测站,112.4,23.1,1,"B,X",2007-01-01 00:00:00
广东,珠三角,肇庆,高要区,南岸街道,G2667,高要南岸气象观测站,112.4,23.1,1,B,2017-04-05 00:00:00
广东,珠三角,肇庆,高要区,大湾镇,G2668,高要大湾合成气象观测站,112.2,23.2,1,B,2021-01-01 00:00:00
广东,珠三角,肇庆,端州区,黄岗街道,G2670,肇庆一中高中部气象观测站,112.6,23.1,1,B,2003-01-01 00:00:00
广东,珠三角,肇庆,端州区,城东街道,G2671,肇庆市国家水上运动训练基地气象观测站,112.4,23.1,1,"B,X",2003-01-01 00:00:00
广东,珠三角,肇庆,端州区,睦岗街道,G2672,肇庆一中（三村校区）气象观测站,112.4,23.1,1,"B,X",2003-01-01 00:00:00
广东,珠三角,肇庆,鼎湖区,坑口街道,G2673,肇庆市农业学校气象观测站,112.6,23.3,1,"B,X",2003-01-01 00:00:00
广东,珠三角,肇庆,鼎湖区,广利街道,G2674,鼎湖新区体育中心国家气象观测站,112.6,23.3,1,"B,X,p,r",2003-01-01 00:00:00
广东,珠三角,肇庆,鼎湖区,凤凰镇,G2675,鼎湖凤凰白石坑村气象观测站,112.4,23.3,1,B,2003-02-28 00:00:00
广东,珠三角,肇庆,端州区,城东街道,G2676,七星岩风景区气象观测站,112.5,23.1,1,"B,p",2021-01-01 00:00:00
广东,珠三角,肇庆,四会市,大旺街道,G2677,肇庆高新区富民大厦气象观测站,112.8,23.3,1,B,2023-01-04 00:00:00
广东,珠三角,肇庆,端州区,城东街道,G2679,端州文明路气象观测站,112.5,23,1,"B,X",2005-10-31 00:00:00
广东,珠三角,肇庆,鼎湖区,广利街道,G2680,鼎湖新区砚阳湖公园气象观测站,112.6,23.2,1,B,2025-05-28 00:00:00
广东,珠三角,肇庆,鼎湖区,坑口街道,G2681,鼎湖水利局气象观测站,112.6,23.2,1,"B,Q,X",2008-12-31 00:00:00
广东,珠三角,肇庆,鼎湖区,永安镇,G2682,鼎湖永安水利会气象观测站,112.7,23.1,1,"B,X",2008-12-31 00:00:00
广东,珠三角,肇庆,鼎湖区,沙浦镇,G2683,鼎湖沙浦典水泵站气象观测站,112.7,23.2,1,"B,X",2010-01-21 00:00:00
广东,珠三角,肇庆,鼎湖区,凤凰镇,G2684,鼎湖凤凰南坑村气象观测站,112.6,23.2,1,B,2008-12-31 00:00:00
广东,珠三角,肇庆,端州区,睦岗街道,G2686,端州三榕峡环保站气象观测站,112.3,23.1,1,B,2016-12-07 00:00:00
广东,珠三角,肇庆,鼎湖区,永安镇,G2687,鼎湖永安G94鼎湖服务区气象观测站,112.6,23.3,1,B,2016-12-22 00:00:00
广东,珠三角,肇庆,鼎湖区,永安镇,G2688,鼎湖永安波罗窦气象观测站,112.8,23.2,1,B,2016-12-10 00:00:00
广东,珠三角,肇庆,端州区,黄岗街道,G2689,端州信安大道国家气象观测站,112.5,23.1,1,"B,Q,X",2010-12-29 00:00:00
广东,珠三角,肇庆,鼎湖区,永安镇,G2690,鼎湖永安贝水水利会气象观测站,112.8,23.1,1,"B,X",2012-12-14 00:00:00
广东,珠三角,肇庆,鼎湖区,凤凰镇,G2691,鼎湖凤凰上水田村气象观测站,112.4,23.2,1,B,2013-06-09 00:00:00
广东,珠三角,肇庆,鼎湖区,凤凰镇,G2692,鼎湖凤凰南寮村气象观测站,112.6,23.3,1,B,2013-06-18 00:00:00
广东,珠三角,肇庆,端州区,黄岗街道,G2693,端州区羚山电排站气象观测站,112.6,23.1,1,B,2013-06-26 00:00:00
广东,珠三角,肇庆,端州区,黄岗街道,G2694,端州区黄岗街道北岭水基电站,112.6,23.2,1,B,2013-07-15 00:00:00
广东,珠三角,肇庆,端州区,黄岗街道,G2695,肇庆学院气象观测站,112.6,23.2,1,"B,p",2013-07-17 00:00:00
广东,珠三角,肇庆,端州区,睦岗街道,G2696,端州常青仙乐园气象观测站,112.4,23.1,1,B,2013-07-15 00:00:00
广东,珠三角,肇庆,端州区,黄岗街道,G2697,端州欧田水库气象观测站,112.5,23.2,1,B,2013-07-24 00:00:00
广东,珠三角,肇庆,端州区,黄岗街道,G2698,肇庆市工业贸易学校气象观测站,112.5,23.1,1,B,2013-07-08 00:00:00
广东,珠三角,肇庆,端州区,城西街道,G2699,肇庆市体育中心气象观测站,112.4,23.1,1,"B,p,r",2018-06-28 00:00:00
广东,粤北,清远,清新区,太和镇,G2701,清新太和明霞大道气象观测站,113,23.7,1,"B,X",2000-04-01 00:00:00
广东,粤北,清远,清城区,飞来峡镇,G2702,广东清远清城区飞来峡镇镇区站,113.4,23.8,1,"B,X",2000-04-01 00:00:00
广东,粤北,清远,清城区,石角镇,G2703,广东清远清城区石角镇镇区站,112.9,23.6,1,"B,X",2003-01-01 00:00:00
广东,粤北,清远,清城区,源潭镇,G2704,广东清远市清城区源潭镇镇区站,113.2,23.6,1,"B,X",2003-01-01 00:00:00
广东,粤北,清远,清城区,清远市国营银盏林场,G2705,清远长隆大道63号应用气象观测站,113.1,23.5,1,B,2023-09-20 00:00:00
广东,粤北,清远,阳山县,杨梅镇,G2706,阳山英怀高速杨梅服务区汕头方向交通站,112.4,24.1,1,"B,U",2025-01-13 00:00:00
广东,粤北,清远,阳山县,杨梅镇,G2707,阳山杨梅英怀高速K515 750牛寮洞大桥汕头方向交通站,112.7,24,1,"B,U",2025-01-13 00:00:00
广东,粤北,清远,阳山县,阳城镇,G2708,阳山贤令山森林公园气象站,112.7,24.5,1,B,2025-01-03 00:00:00
广东,粤北,清远,佛冈县,汤塘镇,G2709,佛冈县汤塘镇脉塘村气象观测站,113.5,23.7,1,B,2025-10-16 00:00:00
广东,粤北,清远,佛冈县,汤塘镇,G2710,佛冈县汤塘镇黎安村气象观测站,113.6,23.7,1,B,2025-10-16 00:00:00
广东,粤北,清远,佛冈县,石角镇,G2711,佛冈县石角镇小潭村气象观测站,113.5,23.9,1,B,2025-10-15 00:00:00
广东,粤北,清远,佛冈县,迳头镇,G2712,佛冈县迳头镇王屋村气象观测站,113.8,24,1,B,2025-10-16 00:00:00
广东,粤北,清远,佛冈县,迳头镇,G2713,佛冈县迳头镇菜洞尾村气象观测站,113.7,24,1,B,2025-10-13 00:00:00
广东,粤北,清远,佛冈县,高岗镇,G2714,佛冈县高岗镇路下村气象观测站,113.6,24.1,1,B,2025-10-16 00:00:00
广东,粤北,清远,清城区,龙塘镇,G2715,清远长隆1号气象观测站,113.3,23.5,1,B,2025-10-24 00:00:00
广东,粤北,清远,清城区,龙塘镇,G2716,清城区长隆2号气象观测站,113.1,23.5,1,B,2025-10-24 00:00:00
广东,粤北,清远,英德市,英城街道,G2717,乐广高速北行K170 500应用气象观测站（交通）,113.4,24.2,1,"B,U",2026-01-30 00:00:00
广东,粤北,清远,英德市,连江口镇,G2718,乐广高速北行K195 100应用气象观测站,113.2,24.1,1,"B,U",2026-01-30 00:00:00
广东,粤北,清远,清新区,三坑镇,G2720,清新三坑布坑村气象观测站,112.9,23.6,1,"B,X",2003-12-01 00:00:00
广东,粤北,清远,英德市,黄花镇,G2721,英德黄花T三有机茶园气象观测站,112.9,24.2,1,B,2024-11-08 00:00:00
广东,粤北,清远,清新区,龙颈镇,G2722,清新龙颈石坎社区气象观测站,112.8,24,1,B,2003-12-01 00:00:00
广东,粤北,清远,清新区,禾云镇,G2723,清新禾云鱼坝社区气象观测站,112.9,23.9,1,B,2003-01-31 00:00:00
广东,粤北,清远,清新区,禾云镇,G2724,清新禾云新洲社区气象观测站,112.8,24,1,"B,X",2003-01-31 00:00:00
广东,粤北,清远,清新区,浸潭镇,G2725,清新浸潭龙须带水库气象观测站,112.6,24,1,"B,X",2003-01-01 00:00:00
广东,粤北,清远,清新区,龙颈镇,G2726,清新龙颈南冲社区气象观测站,112.8,23.8,1,B,2003-01-31 00:00:00
广东,粤北,清远,英德市,望埠镇,G2727,英德望埠松树岗茶园气象观测站,113.6,24.2,1,B,2003-02-01 00:00:00
广东,粤北,清远,英德市,沙口镇,G2728,英德沙口天泽茶园气象观测站,113.6,24.5,1,B,2003-02-01 00:00:00
广东,粤北,清远,英德市,白沙镇,G2729,英德白沙东润茶园气象观测站,113.7,24.2,1,B,2024-11-08 00:00:00
广东,粤北,清远,连山壮族瑶族自治县,小三江镇,G2730,连山县小三江镇三联村,112.2,24.3,1,"B,X",2004-02-29 00:00:00
广东,粤北,清远,连山壮族瑶族自治县,禾洞镇,G2731,连山县禾洞镇禾联村,112,24.9,1,"B,X",2004-03-31 00:00:00
广东,粤北,清远,佛冈县,汤塘镇,G2732,佛冈县汤塘镇田心村气象观测站,113.7,23.7,1,B,2024-09-09 00:00:00
广东,粤北,清远,连山壮族瑶族自治县,太保镇,G2733,连山县太保镇保城村,112.2,24.6,1,"B,X",2004-02-29 00:00:00
广东,粤北,清远,佛冈县,石角镇,G2734,佛冈县石角镇滴水岩村气象观测站,113.6,23.7,1,B,2024-09-09 00:00:00
广东,粤北,清远,佛冈县,高岗镇,G2735,佛冈县高岗镇宝山村气象观测站,113.5,24.1,1,B,2024-09-28 00:00:00
广东,粤北,清远,佛冈县,龙山镇,G2736,佛冈县龙山镇五坪村气象观测站,113.5,23.8,1,B,2024-08-06 00:00:00
广东,粤北,清远,佛冈县,迳头镇,G2737,佛冈县迳头镇荆竹园村气象观测站,113.8,23.9,1,B,2024-09-28 00:00:00
广东,粤北,清远,佛冈县,汤塘镇,G2738,佛冈县汤塘镇竹山村气象观测站,113.4,23.8,1,B,2024-08-19 00:00:00
广东,粤北,清远,连南瑶族自治县,寨岗镇,G2740,连南县寨岗镇板洞水库,112.4,24.4,1,B,2006-04-30 00:00:00
广东,粤北,清远,连南瑶族自治县,大坪镇,G2741,连南县大坪镇镇区,112.1,24.6,1,"B,X",2004-01-31 00:00:00
广东,粤北,清远,连南瑶族自治县,三排镇,G2742,连南县三排镇南岗村,112.3,24.7,1,"B,X",2004-01-31 00:00:00
广东,粤北,清远,英德市,白沙镇,G2743,英德白沙粤之绿茶园气象观测站,113.8,24.2,1,B,2024-09-10 00:00:00
广东,粤北,清远,英德市,东华镇,G2744,英德东华九郎气象观测站,113.6,24.4,1,B,2024-11-26 00:00:00
广东,粤北,清远,英德市,黎溪镇,G2745,英德黎溪松柏气象观测站,113.1,24,1,B,2024-09-10 00:00:00
广东,粤北,清远,英德市,桥头镇,G2746,英德桥头板甫气象观测站,113.8,24.3,1,B,2024-09-11 00:00:00
广东,粤北,清远,英德市,石牯塘镇,G2747,英德石牯塘锦泓农业茶园气象观测站,113.1,24.3,1,B,2024-12-18 00:00:00
广东,粤北,清远,佛冈县,石角镇,G2748,佛冈县石角镇象龙村气象观测站,113.5,23.9,1,B,2024-08-19 00:00:00
广东,粤北,清远,连州市,瑶安瑶族乡,G2750,连州瑶安国家气象观测站,112.4,25,1,"B,X",2003-01-01 00:00:00
广东,粤北,清远,连州市,星子镇,G2751,连州星子气象观测站,112.5,25,1,"B,X",2003-05-31 00:00:00
广东,粤北,清远,连州市,西岸镇,G2752,连州西岸气象观测站,112.4,24.9,1,"B,X",2003-05-31 00:00:00
广东,粤北,清远,连州市,西江镇,G2753,连州西江气象观测站,112.6,24.9,1,"B,X",2003-05-31 00:00:00
广东,粤北,清远,佛冈县,龙山镇,G2754,佛冈县龙山镇良塘村气象观测站,113.4,23.8,1,B,2004-01-01 00:00:00
广东,粤北,清远,英德市,横石水镇,G2755,英德横石水镇坎下村气象观测站,113.8,24.4,1,B,2004-01-08 00:00:00
广东,粤北,清远,连州市,丰阳镇,G2756,连州丰阳小水坪水库气象观测站,112.3,25.1,1,"B,X",2004-07-31 00:00:00
广东,粤北,清远,连州市,九陂镇,G2757,连州九陂气象观测站,112.3,24.8,1,"B,X",2004-08-01 00:00:00
广东,粤北,清远,连州市,三水瑶族乡,G2758,连州沙坪二广高速K2424交通站,112.1,25.2,1,"B,U",2023-10-26 00:00:00
广东,粤北,清远,阳山县,杨梅镇,G2760,阳山县杨梅镇杨梅大街国家气象观测站,112.6,24.1,1,"B,X",2004-08-31 00:00:00
广东,粤北,清远,阳山县,七拱镇,G2761,阳山七拱气象观测站,112.6,24.3,1,"B,X",2004-08-31 00:00:00
广东,粤北,清远,阳山县,小江镇,G2762,阳山县小江镇小江大街,112.7,24.7,1,"B,X",2004-08-31 00:00:00
广东,粤北,清远,阳山县,大崀镇,G2763,阳山县大崀镇大崀街,112.5,24.4,1,"B,X",2004-08-31 00:00:00
广东,粤北,清远,阳山县,黎埠镇,G2764,阳山黎埠马麓小学国家气象观测站,112.4,24.6,1,"B,X",2003-01-01 00:00:00
广东,粤北,清远,阳山县,岭背镇,G2765,阳山岭背气象观测站,112.7,24.7,1,"B,X",2004-08-31 00:00:00
广东,粤北,清远,阳山县,江英镇,G2766,阳山县江英镇江英村国家气象观测站,112.8,24.5,1,"B,X",2004-08-31 00:00:00
广东,粤北,清远,阳山县,秤架瑶族乡,G2767,阳山县秤架镇和平路,112.8,24.8,1,"B,X",2003-01-01 00:00:00
广东,粤北,清远,佛冈县,龙山镇,G2768,佛冈县龙山镇湴镇村气象观测站,113.5,23.8,1,B,2024-11-04 00:00:00
广东,粤北,清远,英德市,大湾镇,G2770,英德市大湾镇气象观测站,112.9,24.3,1,"B,X",2003-12-01 00:00:00
广东,粤北,清远,英德市,浛洸镇,G2771,英德浛洸气象观测站,113.2,24.2,1,"B,X",2003-06-30 00:00:00
广东,粤北,清远,英德市,西牛镇,G2772,英德西牛气象观测站,113.2,24.2,1,"B,X",2003-06-30 00:00:00
广东,粤北,清远,英德市,下太镇,G2773,英德市下太镇气象观测站,113.4,24.1,1,"B,X",2003-06-30 00:00:00
广东,粤北,清远,英德市,九龙镇,G2774,英德九龙国家气象观测站,112.9,24.1,1,"B,X",2003-06-30 00:00:00
广东,粤北,清远,英德市,沙口镇,G2775,英德市沙口镇气象观测站,113.6,24.4,1,"B,X",2003-12-01 00:00:00
广东,粤北,清远,英德市,桥头镇,G2776,英德市桥头镇气象观测站,113.7,24.2,1,"B,X",2003-06-30 00:00:00
广东,粤北,清远,英德市,横石塘镇,G2777,英德市横石塘镇气象观测站,113.3,24.4,1,"B,X",2003-06-30 00:00:00
广东,粤北,清远,佛冈县,迳头镇,G2780,佛冈县迳头镇烟岭村气象观测站,113.7,24,1,"B,X",2003-11-30 00:00:00
广东,粤北,清远,佛冈县,龙山镇,G2781,佛冈县龙山镇民安村气象观测站,113.3,23.9,1,"B,X",2003-11-30 00:00:00
广东,粤北,清远,佛冈县,汤塘镇,G2782,佛冈县汤塘镇四九村气象观测站,113.6,23.8,1,"B,X",2003-11-30 00:00:00
广东,粤北,清远,佛冈县,石角镇,G2783,佛冈县石角镇诚迳村护林站气象观测站,113.5,23.9,1,B,2023-01-01 00:00:00
广东,粤北,清远,佛冈县,水头镇,G2784,佛冈县水头镇潭洞村上潭洞气象观测站,113.7,23.9,1,B,2023-01-03 00:00:00
广东,粤北,清远,佛冈县,汤塘镇,G2785,佛冈县汤塘镇洛洞村气象观测站,113.4,23.7,1,B,2023-01-01 00:00:00
广东,粤北,清远,佛冈县,水头镇,G2786,佛冈县水头镇铜溪村水厂气象观测站,113.6,23.8,1,B,2010-10-25 00:00:00
广东,粤北,清远,佛冈县,石角镇,G2787,佛冈县石角镇石铺村气象观测站,113.4,24,1,B,2023-12-07 00:00:00
广东,粤北,清远,佛冈县,高岗镇,G2788,佛冈县高岗镇观音山自然保护区气象观测站,113.5,24.1,1,B,2023-12-07 00:00:00
广东,粤北,清远,佛冈县,石角镇,G2789,佛冈县石角镇县政府西侧,113.4,24,1,B,2003-02-28 00:00:00
广东,粤北,清远,英德市,东华镇,G2790,英德东华国家气象观测站,113.6,24.2,1,"B,X",2006-10-31 00:00:00
广东,粤北,清远,佛冈县,龙山镇,G2791,佛冈县龙山镇清水迳村气象观测站,113.3,23.8,1,B,2023-12-07 00:00:00
广东,粤北,清远,清新区,太平镇,G2792,清花高速北行清新区南北村应用气象观测站（交通）,112.9,23.7,1,"B,U",2026-01-29 00:00:00
广东,粤北,清远,清城,石角,G2793,清花高速民安互通应用气象观测站（交通）,113.1,23.6,1,"B,U",2026-01-30 00:00:00
广东,粤北,清远,清城,飞来峡,G2794,乐广高速南行K218 500应用气象观测站（交通）,113.2,23.9,1,"B,U",2026-01-30 00:00:00
广东,粤北,清远,英德市,东华镇,G2795,广韶高速南行K2018 560应用气象观测站（交通）,113.7,24.4,1,"B,U",2026-04-17 00:00:00
广东,粤北,清远,英德市,东华镇,G2796,广韶高速鱼湾收费站生活区应用气象观测站（交通）,113.7,24.2,1,"B,U",2026-04-17 00:00:00
广东,粤北,清远,佛冈县,汤塘镇,G2798,佛冈县汤塘镇湴江村气象观测站,113.7,23.8,1,B,2026-07-18 00:00:00
广东,粤北,清远,佛冈县,水头镇,G2799,佛冈水头莲瑶气象观察站,113.6,23.8,1,B,2026-07-24 00:00:00
广东,粤东,潮州,潮安区,彩塘镇,G2801,潮安区彩塘镇宏三村,116.7,23.5,1,"B,X",2000-04-01 00:00:00
广东,粤东,潮州,潮安区,凤凰镇,G2802,潮安区凤凰水库自动气象站,116.7,24,1,"B,X",2000-04-01 00:00:00
广东,粤东,潮州,饶平县,大埕镇,G2803,饶平县大埕镇程南村,117.2,23.6,1,"B,C,X",2003-01-01 00:00:00
广东,粤东,潮州,饶平县,三饶镇,G2804,饶平县三饶镇在城村,116.8,23.9,1,"B,X",2000-04-01 00:00:00
广东,粤东,潮州,潮安区,金石镇,G2805,潮安区金石镇仙都一村,116.7,23.6,1,"B,X",2003-04-30 00:00:00
广东,粤东,潮州,潮安区,枫溪镇,G2806,潮州市瓷都中学校园气象站,116.5,23.7,1,"B,X",2003-01-01 00:00:00
广东,粤东,潮州,湘桥区,意溪镇,G2807,湘桥区意溪镇东郊村,116.8,23.7,1,"B,X",2003-01-01 00:00:00
广东,粤东,潮州,潮安区,东凤镇,G2808,潮安区东凤镇东四村,116.8,23.5,1,"B,X,g",2012-11-01 00:00:00
广东,粤东,潮州,潮安区,归湖镇,G2810,潮安区归湖镇排灌站,116.6,23.9,1,"B,X,g",2007-12-31 00:00:00
广东,粤东,潮州,潮安区,赤凤镇,G2811,潮安区赤凤镇峙溪村,116.5,23.8,1,"B,X",2008-02-29 00:00:00
广东,粤东,潮州,潮安区,凤塘镇,G2812,潮安区凤塘镇气象自动站,116.5,23.7,1,"B,X",2007-12-31 00:00:00
广东,粤东,潮州,潮安区,沙溪镇,G2813,潮安区沙溪镇政府,116.6,23.5,1,"B,X",2007-12-31 00:00:00
广东,粤东,潮州,潮安区,凤凰镇,G2814,潮安区凤凰镇凤凰山太子岽,116.7,24,1,"B,D",2010-04-30 00:00:00
广东,粤东,潮州,潮安区,凤凰镇,G2815,潮安区凤凰镇坪坑头,116.8,23.9,1,"B,D",2010-04-30 00:00:00
广东,粤东,潮州,潮安区,文祠镇,G2816,潮安区文祠镇中社村,116.7,23.7,1,"B,X",2012-11-01 00:00:00
广东,粤东,潮州,潮安区,凤凰镇,G2817,潮安区万峰林场径仔自动站,116.6,23.9,1,"B,D",2010-03-31 00:00:00
广东,粤东,潮州,潮安区,归湖镇,G2818,潮安区归湖镇凤南凤电,116.6,23.9,1,"B,D",2010-03-31 00:00:00
广东,粤东,潮州,潮安区,登塘镇,G2819,潮安区登塘镇国家气象观测站,116.6,23.7,1,B,2011-10-24 00:00:00
广东,粤东,潮州,潮安区,登塘镇,G2820,潮安区登塘镇田东乡,116.4,23.8,1,"B,X",2003-01-01 00:00:00
广东,粤东,潮州,潮安区,江东镇,G2821,潮安区江东镇水利所,116.7,23.5,1,B,2003-01-01 00:00:00
广东,粤东,潮州,湘桥区,铁铺镇,G2822,湘桥区铁铺镇铺埔村,116.9,23.6,1,"B,Q,X",2003-11-01 00:00:00
广东,粤东,潮州,潮安区,庵埠镇,G2823,庵埠镇龙桥社区气象观测站,116.7,23.6,1,"B,X",2004-04-30 00:00:00
广东,粤东,潮州,潮安区,枫溪镇,G2824,潮州枫溪枫二村自动站,116.5,23.6,1,"B,X",2011-10-31 00:00:00
广东,粤东,潮州,潮安区,龙湖镇,G2825,潮安区龙湖镇鹳巢四村,116.6,23.5,1,"B,X",2012-11-01 00:00:00
广东,粤东,潮州,潮安区,浮洋镇,G2826,潮安区浮洋镇厦里美村,116.7,23.6,1,"B,X",2012-11-01 00:00:00
广东,粤东,潮州,潮安区,古巷镇,G2827,潮安区古巷镇古二村,116.6,23.6,1,"B,X",2012-11-01 00:00:00
广东,粤东,潮州,湘桥区,官塘镇,G2828,湘桥区官塘镇巷下村,116.8,23.5,1,"B,X",2012-11-01 00:00:00
广东,粤东,潮州,湘桥区,磷溪镇,G2829,湘桥区磷溪镇埔涵村,116.7,23.7,1,"B,X",2012-11-01 00:00:00
广东,粤东,潮州,饶平县,建饶镇,G2830,饶平县建饶镇麻寮村,116.8,24.1,1,"B,X",2003-01-01 00:00:00
广东,粤东,潮州,饶平县,浮山镇,G2831,饶平县浮山镇浮山村,116.8,23.8,1,"B,X",2011-12-04 00:00:00
广东,粤东,潮州,饶平县,钱东镇,G2832,饶平县钱东镇果树研究所,116.8,23.7,1,"B,X",2003-01-01 00:00:00
广东,粤东,潮州,饶平县,饶洋镇,G2833,饶平县饶洋镇祠东村,116.9,24,1,"B,X",2003-01-01 00:00:00
广东,粤东,潮州,饶平县,海山镇,G2834,饶平县海山镇隆北村,117,23.4,1,"B,C,X",2006-08-01 00:00:00
广东,粤东,潮州,饶平县,柘林镇,G2835,饶平县柘林镇柘中村,117.1,23.5,1,"B,C,X",2006-08-01 00:00:00
广东,粤东,潮州,饶平县,大埕镇,G2836,饶平县大埕镇上东村,117.1,23.7,1,"B,C,X",2006-08-01 00:00:00
广东,粤东,潮州,饶平县,浮滨镇,G2837,饶平县浮滨镇桥头村,116.9,23.9,1,"B,X",2007-12-01 00:00:00
广东,粤东,潮州,饶平县,韩江林场,G2838,饶平县三饶镇桃园村,116.8,24.1,1,B,2013-04-25 00:00:00
广东,粤东,潮州,饶平县,新圩镇,G2840,饶平县新圩镇长彬村,116.9,23.8,1,"B,X",2010-08-22 00:00:00
广东,粤东,潮州,饶平县,高堂镇,G2841,饶平县高堂镇塘南村,116.9,23.7,1,"B,C,X",2010-08-22 00:00:00
广东,粤东,潮州,饶平县,黄冈镇,G2842,饶平县黄冈镇龙眼城村,117,23.7,1,B,2011-03-31 00:00:00
广东,粤东,潮州,饶平县,樟溪镇,G2843,饶平县樟溪镇烈火村,116.9,23.8,1,"B,X",2011-10-27 00:00:00
广东,粤东,潮州,饶平县,海山镇,G2844,饶平县海山镇达南村,117,23.5,1,"B,E",2011-12-03 00:00:00
广东,粤东,潮州,饶平县,汫洲镇,G2845,饶平县汫洲镇汫南村,116.9,23.7,1,"B,X",2012-10-31 00:00:00
广东,粤东,潮州,饶平县,所城镇,G2846,饶平县所城镇龙湾村,117.1,23.6,1,"B,X",2012-10-31 00:00:00
广东,粤东,潮州,饶平县,联饶镇,G2847,饶平县联饶镇赤坑村,117,23.7,1,"B,X",2012-10-31 00:00:00
广东,粤东,潮州,饶平县,东山镇,G2848,饶平县东山镇东南村,117,23.9,1,"B,X",2012-10-31 00:00:00
广东,粤东,潮州,饶平县,汤溪镇,G2849,饶平县汤溪镇居豪村,116.8,23.9,1,"B,X",2012-10-31 00:00:00
广东,粤东,潮州,饶平县,新塘镇,G2850,饶平县新塘镇新楼村,116.7,24,1,"B,X",2012-10-31 00:00:00
广东,粤东,潮州,饶平县,新丰镇,G2851,饶平县新丰镇丰联村,116.9,24.1,1,"B,X",2012-10-31 00:00:00
广东,粤东,潮州,饶平县,上饶镇,G2852,饶平县上饶镇上善村,116.8,24.2,1,"B,X",2012-10-31 00:00:00
广东,粤东,潮州,饶平县,新圩镇,G2853,饶平县新圩镇新楼村,116.9,23.9,1,"B,X",2013-12-26 00:00:00
广东,粤东,潮州,饶平县,浮滨镇,G2854,饶平县浮滨镇岭头村,116.8,23.8,1,"B,X",2013-12-04 00:00:00
广东,粤东,潮州,饶平县,新丰镇,G2855,饶平县新丰镇洞泉村,116.8,24.2,1,B,2013-12-03 00:00:00
广东,粤东,潮州,饶平县,汤溪镇,G2857,饶平县汤溪镇桃西村,116.8,23.9,1,B,2017-07-20 00:00:00
广东,粤东,潮州,饶平县,樟溪镇,G2858,饶平县樟溪镇军寮村,116.9,23.6,1,B,2017-07-14 00:00:00
广东,粤东,潮州,饶平县,联饶镇,G2859,饶平县联饶镇暗井村,117,23.8,1,B,2017-07-21 00:00:00
广东,粤东,潮州,饶平县,海山镇,G2860,饶平县海山镇达南村2,117,23.6,1,"B,E",2017-05-04 00:00:00
广东,粤东,潮州,饶平县,柘林镇,G2861,饶平县柘林镇下岱埔村,117.1,23.5,1,B,2020-03-16 00:00:00
广东,粤东,潮州,饶平县,黄冈镇,G2864,饶平县汛洲岛应用气象观测站（海洋）,117,23.5,0,B,2022-10-09 00:00:00
广东,粤东,潮州,饶平县,黄冈镇,G2865,饶平县汛洲岛应用气象观测站（海洋）,117,23.5,0,B,2023-06-19 00:00:00
广东,粤东,潮州,饶平县,海山镇,G2866,饶平海山隆南应用气象观测站（海洋）,116.9,23.5,0,B,2022-10-09 00:00:00
广东,粤东,潮州,饶平县,海山镇,G2867,饶平海山隆南应用气象观测站（海洋）,116.9,23.5,1,B,2024-01-01 00:00:00
广东,粤东,潮州,饶平县,汫洲镇,G2868,饶平三百门码头应用气象观测站（码头）,116.9,23.7,1,B,2023-06-19 00:00:00
广东,粤东,潮州,饶平县,汫洲镇,G2869,饶平三百门码头应用气象观测站（码头）,116.9,23.5,1,B,2025-10-15 00:00:00
广东,粤东,潮州,饶平县,黄冈镇,G2870,饶平县黄冈镇虎头山,117,23.6,1,B,2023-09-15 00:00:00
广东,粤东,潮州,饶平县,饶洋镇,G2871,饶平县饶洋镇中先村,116.8,24.1,1,B,2024-03-28 00:00:00
广东,粤东,潮州,饶平县,大埕镇,G2872,饶平县大埕镇上东村,117.1,23.6,1,B,2025-10-14 00:00:00
广东,粤东,潮州,饶平县,黄冈镇,G2873,饶平县黄冈镇碧洲村,116.9,23.7,1,B,2025-06-26 00:00:00
广东,粤东,潮州,饶平县,所城镇,G2875,饶平县所城镇华瀛防波堤,117.2,23.6,1,B,2025-06-26 00:00:00
广东,粤东,潮州,潮安区,赤凤镇,G2880,万峰林场铁炉坪村,116.6,23.9,1,B,2012-12-27 00:00:00
广东,粤东,潮州,湘桥区,西新街道,G2882,潮州湘桥区凤新陈桥村自动站,116.7,23.6,1,"B,X",2013-02-06 00:00:00
广东,粤东,潮州,湘桥区,城西街道,G2884,潮州供水枢纽自动气象站,116.6,23.7,1,B,2017-08-30 00:00:00
广东,粤东,潮州,湘桥区,磷溪镇,G2885,湘桥区磷溪天子地自动气象站,116.8,23.7,1,B,2017-07-28 00:00:00
广东,粤东,潮州,潮安区,凤凰镇,G2886,潮安凤凰上春村气象观测站,116.8,23.9,1,B,2017-07-28 00:00:00
广东,粤东,潮州,湘桥区,金山街道,G2887,潮州金山实验学校校园气象站,116.7,23.7,1,B,2018-01-25 00:00:00
广东,粤东,潮州,饶平县,汤溪镇,G2889,潮州大潮高速交通站（汤溪段）,116.9,24,1,"B,U",2022-01-12 00:00:00
广东,粤东,潮州,潮安区,凤塘镇,G2892,潮州市潮安区凤西路新凤绿地公园,116.5,23.6,1,B,2026-03-13 00:00:00
广东,粤东,潮州,饶平县,,G2897,潮州十米浮标站,117.5,22.9,0,"B,G",2026-01-07 00:00:00
广东,粤东,潮州,饶平县,,G2898,潮州三米浮标站,117.2,23.6,0,"B,G",2026-01-07 00:00:00
广东,粤东,揭阳,揭东区,埔田镇,G2901,揭东区埔田镇马硕村气象观测站,116.4,23.7,1,"B,X",2000-04-01 00:00:00
广东,粤东,揭阳,普宁市,大坪镇,G2902,普宁大坪镇大坪村气象观测站,115.8,23.1,1,"B,X",2000-04-01 00:00:00
广东,粤东,揭阳,揭西县,棉湖镇,G2903,揭西县棉湖镇迎宾路,116.2,23.4,1,"B,X",2000-04-01 00:00:00
广东,粤东,揭阳,惠来县,神泉镇,G2904,惠来县神泉镇镇区,116.3,23,1,"B,C,X",2000-04-01 00:00:00
广东,粤东,揭阳,榕城区,东阳街道,G2905,榕城区东阳街道岐宁村气象观测站,116.4,23.5,1,"B,X",2008-11-30 00:00:00
广东,粤东,揭阳,榕城区,仙桥街道,G2906,榕城区仙桥街道永东村气象观测站,116.3,23.5,1,"B,X",2008-11-30 00:00:00
广东,粤东,揭阳,揭东区,曲溪街道,G2907,揭东区曲溪街道缶灶村气象观测站,116.4,23.5,1,"B,X",2004-04-02 00:00:00
广东,粤东,揭阳,榕城区,东兴街道,G2908,榕城区东兴街道凤潮村气象观测站,116.3,23.6,1,"B,X",2003-01-01 00:00:00
广东,粤东,揭阳,榕城区,新兴街道,G2909,榕城区新兴街道进贤门大道气象观测站,116.3,23.4,1,"B,Q,X",2009-04-30 00:00:00
广东,粤东,揭阳,榕城区,京冈街道,G2910,榕城区京冈街道京南村气象观测站,116.5,23.4,1,"B,X",2004-04-03 00:00:00
广东,粤东,揭阳,榕城区,凤美街道,G2911,榕城区凤美街道塘埔村气象观测站,116.4,23.6,1,"B,X",2009-09-26 00:00:00
广东,粤东,揭阳,榕城区,梅云街道,G2912,榕城区梅云街道新乡村气象观测站,116.3,23.6,1,B,2009-10-30 00:00:00
广东,粤东,揭阳,揭东区,磐东街道,G2913,揭东区磐东街道浦东村气象观测站,116.4,23.6,1,"B,X",2011-01-11 00:00:00
广东,粤东,揭阳,榕城区,地都镇,G2920,榕城区地都镇仙埔村气象观测站,116.6,23.4,1,"B,X",2003-01-01 00:00:00
广东,粤东,揭阳,揭东区,玉湖镇,G2921,揭东区玉湖镇大坑村气象观测站,116.2,23.7,1,"B,X",2003-03-31 00:00:00
广东,粤东,揭阳,揭东区,霖磐镇,G2922,揭东区霖磐镇南塘村气象观测站,116.2,23.6,1,"B,X",2008-11-30 00:00:00
广东,粤东,揭阳,揭东区,玉滘镇,G2923,揭东区玉滘镇官硕村气象观测站,116.6,23.7,1,"B,X",2003-03-31 00:00:00
广东,粤东,揭阳,揭东区,新亨镇,G2924,揭东区新亨镇硕联村气象观测站,116.4,23.6,1,"B,X",2009-10-30 00:00:00
广东,粤东,揭阳,揭东区,月城镇,G2925,揭东区月城镇松山王村气象观测站,116.2,23.5,1,"B,X",2009-10-30 00:00:00
广东,粤东,揭阳,揭东区,龙尾镇,G2926,揭东区龙尾镇龙珠村气象观测站,116.2,23.6,1,"B,X",2011-01-13 00:00:00
广东,粤东,揭阳,揭东区,桂岭镇,G2927,揭东区桂岭镇建豪村气象观测站,116.2,23.5,1,"B,X",2011-01-14 00:00:00
广东,粤东,揭阳,揭东区,锡场镇,G2928,揭东区锡场镇锡西村气象观测站,116.4,23.5,1,"B,X",2011-02-23 00:00:00
广东,粤东,揭阳,揭东区,云路镇,G2929,揭东区云路镇北洋村气象观测站,116.4,23.7,1,"B,X",2011-02-24 00:00:00
广东,粤东,揭阳,揭西县,五经富镇,G2930,揭西县五经富镇建一村,116.1,23.7,1,"B,X",2003-01-01 00:00:00
广东,粤东,揭阳,揭西县,南山镇,G2931,揭西县南山镇北溪村,116,23.4,1,"B,X",2003-02-28 00:00:00
广东,粤东,揭阳,揭西县,上砂镇,G2932,揭西上砂国家气象观测站,115.7,23.4,1,"B,X",2004-04-07 00:00:00
广东,粤东,揭阳,揭西县,良田乡,G2933,揭西县良田乡下村,115.9,23.6,1,"B,X",2008-08-31 00:00:00
广东,粤东,揭阳,揭西县,钱坑镇,G2934,揭西县钱坑镇钱西村,116.1,23.4,1,"B,X",2009-10-30 00:00:00
广东,粤东,揭阳,揭西县,五云镇,G2935,揭西县五云镇罗洛村,115.8,23.3,1,"B,X",2010-12-29 00:00:00
广东,粤东,揭阳,揭西县,大溪镇,G2936,揭西县大溪镇大溪圩居委会,116,23.4,1,"B,X",2010-12-28 00:00:00
广东,粤东,揭阳,揭西县,灰寨镇,G2937,揭西县灰寨镇灰龙村,115.9,23.5,1,"B,X",2010-12-28 00:00:00
广东,粤东,揭阳,揭西县,东园镇,G2938,揭西县东园镇联丰村,116.1,23.5,1,"B,X",2010-12-28 00:00:00
广东,粤东,揭阳,揭西县,河婆街道,G2939,揭西县河婆街道新寨村,115.8,23.4,1,"B,X",2003-01-01 00:00:00
广东,粤东,揭阳,普宁市,里湖镇,G2940,普宁里湖镇蓬和村气象观测站,116.1,23.4,1,"B,X",2003-02-28 00:00:00
广东,粤东,揭阳,普宁市,洪阳镇,G2941,普宁洪阳镇林惠山村气象观测站,116.2,23.3,1,"B,X",2009-02-28 00:00:00
广东,粤东,揭阳,普宁市,占陇镇,G2942,普宁占陇镇占梨村气象观测站,116.3,23.2,1,"B,X",2008-12-31 00:00:00
广东,粤东,揭阳,普宁市,流沙东街道,G2943,普宁流沙东街道新坛村气象观测站,116.1,23.3,1,"B,X",2008-12-31 00:00:00
广东,粤东,揭阳,普宁市,下架山镇,G2944,普宁下架山镇汤坑村气象观测站,116.2,23.2,1,"B,X,g",2003-03-01 00:00:00
广东,粤东,揭阳,普宁市,梅林镇,G2945,普宁梅林镇梅光村气象观测站,116,23.3,1,"B,X",2004-04-07 00:00:00
广东,粤东,揭阳,普宁市,大坝镇,G2946,普宁大坝镇横山村气象观测站,116.2,23.4,1,"B,X",2009-10-30 00:00:00
广东,粤东,揭阳,普宁市,南径镇,G2947,普宁南径镇东门村气象观测站,116.4,23.3,1,"B,X",2009-10-30 00:00:00
广东,粤东,揭阳,普宁市,马鞍山农场,G2948,普宁马鞍山农场国家气象观测站,116.1,23.1,1,"B,X",2009-10-30 00:00:00
广东,粤东,揭阳,普宁市,池尾街道,G2949,普宁池尾街道钟潭村气象观测站,116.2,23.2,1,B,2003-01-01 00:00:00
广东,粤东,揭阳,惠来县,靖海镇,G2950,惠来县靖海镇驿后村,116.4,23.1,1,"B,C,X",2003-03-31 00:00:00
广东,粤东,揭阳,惠来县,岐石镇,G2951,惠来县岐石镇览表村,116.2,22.9,1,"B,C,X",2003-04-30 00:00:00
广东,粤东,揭阳,惠来县,葵潭镇,G2952,惠来县葵潭镇镇区,116,23,1,"B,X",2008-09-30 00:00:00
广东,粤东,揭阳,惠来县,惠城镇,G2953,惠来县惠城镇河林乡上林村,116.2,23.1,1,"B,X",2004-04-07 00:00:00
广东,粤东,揭阳,惠来县,东港镇,G2954,惠来县东港镇东港村,115.9,22.9,1,"B,X",2008-09-30 00:00:00
广东,粤东,揭阳,惠来县,隆江镇,G2955,惠来县隆江镇镇区,116.2,23,1,"B,X",2008-09-30 00:00:00
广东,粤东,揭阳,惠来县,仙庵镇,G2956,惠来县仙庵镇京陇村,116.5,23.1,1,"B,C,X",2009-10-30 00:00:00
广东,粤东,揭阳,惠来县,周田镇,G2957,惠来县周田镇径口村,116.3,22.9,1,"B,X",2009-10-30 00:00:00
广东,粤东,揭阳,惠来县,惠城镇,G2959,惠来县惠城镇英内管区,116.2,22.9,1,"B,Q",2003-01-01 00:00:00
广东,粤东,揭阳,揭西县,坪上镇,G2960,揭西县坪上镇坪上村,115.9,23.5,1,B,2012-12-07 00:00:00
广东,粤东,揭阳,揭西县,金和镇,G2961,揭西县金和镇和南村,116.1,23.4,1,B,2012-12-08 00:00:00
广东,粤东,揭阳,揭西县,塔头镇,G2962,揭西县塔头镇山寮村,116.1,23.5,1,B,2012-12-08 00:00:00
广东,粤东,揭阳,揭西县,京溪园镇,G2963,揭西县京溪园镇粗坑村,115.9,23.6,1,B,2012-12-12 00:00:00
广东,粤东,揭阳,揭西县,五经富镇,G2964,揭西县五经富镇新安村,116,23.6,1,B,2012-12-31 00:00:00
广东,粤东,揭阳,揭西县,凤江镇,G2965,揭西县凤江镇鸿江村,116.2,23.5,1,B,2012-12-08 00:00:00
广东,粤东,揭阳,揭西县,良田乡,G2966,揭西县良田乡岸洋村,116,23.6,1,B,2013-01-04 00:00:00
广东,粤东,揭阳,揭西县,五云镇,G2967,揭西县五云镇岭新村,115.7,23.3,1,B,2012-12-13 00:00:00
广东,粤东,揭阳,揭西县,龙潭镇,G2968,揭西县龙潭镇龙东村,116,23.4,1,B,2012-12-12 00:00:00
广东,粤东,揭阳,惠来县,惠城镇,G2970,惠来县惠城镇盐岭村,116.3,23.1,1,"B,X",2010-12-30 00:00:00
广东,粤东,揭阳,惠来县,前詹镇,G2971,惠来前詹国家气象观测站,116.4,23,1,"B,X",2010-12-23 00:00:00
广东,粤东,揭阳,惠来县,鳌江镇,G2972,惠来县鳌江镇镇区,116.1,23,1,"B,X",2010-12-27 00:00:00
广东,粤东,揭阳,惠来县,溪西镇,G2973,惠来县溪西镇南海农场,116.1,23,1,"B,X",2010-12-26 00:00:00
广东,粤东,揭阳,惠来县,隆江镇,G2974,惠来县隆江镇石榴潭水库,116.2,23.1,1,"B,X",2010-12-30 00:00:00
广东,粤东,揭阳,惠来县,青坑林场,G2975,惠来县青坑林场,116.2,23.2,1,"B,X",2010-12-29 00:00:00
广东,粤东,揭阳,惠来县,东埔农场,G2976,惠来县东埔农场,116.2,23,1,B,2012-12-10 00:00:00
广东,粤东,揭阳,惠来县,东陇镇,G2977,惠来县东陇镇华房村,116.3,22.9,1,B,2012-12-12 00:00:00
广东,粤东,揭阳,惠来县,华湖镇,G2978,惠来县华湖镇横岭农场,116.3,23,1,B,2012-12-11 00:00:00
广东,粤东,揭阳,普宁市,普侨镇,G2980,普宁普侨镇侨城公园气象观测站,115.9,23.3,1,"B,X",2011-01-05 00:00:00
广东,粤东,揭阳,普宁市,船埔镇,G2981,普宁船埔镇船埔村气象观测站,115.9,23.2,1,"B,X",2010-12-28 00:00:00
广东,粤东,揭阳,普宁市,梅塘镇,G2982,普宁梅塘镇远光村气象观测站,116,23.3,1,"B,X",2010-12-27 00:00:00
广东,粤东,揭阳,普宁市,军埠镇,G2983,普宁军埠镇莲坛村气象观测站,116.2,23.2,1,"B,X",2010-12-28 00:00:00
广东,粤东,揭阳,普宁市,麒麟镇,G2984,普宁麒麟镇径水村气象观测站,116.3,23.4,1,"B,X",2011-01-01 00:00:00
广东,粤东,揭阳,普宁市,南溪镇,G2985,普宁南溪镇钟堂村气象观测站,116.2,23.4,1,"B,X",2010-12-28 00:00:00
广东,粤东,揭阳,普宁市,广太镇,G2986,普宁广太镇交南村气象观测站,116.2,23.4,1,"B,X",2010-12-28 00:00:00
广东,粤东,揭阳,普宁市,大南山街道,G2987,普宁大南山街道新六村气象观测站,116.2,23.2,1,"B,X",2010-12-28 00:00:00
广东,粤东,揭阳,榕城区,登岗镇,G2990,榕城区登岗镇登岗村气象观测站,116.6,23.6,1,B,2011-02-28 00:00:00
广东,粤东,揭阳,榕城区,砲台镇,G2991,榕城区砲台镇青溪村气象观测站,116.5,23.4,1,"B,X,g",2011-03-03 00:00:00
广东,粤东,揭阳,揭东区,白塔镇,G2992,揭东区白塔镇气象观测站,116.3,23.5,1,"B,X",2012-12-07 00:00:00
广东,粤东,揭阳,揭东区,玉湖镇,G2993,揭东区玉湖镇坪上村气象观测站,116.2,23.8,1,B,2012-12-10 00:00:00
广东,粤东,揭阳,揭东区,玉滘镇,G2994,揭东区东径农场气象观测站,116.5,23.7,1,"B,X",2012-12-07 00:00:00
广东,粤东,揭阳,揭东区,白塔镇,G2997,揭东区白塔镇望天湖景区气象观测站,116.2,23.7,1,B,2017-11-02 00:00:00
广东,粤东,揭阳,揭东区,埔田镇,G2998,揭东区埔田镇万竹园景区气象观测站,116.5,23.7,1,B,2017-11-03 00:00:00
广东,粤西,云浮,云城区,腰古镇,G3001,云浮市云城区腰古镇腰古中学,112.2,22.9,1,B,2003-01-01 00:00:00
广东,粤西,云浮,云安区,都杨镇,G3002,云安区都杨镇杨柳办事处,112.2,23.1,1,"B,g",2003-12-01 00:00:00
广东,粤西,云浮,云城区,南盛镇,G3003,云城区南盛镇朝阳水库,112.1,22.7,1,B,2003-01-01 00:00:00
广东,粤西,云浮,云城区,云城街道,G3004,云城区云城街声屏路气象观测站,112.1,23,1,"B,Q,X",2007-12-31 00:00:00
广东,粤西,云浮,云城区,安塘街道,G3005,云城区安塘街夏洞村气象观测站,112.2,23,1,"B,X",2007-12-31 00:00:00
广东,粤西,云浮,云城区,思劳镇,G3006,云城区思劳镇府前路气象观测站,112.2,23,1,"B,X",2007-12-31 00:00:00
广东,粤西,云浮,云安区,都杨镇,G3007,云安区都杨镇都骑社区气象观测站,112.2,23,1,"B,X",2009-12-24 00:00:00
广东,粤西,云浮,新兴县,新城镇,G3010,新兴县新城镇升平路气象观测站,112.2,22.7,1,B,2013-09-30 00:00:00
广东,粤西,云浮,新兴县,水台镇,G3011,新兴县水台镇水台街气象观测站,112.4,22.7,1,B,2003-01-01 00:00:00
广东,粤西,云浮,新兴县,车岗镇,G3012,新兴县车岗镇车岗圩11号气象观测站,112.3,22.8,1,"B,X",2007-12-31 00:00:00
广东,粤西,云浮,新兴县,里洞镇,G3013,新兴县里洞镇镇中大道气象观测站,112.2,22.4,1,B,2003-01-01 00:00:00
广东,粤西,云浮,新兴县,天堂镇,G3014,新兴天堂大十坑水库国家气象观测站,112,22.5,1,"B,X",2003-03-01 00:00:00
广东,粤西,云浮,新兴县,太平镇,G3015,新兴县太平镇河村气象观测站,112.2,22.7,1,"B,X",2003-03-01 00:00:00
广东,粤西,云浮,新兴县,簕竹镇,G3016,新兴县簕竹镇旧街气象观测站,112,22.8,1,"B,X",2007-12-31 00:00:00
广东,粤西,云浮,新兴县,大江镇,G3017,新兴县大江镇484县道南气象观测站,112.1,22.6,1,B,2007-12-31 00:00:00
广东,粤西,云浮,新兴县,河头镇,G3018,新兴县河头镇河口坳气象观测站,112.1,22.4,1,B,2008-12-01 00:00:00
广东,粤西,云浮,云安区,石城镇,G3020,云浮市云安区茶洞中学,111.9,22.8,1,B,2017-06-13 00:00:00
广东,粤西,云浮,云安区,六都镇,G3021,云安区六都镇白沙塘,111.9,23,1,"B,Q,X",2003-01-01 00:00:00
广东,粤西,云浮,云安区,镇安镇,G3022,云安区镇安镇镇安镇政府,111.8,22.7,1,"B,X",2007-12-31 00:00:00
广东,粤西,云浮,云安区,富林镇,G3023,云浮市云安区富林镇富林中学,111.9,22.6,1,"B,X",2003-03-31 00:00:00
广东,粤西,云浮,云安区,高村镇,G3024,云安区高村镇高村村,111.8,22.8,1,B,2007-12-31 00:00:00
广东,粤西,云浮,云城区,南盛镇,G3025,云城区南盛镇府前路气象观测站,112.1,22.8,1,"B,X",2007-12-31 00:00:00
广东,粤西,云浮,云安区,白石镇,G3026,云安区白石镇白石镇政府,111.8,22.7,1,B,2008-12-31 00:00:00
广东,粤西,云浮,云城区,前锋镇,G3027,云城区前锋镇府前路气象观测站,112.2,22.8,1,"B,X",2008-12-31 00:00:00
广东,粤西,云浮,云安区,石城镇,G3028,云安区石城镇托洞村气象观测站,111.9,22.7,1,"B,X",2009-12-21 00:00:00
广东,粤西,云浮,郁南县,桂圩镇,G3030,郁南县桂圩镇府前街气象观测站,111.4,23.1,1,"B,X",2012-12-18 00:00:00
广东,粤西,云浮,郁南县,连滩镇,G3031,郁南县连滩镇西郊路气象观测站,111.6,22.9,1,"B,X",2003-01-01 00:00:00
广东,粤西,云浮,郁南县,南江口镇,G3032,郁南县南江口镇振兴路气象观测站,111.8,23.1,1,"B,X",2007-12-31 00:00:00
广东,粤西,云浮,郁南县,宝珠镇,G3033,郁南县宝珠镇新街气象观测站,111.6,23.2,1,"B,X",2003-01-01 00:00:00
广东,粤西,云浮,郁南县,千官镇,G3034,郁南县千官镇平安路气象观测站,111.5,22.8,1,B,2003-03-01 00:00:00
广东,粤西,云浮,郁南县,桂圩镇,G3035,郁南桂圩罗顺中心小学国家气象观测站,111.5,23.1,1,"B,X",2003-03-01 00:00:00
广东,粤西,云浮,郁南县,平台镇,G3036,郁南县平台镇新街气象观测站,111.3,23.3,1,"B,X",2007-12-31 00:00:00
广东,粤西,云浮,郁南县,建城镇,G3037,郁南县建城镇沙龙村气象观测站,111.6,23,1,B,2007-12-31 00:00:00
广东,粤西,云浮,郁南县,建城镇,G3038,郁南县建城镇中山路气象观测站,111.4,23.1,1,"B,X",2008-12-17 00:00:00
广东,粤西,云浮,罗定市,素龙街道,G3040,罗定市素龙街道办事处,111.6,22.7,1,"B,X",2012-12-14 00:00:00
广东,粤西,云浮,罗定市,苹塘镇,G3041,罗定市苹塘镇府前路,111.8,22.7,1,B,2003-11-30 00:00:00
广东,粤西,云浮,罗定市,船步镇,G3042,罗定市船步镇开阳中路,111.7,22.6,1,B,2003-11-30 00:00:00
广东,粤西,云浮,罗定市,罗镜镇,G3043,罗定市罗镜镇镇中路,111.5,22.5,1,B,2003-02-28 00:00:00
广东,粤西,云浮,罗定市,榃滨镇,G3044,罗定市榃滨镇榃滨圩,111.3,22.8,1,B,2003-12-01 00:00:00
广东,粤西,云浮,罗定市,朗塘镇,G3045,罗定市朗塘镇人民路,111.7,22.6,1,"B,X",2007-12-31 00:00:00
广东,粤西,云浮,罗定市,泗纶镇,G3046,罗定市泗纶镇广海中路,111.2,22.7,1,B,2003-02-28 00:00:00
广东,粤西,云浮,罗定市,龙湾镇,G3047,罗定市龙湾镇前进路,111.3,22.7,1,B,2007-12-31 00:00:00
广东,粤西,云浮,罗定市,连州镇,G3048,罗定连州中学国家气象观测站,111.4,22.7,1,"B,X",2007-12-31 00:00:00
广东,粤西,云浮,罗定市,罗平镇,G3051,罗定市罗平镇冠军路,111.5,22.7,1,B,2010-12-27 00:00:00
广东,粤西,云浮,罗定市,生江镇,G3052,罗定市生江镇生江圩,111.6,22.7,1,"B,X,g",2010-12-23 00:00:00
广东,粤西,云浮,罗定市,附城街道,G3053,罗定市附城街永盛路,111.5,22.7,1,"B,X",2010-12-27 00:00:00
广东,粤西,云浮,罗定市,生江镇,G3054,罗定市生江镇碗窑村,111.5,22.7,1,"B,X",2010-12-24 00:00:00
广东,粤西,云浮,罗定市,泗纶镇,G3055,罗定市泗纶镇都门和合村,111.2,22.6,1,B,2010-12-26 00:00:00
广东,粤西,云浮,罗定市,罗镜镇,G3056,罗定市罗镜镇新榕办事处,111.4,22.7,1,B,2012-12-20 00:00:00
广东,粤西,云浮,罗定市,罗镜镇,G3057,罗定罗镜镇步贺村,111.5,22.5,1,"B,g",2014-01-05 00:00:00
广东,粤西,云浮,罗定市,泗纶镇,G3058,罗定泗纶镇都门双德村,111.3,22.7,1,B,2014-01-04 00:00:00
广东,粤西,云浮,罗定市,罗城街道,G3059,罗定市罗城街道气象路41号,111.6,22.7,1,"B,X",2010-11-08 00:00:00
广东,粤西,云浮,新兴县,太平镇,G3060,新兴县太平镇水浪村气象观测站,112.3,22.5,1,B,2013-01-30 00:00:00
广东,粤西,云浮,新兴县,大江镇,G3061,新兴县大江镇上料村气象观测站,112,22.4,1,"B,X",2008-12-21 00:00:00
广东,粤西,云浮,新兴县,太平镇,G3062,新兴县太平镇太平街气象观测站,112.2,22.7,1,B,2008-12-22 00:00:00
广东,粤西,云浮,新兴县,六祖镇,G3063,新兴县六祖镇集新路气象观测站,112.3,22.6,1,"B,X",2009-12-26 00:00:00
广东,粤西,云浮,新兴县,河头镇,G3064,新兴县河头镇光明路气象观测站,112,22.6,1,"B,X",2009-12-29 00:00:00
广东,粤西,云浮,新兴县,稔村镇,G3065,新兴县稔村镇人民路气象观测站,112.4,22.6,1,"B,X",2009-12-30 00:00:00
广东,粤西,云浮,新兴县,新城镇,G3066,新兴县新城镇云吟村气象观测站,112.2,22.7,1,B,2009-12-28 00:00:00
广东,粤西,云浮,新兴县,六祖镇,G3067,新兴县六祖镇湴表村气象观测站,112.1,22.6,1,B,2010-12-20 00:00:00
广东,粤西,云浮,新兴县,新城镇,G3068,新兴县新城镇站前路气象观测站,112.3,22.7,1,B,2010-12-21 00:00:00
广东,粤西,云浮,新兴县,东成镇,G3069,新兴县东成镇古院村气象观测站,112.3,22.8,1,B,2010-12-20 00:00:00
广东,粤西,云浮,云安区,石城镇,G3070,云安区石城镇五星村,112,22.7,1,B,2010-12-21 00:00:00
广东,粤西,云浮,云城区,南盛镇,G3071,云城区南盛镇铁场村,112,22.7,1,B,2009-12-24 00:00:00
广东,粤西,云浮,云安区,六都镇,G3072,云浮市云浮海事局,112.1,23.1,1,B,2017-05-27 00:00:00
广东,粤西,云浮,云安区,六都镇,G3073,云安冬城国家气象观测站,112.1,23.1,1,B,2010-12-26 00:00:00
广东,粤西,云浮,云安区,六都镇,G3074,云安大河国家气象观测站,111.9,23.1,1,"B,X",2010-12-24 00:00:00
广东,粤西,云浮,罗定市,太平镇,G3075,罗定市太平镇府前路,111.6,22.6,1,"B,X",2009-12-21 00:00:00
广东,粤西,云浮,罗定市,围底镇,G3076,罗定市围底镇工业大道东,111.7,22.6,1,"B,X",2009-12-21 00:00:00
广东,粤西,云浮,罗定市,船步镇,G3077,罗定山垌国家气象观测站,111.7,22.5,1,"B,X",2009-12-21 00:00:00
广东,粤西,云浮,罗定市,龙湾镇,G3078,罗定市龙湾镇南充村,111.2,22.6,1,B,2010-10-20 00:00:00
广东,粤西,云浮,罗定市,泗纶镇,G3079,罗定亚灿米种植基地国家气象观测站,111.3,22.8,1,B,2017-06-12 00:00:00
广东,粤西,云浮,郁南县,都城镇,G3080,郁南县都城镇四一八西路气象观测站,111.6,23.3,1,"B,X",2012-12-28 00:00:00
广东,粤西,云浮,郁南县,通门镇,G3081,郁南县通门镇建设路气象观测站,111.5,23,1,"B,X",2008-12-17 00:00:00
广东,粤西,云浮,郁南县,大方镇,G3082,郁南县大方镇城中路气象观测站,111.6,23,1,"B,X",2008-12-16 00:00:00
广东,粤西,云浮,郁南县,大湾镇,G3083,郁南前进国家气象观测站,111.7,22.7,1,"B,X",2009-12-27 00:00:00
广东,粤西,云浮,郁南县,宋桂镇,G3084,郁南县宋桂镇南福二路,111.9,22.8,1,B,2009-12-27 00:00:00
广东,粤西,云浮,郁南县,平台镇,G3085,郁南县平台镇中村气象观测站,111.5,23.2,1,B,2010-01-11 00:00:00
广东,粤西,云浮,郁南县,河口镇,G3086,郁南县河口镇兴盛路气象观测站,111.6,22.9,1,B,2010-12-23 00:00:00
广东,粤西,云浮,郁南县,历洞镇,G3087,郁南县历洞镇建设路气象观测站号,111.7,23,1,"B,X",2010-12-24 00:00:00
广东,粤西,云浮,郁南县,东坝镇,G3088,郁南县东坝镇龙塘村气象观测站,111.9,22.9,1,"B,X",2010-12-21 00:00:00
广东,粤西,云浮,郁南县,千官镇,G3089,郁南县千官镇文明路气象观测站,111.5,22.9,1,B,2017-03-10 00:00:00
广东,粤西,云浮,罗定市,罗平镇,G3090,罗定市罗平镇古莲冲村,111.5,22.7,1,B,2018-04-11 00:00:00
广东,粤西,云浮,罗定市,罗城街道,G3091,罗定市罗城街宝定路,111.5,22.9,1,"B,X",2008-12-09 00:00:00
广东,粤西,云浮,罗定市,黎少镇,G3092,罗定市黎少镇广海西路,111.4,22.7,1,"B,X",2008-12-09 00:00:00
广东,粤西,云浮,罗定市,金鸡镇,G3093,罗定市金鸡镇府前路,111.9,22.8,1,"B,X",2008-12-09 00:00:00
广东,粤西,云浮,罗定市,分界镇,G3094,罗定市分界镇建设路,111.3,22.6,1,B,2008-12-09 00:00:00
广东,粤西,云浮,罗定市,分界镇,G3095,罗定罗光国家气象观测站,111.3,22.7,1,B,2008-12-09 00:00:00
广东,粤西,云浮,罗定市,华石镇,G3096,罗定市华石镇华荔路,111.8,22.9,1,"B,X",2009-12-21 00:00:00
广东,粤西,云浮,罗定市,加益镇,G3097,罗定市加益镇加益圩,111.1,22.7,1,B,2009-12-21 00:00:00
广东,粤西,云浮,罗定市,双东街道,G3098,罗定市双东街双东圩,111.7,22.7,1,"B,X",2009-12-21 00:00:00
广东,粤西,云浮,罗定市,苹塘镇,G3099,罗定海惠生态园国家气象观测站,111.7,22.8,1,B,2017-06-20 00:00:00
广东,珠三角,广州,海珠区,华洲街道,G3101,海珠区华洲街龙潭村2（湿地公园生态站）,113.4,23.1,1,"B,K,R0,X",2014-05-12 00:00:00
广东,珠三角,广州,海珠区,琶洲街道,G3102,海珠区琶洲街会展公园,113.3,23.1,1,B,2015-08-29 00:00:00
广东,珠三角,广州,增城区,派潭镇,G3103,增城区派潭镇拖罗水库,113.6,23.5,1,"B,X",2007-04-05 00:00:00
广东,珠三角,广州,花都区,新雅街道,G3104,花都区新雅街雅源中路气象观测站,113.2,23.4,1,"B,X",2006-03-31 00:00:00
广东,珠三角,广州,从化区,温泉镇,G3105,从化温泉国家气象观测站,113.7,23.5,1,B,2006-04-03 00:00:00
广东,珠三角,广州,从化区,吕田镇,G3106,从化吕田东升气象观测站,113.8,23.9,1,B,2006-03-31 00:00:00
广东,珠三角,广州,番禺区,洛浦街道,G3107,番禺区洛浦街西三村气象观测站,113.3,23,1,"B,X",2006-08-31 00:00:00
广东,珠三角,广州,番禺区,钟村街道,G3108,番禺区钟村街钟一村气象观测站,113.4,23,1,"B,X",2006-08-31 00:00:00
广东,珠三角,广州,花都区,梯面镇,G3109,花都区梯面镇红山村,113.2,23.6,1,B,2015-03-02 00:00:00
广东,珠三角,广州,南沙区,大岗镇,G3110,南沙区大岗镇东隆村气象观测站,113.4,22.7,1,"B,X",2006-08-31 00:00:00
广东,珠三角,广州,南沙区,大岗镇,G3111,南沙区大岗镇鸭利村气象观测站,113.3,22.7,1,"B,X",2006-08-31 00:00:00
广东,珠三角,广州,南沙区,榄核镇,G3112,南沙区榄核镇雁沙村气象观测站,113.5,22.9,1,"B,X",2006-08-31 00:00:00
广东,珠三角,广州,南沙区,东涌镇,G3113,南沙区东涌镇东涌村气象观测站,113.4,22.8,1,B,2006-08-31 00:00:00
广东,珠三角,广州,番禺区,化龙镇,G3114,番禺区化龙镇复苏村气象观测站,113.4,23.1,1,"B,K",2006-09-02 00:00:00
广东,珠三角,广州,番禺区,石楼镇,G3115,番禺区石楼镇江鸥村气象观测站,113.6,23,1,"B,K",2006-08-31 00:00:00
广东,珠三角,广州,番禺区,沙湾街道,G3117,番禺区沙湾街紫坭村气象观测站,113.3,22.9,1,"B,K",2006-08-31 00:00:00
广东,珠三角,广州,南沙区,黄阁镇,G3118,南沙区黄阁镇沙仔村近洋港口气象观测站,113.6,22.8,1,B,2006-08-31 00:00:00
广东,珠三角,广州,花都区,赤坭镇,G3119,花都区赤坭镇门口坑村,112.9,23.3,1,B,2015-03-03 00:00:00
广东,珠三角,广州,南沙区,南沙街道,G3120,南沙区南沙街东湾村蕉东水闸气象观测站,113.5,22.8,1,B,2006-08-31 00:00:00
广东,珠三角,广州,南沙区,港湾街道,G3121,南沙区港湾街大岭界村气象观测站,113.6,22.8,1,"B,X",2006-08-31 00:00:00
广东,珠三角,广州,增城区,石滩镇,G3122,增城区石滩镇石顺大道,113.8,23.3,1,"B,X",2006-06-16 00:00:00
广东,珠三角,广州,从化区,鳌头镇,G3123,从化鳌头国家气象观测站,113.5,23.6,1,"B,X",2006-06-16 00:00:00
广东,珠三角,广州,增城区,朱村街道,G3124,增城区朱村街松田学院,113.6,23.3,1,"B,X,p",2006-06-16 00:00:00
广东,珠三角,广州,番禺区,新造镇,G3125,番禺区新造镇崇德村气象观测站,113.4,23,1,"B,K,X",2006-08-31 00:00:00
广东,珠三角,广州,花都区,赤坭镇,G3126,花都区赤坭镇缠岗村,113,23.5,1,B,2015-03-04 00:00:00
广东,珠三角,广州,从化区,城郊街道,G3127,从化城郊玫瑰园气象观测站,113.6,23.7,1,"B,X",2006-08-31 00:00:00
广东,珠三角,广州,番禺区,东环街道,G3128,番禺区东环街蔡二村气象观测站,113.4,22.9,1,B,2006-12-31 00:00:00
广东,珠三角,广州,番禺区,南村镇,G3129,番禺区南村镇里仁洞村气象观测站,113.4,23,1,"B,X",2006-12-31 00:00:00
广东,珠三角,广州,番禺区,大龙街道,G3130,番禺区大龙街茶东村气象观测站,113.5,22.9,1,B,2006-12-31 00:00:00
广东,珠三角,广州,南沙区,东涌镇,G3131,南沙区东涌镇小乌村气象观测站,113.4,22.8,1,B,2006-12-31 00:00:00
广东,珠三角,广州,南沙区,东涌镇,G3132,南沙区东涌镇万洲村气象观测站,113.4,22.9,1,B,2006-12-31 00:00:00
广东,珠三角,广州,番禺区,石楼镇,G3133,番禺区石楼镇清流村气象观测站,113.4,23,1,B,2006-12-31 00:00:00
广东,珠三角,广州,南沙区,榄核镇,G3134,南沙区榄核镇甘岗村气象观测站,113.3,22.8,1,B,2006-12-31 00:00:00
广东,珠三角,广州,番禺区,石碁镇,G3135,番禺区石碁镇大刀沙村气象观测站,113.4,23,1,"B,X",2006-12-31 00:00:00
广东,珠三角,广州,番禺区,化龙镇,G3136,番禺区化龙镇沙亭村气象观测站,113.3,23,1,"B,X",2006-12-31 00:00:00
广东,珠三角,广州,南沙区,榄核镇,G3137,南沙区榄核镇顺河村气象观测站,113.5,22.9,1,"B,X",2006-12-31 00:00:00
广东,珠三角,广州,番禺区,洛浦街道,G3138,番禺区洛浦街沙溪村气象观测站,113.3,23,1,"B,X",2006-12-31 00:00:00
广东,珠三角,广州,番禺区,石楼镇,G3139,番禺区石楼镇胜洲村气象观测站,113.5,23,1,B,2006-12-31 00:00:00
广东,珠三角,广州,番禺区,石楼镇,G3140,番禺区石楼镇大岭村气象观测站,113.5,22.9,1,"B,X",2006-12-31 00:00:00
广东,珠三角,广州,番禺区,桥南街道,G3141,番禺区桥南街草河村气象观测站,113.4,22.9,1,"B,K",2006-12-31 00:00:00
广东,珠三角,广州,南沙区,大岗镇,G3142,南沙区大岗镇大隆水闸气象观测站,113.3,22.8,1,B,2006-12-31 00:00:00
广东,珠三角,广州,增城区,小楼镇,G3143,增城区小楼镇竹坑村,113.8,23.4,1,"B,X",2007-01-01 00:00:00
广东,珠三角,广州,增城区,宁西街道,G3144,增城区宁西街太新路,113.8,23.2,1,"B,X",2007-01-01 00:00:00
广东,珠三角,广州,番禺区,大石街道,G3145,番禺区大石街会江村气象观测站,113.2,23,1,B,2007-01-01 00:00:00
广东,珠三角,广州,增城区,永宁街道,G3146,增城永宁,113.7,23.2,1,"B,X",2007-01-01 00:00:00
广东,珠三角,广州,增城区,正果镇,G3147,增城正果兰溪,113.9,23.3,1,B,2007-01-01 00:00:00
广东,珠三角,广州,增城区,正果镇,G3148,增城区正果镇浪拔村,113.9,23.5,1,B,2007-01-01 00:00:00
广东,珠三角,广州,增城区,正果镇,G3150,增城正果何屋,113.9,23.4,1,B,2007-01-01 00:00:00
广东,珠三角,广州,增城区,中新镇,G3151,增城区中新镇泮霞村,113.6,23.4,1,B,2007-01-01 00:00:00
广东,珠三角,广州,增城区,新塘镇,G3152,增城区新塘镇岗尾村,113.6,23.1,1,"B,X",2007-01-01 00:00:00
广东,珠三角,广州,增城区,石滩镇,G3153,增城区石滩镇三江建设路,113.9,23.1,1,B,2007-01-01 00:00:00
广东,珠三角,广州,增城区,石滩镇,G3154,增城区石滩镇江龙学校,113.8,23.2,1,B,2007-01-01 00:00:00
广东,珠三角,广州,番禺区,小谷围街道,G3155,番禺区小谷围街贝岗村气象观测站,113.3,23,1,"B,X,p",2007-01-01 00:00:00
广东,珠三角,广州,番禺区,石壁街道,G3156,番禺区石壁街都那村气象观测站,113.2,22.9,1,"B,X",2007-01-01 00:00:00
广东,珠三角,广州,海珠区,海幢街道,G3157,海珠区海幢街寺前社区,113.2,23,1,"B,X",2008-12-31 00:00:00
广东,珠三角,广州,黄埔区,夏港街道,G3158,黄埔区夏港街新港码头气象观测站,113.6,23,1,"B,X",2008-12-31 00:00:00
广东,珠三角,广州,花都区,新华街道,G3159,花都区新华街东郊河西村气象观测站,113.2,23.3,1,B,2009-01-31 00:00:00
广东,珠三角,广州,黄埔区,九佛街道,G3160,黄埔九佛国家气象观测站,113.5,23.3,1,B,2008-12-31 00:00:00
广东,珠三角,广州,黄埔区,联和街道,G3161,黄埔区联和街广州市第二中学（科学城校区）气象观测站（科学城校区）,113.4,23.1,1,"B,K,X",2008-12-31 00:00:00
广东,珠三角,广州,黄埔区,永和街道,G3162,黄埔区永和街永岗小学气象观测站,113.6,23.2,1,B,2008-12-31 00:00:00
广东,珠三角,广州,增城区,派潭镇,G3163,增城区派潭镇白水寨景区,113.8,23.5,1,B,2007-12-31 00:00:00
广东,珠三角,广州,白云区,钟落潭镇,G3164,白云区太和镇帽峰山单刀松顶,113.4,23.3,1,"B,R0,d,e",2008-12-31 00:00:00
广东,珠三角,肇庆,四会市,大旺街道,G3170,肇花高速张洞互通立交交通气象观测站,112.9,23.3,1,B,2026-01-13 00:00:00
广东,珠三角,佛山,三水区,芦苞镇,G3171,肇花高速北江西至大旺北交通气象观测站,112.8,23.4,1,B,2026-01-12 00:00:00
广东,珠三角,广州,花都区,赤坭镇,G3172,肇花高速国泰西行入口交通气象观测站,112.9,23.5,1,B,2026-01-12 00:00:00
广东,粤北,清远,清城区,龙塘镇,G3173,广清高速龙塘至云路互通交通气象观测站,113,23.5,1,B,2026-01-13 00:00:00
广东,粤北,清远,清城区,龙塘镇,G3174,广清高速天坪岭隧道至古钱岭交通气象观测站,113.1,23.6,1,B,2026-01-28 00:00:00
广东,珠三角,广州,白云区,石门街道,G3175,广清高速朝阳东票出口交通气象观测站,113.1,23.2,1,B,2026-01-12 00:00:00
广东,珠三角,广州,南沙区,龙穴街道,G3176,龙穴大道三涌桥气象观测站,113.6,22.6,1,B,2026-06-05 00:00:00
广东,珠三角,广州,黄埔区,长洲街道,G3190,黄埔区长州街黄埔军校气象观测站,113.4,23.1,1,B,2009-01-31 00:00:00
广东,珠三角,广州,,,G3200,广州市气象台应急移动系统,113,22.9,1,"B,z99",2009-12-10 00:00:00
广东,珠三角,广州,南沙区,港湾街道,G3201,南沙区港湾街芦湾村气象观测站,113.6,22.7,1,"B,X",2007-11-30 00:00:00
广东,珠三角,广州,南沙区,万顷沙镇,G3202,南沙区万顷沙镇九涌东气象观测站,113.6,22.7,1,"B,X",2007-12-03 00:00:00
广东,珠三角,广州,南沙区,黄阁镇,G3203,南沙区黄阁镇留东村气象观测站,113.5,22.8,1,"B,X",2007-12-03 00:00:00
广东,珠三角,广州,南沙区,横沥镇,G3204,南沙区横沥镇庙南村气象观测站,113.5,22.9,1,"B,X",2007-11-30 00:00:00
广东,珠三角,广州,南沙区,万顷沙镇,G3205,南沙区万顷沙镇年丰村气象观测站,113.5,22.6,1,"B,X",2007-12-03 00:00:00
广东,珠三角,广州,南沙区,横沥镇,G3206,南沙区横沥镇冯马二村气象观测站,113.4,22.7,1,B,2007-12-03 00:00:00
广东,珠三角,广州,南沙区,珠江街道,G3207,南沙区珠江街正安村气象观测站,113.5,22.7,1,"B,X",2008-03-02 00:00:00
广东,珠三角,广州,南沙区,龙穴街道,G3208,南沙区龙穴街广船国际龙门架气象观测站,113.6,22.7,1,B,2007-12-03 00:00:00
广东,珠三角,广州,南沙区,横沥镇,G3209,南沙区横沥镇新兴村气象观测站,113.4,22.7,1,B,2007-12-03 00:00:00
广东,珠三角,广州,南沙区,黄阁镇,G3210,南沙区黄阁镇小虎村气象观测站,113.6,22.9,1,"B,X",2008-06-01 00:00:00
广东,珠三角,广州,南沙区,万顷沙镇,G3211,南沙区万顷沙镇十九涌气象观测站,113.6,22.7,1,B,2007-12-03 00:00:00
广东,珠三角,广州,南沙区,龙穴街道,G3212,南沙区龙穴街广船国际气象观测站,113.7,22.6,1,"B,E,K",2009-06-01 00:00:00
广东,珠三角,广州,南沙区,南沙街道,G3213,南沙区南沙街东湾村小学气象观测站,113.5,22.8,1,"B,X",2007-12-03 00:00:00
广东,珠三角,广州,番禺区,南村镇,G3218,番禺区南村镇华南碧桂园广州天气雷达基地,113.3,23.1,1,"B,F,Q",2009-03-17 00:00:00
广东,珠三角,广州,白云区,景泰街道,G3219,白云区景泰街广园中路,113.3,23.2,1,"B,F",2009-03-17 00:00:00
广东,珠三角,广州,番禺区,小谷围街道,G3220,番禺小谷围国家气象观测站,113.3,23,1,"B,F",2009-03-17 00:00:00
广东,珠三角,广州,天河区,石牌街道,G3221,天河区石牌街中山大道西,113.4,23.2,1,"B,F,X,p",2009-03-14 00:00:00
广东,珠三角,广州,荔湾区,西村街道,G3222,荔湾区西村街增埗公园,113.3,23.2,1,"B,F,Q,X",2009-03-17 00:00:00
广东,珠三角,广州,海珠区,新港街道,G3223,海珠区新港街海康社区,113.3,23.1,1,"B,F",2009-03-18 00:00:00
广东,珠三角,广州,越秀区,建设街道,G3224,越秀区建设街黄华路,113.2,23.1,1,"B,F,X",2009-03-17 00:00:00
广东,珠三角,广州,海珠区,海幢街道,G3225,海珠区海幢街东南村,113.3,23.1,1,"B,F",2009-03-17 00:00:00
广东,珠三角,广州,黄埔区,云埔街道,G3226,黄埔区云埔街刘村小学气象观测站,113.6,23.2,1,"B,X",2009-02-01 00:00:00
广东,珠三角,广州,黄埔区,云埔街道,G3227,黄埔区云埔街火村社区气象观测站,113.6,23.2,1,B,2008-12-31 00:00:00
广东,珠三角,广州,黄埔区,联和街道,G3228,黄埔区联和街玉树小学气象观测站,113.3,23.1,1,"B,X",2008-12-31 00:00:00
广东,珠三角,广州,黄埔区,新龙镇,G3229,黄埔区新龙镇九龙二小气象观测站,113.6,23.2,1,"B,X",2008-12-31 00:00:00
广东,珠三角,广州,黄埔区,新龙镇,G3230,黄埔区新龙镇金坑水库气象观测站,113.6,23.2,1,B,2009-04-30 00:00:00
广东,珠三角,广州,黄埔区,萝岗街道,G3231,黄埔区萝岗街萝峰小学气象观测站,113.5,23.1,1,B,2010-07-01 00:00:00
广东,珠三角,广州,黄埔区,联和街道,G3232,黄埔区联和街联和小学气象观测站,113.3,23.3,1,"B,X",2010-07-30 00:00:00
广东,珠三角,广州,黄埔区,永和街道,G3233,黄埔区永和街贤江社区气象观测站,113.6,23.3,1,"B,X",2010-07-21 00:00:00
广东,珠三角,广州,黄埔区,永和街道,G3234,黄埔区永和街禾丰小学气象观测站,113.6,23.1,1,"B,X",2010-07-21 00:00:00
广东,珠三角,广州,黄埔区,联和街道,G3235,黄埔区联和街国际羽毛球培训中心气象观测站,113.5,23.3,1,B,2010-08-19 00:00:00
广东,珠三角,广州,荔湾区,彩虹街道,G3236,荔湾区彩虹街西关外国语学校,113.1,23.2,1,"B,F",2009-03-18 00:00:00
广东,珠三角,广州,荔湾区,东漖街道,G3237,荔湾区东漖街省实路,113.3,23.2,1,"B,F",2009-03-18 00:00:00
广东,珠三角,广州,天河区,黄村街道,G3238,天河区黄村街奥体路,113.5,23.1,1,"B,K,X,p,r,z96",2009-03-31 00:00:00
广东,珠三角,广州,南沙区,珠江街道,G3239,南沙区气象探测基地气象观测站,113.5,22.7,1,"B,K,Q,R0,k",2008-10-16 00:00:00
广东,珠三角,广州,白云区,钟落潭镇,G3240,白云区钟落潭镇竹料,113.2,23.4,1,"B,K,p,r",2009-03-31 00:00:00
广东,珠三角,广州,天河区,天河南街道,G3241,天河区天河体育中心站,113.3,23.2,1,"B,K,X,p,r",2009-04-23 00:00:00
广东,珠三角,广州,番禺区,小谷围街道,G3242,番禺区小谷围街主场西路气象观测站,113.4,23,1,"B,K,p,r",2009-08-24 00:00:00
广东,珠三角,广州,增城区,派潭镇,G3243,增城区派潭镇榕树吓村,113.8,23.6,1,"B,p,r",2010-05-27 00:00:00
广东,珠三角,广州,番禺区,石楼镇,G3244,番禺石楼国家气象观测站,113.5,23,1,"B,K",2010-07-22 00:00:00
广东,珠三角,广州,增城区,荔湖街道,G3245,增城区荔湖街龙舟比赛场,113.9,23.3,1,B,2010-09-25 00:00:00
广东,珠三角,广州,花都区,花东镇,G3246,花都区花东镇山前大道,113.3,23.5,1,"B,K",2009-05-13 00:00:00
广东,珠三角,广州,增城区,小楼镇,G3247,增城区小楼镇腊圃村,113.8,23.4,1,B,2008-12-01 00:00:00
广东,珠三角,广州,增城区,派潭镇,G3248,增城区派潭镇大封门水库,113.7,23.6,1,B,2008-12-01 00:00:00
广东,珠三角,广州,荔湾区,东漖街道,G3249,荔湾区东漖街省实验中学,113.2,23.1,1,"B,X",2009-03-31 00:00:00
广东,珠三角,广州,增城区,新塘镇,G3250,增城区新塘镇环保二路,113.6,23.1,1,B,2009-02-28 00:00:00
广东,珠三角,广州,花都区,花山镇,G3251,花都区花山镇华侨中学,113.3,23.4,1,"B,X",2009-04-30 00:00:00
广东,珠三角,广州,花都区,赤坭镇,G3252,花都区赤坭镇中洞村,113,23.3,1,B,2009-04-30 00:00:00
广东,珠三角,广州,花都区,赤坭镇,G3253,花都区赤坭镇官坑村气象观测站,113,23.4,1,B,2009-04-30 00:00:00
广东,珠三角,广州,花都区,炭步镇,G3254,花都区炭步镇文岗村气象观测站,113.2,23.2,1,"B,X",2009-04-30 00:00:00
广东,珠三角,广州,花都区,炭步镇,G3255,花都炭步国家气象观测站,113.1,23.2,1,B,2009-04-30 00:00:00
广东,珠三角,广州,花都区,炭步镇,G3256,花都区炭步镇新泰村气象观测站,113,23.3,1,B,2009-04-30 00:00:00
广东,珠三角,广州,花都区,花东镇,G3257,花都区花东镇七星村气象观测站,113.3,23.4,1,"B,X",2009-04-30 00:00:00
广东,珠三角,广州,花都区,花东镇,G3258,花都花东国家气象观测站,113.4,23.4,1,B,2009-04-30 00:00:00
广东,珠三角,广州,花都区,狮岭镇,G3259,花都狮岭国家气象观测站,113.2,23.5,1,"B,X",2009-04-30 00:00:00
广东,珠三角,广州,花都区,新华街道,G3260,花都区花城街紫薇路气象观测站,113.3,23.5,1,"B,X,g",2009-04-30 00:00:00
广东,珠三角,广州,增城区,中新镇,G3261,增城区中新镇联安水库,113.7,23.4,1,B,2009-03-01 00:00:00
广东,珠三角,广州,从化区,鳌头镇,G3262,从化鳌头石咀气象观测站,113.3,23.6,1,B,2009-06-17 00:00:00
广东,珠三角,广州,白云区,钟落潭镇,G3263,白云区钟落潭镇寮采村,113.3,23.4,1,B,2009-04-30 00:00:00
广东,珠三角,广州,增城区,朱村街道,G3266,增城区朱村街朱村中学,113.7,23.2,1,B,2009-04-30 00:00:00
广东,珠三角,广州,增城区,石滩镇,G3267,增城区石滩镇增塘水库,113.7,23.3,1,B,2009-01-31 00:00:00
广东,珠三角,广州,增城区,正果镇,G3268,增城区正果镇水围村,114,23.5,1,B,2009-02-28 00:00:00
广东,珠三角,广州,增城区,增江街道,G3269,增城区增江街联益村,113.9,23.3,1,B,2009-03-01 00:00:00
广东,珠三角,广州,增城区,朱村街道,G3300,增城区朱村街山田小学,113.7,23.3,1,B,2009-04-30 00:00:00
广东,珠三角,广州,黄埔区,长洲街道,G3302,黄埔区长洲街黄埔船厂气象观测站,113.5,23.1,1,B,2009-03-31 00:00:00
广东,珠三角,广州,从化区,城郊街道,G3303,从化城郊左村道班气象观测站,113.5,23.6,1,B,2018-01-02 00:00:00
广东,珠三角,广州,从化区,江埔街道,G3304,从化江埔高峰气象观测站,113.7,23.6,1,B,2018-01-02 00:00:00
广东,珠三角,广州,从化区,城郊街道,G3307,从化城郊街道办气象观测站,113.5,23.6,1,"B,X",2009-05-21 00:00:00
广东,珠三角,广州,南沙区,港湾街道,G3308,南沙区港湾街黄山鲁森林公园气象观测站,113.5,22.8,1,B,2009-12-14 00:00:00
广东,珠三角,广州,海珠区,官洲街道,G3309,海珠区官洲街赤沙村,113.4,23.1,1,"B,F,Q,X",2009-07-27 00:00:00
广东,珠三角,佛山,南海区,大沥镇,G3310,南海大沥浔峰洲国家气象观测站,113.2,23.1,1,"B,F",2009-07-27 00:00:00
广东,珠三角,广州,天河区,新塘街道,G3311,天河区凤凰街柯木塱南路,113.3,23.1,1,"B,F,X",2009-07-27 00:00:00
广东,珠三角,广州,黄埔区,大沙街道,G3312,黄埔区文冲街广州石化厂气象观测站,113.4,23.2,1,B,2009-09-10 00:00:00
广东,珠三角,广州,天河区,猎德街道,G3314,天河区猎德街海心沙岛,113.2,23.2,1,"B,p",2009-10-30 00:00:00
广东,珠三角,广州,天河区,猎德街道,G3316,天河区猎德街海心沙岛,113.3,23.2,1,"B,K,z96",2010-09-27 00:00:00
广东,珠三角,广州,增城区,荔城街道,G3317,增城区荔城街荔江小学,113.8,23.3,1,"B,X",2010-01-12 00:00:00
广东,珠三角,广州,增城区,荔湖街道,G3318,增城荔湖,113.8,23.3,1,B,2010-01-28 00:00:00
广东,珠三角,广州,增城区,仙村镇,G3319,增城区仙村镇碧潭村,113.8,23.1,1,"B,X",2010-01-19 00:00:00
广东,珠三角,广州,增城区,中新镇,G3320,增城中新,113.7,23.3,1,"B,X",2010-02-01 00:00:00
广东,珠三角,广州,增城区,小楼镇,G3321,增城小楼,113.8,23.5,1,B,2010-01-17 00:00:00
广东,珠三角,广州,增城区,永宁街道,G3322,增城区永宁街叶岭村,113.7,23.3,1,B,2010-01-19 00:00:00
广东,珠三角,广州,增城区,派潭镇,G3323,增城区派潭镇七境小学,113.7,23.6,1,B,2010-01-18 00:00:00
广东,珠三角,广州,番禺区,沙头街道,G3324,番禺区沙头街横江村气象观测站,113.4,23,1,"B,K",2010-02-08 00:00:00
广东,珠三角,广州,花都区,新华街道,G3325,花都区新华街曙光路,113.3,23.4,1,"B,K",2010-03-19 00:00:00
广东,珠三角,广州,从化区,城郊街道,G3326,从化广外实验小学气象观测站,113.5,23.7,1,"B,D",2010-07-05 00:00:00
广东,珠三角,广州,黄埔区,萝岗街道,G3327,黄埔区萝岗街广州国际体育演艺中心气象观测站,113.5,23.1,1,B,2010-08-19 00:00:00
广东,珠三角,广州,黄埔区,新龙镇,G3328,黄埔区新龙镇洋田蔬菜基地气象观测站,113.6,23.3,1,B,2010-12-17 00:00:00
广东,珠三角,广州,黄埔区,云埔街道,G3329,黄埔云埔国家气象观测站,113.5,23.1,1,"B,X",2011-10-09 00:00:00
广东,珠三角,广州,黄埔区,生物岛,G3330,黄埔区广州国际生物岛气象观测站,113.4,23.1,1,B,2012-05-22 00:00:00
广东,珠三角,广州,黄埔区,萝岗街道,G3332,黄埔区萝岗街香雪公园气象观测站,113.6,23.1,1,"B,X",2012-12-29 00:00:00
广东,珠三角,广州,黄埔区,龙湖街道,G3333,黄埔区龙湖街九佛二中气象观测站,113.5,23.4,1,"B,X",2014-08-27 00:00:00
广东,珠三角,广州,黄埔区,九佛街道,G3335,黄埔区九佛街莲塘村气象观测站,113.5,23.3,1,B,2015-02-16 00:00:00
广东,珠三角,广州,增城区,荔城街道,G3338,增城区荔城街百花林水库,113.7,23.3,1,"B,X",2010-10-25 00:00:00
广东,珠三角,广州,海珠区,华洲街道,G3339,海珠区华洲街龙潭村1,113.3,23.1,1,B,2010-11-08 00:00:00
广东,珠三角,广州,海珠区,琶洲街道,G3344,海珠区赤岗街阅江西路1（广州塔121米）,113.4,23,1,"B,R0",2010-10-31 00:00:00
广东,珠三角,广州,海珠区,赤岗街道,G3345,海珠区赤岗街阅江西路2,113.4,23.2,1,B,2010-10-31 00:00:00
广东,珠三角,广州,白云区,均禾街道,G3346,白云区均禾街石马村,113.2,23.2,1,"B,Q,d",2010-12-27 00:00:00
广东,珠三角,广州,番禺区,沙头街道,G3347,番禺区沙头街横江村,113.2,23,1,"B,D",2011-01-26 00:00:00
广东,珠三角,广州,从化区,良口镇,G3348,从化良口溪头气象观测站,114,23.8,1,B,2011-04-21 00:00:00
广东,珠三角,广州,从化区,良口镇,G3349,从化良口良平气象观测站,113.8,23.6,1,B,2011-04-25 00:00:00
广东,珠三角,广州,从化区,温泉镇,G3350,从化温泉中田气象观测站,113.7,23.7,1,"B,X",2011-04-26 00:00:00
广东,珠三角,广州,从化区,温泉镇,G3351,从化温泉新田气象观测站,113.6,23.6,1,B,2011-04-26 00:00:00
广东,珠三角,广州,从化区,鳌头镇,G3352,从化鳌头山心气象观测站,113.3,23.6,1,B,2011-04-15 00:00:00
广东,珠三角,广州,从化区,鳌头镇,G3353,从化民乐中学气象观测站,113.6,23.6,1,"B,X",2011-04-29 00:00:00
广东,珠三角,广州,从化区,鳌头镇,G3354,从化鳌头丁坑气象观测站,113.4,23.6,1,"B,X",2011-04-15 00:00:00
广东,珠三角,广州,从化区,太平镇,G3355,从化神岗敬老院气象观测站,113.5,23.4,1,"B,X",2011-04-18 00:00:00
广东,珠三角,广州,从化区,太平镇,G3356,从化太平飞鹅气象观测站,113.6,23.4,1,B,2011-04-20 00:00:00
广东,珠三角,广州,从化区,江埔街道,G3357,从化江埔钓鲤气象观测站,113.6,23.4,1,"B,X",2011-04-25 00:00:00
广东,珠三角,深圳,,,G3358,惠州HZ32-2平台,115.1,21.1,0,"B,H",2014-04-12 00:00:00
广东,珠三角,深圳,,,G3359,惠州32-2平台,115.1,21.2,0,"B,H",2014-07-18 00:00:00
广东,珠三角,广州,天河区,林和街道,G3362,天河区林和街体育东路华晓街,113.4,23.2,1,"B,p",2012-05-22 00:00:00
广东,珠三角,广州,从化区,鳌头镇,G3363,从化棋杆中学气象观测站,113.5,23.6,1,"B,X",2012-05-23 00:00:00
广东,珠三角,广州,从化区,太平镇,G3364,从化太平钟楼气象观测站,113.4,23.6,1,B,2012-04-10 00:00:00
广东,珠三角,广州,从化区,良口镇,G3365,从化良口仙溪气象观测站,113.8,23.8,1,B,2012-12-03 00:00:00
广东,珠三角,广州,从化区,街口街道,G3367,从化街口大凹气象观测站,113.5,23.4,1,B,2012-12-03 00:00:00
广东,珠三角,广州,从化区,吕田镇,G3368,从化吕田东联气象观测站,113.9,23.8,1,B,2013-06-05 00:00:00
广东,珠三角,广州,从化区,吕田镇,G3369,从化吕田新联气象观测站,114,23.7,1,B,2012-08-14 00:00:00
广东,珠三角,广州,白云区,钟落潭镇,G3401,白云区钟落潭镇陈洞村,113.4,23.2,1,B,2012-06-04 00:00:00
广东,珠三角,广州,越秀区,白云街道,G3402,越秀区白云街二沙岛大通路,113.2,23.1,1,B,2012-11-01 00:00:00
广东,珠三角,广州,白云区,白云湖街道,G3403,白云区白云湖街黄金围环滘村,113.2,23.3,1,"B,X",2013-03-07 00:00:00
广东,珠三角,广州,白云区,江高镇,G3404,白云区江高镇大田村,113.1,23.3,1,B,2013-01-22 00:00:00
广东,珠三角,广州,白云区,太和镇,G3405,白云区龙归街嘉龙小学,113.3,23.4,1,"B,X",2013-01-22 00:00:00
广东,珠三角,广州,白云区,太和镇,G3406,白云区太和镇头陂村,113.4,23.3,1,B,2013-01-25 00:00:00
广东,珠三角,广州,白云区,同和街道,G3407,白云区同和街沙太北路,113.4,23.2,1,B,2013-01-22 00:00:00
广东,珠三角,广州,花都区,赤坭镇,G3409,花都区赤坭镇西边村,113,23.4,1,B,2015-03-04 00:00:00
广东,珠三角,广州,海珠区,新港街道,G3410,海珠区新港街立新社区,113.3,23.2,1,B,2015-06-17 00:00:00
广东,珠三角,广州,花都区,赤坭镇,G3411,花都区赤坭镇锦山村,113.1,23.4,1,"B,X",2013-04-25 00:00:00
广东,珠三角,广州,花都区,秀全街道,G3412,花都区秀全街马溪村,113.1,23.4,1,"B,X",2013-04-18 00:00:00
广东,珠三角,广州,花都区,花东镇,G3413,花都区花东镇花侨小学气象观测站,113.4,23.4,1,B,2013-05-24 00:00:00
广东,珠三角,广州,花都区,花东镇,G3414,花都区花东镇槡梓路气象观测站,113.2,23.5,1,"B,X",2013-04-25 00:00:00
广东,珠三角,广州,花都区,狮岭镇,G3415,花都区狮岭镇芙蓉度假村,113.2,23.5,1,B,2013-04-08 00:00:00
广东,珠三角,广州,花都区,秀全街道,G3416,花都区秀全街美国工业村,113.1,23.4,1,"B,X",2013-03-26 00:00:00
广东,珠三角,广州,花都区,梯面镇,G3417,花都区梯面镇西坑村,113.3,23.6,1,B,2013-04-08 00:00:00
广东,珠三角,广州,花都区,花东镇,G3418,花都区花东镇狮前村,113.4,23.5,1,B,2013-04-17 00:00:00
广东,珠三角,广州,花都区,花山镇,G3419,花都区花山镇邝维煜小学,113.3,23.6,1,"B,X",2013-03-25 00:00:00
广东,珠三角,广州,花都区,赤坭镇,G3420,花都区赤坭镇下连珠村,113.1,23.4,1,"B,X",2015-03-04 00:00:00
广东,珠三角,广州,从化区,吕田镇,G3421,从化吕田三村气象观测站,114,23.9,1,B,2013-06-09 00:00:00
广东,珠三角,广州,从化区,良口镇,G3422,从化良口达溪气象观测站,113.7,23.8,1,B,2013-06-19 00:00:00
广东,珠三角,广州,从化区,良口镇,G3423,从化良口石岭气象观测站,113.7,23.7,1,B,2013-06-20 00:00:00
广东,珠三角,广州,从化区,吕田镇,G3424,从化吕田份田气象观测站,113.8,23.9,1,B,2013-06-27 00:00:00
广东,珠三角,广州,从化区,良口镇,G3425,从化良口长流气象观测站,113.9,23.9,1,B,2013-06-27 00:00:00
广东,珠三角,广州,从化区,鳌头镇,G3426,从化鳌头下西气象观测站,113.3,23.8,1,B,2013-10-17 00:00:00
广东,珠三角,广州,从化区,温泉镇,G3427,从化温泉乌石气象观测站,113.6,23.7,1,B,2013-10-12 00:00:00
广东,珠三角,广州,从化区,太平镇,G3428,从化太平红石气象观测站,113.6,23.4,1,B,2013-10-15 00:00:00
广东,珠三角,广州,从化区,江埔街道,G3429,从化江埔锦二气象观测站,113.6,23.4,1,B,2013-10-15 00:00:00
广东,珠三角,广州,海珠区,华洲街道,G3435,海珠区华洲街龙潭村4,113.2,23.1,1,"B,V",2014-03-21 00:00:00
广东,珠三角,广州,白云区,钟落潭镇,G3437,白云区钟落潭镇新和村,113.5,23.4,1,B,2014-01-08 00:00:00
广东,珠三角,广州,白云区,人和镇,G3438,白云区人和镇江人路,113.2,23.3,1,"B,X",2014-01-07 00:00:00
广东,珠三角,广州,花都区,花东镇,G3440,花都区花东镇街北高速收费站,113.4,23.5,1,"B,K,U",2014-01-08 00:00:00
广东,珠三角,广州,海珠区,琶洲街道,G3442,海珠区琶洲街黄埔村,113.3,23,1,B,2014-01-04 00:00:00
广东,珠三角,广州,海珠区,华洲街道,G3443,海珠区华洲街小洲村,113.3,23.1,1,"B,X",2014-01-22 00:00:00
广东,珠三角,广州,海珠区,南洲街道,G3444,海珠区南洲街沥滘村,113.4,23.1,1,B,2014-01-03 00:00:00
广东,珠三角,广州,白云区,太和镇,G3446,白云区大源街大源村,113.4,23.2,1,"B,X",2015-04-29 00:00:00
广东,珠三角,广州,海珠区,南洲街道,G3447,海珠区南洲街三滘社区,113.3,23,1,B,2014-11-05 00:00:00
广东,珠三角,广州,海珠区,琶洲街道,G3448,海珠区琶洲街新洲社区,113.5,23.1,1,"B,X",2014-11-06 00:00:00
广东,珠三角,广州,海珠区,江海街道,G3449,海珠区江海街聚德西社区,113.3,23.1,1,B,2014-11-06 00:00:00
广东,珠三角,广州,海珠区,凤阳街道,G3450,海珠区凤阳街富康社区,113.2,23,1,B,2014-11-05 00:00:00
广东,珠三角,广州,海珠区,南石头街道,G3451,海珠区南石头街纸北社区,113.3,23,1,"B,X",2014-11-06 00:00:00
广东,珠三角,广州,花都区,炭步镇,G3452,花都区炭步镇骆村,113,23.4,1,"B,X",2015-03-03 00:00:00
广东,珠三角,广州,天河区,黄村街道,G3454,广州应急移动指挥车（六要素）,113.4,23,1,"B,z99",2009-06-06 00:00:00
广东,珠三角,深圳,福田区,香蜜湖街道,G3501,福田区香蜜湖街道竹子林基地,114,22.5,1,"B,C,Q,X",2007-06-30 00:00:00
广东,珠三角,深圳,宝安区,石岩街道,G3502,宝安区石岩街道石岩基地,113.8,22.6,1,"B,C,X",2007-06-30 00:00:00
广东,珠三角,深圳,南山区,西丽街道,G3503,南山区西丽街道西丽阳光,113.9,22.7,1,B,2024-12-04 00:00:00
广东,珠三角,深圳,南山区,西丽街道,G3504,南山区西丽街道麒麟山庄,114.1,22.6,1,B,2024-12-04 00:00:00
广东,珠三角,深圳,龙岗区,吉华街道,G3506,龙岗区吉华街道三联,114.1,22.7,1,B,2018-01-15 00:00:00
广东,珠三角,深圳,龙岗区,平湖街道,G3507,龙岗区平湖街道富安,114.1,22.6,1,B,2018-01-15 00:00:00
广东,珠三角,深圳,龙岗区,宝龙街道,G3508,龙岗区宝龙街道三棵松,114.3,22.8,1,B,2018-01-15 00:00:00
广东,珠三角,深圳,龙岗区,龙岗街道,G3509,龙岗区龙岗街道五联,114.2,22.8,1,B,2018-01-15 00:00:00
广东,珠三角,深圳,龙华区,观湖街道,G3510,龙华区观湖街道樟坑径,114,22.7,1,B,2019-04-30 00:00:00
广东,珠三角,深圳,大鹏新区,大鹏办,G3511,大鹏新区大鹏办农科院,114.4,22.6,1,B,2017-09-28 00:00:00
广东,珠三角,深圳,大鹏新区,大鹏办,G3512,大鹏新区大鹏办秤头角,114.4,22.5,1,B,2017-09-28 00:00:00
广东,珠三角,深圳,龙华区,观湖街道,G3513,龙华区观湖街道横坑,114.1,22.7,1,B,2017-09-28 00:00:00
广东,珠三角,深圳,盐田区,沙头角街道,G3514,盐田区沙头角街道正坑,114.2,22.6,1,B,2018-01-15 00:00:00
广东,珠三角,深圳,光明区,新湖街道,G3515,光明区新湖街道楼村,114,22.9,1,"B,p,r",2017-09-28 00:00:00
广东,珠三角,深圳,龙岗区,坪地街道,G3516,龙岗区坪地街道田坑,114.3,22.8,1,B,2018-01-15 00:00:00
广东,珠三角,深圳,龙岗区,园山街道,G3517,龙岗区园山街道梧岗围,114.3,22.7,1,B,2018-01-15 00:00:00
广东,珠三角,深圳,龙岗区,南湾街道,G3518,龙岗区南湾街道丹平,114.1,22.5,1,B,2017-09-28 00:00:00
广东,珠三角,深圳,福田区,福田街道,G3519,福田区福田街道平安大厦,114.1,22.6,1,"B,p",2018-01-15 00:00:00
广东,珠三角,深圳,龙岗区,坪地街道,G3520,龙岗区坪地街道六联,114.4,22.9,1,B,2018-01-15 00:00:00
广东,珠三角,深圳,南山区,招商街道,G3521,南山区招商街道左炮台,113.8,22.5,1,"B,C,X",2007-06-30 00:00:00
广东,珠三角,深圳,罗湖区,桂园街道,G3522,罗湖区桂园街道蔡屋围基地,114.1,22.6,1,"B,C,Q,X,p",2007-06-30 00:00:00
广东,珠三角,深圳,罗湖区,桂园街道,G3523,罗湖区桂园街道桂园,114.1,22.5,1,"B,C,X",2007-06-30 00:00:00
广东,珠三角,深圳,罗湖区,莲塘街道,G3524,罗湖区莲塘街道西岭,114.1,22.6,1,"B,X",2007-06-30 00:00:00
广东,珠三角,深圳,大鹏新区,大鹏办,G3525,大鹏新区大鹏办龙岐,114.5,22.6,1,"B,C,X",2007-07-05 00:00:00
广东,珠三角,深圳,宝安区,福海街道,G3526,宝安区沙井街道海上田园北,113.9,22.8,1,"B,C,X",2007-07-01 00:00:00
广东,珠三角,深圳,罗湖区,清水河街道,G3527,罗湖区清水河街道清水河,114.1,22.6,1,"B,C,X",2007-06-30 00:00:00
广东,珠三角,深圳,光明区,光明街道,G3528,光明区光明街道光明,114,22.7,1,"B,C,Q,X",2007-06-30 00:00:00
广东,珠三角,深圳,光明区,公明街道,G3529,光明区公明街道公明,113.9,22.7,1,"B,C,X",2007-06-30 00:00:00
广东,珠三角,深圳,宝安区,新安街道,G3530,宝安区新安街道宝安,113.8,22.7,1,"B,C,X",2007-06-30 00:00:00
广东,珠三角,深圳,宝安区,石岩街道,G3531,宝安区石岩街道石岩水库,113.9,22.8,1,"B,C,Q,X",2007-07-01 00:00:00
广东,珠三角,深圳,宝安区,燕罗街道,G3532,宝安区燕罗街道罗田水库,113.9,22.9,1,B,2007-07-19 00:00:00
广东,珠三角,深圳,大鹏新区,大鹏办,G3533,大鹏新区大鹏办核电站,114.5,22.6,1,"B,C,X",2007-06-30 00:00:00
广东,珠三角,深圳,罗湖区,东湖街道,G3534,罗湖区东湖街道深圳水库,114.2,22.5,1,"B,C",2007-06-30 00:00:00
广东,珠三角,深圳,盐田区,沙头角街道,G3535,盐田区沙头角街道沙头角,114.3,22.6,1,"B,C,Q,X,p",2007-06-30 00:00:00
广东,珠三角,深圳,盐田区,梅沙街道,G3536,盐田区梅沙街道背仔角,114.4,22.6,1,"B,C,X",2007-06-30 00:00:00
广东,珠三角,深圳,坪山区,坑梓街道,G3537,坪山区坑梓街道坑梓,114.3,22.7,1,"B,C,X",2007-06-30 00:00:00
广东,珠三角,深圳,坪山区,坪山街道,G3538,坪山区坪山街道坪山,114.4,22.7,1,"B,C,Q,X",2007-06-30 00:00:00
广东,珠三角,深圳,龙岗区,坪地街道,G3539,龙岗区坪地街道坪地,114.3,22.8,1,"B,C,X",2007-06-30 00:00:00
广东,珠三角,深圳,南山区,蛇口街道,G3540,南山区蛇口街道东角头,114,22.4,1,"B,C,X",2007-06-30 00:00:00
广东,珠三角,深圳,大鹏新区,葵涌办,G3541,大鹏新区葵涌办坝光,114.4,22.6,1,"B,C,X",2007-06-30 00:00:00
广东,珠三角,深圳,坪山区,石井街道,G3542,平坪山区石井街道石溪河,114.4,22.7,1,B,2024-12-04 00:00:00
广东,珠三角,深圳,龙华区,观湖街道,G3543,龙华区观湖街道观湖,114,22.7,1,"B,C,Q,X",2007-06-30 00:00:00
广东,珠三角,深圳,大鹏新区,葵涌办,G3544,大鹏新区葵涌办土洋,114.4,22.6,1,"B,X",2007-06-30 00:00:00
广东,珠三角,深圳,盐田区,盐田街道,G3545,盐田区盐田街道避风塘码头,114.4,22.5,1,B,2008-01-04 00:00:00
广东,珠三角,深圳,南山区,南头街道,G3546,南山区南头街道南头,113.8,22.5,1,"B,C,X,p,r",2007-06-30 00:00:00
广东,珠三角,深圳,福田区,莲花街道,G3547,福田区莲花街道莲花北,114.1,22.5,1,B,2008-01-05 00:00:00
广东,珠三角,深圳,南山区,西丽街道,G3548,南山区西丽街道西丽,113.9,22.6,1,"B,C,X",2007-06-30 00:00:00
广东,珠三角,深圳,盐田区,盐田街道,G3549,盐田区盐田街道三洲塘,114.2,22.5,1,"B,C,X",2007-06-30 00:00:00
广东,珠三角,深圳,宝安区,松岗街道,G3550,宝安区松岗街道松岗,113.8,22.8,1,"B,C,X",2007-06-30 00:00:00
广东,珠三角,深圳,龙华区,大浪街道,G3551,龙华区大浪街道大浪,113.9,22.6,1,"B,C,X",2007-06-30 00:00:00
广东,珠三角,深圳,罗湖区,莲塘街道,G3552,罗湖区莲塘街道仙湖,114.2,22.6,1,B,2008-01-06 00:00:00
广东,珠三角,深圳,龙华区,民治街道,G3553,龙华区民治街道民治,114.1,22.6,1,"B,C,X",2007-06-30 00:00:00
广东,珠三角,深圳,龙岗区,园山街道,G3554,龙岗区园山街道大康,114.2,22.6,1,B,2007-06-30 00:00:00
广东,珠三角,深圳,南山区,南山街道,G3555,南山区南山街道南山,113.9,22.6,1,"B,C,Q,X",2007-06-30 00:00:00
广东,珠三角,深圳,南山区,南山街道,G3556,南山区南山街道妈湾港,113.8,22.6,1,"B,C,X",2007-07-01 00:00:00
广东,珠三角,深圳,宝安区,新桥街道,G3557,宝安区新桥街道万丰,113.8,22.8,1,"B,C,X",2007-06-30 00:00:00
广东,珠三角,深圳,龙岗区,南湾街道,G3558,龙岗区南湾街道南湾,114.1,22.7,1,"B,C,X",2007-06-30 00:00:00
广东,珠三角,深圳,龙岗区,平湖街道,G3559,龙岗区平湖街道平湖,114.1,22.8,1,"B,C,X",2007-06-30 00:00:00
广东,珠三角,深圳,龙岗区,横岗街道,G3560,龙岗区横岗街道横岗,114.1,22.6,1,"B,C,X",2007-06-30 00:00:00
广东,珠三角,深圳,南山区,沙河街道,G3561,南山区沙河街道世界之窗,114.1,22.6,1,"B,C,X",2007-06-30 00:00:00
广东,珠三角,深圳,福田区,梅林街道,G3562,福田区梅林街道梅林水库,114,22.6,1,"B,C,X",2007-06-30 00:00:00
广东,珠三角,深圳,大鹏新区,南澳办,G3563,大鹏新区南澳办南澳,114.4,22.5,1,"B,C",2007-07-01 00:00:00
广东,珠三角,深圳,龙岗区,龙城街道,G3564,龙岗区龙岗街道清林径水库,114.3,22.8,1,B,2007-06-30 00:00:00
广东,珠三角,深圳,南山区,桃源街道,G3565,南山区桃源街道大学城,114,22.6,1,B,2007-12-31 00:00:00
广东,珠三角,深圳,大鹏新区,南澳办,G3566,大鹏新区南澳办南澳渔港,114.4,22.6,1,"B,X",2007-06-30 00:00:00
广东,珠三角,深圳,盐田区,盐田街道,G3567,盐田区盐田街道盐田港,114.4,22.6,1,B,2007-06-30 00:00:00
广东,珠三角,深圳,光明区,马田街道,G3568,光明区马田街道横坑水库,113.9,22.7,1,"B,p",2020-01-07 00:00:00
广东,珠三角,深圳,光明区,凤凰街道,G3569,光明区凤凰街道塘尾,114,22.7,1,"B,p,r",2008-01-04 00:00:00
广东,珠三角,深圳,龙岗区,龙城街道,G3570,龙岗区龙城街道龙城,114.3,22.8,1,"B,C,Q,X",2007-06-30 00:00:00
广东,珠三角,深圳,龙岗区,葵涌街道,G3571,大鹏新区葵涌办洞梓水库,114.4,22.7,1,B,2024-12-04 00:00:00
广东,珠三角,深圳,龙华区,龙华街道,G3572,龙华区龙华街道清湖,114,22.7,1,"B,p",2018-01-15 00:00:00
广东,珠三角,深圳,龙岗区,南湾街道,G3573,龙岗区南湾街道上李朗,114.2,22.7,1,B,2017-09-28 00:00:00
广东,珠三角,深圳,宝安区,石岩街道,G3574,宝安区石岩街道石龙,113.9,22.6,1,B,2017-09-28 00:00:00
广东,珠三角,深圳,宝安区,航城街道,G3575,宝安区航城街道后瑞,113.7,22.6,1,B,2017-09-28 00:00:00
广东,珠三角,深圳,福田区,华强北街道,G3576,福田区华强北街道华强北,114.1,22.5,1,B,2017-09-28 00:00:00
广东,珠三角,深圳,罗湖区,翠竹街道,G3577,罗湖区翠竹街道翠竹,114.1,22.5,1,B,2018-01-15 00:00:00
广东,珠三角,深圳,盐田区,海山街道,G3578,盐田区海山街道海山,114.2,22.5,1,B,2017-09-28 00:00:00
广东,珠三角,深圳,福田区,园岭街道,G3579,福田区园岭街道八卦岭,114.1,22.6,1,"B,p,r",2017-09-28 00:00:00
广东,珠三角,深圳,福田区,福田街道,G3580,福田区福田街道水围,114,22.5,1,B,2017-08-10 00:00:00
广东,珠三角,深圳,罗湖区,东门街道,G3581,罗湖区东门街道东门,114.1,22.6,1,B,2017-09-28 00:00:00
广东,珠三角,深圳,大鹏新区,南澳办,G3582,大鹏新区南澳办东涌,114.6,22.4,1,B,2017-09-28 00:00:00
广东,珠三角,深圳,宝安区,燕罗街道,G3583,宝安区燕罗街道老虎坑,113.8,22.9,1,B,2017-09-28 00:00:00
广东,珠三角,深圳,南山区,招商街道,G3585,南山区招商街道邮轮中心,114,22.4,1,B,2017-09-28 00:00:00
广东,珠三角,深圳,,,G3589,恩平EP23-1平台,113.7,20.4,0,"B,H",2019-07-23 00:00:00
广东,珠三角,深圳,,,G3590,西江XJ23-1平台,114.8,21.3,0,"B,H",2020-01-07 00:00:00
广东,珠三角,深圳,,,G3597,陆丰LF13-1平台,116.2,21.5,0,"B,H,X",2011-06-24 00:00:00
广东,珠三角,深圳,,,G3598,番禺PY30-1平台,116,20.3,0,"B,H,X",2011-06-24 00:00:00
广东,珠三角,深圳,,,G3599,流花LH11-1平台,115.7,20.8,0,"B,H,X",2007-06-30 00:00:00
广东,珠三角,深圳,,,G3600,番禺PY5-1平台,114.8,20.8,0,"B,H",2020-01-07 00:00:00
广东,珠三角,深圳,,,G3601,荔湾LW3-1平台,115,20.2,0,"B,H",2020-01-07 00:00:00
广东,珠三角,深圳,,,G3602,西江XJ24-3平台,115,21.4,0,"B,H",2020-01-07 00:00:00
广东,珠三角,深圳,,,G3603,西江XJ30-2平台,114.9,21.2,0,"B,H",2020-01-07 00:00:00
广东,珠三角,深圳,,,G3604,惠州HZ19-2平台,115.2,21.4,0,"B,H",2020-01-07 00:00:00
广东,珠三角,深圳,,,G3605,惠州HZ26-1平台,115.2,21.3,0,"B,H",2020-01-07 00:00:00
广东,珠三角,深圳,,,G3606,惠州HZ21-1平台,115.4,21.3,0,"B,H",2020-08-20 00:00:00
广东,珠三角,深圳,,,G3607,陆丰LF13-2平台,116,21.6,0,"B,H",2020-01-07 00:00:00
广东,珠三角,深圳,,,G3608,陆丰7-2石油平台站,116.1,21.7,0,"B,H",2024-09-11 00:00:00
广东,珠三角,深圳,,,G3609,陆丰14-4石油平台站,116.3,21.7,0,"B,H",2024-09-11 00:00:00
广东,珠三角,深圳,,,G3610,陆丰15-1石油平台站,116.5,21.4,0,"B,H",2024-09-11 00:00:00
广东,珠三角,深圳,,,G3611,流花LH11-1平台,115.8,20.9,0,"B,H",2024-12-19 00:00:00
广东,珠三角,深圳,,,G3612,陆丰8-1石油平台站,116.3,21.7,0,"B,H",2024-09-11 00:00:00
广东,珠三角,深圳,深汕特别合作区,鲘门,G3613,鲘门气象观测站,115.2,22.7,1,B,2025-07-31 00:00:00
广东,珠三角,深圳,宝安区,福海街道,G3614,宝安区福海街道宝安综合港,113.7,22.7,1,B,2024-12-04 00:00:00
广东,珠三角,深圳,深汕特别合作区,赤石,G3615,明溪村气象观测站,115,23,1,B,2025-07-31 00:00:00
广东,珠三角,深圳,南山区,西丽街道,G3617,南山区西丽街道麻磡,113.9,22.6,1,B,2024-12-04 00:00:00
广东,珠三角,深圳,南山区,招商街道,G3618,南山区招商街道大南山,113.9,22.6,1,B,2024-12-04 00:00:00
广东,珠三角,深圳,南山区,南山街道,G3619,南山区招商街道小南山,113.9,22.4,1,B,2024-12-04 00:00:00
广东,珠三角,深圳,龙华区,龙华街道,G3620,龙华区龙华街道龙华文体中心,114,22.7,1,"B,p,r",2024-12-04 00:00:00
广东,珠三角,深圳,龙岗区,园山街道,G3621,龙岗区园山街道园山保安,114.2,22.6,1,B,2024-12-04 00:00:00
广东,珠三角,深圳,龙岗区,宝龙街道,G3622,龙岗区宝龙街道龙新,114.4,22.7,1,B,2007-12-02 00:00:00
广东,珠三角,深圳,坪山区,碧岭街道,G3623,坪山区碧岭街道榄核桥水库,114.3,22.6,1,B,2024-12-04 00:00:00
广东,珠三角,深圳,龙岗区,大鹏街道,G3624,大鹏新区大鹏办长湾,114.6,22.7,1,B,2024-12-04 00:00:00
广东,珠三角,深圳,龙岗区,南澳街道,G3625,大鹏新区南澳街道鹿嘴,114.6,22.5,1,B,2024-12-04 00:00:00
广东,珠三角,深圳,龙岗区,南澳街道,G3626,大鹏新区南澳办铁扇关门,114.5,22.5,1,B,2024-12-04 00:00:00
广东,珠三角,深圳,大鹏新区,葵涌办,G3627,大鹏新区葵涌办官湖,114.3,22.5,1,B,2017-09-28 00:00:00
广东,珠三角,深圳,深汕特别合作区,小漠,G3628,新田坑气象观测站,115.1,22.7,1,B,2025-07-31 00:00:00
广东,珠三角,深圳,深汕特别合作区,鹅埠,G3629,新园村气象观测站,115.1,22.9,1,B,2025-07-31 00:00:00
广东,珠三角,深圳,罗湖区,东晓街道,G3630,罗湖区东晓街道草埔,114.1,22.6,1,B,2014-05-08 00:00:00
广东,珠三角,深圳,罗湖区,南湖街道,G3631,罗湖区南湖街道向西小学,114.1,22.6,1,B,2024-12-04 00:00:00
广东,珠三角,深圳,深汕特别合作区,鲘门,G3632,港尾水库气象观测站,115,22.8,1,B,2025-07-31 00:00:00
广东,珠三角,深圳,龙岗区,坪地街道,G3633,龙岗区坪地街道白石塘水库,114.4,22.8,1,B,2024-12-04 00:00:00
广东,珠三角,深圳,福田区,香蜜湖街道,G3634,福田区香蜜湖街道农园,114.1,22.6,1,"B,C,X",2007-06-30 00:00:00
广东,珠三角,深圳,宝安区,石岩街道,G3635,宝安区石岩街道石岩,113.9,22.6,1,B,2007-08-11 00:00:00
广东,珠三角,深圳,宝安区,福永街道,G3636,宝安区福永街道深圳机场,113.8,22.7,1,"B,C,X",2007-06-30 00:00:00
广东,珠三角,深圳,深汕特别合作区,鹅埠,G3637,三角山水库气象观测站,115,22.8,1,B,2025-07-31 00:00:00
广东,珠三角,深圳,深汕特别合作区,赤石,G3638,大坑村气象观测站,115,22.8,1,B,2025-07-31 00:00:00
广东,珠三角,深圳,大鹏新区,南澳办,G3640,大鹏新区南澳办西涌,114.5,22.4,1,"B,C,X",2007-06-30 00:00:00
广东,珠三角,深圳,南山区,蛇口街道,G3641,南山区招商街道西部通道,113.9,22.4,1,"B,C,X,p",2007-07-01 00:00:00
广东,珠三角,深圳,深汕特别合作区,赤石,G3642,麻子角气象观测站,115.2,23,1,B,2008-01-01 00:00:00
广东,珠三角,深圳,宝安区,西乡街道,G3643,宝安区西乡街道西乡码头,113.9,22.5,1,"B,X",2007-07-31 00:00:00
广东,珠三角,深圳,深汕特别合作区,赤石,G3644,新安水库气象观测站,115.2,22.9,1,B,2025-07-31 00:00:00
广东,珠三角,深圳,福田区,沙头街道,G3645,福田区沙头街道红树林,113.9,22.4,1,B,2014-05-08 00:00:00
广东,珠三角,深圳,坪山区,龙田街道,G3646,坪山区龙田街道龙田,114.3,22.7,1,B,2024-12-04 00:00:00
广东,珠三角,深圳,南山区,粤海街道,G3647,南山区粤海街道中海油大厦,113.9,22.6,1,B,2020-01-07 00:00:00
广东,珠三角,深圳,南山区,桃源街道,G3648,南山区桃源街道深云,114.1,22.5,1,"B,z99",2024-12-04 00:00:00
广东,珠三角,深圳,龙岗区,龙城街道,G3649,龙岗区龙城街道龙口水库,114.1,22.7,1,"B,X,p,r",2014-05-08 00:00:00
广东,珠三角,深圳,南山区,南山街道,G3650,前海收费站气象观测站,114,22.5,1,B,2025-08-15 00:00:00
广东,珠三角,深圳,深汕特别合作区,鲘门,G3652,长坑水库气象观测站,115.1,22.7,1,B,2025-07-31 00:00:00
广东,珠三角,深圳,宝安区,石岩街道,G3653,宝安区石岩街道水田,113.9,22.6,1,B,2024-12-04 00:00:00
广东,珠三角,深圳,坪山区,坑梓街道,G3654,坪山区坑梓街道秀新,114.3,22.7,1,B,2021-06-25 00:00:00
广东,珠三角,深圳,深汕特别合作区,鹅埠,G3655,下径水库气象观测站,115,22.8,1,B,2025-07-31 00:00:00
广东,珠三角,深圳,深汕特别合作区,鹅埠,G3656,伯公坳气象观测站,115,22.8,1,B,2025-07-31 00:00:00
广东,珠三角,深圳,坪山区,坑梓街道,G3657,坪山区坑梓街道沙田,114.4,22.8,1,B,2021-06-25 00:00:00
广东,珠三角,深圳,福田区,莲花街道,G3658,福田区莲花街道狮岭,114,22.6,1,B,2024-12-04 00:00:00
广东,珠三角,深圳,罗湖区,东湖街道,G3659,罗湖区东湖街道小梧桐,114.2,22.7,1,B,2014-05-08 00:00:00
广东,珠三角,深圳,深汕特别合作区,赤石,G3660,里坑水库气象观测站,115.1,22.8,1,B,2025-07-31 00:00:00
广东,珠三角,深圳,龙岗区,龙城街道,G3661,龙岗区龙城街道黄阁坑,114.1,22.7,1,"B,p,r",2014-05-08 00:00:00
广东,珠三角,深圳,龙岗区,坪地街道,G3662,龙岗区坪地街道石豹水库,114.3,22.7,1,B,2024-12-04 00:00:00
广东,珠三角,深圳,宝安区,沙井街道,G3663,宝安区沙井街道沙井沙头,113.9,22.6,1,B,2024-12-04 00:00:00
广东,珠三角,深圳,宝安区,新桥街道,G3664,宝安区新桥街道上南学校,113.9,22.7,1,B,2024-12-04 00:00:00
广东,珠三角,深圳,深汕特别合作区,鲘门,G3665,鲘门收费站气象观测站,115.1,22.8,1,B,2025-07-31 00:00:00
广东,珠三角,深圳,大鹏新区,南澳办,G3666,大鹏新区南澳办桔钓沙,114.5,22.6,1,"B,X,p,r",2014-05-08 00:00:00
广东,珠三角,惠州,,,G3668,惠州市三门岛,114.7,22.4,1,"B,E",2014-05-08 00:00:00
广东,珠三角,深圳,福田区,沙头街道,G3669,福田区沙头街道天安高尔夫,114,22.6,1,B,2024-12-04 00:00:00
广东,珠三角,深圳,深汕特别合作区,赤石,G3670,沈坑水库气象观测站,115.1,22.9,1,B,2025-07-31 00:00:00
广东,珠三角,深圳,宝安区,航城街道,G3671,宝安区航城街道求雨坛,113.8,22.7,1,B,2017-09-28 00:00:00
广东,珠三角,深圳,深汕特别合作区,小漠,G3673,港咀口气象观测站,115,22.7,1,B,2025-07-31 00:00:00
广东,珠三角,深圳,大鹏新区,南澳办,G3674,大鹏新区南澳办西涌基地,114.5,22.5,1,"B,k",2014-07-04 00:00:00
广东,珠三角,深圳,南山区,粤海街道,G3675,南山区粤海街道深圳湾体育中心,114,22.5,1,"B,p,r",2017-09-28 00:00:00
广东,珠三角,深圳,龙岗区,龙城街道,G3678,龙岗区龙城街道信息学院,114.3,22.7,1,"B,p,r",2014-07-04 00:00:00
广东,珠三角,深圳,宝安区,福永街道,G3680,宝安区福永街道深圳机场西,113.9,22.5,1,B,2017-09-28 00:00:00
广东,珠三角,深圳,宝安区,福永街道,G3681,宝安区福永街道深圳机场北,113.7,22.7,1,B,2018-01-15 00:00:00
广东,珠三角,深圳,宝安区,新桥街道,G3682,宝安区新桥街道长流陂水库,113.9,22.7,1,B,2014-07-04 00:00:00
广东,珠三角,深圳,坪山区,龙田街道,G3683,坪山区龙田街道松子坑水库,114.4,22.8,1,B,2014-07-04 00:00:00
广东,珠三角,深圳,南山区,桃源街道,G3684,南山区桃源街道塘朗山,114,22.7,1,B,2014-07-04 00:00:00
广东,珠三角,深圳,龙岗区,龙岗街道,G3685,龙岗区龙岗街道石壁窝,114.2,22.9,1,B,2024-12-04 00:00:00
广东,珠三角,深圳,光明区,公明街道,G3686,光明区公明街道铁坑水库,113.9,22.8,1,B,2014-07-04 00:00:00
广东,珠三角,深圳,盐田区,梅沙街道,G3687,盐田区梅沙街道东部华侨城,114.4,22.6,1,B,2017-09-28 00:00:00
广东,珠三角,深圳,宝安区,福海街道,G3688,宝安区福海街道立新水库,113.9,22.6,1,B,2017-09-28 00:00:00
广东,珠三角,深圳,大鹏新区,葵涌办,G3689,大鹏新区葵涌办罗屋田水库,114.5,22.7,1,B,2014-07-04 00:00:00
广东,珠三角,深圳,福田区,梅林街道,G3691,福田区梅林街道上梅林,114,22.7,1,B,2017-09-28 00:00:00
广东,珠三角,深圳,宝安区,西乡街道,G3692,宝安区西乡街道铁岗水库,113.8,22.6,1,B,2014-07-04 00:00:00
广东,珠三角,深圳,光明区,光明街道,G3693,光明区光明街道华强创意园,113.9,22.8,1,"B,p,r",2018-01-15 00:00:00
广东,珠三角,深圳,南山区,西丽街道,G3694,南山区西丽街道第二高级中学,114,22.5,1,B,2017-09-28 00:00:00
广东,珠三角,深圳,大鹏新区,葵涌办,G3695,大鹏新区葵涌办径心水库,114.5,22.6,1,B,2017-09-28 00:00:00
广东,珠三角,深圳,龙岗区,坂田街道,G3696,龙岗区坂田街道雪象,114.2,22.7,1,B,2024-12-04 00:00:00
广东,珠三角,深圳,南山区,南山街道,G3697,南山区南山街道前海,113.8,22.6,1,B,2014-07-04 00:00:00
广东,珠三角,深圳,龙华区,民治街道,G3698,龙华区民治街道民治水库,114,22.6,1,B,2017-09-28 00:00:00
广东,珠三角,深圳,宝安区,西乡街道,G3699,宝安区西乡街道铁仔山,113.8,22.7,1,B,2018-01-15 00:00:00
广东,珠三角,深圳,光明区,新湖街道,G3701,光明区新湖街道公明水库,113.9,22.8,1,"B,p",2018-01-15 00:00:00
广东,珠三角,深圳,宝安区,石岩街道,G3702,宝安区石岩街道宝源,113.9,22.7,1,B,2024-12-04 00:00:00
广东,珠三角,深圳,宝安区,石岩街道,G3703,宝安区石岩街道应人石,113.9,22.7,1,B,2024-12-04 00:00:00
广东,珠三角,深圳,宝安区,西乡街道,G3704,深圳市宝安区西乡街道,113.7,22.5,1,"B,E",2014-07-04 00:00:00
广东,珠三角,深圳,福田区,沙头街道,G3713,福田区沙头街道红树林南,113.9,22.6,1,B,2021-06-25 00:00:00
广东,珠三角,深圳,南山区,南头街道,G3714,桂湾气象观测站,113.9,22.5,1,B,2025-11-17 00:00:00
广东,珠三角,深圳,宝安区,西乡街道,G3715,宝安区西乡街道大铲湾,113.8,22.5,1,B,2021-06-25 00:00:00
广东,珠三角,深圳,南山区,南山街道,G3717,南山区前海前湾,113.9,22.4,1,"B,p",2021-06-25 00:00:00
广东,珠三角,深圳,南山区,南头街道,G3718,南山区前海鲤鱼门,113.9,22.5,1,B,2021-06-25 00:00:00
广东,珠三角,深圳,坪山区,坪山街道,G3719,坪山区坪山街道中心公园,114.3,22.6,1,B,2021-06-25 00:00:00
广东,珠三角,深圳,南山区,粤海街道,G3720,南山区粤海街道大冲,114,22.5,1,B,2014-05-08 00:00:00
广东,珠三角,深圳,罗湖区,翠竹街道,G3721,罗湖区翠竹街道水贝,114.2,22.6,1,B,2024-12-04 00:00:00
广东,珠三角,深圳,光明区,新湖街道,G3722,光明区新湖街道圳美,114,22.8,1,"B,p",2014-05-08 00:00:00
广东,珠三角,深圳,盐田区,梅沙街道,G3723,盐田区梅沙街道大梅沙,114.4,22.6,1,B,2014-05-08 00:00:00
广东,珠三角,深圳,大鹏新区,南澳街道,G3724,大鹏新区南澳街道七星湾,114.5,22.6,1,"B,p",2014-05-08 00:00:00
广东,珠三角,深圳,大鹏新区,南澳办,G3725,大鹏新区南澳办柚柑湾,114.4,22.4,1,B,2014-05-08 00:00:00
广东,珠三角,深圳,罗湖区,东湖街道,G3726,罗湖区东湖街道大梧桐,114.3,22.5,1,B,2014-05-09 00:00:00
广东,珠三角,深圳,光明区,凤凰街道,G3727,光明区凤凰街道塘家,114,22.7,1,"B,p",2014-05-08 00:00:00
广东,珠三角,深圳,宝安区,松岗街道,G3728,宝安区松岗街道东方,113.9,22.7,1,B,2014-05-08 00:00:00
广东,珠三角,深圳,大鹏新区,葵涌办,G3730,大鹏新区葵涌办溪涌,114.3,22.6,1,B,2014-05-08 00:00:00
广东,珠三角,深圳,坪山区,石井街道,G3731,坪山区石井街道田头,114.4,22.7,1,B,2014-05-08 00:00:00
广东,珠三角,深圳,龙华区,观澜街道,G3732,龙华区观澜街道牛湖,114,22.7,1,B,2014-05-08 00:00:00
广东,珠三角,深圳,宝安区,航城街道,G3733,宝安区航城街道黄麻布,113.8,22.6,1,B,2014-05-08 00:00:00
广东,珠三角,深圳,宝安区,航城街道,G3734,宝安区航城街道深圳机场南,113.8,22.6,1,B,2017-09-28 00:00:00
广东,珠三角,深圳,深汕特别合作区,鲘门,G3735,新村气象观测站,115.2,22.8,1,B,2025-07-31 00:00:00
广东,珠三角,深圳,龙岗区,横岗街道,G3737,龙岗区横岗街道龙口,114.3,22.6,1,B,2014-05-08 00:00:00
广东,珠三角,深圳,南山区,粤海街道,G3738,南山区粤海街道深圳大学,114,22.5,1,B,2024-12-04 00:00:00
广东,珠三角,深圳,龙岗区,吉华街道,G3739,龙岗区吉华街道细靓北,114.1,22.7,1,B,2017-09-28 00:00:00
广东,珠三角,深圳,福田区,梅林街道,G3740,福田区梅林街道安托山东,113.9,22.5,1,B,2014-05-08 00:00:00
广东,珠三角,深圳,深汕特别合作区,赤石,G3741,甘树下村气象观测站,115,23,1,B,2025-07-31 00:00:00
广东,珠三角,深圳,盐田区,盐田街道,G3742,盐田区盐田街道明珠,114.3,22.5,1,B,2014-05-08 00:00:00
广东,珠三角,深圳,龙岗区,平湖街道,G3743,龙岗区平湖街道白泥坑,114.1,22.8,1,B,2014-05-08 00:00:00
广东,珠三角,深圳,光明区,光明街道,G3744,光明区光明街道禾槎涧水库,114.1,22.7,1,B,2024-12-04 00:00:00
广东,珠三角,深圳,宝安区,福海街道,G3746,宝安区福海街道和平社区,113.9,22.6,1,B,2014-05-08 00:00:00
广东,珠三角,深圳,福田区,南园街道,G3747,福田区南园街道南园,114.1,22.5,1,B,2014-05-08 00:00:00
广东,珠三角,深圳,龙岗区,龙岗街道,G3748,龙岗区龙岗街道红花岭,114.2,22.8,1,B,2014-05-08 00:00:00
广东,珠三角,深圳,坪山区,马峦街道,G3749,坪山区马峦街道江岭,114.4,22.6,1,B,2014-05-08 00:00:00
广东,珠三角,深圳,龙华区,观澜街道,G3750,龙华区观澜街道库坑,114,22.7,1,B,2014-05-08 00:00:00
广东,珠三角,深圳,龙岗区,坂田街道,G3751,龙岗区坂田街道坂田,114.1,22.6,1,B,2014-05-08 00:00:00
广东,珠三角,深圳,福田区,沙头街道,G3752,福田区沙头街道沙头,114.1,22.5,1,"B,p",2014-05-08 00:00:00
广东,珠三角,深圳,坪山区,碧岭街道,G3753,坪山区碧岭街道沙湖,114.4,22.7,1,B,2014-05-08 00:00:00
广东,珠三角,深圳,坪山区,龙田街道,G3754,坪山区龙田街道竹坑,114.5,22.6,1,B,2014-05-08 00:00:00
广东,珠三角,深圳,深汕特别合作区,赤石,G3755,洋坑水库气象观测站,115.2,22.9,1,B,2025-07-31 00:00:00
广东,珠三角,深圳,宝安区,燕罗街道,G3756,宝安区燕罗街道燕川,113.9,22.7,1,B,2014-05-08 00:00:00
广东,珠三角,深圳,南山区,桃源街道,G3757,南山区桃源街道桃源,113.9,22.5,1,B,2017-09-28 00:00:00
广东,珠三角,深圳,龙岗区,横岗街道,G3758,龙岗区横岗街道六约,114.2,22.6,1,B,2014-05-08 00:00:00
广东,珠三角,深圳,宝安区,新安街道,G3759,宝安区新安街道新安,113.9,22.6,1,"B,p,r",2014-05-08 00:00:00
广东,珠三角,深圳,龙岗区,龙城街道,G3760,龙岗区龙城街道嶂背,114.2,22.7,1,B,2014-05-08 00:00:00
广东,珠三角,深圳,福田区,华富街道,G3761,福田区华富街道笔架山,114.1,22.5,1,B,2014-05-08 00:00:00
广东,珠三角,深圳,大鹏新区,葵涌办,G3762,大鹏新区葵涌办葵新,114.4,22.6,1,B,2014-05-08 00:00:00
广东,珠三角,深圳,光明区,光明街道,G3764,光明区光明街道光明农场,114,22.8,1,"B,p,r",2025-05-28 00:00:00
广东,珠三角,深圳,宝安区,新安街道,G3765,宝安区新安街道宝安公园,113.8,22.6,1,B,2014-05-08 00:00:00
广东,珠三角,深圳,南山区,西丽街道,G3766,南山区西丽街道大墈,114,22.5,1,B,2014-05-08 00:00:00
广东,珠三角,深圳,宝安区,航城街道,G3768,宝安区航城街道三围,113.8,22.6,1,B,2014-05-08 00:00:00
广东,珠三角,深圳,深汕特别合作区,小漠,G3769,南香村气象观测站,115,22.8,1,B,2025-07-31 00:00:00
广东,珠三角,深圳,福田区,福田街道,G3773,福田区福田街道岗厦,114,22.5,1,"B,p",2019-04-30 00:00:00
广东,珠三角,深圳,福田区,园岭街道,G3774,福田区园岭街道百花小学,114.2,22.5,1,B,2019-04-30 00:00:00
广东,珠三角,深圳,福田区,华强北街道,G3775,福田区华强北街道赛格广场,114.2,22.5,1,"B,p",2019-04-30 00:00:00
广东,珠三角,深圳,福田区,福保街道,G3776,福田区福保街道福保,114.1,22.5,1,"B,p",2019-04-30 00:00:00
广东,珠三角,深圳,宝安区,福海街道,G3777,宝安区福海街道海洋新城南,113.7,22.7,1,B,2021-06-25 00:00:00
广东,珠三角,深圳,福田区,莲花街道,G3778,福田区莲花街道市民中心,114,22.5,1,"B,p",2019-04-30 00:00:00
广东,珠三角,深圳,福田区,华强北街道,G3779,福田区华强北街道通新岭,114.1,22.6,1,B,2019-04-30 00:00:00
广东,珠三角,深圳,龙岗区,龙岗街道,G3780,龙岗区龙岗街道双龙,114.2,22.8,1,B,2014-05-08 00:00:00
广东,珠三角,深圳,宝安区,沙井街道,G3781,宝安区沙井街道共和,113.8,22.8,1,B,2014-04-11 00:00:00
广东,珠三角,深圳,南山区,蛇口街道,G3782,南山区蛇口街道孖洲岛,113.8,22.5,0,"B,E",2014-04-11 00:00:00
广东,珠三角,深圳,龙华区,福城街道,G3783,龙华区福城街道福城,114.1,22.6,1,B,2014-04-11 00:00:00
广东,珠三角,深圳,南山区,南头街道,G3784,南山区南头街道直升机场,113.9,22.5,1,B,2019-04-30 00:00:00
广东,珠三角,深圳,宝安区,燕罗街道,G3785,宝安区燕罗街道燕山,113.8,22.8,1,B,2021-06-25 00:00:00
广东,珠三角,深圳,坪山区,碧岭街道,G3787,坪山区碧岭街道碧岭,114.4,22.6,1,B,2019-04-30 00:00:00
广东,珠三角,深圳,坪山区,坪山街道,G3788,坪山区坪山街道坪山公园,114.3,22.6,1,B,2019-04-30 00:00:00
广东,珠三角,深圳,罗湖区,东门街道,G3789,罗湖区东门街道螺岭,114,22.5,1,B,2019-04-30 00:00:00
广东,珠三角,深圳,宝安区,松岗街道,G3790,宝安区松岗街道五指耙水库,113.8,22.7,1,"B,p,r",2019-04-30 00:00:00
广东,珠三角,深圳,龙华区,观澜街道,G3791,龙华区观澜街道石马径水库,114,22.7,1,B,2019-04-30 00:00:00
广东,珠三角,深圳,坪山区,石井街道,G3792,坪山区石井街道金龟,114.5,22.6,1,B,2019-04-30 00:00:00
广东,珠三角,深圳,罗湖区,南湖街道,G3793,罗湖区南湖街道渔邨,114.2,22.5,1,B,2019-04-30 00:00:00
广东,珠三角,深圳,盐田区,海山街道,G3794,盐田区海山街道海景,114.3,22.5,1,B,2019-04-30 00:00:00
广东,珠三角,深圳,坪山区,坑梓街道,G3795,坪山区坑梓街道五马峰公园,114.4,22.8,1,B,2019-04-30 00:00:00
广东,珠三角,深圳,盐田区,盐田街道,G3796,盐田区盐田街道小三洲,114.2,22.7,1,B,2019-04-30 00:00:00
广东,珠三角,深圳,福田区,华富街道,G3797,福田区华富街道华富,114.1,22.6,1,B,2019-04-30 00:00:00
广东,珠三角,深圳,罗湖区,东晓街道,G3798,罗湖区东晓街道围岭公园,114.1,22.7,1,B,2019-04-30 00:00:00
广东,珠三角,深圳,罗湖区,莲塘街道,G3799,罗湖区莲塘街道仙桐,114.2,22.5,1,B,2019-04-30 00:00:00
广东,珠三角,珠海,金湾区,红旗镇,G3901,金湾区红旗镇大林湿地公园主站气象监测站,113.3,22.1,1,B,2026-01-06 00:00:00
广东,珠三角,珠海,金湾区,红旗镇,G3902,金湾区红旗镇大林湿地公园备站气象监测站,113.3,22.1,1,B,2026-01-06 00:00:00
广东,珠三角,珠海,香洲区,担杆镇,G3903,香洲区担杆镇三门岛主站气象观测站,114,22.1,0,B,2025-11-04 00:00:00
广东,珠三角,珠海,香洲区,担杆镇,G3904,香洲区担杆镇三门岛备站气象观测站,114,22,0,B,2025-11-04 00:00:00
广东,珠三角,珠海,香洲区,横琴镇,G3905,横琴粤澳深度合作区二井湾气象观测站,113.5,22.2,1,B,2026-06-25 00:00:00
广东,珠三角,珠海,斗门区,井岸镇,G3950,斗门区井岸镇新堂村气象观测站,113.2,22.1,1,B,2022-07-29 00:00:00
广东,珠三角,珠海,斗门区,乾务镇,G3951,斗门区乾务镇石狗水闸气象观测站,113.3,22.1,1,B,2022-08-03 00:00:00
广东,珠三角,珠海,斗门区,白蕉镇,G3952,斗门区白蕉镇大托村气象观测站,113.3,22.3,1,B,2022-06-25 00:00:00
广东,珠三角,珠海,斗门区,白蕉镇,G3953,斗门区白蕉镇天生河水闸气象观测站,113.4,22.3,1,B,2022-06-22 00:00:00
广东,珠三角,珠海,斗门区,斗门镇,G3954,斗门区斗门镇大庙坑闸气象观测站,113.1,22.2,1,B,2022-08-24 00:00:00
广东,珠三角,珠海,斗门区,莲洲镇,G3955,斗门区莲洲镇东滘村气象观测站,113.2,22.4,1,B,2022-06-13 00:00:00
广东,珠三角,珠海,斗门区,白蕉镇,G3956,斗门区白蕉镇沙石村气象观测站,113.3,22.2,1,B,2022-07-24 00:00:00
广东,珠三角,珠海,斗门区,斗门镇,G3957,斗门区斗门镇文化中心气象观测站,113.2,22.3,1,B,2022-09-20 00:00:00
广东,珠三角,珠海,斗门区,乾务镇,G3958,斗门区乾务镇夏村气象观测站,113.2,22.2,1,B,2022-06-25 00:00:00
广东,珠三角,珠海,斗门区,莲洲镇,G3959,斗门区莲洲镇下栏村气象观测站,113.2,22.3,1,B,2022-08-01 00:00:00
广东,珠三角,珠海,斗门区,白蕉镇,G3960,斗门区白蕉镇桅夹村气象观测站,113.4,22.2,1,B,2023-07-05 00:00:00
广东,珠三角,珠海,斗门区,白蕉镇,G3961,斗门区白蕉镇南澳村气象观测站,113.3,22.4,1,B,2023-07-07 00:00:00
广东,珠三角,珠海,斗门区,井岸镇,G3962,斗门区井岸镇草蓢村气象观测站,113.2,22.2,1,B,2023-07-10 00:00:00
广东,珠三角,珠海,斗门区,井岸镇,G3963,斗门区井岸镇西湾村气象观测站,113.4,22.3,1,B,2023-07-11 00:00:00
广东,珠三角,珠海,斗门区,井岸镇,G3964,斗门区井岸镇黄杨村气象观测站,113.3,22.3,1,B,2023-07-07 00:00:00
广东,珠三角,珠海,斗门区,斗门镇,G3965,斗门区斗门镇小赤坎气象观测站,113.1,22.2,1,B,2023-06-20 00:00:00
广东,珠三角,珠海,斗门区,乾务镇,G3966,斗门区乾务镇富山水质净化厂气象观测站,113.2,22.1,1,B,2023-12-01 00:00:00
广东,珠三角,珠海,斗门区,斗门镇,G3967,斗门区斗门镇南门涌水闸气象观测站,113.2,22.2,1,B,2023-09-20 00:00:00
广东,珠三角,珠海,斗门区,乾务镇,G3968,斗门区乾务镇湾口村气象观测站,113.2,22.1,1,"B,p",2023-07-12 00:00:00
广东,珠三角,珠海,斗门区,莲洲镇,G3969,斗门区莲洲镇塞口水闸气象观测站,113.3,22.4,1,B,2023-11-06 00:00:00
广东,珠三角,珠海,香洲区,,G3970,港珠澳大桥K4330气象观测站,113.7,22.3,1,B,2025-05-29 00:00:00
广东,珠三角,珠海,香洲区,,G3971,港珠澳大桥K4350气象观测站,113.6,22.1,1,"B,p,r",2025-05-29 00:00:00
广东,珠三角,珠海,香洲区,,G3972,港珠澳大桥K4351气象观测站,113.6,22.1,1,B,2025-06-05 00:00:00
广东,珠三角,珠海,香洲区,,G3973,港珠澳大桥K4390气象观测站,113.6,22.3,1,"B,p,r",2025-06-05 00:00:00
广东,珠三角,珠海,香洲区,,G3974,港珠澳大桥K4430气象观测站,113.7,22.3,1,"B,p,r",2025-05-30 00:00:00
广东,珠三角,珠海,香洲区,,G3975,港珠澳大桥K4470气象观测站,113.6,22.4,1,B,2025-05-29 00:00:00
广东,珠三角,珠海,香洲区,,G3976,港珠澳大桥K4480气象观测站,113.8,22.3,1,B,2025-05-29 00:00:00
广东,珠三角,珠海,香洲区,,G3977,港珠澳大桥K4510气象观测站,113.8,22.3,1,"B,p,r",2025-05-29 00:00:00
广东,珠三角,珠海,香洲区,,G3978,港珠澳大桥K4511气象观测站,113.7,22.3,1,"B,p,r",2025-05-29 00:00:00
广东,珠三角,珠海,香洲区,,G3979,港珠澳大桥K4540气象观测站,113.7,22.3,1,"B,p,r",2025-05-30 00:00:00
广东,珠三角,珠海,香洲区,南屏镇,G3980,香洲区南屏镇洪湾中心渔港气象观测站,113.4,22.1,1,"B,c",2021-06-23 00:00:00
广东,珠三角,珠海,香洲区,,G3981,港珠澳大桥风帆气象观测站,113.5,22.3,1,"B,c",2021-06-23 00:00:00
广东,珠三角,珠海,金湾区,平沙镇,G3982,金湾区平沙镇平沙湿地公园主站气象观测站,113.2,22,1,"B,c",2021-06-23 00:00:00
广东,珠三角,珠海,金湾区,平沙镇,G3983,金湾区平沙镇平沙湿地公园备站气象观测站,113,22,1,"B,c",2021-06-23 00:00:00
广东,珠三角,珠海,金湾区,南水镇,G3984,金湾区南水镇石化七路主站气象观测站,113.2,22,1,"B,c",2021-06-23 00:00:00
广东,珠三角,珠海,金湾区,南水镇,G3985,金湾区南水镇石化七路备站气象观测站,113.2,22.1,1,"B,c,p",2021-06-23 00:00:00
广东,珠三角,珠海,斗门区,乾务镇,G3986,斗门区乾务镇南山村气象观测站,113.1,22.1,1,B,2024-05-13 00:00:00
广东,珠三角,珠海,斗门区,白蕉镇,G3987,斗门区白蕉镇昭信村气象观测站,113.3,22.1,1,B,2024-05-17 00:00:00
广东,珠三角,珠海,斗门区,莲洲镇,G3988,斗门区莲洲镇莲江村气象观测站,113.3,22.3,1,B,2024-05-14 00:00:00
广东,珠三角,珠海,斗门区,白蕉镇,G3989,斗门区白蕉镇小托村气象观测站,113.3,22.2,1,B,2024-05-17 00:00:00
广东,珠三角,珠海,金湾区,红旗镇,G3990,金湾区红旗镇大林气象站,113.3,22,1,B,2024-01-01 00:00:00
广东,珠三角,珠海,香洲区,前山街道,G3991,香洲区前山街道气象观测站,113.5,22.2,1,B,2025-02-08 00:00:00
广东,珠三角,珠海,香洲区,吉大街道,G3992,香洲区吉大街道石花东路气象观测站,113.5,22.3,1,B,2025-06-16 00:00:00
广东,珠三角,珠海,金湾区,平沙镇,G3993,金湾区平沙镇南新村气象观测站,113.3,22.2,1,B,2025-05-28 00:00:00
广东,珠三角,珠海,香洲区,湾仔街道,G3994,香洲区湾仔街道宝汇路气象观测站,113.6,22.2,1,B,2025-10-20 00:00:00
广东,珠三角,珠海,香洲区,拱北街道,G3995,香洲区拱北街道昌盛气象观测站,113.6,22.3,1,B,2025-07-28 00:00:00
广东,珠三角,珠海,香洲区,拱北街道,G3996,香洲区拱北街道拱北口岸气象观测站,113.5,22.3,1,B,2025-07-28 00:00:00
广东,珠三角,珠海,香洲区,吉大街道,G3997,香洲区吉大街道城市阳台气象观测站,113.5,22.3,1,B,2025-07-28 00:00:00
广东,珠三角,珠海,香洲区,唐家湾镇,G3998,香洲区唐家湾银坑气象观测站,113.7,22.4,1,B,2025-07-28 00:00:00
广东,珠三角,珠海,金湾区,南水镇,G3999,金湾区南水镇南水北桥气象观测站,113.1,21.9,1,B,2025-12-04 00:00:00
广东,珠三角,珠海,香洲区,香湾街道,G4005,珠海应急观测车,113.6,22.4,1,"B,z99",2025-11-07 00:00:00
广东,粤东,汕头,澄海区,凤翔街道,G4101,澄海南港渔港1,116.8,23.3,1,"B,E",2024-11-21 00:00:00
广东,粤东,汕头,澄海区,凤翔街道,G4102,澄海南港渔港2,116.9,23.4,1,"B,E",2024-11-08 00:00:00
广东,粤东,汕头,潮南区,陇田镇,G4111,潮南区陇田镇东华村,116.4,23.2,1,B,2021-08-09 00:00:00
广东,粤东,汕头,潮阳区,海门镇,G4133,潮阳区海门镇华能汕头海门电厂气象观测站1,116.7,23.1,1,"B,E",2026-03-06 00:00:00
广东,粤东,汕头,潮阳区,海门镇,G4134,潮阳区海门镇华能汕头海门电厂气象观测站2,116.7,23.2,1,"B,E",2026-03-06 00:00:00
广东,粤东,汕头,潮阳区,棉北街道,G4141,潮阳区棉北街道办事处,116.6,23.3,1,"B,X",2014-08-18 00:00:00
广东,粤东,汕头,潮阳区,贵屿镇,G4146,贵屿华美气象观测站,116.4,23.3,1,B,2024-01-31 00:00:00
广东,粤东,汕头,潮阳区,贵屿镇,G4147,潮阳贵屿国家气象观测站,116.4,23.3,1,B,2016-03-26 00:00:00
广东,粤东,汕头,潮阳区,金灶镇,G4148,金灶服务区交通气象观测站,116.3,23.4,1,B,2023-01-07 00:00:00
广东,粤东,汕头,澄海区,东里镇,G4152,澄海义丰溪港口1,117,23.6,1,"B,E",2023-01-05 00:00:00
广东,粤东,汕头,澄海区,东里镇,G4153,澄海义丰溪港口2,117,23.6,1,"B,E",2023-01-05 00:00:00
广东,粤东,汕头,澄海区,溪南镇,G4154,澄海六合南围1,116.9,23.6,1,"B,E",2023-01-05 00:00:00
广东,粤东,汕头,澄海区,溪南镇,G4155,澄海六合南围2,116.9,23.5,1,"B,E",2023-01-05 00:00:00
广东,粤东,汕头,澄海区,莲下镇,G4157,澄海北港口1,116.9,23.5,1,"B,E",2024-12-07 00:00:00
广东,粤东,汕头,澄海区,莲下镇,G4158,澄海北港口2,116.8,23.4,1,"B,E",2024-11-08 00:00:00
广东,粤东,汕头,南澳县,后宅镇,G4161,南澳黄花山气象观测站1,116.9,23.5,1,"B,E",2023-01-07 00:00:00
广东,粤东,汕头,南澳县,南澳黄花山国家森林公园,G4162,南澳黄花山气象观测站2,116.9,23.5,1,"B,E",2023-01-16 00:00:00
广东,粤东,汕头,南澳县,南澳县海岛国家森林公园管理委员会,G4163,南澳大桥交通气象观测站,117,23.5,1,B,2023-01-12 00:00:00
广东,粤东,汕头,南澳县,云澳镇,G4166,华能勒门风电升压平台气象观测站2,117,23.1,0,B,2026-02-03 00:00:00
广东,粤东,汕头,濠江区,礐石街道,G4190,汕头市濠江区礐石街道礐石风景区,116.7,23.4,1,B,2007-07-01 00:00:00
广东,粤东,汕头,南澳县,深澳镇,G4191,南澳县深澳镇果老山,117.1,23.4,1,"B,C",2019-06-08 00:00:00
广东,粤北,韶关,浈江区,风采街道,G4400,浈江风采气象观测站,113.6,24.8,1,"B,X",2008-01-01 00:00:00
广东,粤北,韶关,武江区,龙归镇,G4401,武江龙归气象观测站,113.5,24.6,1,"B,X",2008-01-01 00:00:00
广东,粤北,韶关,武江区,重阳镇,G4402,武江重阳气象观测站,113.4,24.9,1,B,2008-01-01 00:00:00
广东,粤北,韶关,武江区,西联镇,G4403,武江西联第十一中学气象观测站,113.6,24.8,1,"B,Q",2008-01-01 00:00:00
广东,粤北,韶关,浈江区,犁市镇,G4404,浈江犁市气象观测站,113.5,24.8,1,B,2008-01-01 00:00:00
广东,粤北,韶关,浈江区,十里亭镇,G4405,浈江十里亭气象观测站,113.7,24.9,1,"B,Q,X",2008-01-01 00:00:00
广东,粤北,韶关,浈江区,乐园镇,G4406,浈江森林公园气象观测站,113.6,24.9,1,B,2008-01-01 00:00:00
广东,粤北,韶关,武江区,江湾镇,G4407,武江江湾气象观测站,113.2,24.7,1,B,2008-01-01 00:00:00
广东,粤北,韶关,武江区,新华街道,G4408,武江惠民田家炳中学气象观测站,113.5,24.8,1,B,2008-01-01 00:00:00
广东,粤北,韶关,武江区,惠民街道,G4409,武江惠民北江中学气象观测站,113.6,24.9,1,"B,X",2008-01-01 00:00:00
广东,粤北,韶关,浈江区,乐园镇,G4410,浈江乐园教场村莲花中学气象观测站,113.7,24.9,1,"B,X",2008-01-01 00:00:00
广东,粤北,韶关,武江区,西联镇,G4411,武江西联孟洲坝电厂气象观测站,113.5,24.7,1,"B,g",2008-01-01 00:00:00
广东,粤北,韶关,浈江区,乐园镇,G4412,浈江乐园气象观测站,113.6,24.8,1,"B,X",2008-01-01 00:00:00
广东,粤北,韶关,仁化县,扶溪镇,G4413,仁化扶溪长坑村气象观测站,113.9,25.2,1,B,2023-04-20 00:00:00
广东,粤北,韶关,仁化县,闻韶镇,G4414,仁化闻韶江南村气象观测站,114,25.2,1,B,2009-04-30 00:00:00
广东,粤北,韶关,浈江区,十里亭镇,G4415,浈江十里亭九龄高级中学气象观测站,113.6,24.7,1,B,2009-08-01 00:00:00
广东,粤北,韶关,始兴县,司前镇,G4416,始兴司前黄沙村气象观测站,114,24.7,1,B,2009-07-29 00:00:00
广东,粤北,韶关,仁化县,红山镇,G4422,仁化红山高坪水库气象观测站,113.7,25.2,1,B,2023-04-20 00:00:00
广东,粤北,韶关,仁化县,长江镇,G4423,仁化长江高洞村茶园气象观测站,114,25.4,1,B,2023-04-20 00:00:00
广东,粤北,韶关,仁化县,长江镇,G4424,仁化长江塘洞村气象观测站,114.1,25.4,1,B,2023-04-20 00:00:00
广东,粤北,韶关,仁化县,长江镇,G4425,仁化长江冷饭坑村气象观测站,114,25.3,1,B,2023-04-20 00:00:00
广东,粤北,韶关,始兴县,隘子镇,G4431,始兴隘子石井村气象观测站,114,24.6,1,B,2023-06-08 00:00:00
广东,粤北,韶关,南雄市,珠玑镇,G4432,南雄珠玑古田村国家气象观测站,114.4,25.2,1,B,2017-11-01 00:00:00
广东,粤北,韶关,南雄市,南亩镇,G4433,南雄南亩鱼鲜村国家气象观测站,114.6,25.2,1,B,2017-10-31 00:00:00
广东,粤北,韶关,南雄市,全安镇,G4434,南雄全安气象观测站,114.4,25.1,1,B,2017-11-01 00:00:00
广东,粤北,韶关,南雄市,珠玑镇,G4435,南雄珠玑角湾村气象观测站,114.5,25.3,1,B,2018-10-07 00:00:00
广东,粤北,韶关,南雄市,雄州街道,G4436,南雄雄州下坪村气象观测站,114.4,25.1,1,B,2018-10-07 00:00:00
广东,粤北,韶关,仁化县,丹霞街道,G4438,仁化丹霞瑶山电站气象观测站,113.7,25,1,B,2018-03-29 00:00:00
广东,粤北,韶关,仁化县,董塘镇,G4439,仁化董塘白莲村气象观测站,113.7,24.9,1,B,2017-12-29 00:00:00
广东,粤北,韶关,仁化县,丹霞街道,G4441,仁化丹霞山风景区缆车山脚气象观测站,113.7,25.1,1,B,2018-03-29 00:00:00
广东,粤北,韶关,仁化县,丹霞街道,G4442,仁化丹霞山风景区缆车山顶气象观测站,113.7,25.1,1,B,2019-06-20 00:00:00
广东,粤北,韶关,仁化县,长江镇,G4443,仁化长江林场气象观测站,114,25.4,1,B,2018-10-24 00:00:00
广东,粤北,韶关,仁化县,丹霞街道,G4444,仁化丹霞仁化林场气象观测站,113.8,25.2,1,B,2015-05-29 00:00:00
广东,粤北,韶关,始兴县,太平镇,G4447,始兴太平新屋场村气象观测站,114,25.1,1,B,2023-05-29 00:00:00
广东,粤北,韶关,始兴县,司前镇,G4448,始兴司前车八岭五百米气象观测站,114.1,24.7,1,B,2023-05-29 00:00:00
广东,粤北,韶关,南雄市,黄坑镇,G4449,南雄黄坑围背水库气象观测站,114.4,25.3,1,B,2012-12-02 00:00:00
广东,粤北,韶关,南雄市,古市镇,G4450,南雄古市丹布村气象观测站,114.2,25.1,1,"B,X",2008-05-31 00:00:00
广东,粤北,韶关,南雄市,坪田镇,G4451,南雄坪田气象观测站,114.6,25.2,1,B,2008-05-31 00:00:00
广东,粤北,韶关,南雄市,黄坑镇,G4452,南雄黄坑气象观测站,114.5,25.3,1,"B,X",2008-05-31 00:00:00
广东,粤北,韶关,始兴县,隘子镇,G4453,始兴隘子井下村气象观测站,114,24.6,1,B,2009-01-07 00:00:00
广东,粤北,韶关,始兴县,隘子镇,G4454,始兴隘子湖湾村气象观测站,114.1,24.6,1,B,2009-04-30 00:00:00
广东,粤北,韶关,南雄市,江头镇,G4455,南雄江头气象观测站,114.4,25.1,1,"B,X",2009-10-01 00:00:00
广东,粤北,韶关,南雄市,油山镇,G4456,南雄油山大塘村气象观测站,114.5,25.3,1,B,2009-10-01 00:00:00
广东,粤北,韶关,南雄市,界址镇,G4457,南雄界址大坊村气象观测站,114.8,25.2,1,B,2009-11-11 00:00:00
广东,粤北,韶关,南雄市,邓坊镇,G4458,南雄邓坊气象观测站,114.5,25.3,1,B,2009-11-11 00:00:00
广东,粤北,韶关,南雄市,湖口镇,G4459,南雄湖口气象观测站,114.4,25.2,1,B,2009-11-13 00:00:00
广东,粤北,韶关,南雄市,澜河镇,G4460,南雄澜河气象观测站,114.1,25.3,1,B,2009-11-11 00:00:00
广东,粤北,韶关,南雄市,南亩镇,G4461,南雄南亩气象观测站,114.6,25.1,1,B,2009-11-11 00:00:00
广东,粤北,韶关,南雄市,百顺镇,G4462,南雄百顺气象观测站,114,25.1,1,B,2011-04-01 00:00:00
广东,粤北,韶关,南雄市,珠玑镇,G4463,南雄珠玑气象观测站,114.3,25.3,1,"B,X",2013-03-05 00:00:00
广东,粤北,韶关,南雄市,水口镇,G4464,南雄水口宝江水库气象观测站,114.6,25.1,1,"B,X",2012-11-29 00:00:00
广东,粤北,韶关,南雄市,乌迳镇,G4465,南雄乌迳孔江水库气象观测站,114.6,25.3,1,B,2012-11-30 00:00:00
广东,粤北,韶关,南雄市,全安镇,G4466,南雄全安苍石电站气象观测站,114.3,25.1,1,B,2012-11-19 00:00:00
广东,粤北,韶关,南雄市,帽子峰镇,G4467,南雄帽子峰电站气象观测站,114.2,25.2,1,B,2012-11-19 00:00:00
广东,粤北,韶关,南雄市,主田镇,G4468,南雄主田瀑布水库气象观测站,114.4,25.1,1,B,2012-11-21 00:00:00
广东,粤北,韶关,始兴县,罗坝镇,G4500,始兴罗坝气象观测站,114.2,24.9,1,B,2008-12-31 00:00:00
广东,粤北,韶关,始兴县,深渡水乡,G4501,始兴深渡水瑶族乡气象观测站,114.1,24.9,1,"B,X",2008-12-31 00:00:00
广东,粤北,韶关,始兴县,司前镇,G4502,始兴司前气象观测站,114.1,24.7,1,B,2009-04-30 00:00:00
广东,粤北,韶关,始兴县,顿岗镇,G4503,始兴顿岗围下村气象观测站,114.1,25,1,"B,X",2009-04-30 00:00:00
广东,粤北,韶关,始兴县,沈所镇,G4504,始兴沈所花山村气象观测站,114,24.9,1,B,2009-09-02 00:00:00
广东,粤北,韶关,始兴县,太平镇,G4505,始兴太平奇心村北山水厂气象观测站,114,25.1,1,B,2009-11-02 00:00:00
广东,粤北,韶关,始兴县,罗坝镇,G4506,始兴罗坝刘张家山林场气象观测站,114.2,24.8,1,B,2009-11-02 00:00:00
广东,粤北,韶关,始兴县,顿岗镇,G4507,始兴顿岗七北村国家气象观测站,114.1,25,1,"B,X",2012-07-26 00:00:00
广东,粤北,韶关,始兴县,太平镇,G4508,始兴太平白石坪村始兴中学气象观测站,114.2,25,1,B,2012-08-15 00:00:00
广东,粤北,韶关,始兴县,马市镇,G4509,始兴马市黄田村国家气象观测站,114.2,25.1,1,B,2012-08-15 00:00:00
广东,粤北,韶关,始兴县,太平镇,G4510,始兴太平总甫村气象观测站,113.9,24.9,1,"B,X",2012-08-15 00:00:00
广东,粤北,韶关,始兴县,马市镇,G4511,始兴马市涝洲水村气象观测站,114.1,25,1,"B,X",2012-08-15 00:00:00
广东,粤北,韶关,始兴县,沈所镇,G4512,始兴沈所石内村气象观测站,114.1,25,1,B,2017-10-28 00:00:00
广东,粤北,韶关,始兴县,澄江镇,G4513,始兴澄江暖田村气象观测站,114.4,24.9,1,B,2018-05-16 00:00:00
广东,粤北,韶关,始兴县,司前镇,G4514,始兴司前车八岭八百米气象观测站,114.2,24.6,1,B,2025-01-24 00:00:00
广东,粤北,韶关,始兴县,司前镇,G4515,始兴司前车八岭一千米气象观测站,114.1,24.6,1,B,2025-01-24 00:00:00
广东,粤北,韶关,乐昌市,大源镇,G4516,乐昌大源湖洞村气象观测站,113.1,25.2,1,B,2013-12-24 00:00:00
广东,粤北,韶关,乐昌市,长来镇,G4517,乐昌长来前溪村气象观测站,113.3,25.1,1,B,2013-12-25 00:00:00
广东,粤北,韶关,乐昌市,梅花镇,G4518,乐广下行K22应用气象观测站,113.1,25.3,1,"B,U",2015-02-06 00:00:00
广东,粤北,韶关,乐昌市,大源镇,G4519,乐昌大源乐昌峡气象观测站,113.3,25.2,1,"B,g",2016-08-31 00:00:00
广东,粤北,韶关,仁化县,扶溪镇,G4520,仁化扶溪气象观测站,113.9,25.2,1,B,2008-12-31 00:00:00
广东,粤北,韶关,仁化县,城口镇,G4521,仁化城口气象观测站,113.8,25.4,1,"B,X",2008-12-31 00:00:00
广东,粤北,韶关,仁化县,闻韶镇,G4522,仁化闻韶气象观测站,113.9,25.2,1,B,2008-12-01 00:00:00
广东,粤北,韶关,仁化县,周田镇,G4523,仁化周田国家气象观测站,113.8,24.9,1,"B,X",2009-02-01 00:00:00
广东,粤北,韶关,仁化县,大桥镇,G4524,仁化大桥气象观测站,113.7,24.9,1,B,2009-02-01 00:00:00
广东,粤北,韶关,仁化县,石塘镇,G4525,仁化石塘气象观测站,113.7,25.1,1,B,2009-11-27 00:00:00
广东,粤北,韶关,仁化县,丹霞街道,G4526,仁化丹霞山风景区气象观测站,113.7,25.1,1,"B,X",2009-08-01 00:00:00
广东,粤北,韶关,始兴县,隘子镇,G4527,始兴隘子风度村气象观测站,113.9,24.6,1,B,2023-06-29 00:00:00
广东,粤北,韶关,始兴县,隘子镇,G4528,始兴隘子五星村气象观测站,114,24.7,1,B,2023-06-08 00:00:00
广东,粤北,韶关,仁化县,董塘镇,G4529,仁化董塘小楣水林场气象观测站,113.6,25.1,1,B,2013-05-11 00:00:00
广东,粤北,韶关,仁化县,丹霞街道,G4530,仁化丹霞胡坑村气象观测站,113.9,25.2,1,"B,X",2013-05-07 00:00:00
广东,粤北,韶关,仁化县,周田镇,G4531,仁化周田灵溪村气象观测站,114,24.9,1,B,2013-05-14 00:00:00
广东,粤北,韶关,始兴县,隘子镇,G4533,始兴隘子冷洞村气象观测站,113.9,24.8,1,B,2023-06-03 00:00:00
广东,粤北,韶关,乳源瑶族自治县,乳城镇,G4534,乳源乳城云门山度假区气象观测站,113.3,24.7,1,B,2018-03-28 00:00:00
广东,粤北,韶关,乳源瑶族自治县,乳城镇,G4535,乳源乳城丽宫度假区气象观测站,113.2,24.8,1,B,2018-03-27 00:00:00
广东,粤北,韶关,乳源瑶族自治县,大桥镇,G4536,乳源大桥中冲村气象观测站,113.1,25.1,1,B,2018-03-28 00:00:00
广东,粤北,韶关,乳源瑶族自治县,洛阳镇,G4538,乳源洛阳半星村气象观测站,113,24.6,1,B,2018-12-07 00:00:00
广东,粤北,韶关,乳源瑶族自治县,洛阳镇,G4540,乳源洛阳天井山林场气象观测站,113.1,24.8,1,"B,D",2008-03-01 00:00:00
广东,粤北,韶关,乳源瑶族自治县,乳城镇,G4541,乳源乳城新兴村东阳光气象观测站,113.3,24.8,1,B,2008-02-29 00:00:00
广东,粤北,韶关,乳源瑶族自治县,乳阳林业局,G4542,乳源大桥南岭保护站气象观测站,113,25,1,"B,D",2008-08-01 00:00:00
广东,粤北,韶关,乳源瑶族自治县,大桥镇,G4543,乳源大桥溪一电站国家气象观测站,113,25,1,"B,D",2008-02-29 00:00:00
广东,粤北,韶关,乳源瑶族自治县,大桥镇,G4544,乳源大桥天门嶂电站气象观测站,113,24.9,1,"B,D",2008-03-21 00:00:00
广东,粤北,韶关,乳源瑶族自治县,大桥镇,G4545,乳源县大桥镇五指山石坑崆,113.1,24.9,1,"B,D",2008-08-01 00:00:00
广东,粤北,韶关,乳源瑶族自治县,必背镇,G4546,乳源必背气象观测站,113.3,25.1,1,B,2009-03-01 00:00:00
广东,粤北,韶关,乳源瑶族自治县,东坪镇,G4547,乳源东坪气象观测站,113.1,24.7,1,"B,X",2009-04-02 00:00:00
广东,粤北,韶关,乳源瑶族自治县,大桥镇,G4548,乳源大桥红光村气象观测站,113.1,25,1,B,2009-01-01 00:00:00
广东,粤北,韶关,乳源瑶族自治县,东坪镇,G4549,乳源东坪东田村气象观测站,113.2,24.8,1,"B,X",2009-01-01 00:00:00
广东,粤北,韶关,乳源瑶族自治县,游溪镇,G4550,乳源游溪气象观测站,113.3,24.9,1,"B,X",2009-12-03 00:00:00
广东,粤北,韶关,乳源瑶族自治县,一六镇,G4551,乳源一六气象观测站,113.3,24.7,1,"B,X",2009-10-30 00:00:00
广东,粤北,韶关,乳源瑶族自治县,桂头镇,G4552,乳源必背钓鱼台电站气象观测站,113.3,25,1,B,2014-06-07 00:00:00
广东,粤北,韶关,乳源瑶族自治县,游溪镇,G4553,乳源游溪中心洞村气象观测站,113.3,25,1,B,2014-06-29 00:00:00
广东,粤北,韶关,乳源瑶族自治县,东坪镇,G4554,乳源东坪南水水库气象观测站,113.2,24.7,1,B,2014-07-15 00:00:00
广东,粤北,韶关,乳源瑶族自治县,洛阳镇,G4555,乳源洛阳坝美电站气象观测站,113.1,24.6,1,B,2014-07-03 00:00:00
广东,粤北,韶关,乳源瑶族自治县,东坪镇,G4556,乳源东坪南水湖湿地公园国家气象观测站,113.2,24.8,1,B,2014-07-10 00:00:00
广东,粤北,韶关,乳源瑶族自治县,乳城镇,G4557,乳源乳城乳源中学气象观测站,113.3,24.8,1,B,2015-01-30 00:00:00
广东,粤北,韶关,新丰县,遥田镇,G4558,新丰遥田左坑村气象观测站,113.8,24,1,B,2015-12-31 00:00:00
广东,粤北,韶关,新丰县,丰城街道,G4559,新丰丰城鲁古河气象观测站,114.2,24,1,B,2015-12-25 00:00:00
广东,粤北,韶关,乐昌市,九峰镇,G4560,乐昌九峰茶料村国家气象观测站,113.4,25.4,1,"B,X",2008-11-30 00:00:00
广东,粤北,韶关,乐昌市,两江镇,G4561,乐昌两江气象观测站,113.2,25.3,1,"B,X",2008-11-30 00:00:00
广东,粤北,韶关,乐昌市,大源镇,G4562,乐昌大源气象观测站,113.3,25.2,1,B,2008-11-30 00:00:00
广东,粤北,韶关,乐昌市,云岩镇,G4563,乐昌云岩气象观测站,113.2,25.2,1,"B,X",2008-11-30 00:00:00
广东,粤北,韶关,乐昌市,三溪镇,G4564,乐昌三溪气象观测站,112.8,25.3,1,B,2008-11-30 00:00:00
广东,粤北,韶关,乐昌市,庆云镇,G4565,乐昌庆云气象观测站,113.3,25.4,1,B,2009-04-30 00:00:00
广东,粤北,韶关,乐昌市,秀水镇,G4566,乐昌秀水气象观测站,113,25.2,1,B,2009-04-30 00:00:00
广东,粤北,韶关,乐昌市,沙坪镇,G4567,乐昌沙坪气象观测站,113,25.1,1,B,2009-04-30 00:00:00
广东,粤北,韶关,乐昌市,廊田镇,G4568,乐昌廊田国家气象观测站,113.5,25.2,1,B,2009-04-30 00:00:00
广东,粤北,韶关,乐昌市,长来镇,G4569,乐昌长来气象观测站,113.3,25,1,"B,X",2009-04-30 00:00:00
广东,粤北,韶关,乐昌市,黄圃镇,G4600,乐昌黄圃气象观测站,113.1,25.4,1,B,2009-10-30 00:00:00
广东,粤北,韶关,乐昌市,梅花镇,G4601,乐昌梅花国家气象观测站,113,25.3,1,B,2009-11-11 00:00:00
广东,粤北,韶关,乐昌市,北乡镇,G4602,乐昌北乡气象观测站,113.3,25.1,1,"B,X",2009-09-16 00:00:00
广东,粤北,韶关,乐昌市,五山镇,G4603,乐昌五山气象观测站,113.6,25.3,1,B,2009-09-15 00:00:00
广东,粤北,韶关,乐昌市,乐城街道,G4604,乐昌乐城气象观测站,113.4,25.1,1,B,2009-10-30 00:00:00
广东,粤北,韶关,乐昌市,廊田镇,G4605,乐昌廊田马屋村气象观测站,113.4,25.2,1,B,2012-11-01 00:00:00
广东,粤北,韶关,乐昌市,黄圃镇,G4606,乐昌黄圃斗湾村气象观测站,113.1,25.5,1,B,2012-11-29 00:00:00
广东,粤北,韶关,乐昌市,廊田镇,G4607,乐昌龙山水库气象观测站,113.5,25.2,1,B,2013-01-09 00:00:00
广东,粤北,韶关,乐昌市,乐城街道,G4608,乐昌乐城天井岗村气象观测站,113.3,25,1,B,2012-11-01 00:00:00
广东,粤北,韶关,乐昌市,九峰镇,G4609,乐昌沿溪山茶场气象观测站,113.4,25.3,1,B,2013-12-19 00:00:00
广东,粤北,韶关,曲江区,白土镇,G4610,曲江白土气象观测站,113.5,24.7,1,"B,X,g",2008-06-30 00:00:00
广东,粤北,韶关,曲江区,大塘镇,G4611,曲江大塘气象观测站,113.6,24.9,1,"B,X",2008-07-01 00:00:00
广东,粤北,韶关,曲江区,樟市镇,G4612,曲江樟市气象观测站,113.6,24.5,1,"B,X",2008-06-30 00:00:00
广东,粤北,韶关,曲江区,枫湾镇,G4613,曲江枫湾气象观测站,113.8,24.7,1,B,2009-05-14 00:00:00
广东,粤北,韶关,曲江区,罗坑镇,G4614,曲江罗坑水库气象观测站,113.4,24.6,1,B,2009-06-17 00:00:00
广东,粤北,韶关,曲江区,乌石镇,G4615,曲江乌石濛浬村国家气象观测站,113.6,24.6,1,B,2009-05-12 00:00:00
广东,粤北,韶关,曲江区,马坝镇,G4616,曲江苍村水库气象观测站,113.7,24.7,1,"B,X",2009-12-22 00:00:00
广东,粤北,韶关,曲江区,马坝镇,G4617,曲江马坝气象观测站,113.5,24.7,1,B,2009-12-22 00:00:00
广东,粤北,韶关,曲江区,乌石镇,G4618,曲江乌石坑口石角村气象观测站,113.7,24.4,1,B,2012-07-25 00:00:00
广东,粤北,韶关,曲江区,樟市镇,G4619,曲江樟市西约村气象观测站,113.5,24.5,1,B,2012-07-25 00:00:00
广东,粤北,韶关,曲江区,沙溪镇,G4620,曲江沙溪窝子村气象观测站,113.8,24.6,1,B,2012-07-21 00:00:00
广东,粤北,韶关,曲江区,大塘镇,G4621,曲江大塘汤溪村气象观测站,113.7,24.7,1,B,2012-07-21 00:00:00
广东,粤北,韶关,曲江区,枫湾镇,G4622,曲江枫湾瑶岭气象观测站,113.9,24.8,1,B,2012-07-21 00:00:00
广东,粤北,韶关,新丰县,黄磜镇,G4623,新丰黄磜秋峒村气象观测站,114.1,24.2,1,B,2017-10-27 00:00:00
广东,粤北,韶关,新丰县,黄磜镇,G4624,新丰黄磜樱花峪气象观测站,114.2,24.3,1,B,2017-10-27 00:00:00
广东,粤北,韶关,始兴县,隘子镇,G4625,始兴隘子联丰村气象观测站,113.9,24.7,1,B,2023-06-16 00:00:00
广东,粤北,韶关,翁源县,铁龙林场,G4628,翁源铁龙龙集村气象观测站,113.6,24.5,1,B,2018-10-25 00:00:00
广东,粤北,韶关,翁源县,翁城镇,G4629,翁源翁城星光村气象观测站,113.8,24.3,1,B,2018-10-25 00:00:00
广东,粤北,韶关,翁源县,铁龙林场,G4630,翁源铁龙龙体村气象观测站,113.7,24.5,1,B,2008-01-31 00:00:00
广东,粤北,韶关,翁源县,翁城镇,G4631,翁源翁城富陂村气象观测站,113.8,24.4,1,B,2008-01-31 00:00:00
广东,粤北,韶关,翁源县,官渡镇,G4632,翁源官渡国家气象观测站,114,24.3,1,"B,X",2008-12-31 00:00:00
广东,粤北,韶关,翁源县,江尾镇,G4633,翁源江尾国家气象观测站,114,24.5,1,"B,X",2008-12-31 00:00:00
广东,粤北,韶关,翁源县,周陂镇,G4634,翁源周陂礤下村气象观测站,113.9,24.2,1,B,2008-12-31 00:00:00
广东,粤北,韶关,翁源县,官渡镇,G4635,翁源官渡镇仔村气象观测站,114,24.3,1,"B,X",2009-08-11 00:00:00
广东,粤北,韶关,翁源县,江尾镇,G4636,翁源江尾梅斜村气象观测站,114,24.5,1,B,2009-08-19 00:00:00
广东,粤北,韶关,翁源县,龙仙镇,G4637,翁源龙仙贵联村气象观测站,114.2,24.4,1,B,2009-08-18 00:00:00
广东,粤北,韶关,翁源县,龙仙镇,G4638,翁源龙仙国家气象观测站,114.1,24.2,1,"B,X",2009-08-10 00:00:00
广东,粤北,韶关,翁源县,新江镇,G4639,翁源新江太坪村气象观测站,113.9,24.7,1,B,2009-08-17 00:00:00
广东,粤北,韶关,翁源县,龙仙镇,G4640,翁源龙仙三华村气象观测站,113.9,24.2,1,B,2012-05-22 00:00:00
广东,粤北,韶关,翁源县,周陂镇,G4641,翁源周陂双联村气象观测站,114.1,24.3,1,B,2012-05-22 00:00:00
广东,粤北,韶关,翁源县,龙仙镇,G4642,翁源龙仙李洞村气象观测站,114.2,24.3,1,B,2012-05-22 00:00:00
广东,粤北,韶关,翁源县,坝仔镇,G4643,翁源坝仔辉星村气象观测站,114.1,24.5,1,B,2012-05-22 00:00:00
广东,粤北,韶关,翁源县,龙仙镇,G4644,翁源龙仙群陂村气象观测站,114.1,24.5,1,"B,X",2012-07-21 00:00:00
广东,粤北,韶关,翁源县,江尾镇,G4645,翁源江尾南塘村气象观测站,114.1,24.4,1,"B,X",2012-05-22 00:00:00
广东,粤北,韶关,翁源县,坝仔镇,G4646,翁源坝仔礼岭村气象观测站,114.3,24.6,1,B,2012-05-22 00:00:00
广东,粤北,韶关,乐昌市,五山镇,G4647,乐昌五山小山村气象观测站,113.4,25.4,1,B,2023-08-18 00:00:00
广东,粤北,韶关,乐昌市,坪石镇,G4648,乐昌坪石田头村气象观测站,113.2,25.3,1,B,2023-08-18 00:00:00
广东,粤北,韶关,乐昌市,坪石镇,G4649,乐昌坪石武阳桥村气象观测站,113.1,25.4,1,B,2023-08-18 00:00:00
广东,粤北,韶关,新丰县,马头镇,G4650,新丰马头大席社区气象观测站,114.6,24.2,1,B,2008-12-31 00:00:00
广东,粤北,韶关,新丰县,梅坑镇,G4651,新丰梅坑华溪村气象观测站,114,23.9,1,B,2009-01-31 00:00:00
广东,粤北,韶关,新丰县,沙田镇,G4652,新丰沙田白楼村气象观测站,113.9,23.9,1,B,2009-01-31 00:00:00
广东,粤北,韶关,新丰县,马头镇,G4653,新丰马头乌石岗村气象观测站,114.4,24.2,1,"B,X",2009-01-31 00:00:00
广东,粤北,韶关,新丰县,梅坑镇,G4654,新丰梅坑长坪村气象观测站,114,24.2,1,"B,X",2009-12-16 00:00:00
广东,粤北,韶关,新丰县,丰城街道,G4655,新丰丰城江南社区气象观测站,114.3,24,1,"B,X",2009-12-31 00:00:00
广东,粤北,韶关,新丰县,黄磜镇,G4656,新丰黄磜茶峒村气象观测站,114.2,24.2,1,B,2012-07-31 00:00:00
广东,粤北,韶关,新丰县,丰城街道,G4657,新丰丰城云髻山气象观测站,114.2,24.2,1,"B,X",2012-10-16 00:00:00
广东,粤北,韶关,新丰县,梅坑镇,G4658,新丰梅坑云天海气象观测站,114.2,24,1,"B,X",2012-07-31 00:00:00
广东,粤北,韶关,新丰县,梅坑镇,G4659,新丰梅坑气象观测站,114,24.1,1,B,2012-08-06 00:00:00
广东,粤北,韶关,新丰县,回龙镇,G4660,新丰回龙蒲昌村气象观测站,114,24.2,1,B,2012-08-05 00:00:00
广东,粤北,韶关,始兴县,隘子镇,G4661,始兴隘子瑶族村气象观测站,114,24.6,1,B,2015-08-23 00:00:00
广东,粤北,韶关,始兴县,城南镇,G4662,始兴城南河南村气象观测站,114.1,24.9,1,B,2017-02-27 00:00:00
广东,粤北,韶关,乐昌市,乐城街道,G4663,乐昌乐城气象科普馆气象观测站,113.4,25.2,1,B,2016-07-14 00:00:00
广东,粤北,韶关,曲江区,樟市镇,G4664,曲江樟市南约村气象观测站,113.6,24.4,1,B,2017-11-11 00:00:00
广东,粤北,韶关,曲江区,小坑镇,G4665,曲江小坑经律论气象观测站,113.7,24.6,1,B,2017-11-30 00:00:00
广东,粤北,韶关,曲江区,马坝镇,G4666,曲江马坝小坑村气象观测站,113.6,24.6,1,B,2017-11-14 00:00:00
广东,粤北,韶关,曲江区,乌石镇,G4667,曲江乌石濛浬韶关港气象观测站,113.5,24.5,1,"B,g",2022-01-12 00:00:00
广东,粤北,韶关,始兴县,隘子镇,G4668,始兴隘子五一村气象观测站,113.9,24.7,1,B,2023-06-29 00:00:00
广东,粤北,韶关,新丰县,马头镇,G4669,新丰马头桐木山村气象观测站,114.3,24,1,B,2008-12-31 00:00:00
广东,粤北,河源,紫金县,临江镇,G4706,临江镇东环路天禧花园交通气象观测站,114.6,23.8,1,B,2022-04-22 00:00:00
广东,粤北,河源,紫金县,蓝塘镇,G4707,蓝塘汉塘交通站,115,23.4,1,B,2026-05-20 00:00:00
广东,粤北,河源,东源县,新港镇,G4708,河源市源南镇桂山好汉顶自动站,114.6,23.6,1,B,2011-05-27 00:00:00
广东,粤北,河源,龙川县,四都镇,G4710,龙川县四都镇镇政府,115.2,24.3,1,B,2009-12-07 00:00:00
广东,粤北,河源,龙川县,黎咀镇,G4711,龙川县黎咀镇镇政府,115.4,24.3,1,B,2009-11-11 00:00:00
广东,粤北,河源,龙川县,通衢镇,G4712,龙川县通衢镇镇政府,115.4,24.1,1,B,2009-11-11 00:00:00
广东,粤北,河源,龙川县,黄布镇,G4713,龙川县黄布镇镇政府,115.4,24,1,"B,X",2009-11-11 00:00:00
广东,粤北,河源,龙川县,岩镇镇,G4714,龙川县岩镇镇镇政府,115.3,24.6,1,B,2009-11-11 00:00:00
广东,粤北,河源,龙川县,老隆镇,G4715,龙川县老隆镇自动站,115.2,24.1,1,B,2014-01-27 00:00:00
广东,粤北,河源,龙川县,赤光镇,G4717,龙川县赤光镇森林公园,115.4,24.3,1,B,2015-12-02 00:00:00
广东,粤北,河源,龙川县,老隆镇,G4718,龙川县新一中,115.2,24.1,1,B,2012-12-02 00:00:00
广东,粤北,河源,龙川县,上坪镇,G4719,龙川县上坪镇高速交通站,115.3,24.8,1,"B,U",2022-10-17 00:00:00
广东,粤北,河源,源城区,东埔街道,G4731,河源雅居乐中学自动站,114.8,23.7,1,B,2017-02-09 00:00:00
广东,粤北,河源,东源县,新丰江林场,G4733,东源县万绿湖镜花缘景区,114.6,23.8,1,B,2017-02-10 00:00:00
广东,粤北,河源,东源县,新回龙镇,G4734,东源县新回龙镇洞源村气象观测站,114.5,23.9,1,B,2023-01-04 00:00:00
广东,粤北,河源,东源县,义合镇,G4735,东源县义合镇中洞村气象观测站,114.9,23.9,1,B,2022-12-02 00:00:00
广东,粤北,河源,东源县,黄田镇,G4736,东源县黄田镇久社村气象观测站,114.9,23.9,1,B,2022-12-02 00:00:00
广东,粤北,河源,东源县,黄村镇,G4737,东源县黄村镇下漆村气象观测站,115.4,23.7,1,B,2023-02-01 00:00:00
广东,粤北,河源,东源县,漳溪乡,G4739,东源县漳溪乡鹊田村气象观测站,115,24.2,1,B,2022-12-07 00:00:00
广东,粤北,河源,连平县,田源镇,G4740,连平县田源镇镇政府,114.5,24.2,1,B,2009-11-24 00:00:00
广东,粤北,河源,连平县,三角镇,G4741,连平县三角镇镇政府,114.8,24.2,1,B,2009-11-23 00:00:00
广东,粤北,河源,连平县,溪山镇,G4742,连平县溪山镇镇政府,114.4,24.3,1,"B,X",2009-11-25 00:00:00
广东,粤北,河源,连平县,大湖镇,G4743,连平县大湖镇瓮潭水电站气象观测站,114.8,24.2,1,B,2015-04-03 00:00:00
广东,粤北,河源,连平县,陂头镇,G4744,连平县陂头镇贵东气象观测站,114.4,24.4,1,B,2015-04-02 00:00:00
广东,粤北,河源,连平县,陂头镇,G4748,连平县元善镇黄牛石气象观测站,114.4,24.4,1,B,2016-06-23 00:00:00
广东,粤北,河源,和平县,古寨镇,G4750,和平县古寨镇镇政府,115.1,24.4,1,B,2009-12-16 00:00:00
广东,粤北,河源,和平县,林寨镇,G4751,和平县林寨镇镇政府,115.1,24.3,1,"B,X",2009-12-18 00:00:00
广东,粤北,河源,和平县,礼士镇,G4752,和平县礼士镇镇政府,114.9,24.2,1,B,2009-12-20 00:00:00
广东,粤北,河源,和平县,大坝镇,G4753,和平县大坝镇镇政府,114.8,24.5,1,B,2009-12-17 00:00:00
广东,粤北,河源,和平县,热水镇,G4754,和平县热水镇镇政府,114.9,24.5,1,B,2009-12-19 00:00:00
广东,粤北,河源,和平县,合水镇,G4755,和平县合水镇镇政府,115,24.4,1,"B,X",2009-12-15 00:00:00
广东,粤北,河源,和平县,热水镇,G4756,河源市国有黎明林场场部气象观测站,114.8,24.4,1,B,2023-02-13 00:00:00
广东,粤北,河源,和平县,上陵镇,G4757,河源市和平县龙河高速上陵服务区交通站,115,24.6,1,"B,U",2013-07-10 00:00:00
广东,粤北,河源,和平县,阳明镇,G4758,和平县粮溪中学,115.1,24.4,1,B,2012-12-24 00:00:00
广东,粤北,河源,和平县,热水镇,G4759,河源市国有黎明林场高山护林点气象观测站,114.7,24.5,1,B,2023-02-13 00:00:00
广东,粤北,河源,源城区,高埔岗街道,G4801,河源巴伐利亚庄园,114.6,23.5,1,B,2017-07-25 00:00:00
广东,粤北,河源,源城区,临江镇,G4803,河源正德中学,114.8,23.7,1,B,2018-04-17 00:00:00
广东,粤北,河源,东源县,新丰江林场,G4805,东源县下角岛气象观测站,114.7,23.9,1,B,2023-10-19 00:00:00
广东,粤北,河源,龙川县,车田镇,G4811,龙川枫树坝水库,115.4,24.3,1,B,2017-11-15 00:00:00
广东,粤北,河源,龙川县,铁场镇,G4812,龙川县铁场镇石坑中学,115.6,24.2,1,B,2017-11-14 00:00:00
广东,粤北,河源,龙川县,上坪镇,G4813,龙川县上坪镇国电风电场,115.4,24.8,1,B,2018-01-22 00:00:00
广东,粤北,河源,龙川县,老隆镇,G4814,龙川县农科所,115.2,24,1,B,2017-09-01 00:00:00
广东,粤北,河源,龙川县,贝岭镇,G4815,龙川县贝岭镇米贝村,115.3,24.7,1,B,2020-04-10 00:00:00
广东,粤北,河源,龙川县,麻布岗镇,G4816,龙川县麻布岗镇上溪村,115.3,24.6,1,B,2020-04-28 00:00:00
广东,粤北,河源,龙川县,细坳镇,G4817,龙川县细坳镇永安村,115.3,24.8,1,B,2020-04-26 00:00:00
广东,粤北,河源,紫金县,龙窝镇,G4821,承龙嶂茶园,115.2,23.6,1,B,2014-01-09 00:00:00
广东,粤北,河源,紫金县,凤安镇,G4822,凤安镇竹塘村委,114.8,23.5,1,B,2020-04-11 00:00:00
广东,粤北,河源,紫金县,紫城镇,G4824,河源市紫金县紫城镇黄花茶场,115.2,23.6,1,B,2025-03-05 00:00:00
广东,粤北,河源,紫金县,紫城镇,G4825,白溪水库,115.1,23.8,1,B,2018-04-17 00:00:00
广东,粤北,河源,紫金县,南岭镇,G4828,紫金南岭庄田村,115.5,23.5,1,B,2022-05-10 00:00:00
广东,粤北,河源,和平县,热水镇,G4831,和平县热水镇热龙温泉度假村,114.9,24.4,1,B,2018-04-13 00:00:00
广东,粤北,河源,和平县,大坝镇,G4832,和平大坝镇天上人间温泉度假村,114.9,24.5,1,B,2017-12-03 00:00:00
广东,粤北,河源,和平县,热水镇,G4833,和平县黄蜂斗水库,114.9,24.4,1,B,2022-06-20 00:00:00
广东,粤北,河源,龙川县,老隆镇,G4835,龙川县老隆镇浮石村,115.2,24.2,1,B,2020-11-12 00:00:00
广东,粤北,河源,龙川县,坪山林场,G4836,龙川县黎咀镇坪山林场,115.3,24.2,1,B,2022-07-06 00:00:00
广东,粤北,河源,龙川县,黄石镇,G4837,龙川县黄石镇龙江村,115.3,24.3,1,B,2020-11-04 00:00:00
广东,粤北,河源,龙川县,车田镇,G4838,龙川县车田镇丰石村,115.3,24.5,1,B,2020-11-04 00:00:00
广东,粤北,河源,龙川县,车田镇,G4839,龙川县车田镇四联村,115.2,24.3,1,B,2020-11-04 00:00:00
广东,粤北,河源,龙川县,铁场镇,G4840,龙川县田心镇霍山景区,115.6,24.3,1,B,2021-09-02 00:00:00
广东,粤北,河源,龙川县,丰稔镇,G4841,龙川县丰稔镇礼堂村,115.3,24.3,1,B,2020-11-13 00:00:00
广东,粤北,河源,东源县,新回龙镇,G4843,东源县万绿湖万绿谷景区,114.5,23.7,1,B,2023-08-01 00:00:00
广东,粤北,河源,连平县,上坪镇,G4845,连平县大广高速连平服务区,114.6,24.4,1,B,2017-04-18 00:00:00
广东,粤北,河源,连平县,隆街镇,G4846,连平县隆街镇河角坪,114.4,24.2,1,B,2017-06-06 00:00:00
广东,粤北,河源,连平县,元善镇,G4847,连平县元善互通气象观测站,114.4,24.4,1,B,2017-05-10 00:00:00
广东,粤北,河源,和平县,贝墩镇,G4852,和平县贝墩镇三多村自动站,115.2,24.4,1,B,2013-11-28 00:00:00
广东,粤北,河源,和平县,彭寨镇,G4854,和平彭寨镇安垇中学,115.2,24.5,1,B,2013-11-27 00:00:00
广东,粤北,河源,和平县,彭寨镇,G4855,和平县彭寨站马塘村自动站,115.2,24.3,1,B,2013-11-27 00:00:00
广东,粤北,河源,东源县,新丰江林场,G4856,东源县万绿湖龙凤岛景区,114.7,23.8,1,B,2023-07-05 00:00:00
广东,粤北,河源,和平县,林寨镇,G4858,和平县林寨镇楼镇村自动站,115,24.2,1,B,2023-05-18 00:00:00
广东,粤北,河源,和平县,林寨镇,G4859,和平县林寨镇杨洞村气象观测站,115.1,24.4,1,B,2023-03-09 00:00:00
广东,粤北,河源,和平县,贝墩镇,G4860,和平县贝墩镇老园水库气象观测站,115.2,24.5,1,B,2023-03-16 00:00:00
广东,粤北,河源,和平县,大坝镇,G4861,和平县大坝镇龙狮村气象观测站,115.1,24.5,1,B,2023-03-16 00:00:00
广东,粤北,河源,和平县,浰源镇,G4862,和平县浰源镇曲潭村气象观测站,114.8,24.4,1,B,2023-03-16 00:00:00
广东,粤北,河源,和平县,长塘镇,G4863,和平县长塘镇秀河村气象观测站,115.1,24.7,1,B,2023-03-16 00:00:00
广东,粤北,河源,连平县,上坪镇,G4891,连平交通站,114.6,24.5,1,B,2024-01-31 00:00:00
广东,粤北,河源,连平县,忠信镇,G4892,忠信镇桃花岛山庄,114.8,24.2,1,B,2023-08-10 00:00:00
广东,粤北,河源,连平县,油溪镇,G4893,油溪镇九潭村老村委,114.7,24.3,1,B,2023-08-10 00:00:00
广东,粤北,河源,连平县,油溪镇,G4894,油溪镇泥竹塘铁矿,114.6,24.1,1,B,2023-08-10 00:00:00
广东,粤北,河源,连平县,元善镇,G4895,元善镇公路局大埠道班,114.5,24.3,1,B,2023-08-10 00:00:00
广东,粤北,河源,连平县,元善镇,G4896,连平县气象局原观测站,114.4,24.3,1,B,2023-08-10 00:00:00
广东,粤北,河源,连平县,隆街镇,G4897,隆街镇崧岭中学,114.4,24.4,1,B,2023-08-10 00:00:00
广东,粤北,河源,连平县,内莞镇,G4898,内莞镇大水村委,114.6,24.3,1,B,2023-08-10 00:00:00
广东,粤北,河源,连平县,元善镇,G4899,元善镇增坝村小学,114.3,24.3,1,B,2023-08-10 00:00:00
广东,粤北,河源,紫金县,蓝塘镇,G4900,蓝塘养护中心,114.9,23.4,1,B,2018-04-18 00:00:00
广东,粤北,河源,紫金县,义容镇,G4901,义容天鸥矿区,114.9,23.6,1,B,2021-04-06 00:00:00
广东,粤北,河源,紫金县,义容镇,G4902,义容养护中心,114.8,23.5,1,B,2021-04-06 00:00:00
广东,粤北,河源,龙川县,细坳镇,G4903,龙川县细坳镇张田村,115.2,24.7,1,B,2020-06-10 00:00:00
广东,粤北,河源,龙川县,细坳镇,G4904,龙川县细坳镇联平村,115.3,24.7,1,B,2020-06-10 00:00:00
广东,粤北,河源,龙川县,上坪镇,G4905,龙川县上坪镇青云村,115.5,24.8,1,B,2020-06-10 00:00:00
广东,粤北,河源,龙川县,上坪镇,G4906,龙川县上坪镇金龙村,115.3,24.8,1,B,2020-06-10 00:00:00
广东,粤北,河源,龙川县,铁场镇,G4907,龙川县铁场镇葛州村,115.6,24,1,B,2020-11-20 00:00:00
广东,粤北,河源,龙川县,麻布岗镇,G4908,龙川县麻布岗镇瑚径村瑚径村,115.4,24.7,1,B,2020-11-05 00:00:00
广东,粤北,河源,龙川县,车田镇,G4909,龙川县车田镇郑马村,115.3,24.4,1,B,2020-06-11 00:00:00
广东,粤北,河源,龙川县,车田镇,G4910,龙川县车田镇赤木村,115.2,24.5,1,B,2020-06-11 00:00:00
广东,粤北,河源,龙川县,车田镇,G4911,龙川县车田镇樟州村,115.3,24.5,1,B,2020-06-11 00:00:00
广东,粤北,河源,龙川县,岩镇镇,G4912,龙川县岩镇鹊塘村,115.5,24.6,1,B,2020-06-28 00:00:00
广东,粤北,河源,龙川县,赤光镇,G4913,龙川县赤光镇南龙村,115.4,24.5,1,B,2020-11-20 00:00:00
广东,粤北,河源,龙川县,新田镇,G4914,龙川县新田镇源三村,115.5,24.5,1,B,2020-06-29 00:00:00
广东,粤北,河源,龙川县,黄石镇,G4915,龙川县黄石镇杉河村,115.2,24.3,1,B,2020-06-11 00:00:00
广东,粤北,河源,龙川县,龙母镇,G4916,龙川县龙母镇白石村,115.3,24.3,1,B,2020-06-30 00:00:00
广东,粤北,河源,龙川县,田心镇,G4917,龙川县田心镇东友村,115.5,24.3,1,B,2020-07-09 00:00:00
广东,粤北,河源,龙川县,四都镇,G4918,龙川县四都镇新四村,115.3,24.2,1,B,2020-07-08 00:00:00
广东,粤北,河源,龙川县,义都镇,G4919,龙川县义都镇红星村,115.3,24.1,1,B,2020-07-13 00:00:00
广东,粤北,河源,龙川县,义都镇,G4920,龙川县义都镇桂林村,115.2,24.1,1,B,2020-07-10 00:00:00
广东,粤北,河源,龙川县,丰稔镇,G4921,龙川县丰稔镇排峰村,115.3,24.2,1,B,2020-06-10 00:00:00
广东,粤北,河源,龙川县,铁场镇,G4922,龙川县铁场镇珊田村,115.5,24.3,1,B,2020-07-01 00:00:00
广东,粤北,河源,龙川县,铁场镇,G4923,龙川县铁场镇谷前村,115.4,24.2,1,B,2020-07-20 00:00:00
广东,粤北,河源,龙川县,登云镇,G4924,龙川县登云镇石福村,115.4,24.1,1,B,2020-07-15 00:00:00
广东,粤北,河源,龙川县,佗城镇,G4925,龙川县佗城镇东坑村,115.3,23.9,1,B,2020-11-12 00:00:00
广东,粤北,河源,龙川县,佗城镇,G4926,龙川县佗城镇上蒙村,115.2,24.1,1,B,2020-07-29 00:00:00
广东,粤北,河源,龙川县,黄布镇,G4927,龙川县黄布镇宦境村,115.2,23.8,1,B,2020-07-14 00:00:00
广东,粤北,河源,龙川县,通衢镇,G4928,龙川县通衢镇华新村,115.3,24,1,B,2020-06-11 00:00:00
广东,粤北,河源,龙川县,通衢镇,G4929,龙川县通衢镇锦太村,115.4,24,1,B,2020-06-22 00:00:00
广东,粤北,河源,和平县,合水镇,G4933,和平县合水镇金坑村油茶农田气候站,114.9,24.4,1,B,2024-07-12 00:00:00
广东,粤北,河源,龙川县,鹤市镇,G4934,龙川县鹤市镇连坑村,115.3,24,1,B,2020-10-29 00:00:00
广东,粤北,河源,龙川县,鹤市镇,G4935,龙川县鹤市镇芝野村,115.4,23.9,1,B,2020-10-30 00:00:00
广东,粤北,河源,龙川县,通衢镇,G4936,龙川县通衢镇玳瑁村,115.4,24.1,1,B,2020-11-03 00:00:00
广东,粤北,河源,龙川县,通衢镇,G4937,龙川县通衢镇旺宜村,115.3,24.1,1,B,2020-10-28 00:00:00
广东,粤北,河源,龙川县,通衢镇,G4938,龙川县通衢镇儒南村,115.3,24,1,B,2020-11-03 00:00:00
广东,粤北,河源,龙川县,登云镇,G4939,龙川县登云镇梅花村,115.3,24.2,1,B,2020-11-17 00:00:00
广东,粤北,河源,龙川县,紫市镇,G4940,龙川县紫市镇民乐东村,115.4,23.9,1,B,2020-10-30 00:00:00
广东,粤北,河源,龙川县,老隆镇,G4941,龙川县老隆镇联新村,115.4,24.2,1,B,2020-11-03 00:00:00
广东,粤北,河源,龙川县,贝岭镇,G4942,龙川县贝岭镇雁化村,115.3,24.6,1,B,2020-11-05 00:00:00
广东,粤北,河源,龙川县,上坪镇,G4943,龙川县上坪镇新村,115.4,24.6,1,B,2020-11-05 00:00:00
广东,粤北,河源,龙川县,上坪镇,G4944,龙川县上坪镇吉祥村,115.6,24.7,1,B,2020-11-05 00:00:00
广东,粤北,河源,龙川县,麻布岗镇,G4945,龙川县麻布岗镇赤贝村,115.5,24.5,1,B,2021-02-01 00:00:00
广东,粤北,河源,龙川县,麻布岗镇,G4946,龙川县麻布岗镇赤贝村,115.4,24.6,1,B,2021-06-30 00:00:00
广东,粤北,河源,龙川县,麻布岗镇,G4947,龙川县麻布岗镇大塘面村,115.5,24.6,1,B,2020-11-05 00:00:00
广东,粤北,河源,龙川县,新田镇,G4948,龙川县新田镇福斗村,115.5,24.6,1,B,2020-11-04 00:00:00
广东,粤北,河源,龙川县,新田镇,G4949,龙川县新田镇径塘村,115.6,24.4,1,B,2020-11-04 00:00:00
广东,粤北,河源,龙川县,回龙镇,G4950,龙川县回龙镇罗丰村,115.6,24.4,1,B,2020-12-17 00:00:00
广东,粤北,河源,龙川县,田心镇,G4951,龙川县田心镇甘陂畲族村,115.5,24.3,1,B,2020-11-03 00:00:00
广东,粤北,河源,龙川县,龙母镇,G4952,龙川县龙母镇龙邦村,115.3,24.3,1,B,2020-11-05 00:00:00
广东,粤北,河源,龙川县,龙母镇,G4953,龙川县龙母镇花井村,115.4,24.3,1,B,2020-11-05 00:00:00
广东,粤北,河源,龙川县,铁场镇,G4954,龙川县铁场镇桥头村,115.6,24.2,1,B,2020-11-03 00:00:00
广东,粤北,河源,龙川县,铁场镇,G4955,龙川县铁场镇茅畲村,115.3,24.2,1,B,2020-11-03 00:00:00
广东,粤北,河源,龙川县,佗城镇,G4956,龙川县佗城镇亨渡村,115.2,24.1,1,B,2020-10-29 00:00:00
广东,粤北,河源,龙川县,佗城镇,G4957,龙川县佗城镇三印村,115.2,24,1,B,2020-10-28 00:00:00
广东,粤北,河源,龙川县,佗城镇,G4958,龙川县佗城镇枫深村,115.2,24.1,1,B,2020-10-29 00:00:00
广东,粤北,河源,龙川县,黎咀镇,G4959,龙川县黎咀镇大地村,115.4,24.3,1,B,2020-11-04 00:00:00
广东,粤北,河源,东源县,曾田镇,G4968,东源县曾田镇银坑村气象观测站,115,23.9,1,B,2023-02-03 00:00:00
广东,粤北,河源,东源县,新港镇,G4969,东源县新港镇双田村气象观测站,114.6,23.9,1,B,2022-12-07 00:00:00
广东,粤北,河源,东源县,船塘镇,G4970,东源县船塘镇小水村气象观测站,114.8,24.1,1,B,2023-02-08 00:00:00
广东,粤北,河源,东源县,顺天镇,G4971,东源县顺天镇美林油茶基地气象观测站,114.9,24.1,1,B,2022-12-07 00:00:00
广东,粤北,河源,东源县,蓝口镇,G4972,东源县蓝口镇培群村气象观测站,115.1,24,1,B,2023-03-09 00:00:00
广东,粤北,河源,东源县,仙塘镇,G4973,东源县仙塘镇热水村气象观测站,114.7,23.8,1,B,2023-03-09 00:00:00
广东,粤北,河源,东源县,叶潭镇,G4974,东源县叶潭镇山下村气象观测站,115.2,23.9,1,B,2023-03-09 00:00:00
广东,粤北,河源,东源县,新回龙镇,G4975,东源县新回龙镇人影作业气象观测站,114.4,23.8,1,B,2023-04-13 00:00:00
广东,粤北,梅州,梅县区,松源镇,G5000,梅县区松源镇气象观测站,116.5,24.7,1,"B,X",2007-09-01 00:00:00
广东,粤北,梅州,梅江区,西阳镇,G5001,梅江区西阳镇国家气象观测站,116.2,24.2,1,"B,X",2007-09-01 00:00:00
广东,粤北,梅州,梅县区,丙村镇,G5002,梅县区丙村镇气象观测站,116.3,24.3,1,"B,X",2007-08-31 00:00:00
广东,粤北,梅州,梅县区,畲江镇,G5003,梅县区畲江镇气象观测站,116,24.1,1,"B,X",2007-09-01 00:00:00
广东,粤北,梅州,梅县区,白渡镇,G5004,梅县区白渡镇气象观测站,116.1,24.6,1,"B,X",2009-04-30 00:00:00
广东,粤北,梅州,梅县区,石扇镇,G5005,梅县区石扇镇气象观测站,116.2,24.4,1,"B,X",2009-04-30 00:00:00
广东,粤北,梅州,梅县区,隆文镇,G5006,梅县区隆文镇气象观测站,116.3,24.5,1,"B,X",2009-04-30 00:00:00
广东,粤北,梅州,梅县区,桃尧镇,G5007,梅县区桃尧镇气象观测站,116.5,24.7,1,"B,X",2009-04-30 00:00:00
广东,粤北,梅州,梅县区,梅西镇,G5008,梅县区梅西镇气象观测站,116,24.5,1,"B,X",2009-05-01 00:00:00
广东,粤北,梅州,梅县区,石坑镇,G5009,梅县区石坑镇气象观测站,115.9,24.3,1,"B,X",2009-05-01 00:00:00
广东,粤北,梅州,丰顺县,大龙华镇,G5010,丰顺县大龙华镇政府气象观测站,116.4,24,1,"B,X",2008-09-07 00:00:00
广东,粤北,梅州,丰顺县,北斗镇,G5011,丰顺县北斗镇北斗村桥头铺,116.2,23.9,1,"B,X",2008-09-07 00:00:00
广东,粤北,梅州,丰顺县,汤南镇,G5012,丰顺县汤南镇政府气象观测站,116.2,23.8,1,"B,X",2009-06-01 00:00:00
广东,粤北,梅州,丰顺县,龙岗镇,G5013,丰顺县龙岗镇松江村,116.1,24,1,"B,X",2009-05-31 00:00:00
广东,粤北,梅州,丰顺县,砂田镇,G5014,丰顺县砂田镇砂田村,116.4,24.1,1,"B,X",2009-05-31 00:00:00
广东,粤北,梅州,丰顺县,汤坑镇,G5015,丰顺县汤西镇政府,116.1,23.8,1,"B,X",2012-12-01 00:00:00
广东,粤北,梅州,丰顺县,汤坑镇,G5016,丰顺县汤坑镇东联气象观测站,116.3,23.8,1,"B,X",2013-05-16 00:00:00
广东,粤北,梅州,丰顺县,丰良镇,G5017,丰顺县丰良镇仙洞中心小学气象观测站,116.3,23.9,1,"B,X",2015-03-17 00:00:00
广东,粤北,梅州,丰顺县,大龙华镇,G5018,丰顺县大龙华镇径门村气象观测站,116.4,24.2,1,"B,X",2015-03-17 00:00:00
广东,粤北,梅州,丰顺县,汤坑镇,G5019,丰顺县汤坑镇丰顺中学气象观测站,116.2,23.8,1,"B,X",2016-01-12 00:00:00
广东,粤北,梅州,梅县区,南口镇,G5020,梅县区南口镇荷泗气象观测站,116.1,24.2,1,"B,X",2013-09-18 00:00:00
广东,粤北,梅州,梅县区,南口镇,G5021,梅县区南口镇瑶上圩,116,24.2,1,"B,X",2013-09-18 00:00:00
广东,粤北,梅州,梅县区,雁洋镇,G5022,梅县区雁洋镇三乡圩,116.3,24.4,1,B,2013-09-24 00:00:00
广东,粤北,梅州,梅县区,松口镇,G5023,梅县区松口镇径礤村气象观测站,116.4,24.5,1,"B,X",2013-09-24 00:00:00
广东,粤北,梅州,梅县区,松口镇,G5024,梅县区松口镇三塔村气象观测站,116.6,24.6,1,"B,X",2013-09-24 00:00:00
广东,粤北,梅州,大埔县,洲瑞镇,G5026,大埔县洲瑞镇瑞山景区,116.5,24.2,1,B,2018-03-27 00:00:00
广东,粤北,梅州,大埔县,枫朗镇,G5027,大埔县枫朗镇三溪茶场,117,24.3,1,B,2018-03-27 00:00:00
广东,粤北,梅州,梅县区,松口镇,G5028,梅县区松口镇南寿峰气象观测站站,116.4,24.4,1,B,2018-04-09 00:00:00
广东,粤北,梅州,蕉岭县,蓝坊镇,G5030,蕉岭县蓝坊镇高思村气象观测站,116.4,24.6,1,"B,X",2012-11-30 00:00:00
广东,粤北,梅州,蕉岭县,新铺镇,G5031,蕉岭县新铺镇徐溪村气象观测站,116.1,24.5,1,"B,X,g",2012-11-30 00:00:00
广东,粤北,梅州,蕉岭县,三圳镇,G5032,蕉岭县三圳镇台塘村,116.1,24.7,1,B,2013-10-15 00:00:00
广东,粤北,梅州,蕉岭县,长潭镇,G5033,蕉岭县长潭镇白马村,116.1,24.6,1,B,2013-10-15 00:00:00
广东,粤北,梅州,蕉岭县,华侨农场,G5034,华侨农场,116.2,24.6,1,B,2014-11-06 00:00:00
广东,粤北,梅州,蕉岭县,广福镇,G5035,蕉岭县广福镇冷水坑水库国家气象观测站,116.2,24.9,1,B,2018-02-11 00:00:00
广东,粤北,梅州,蕉岭县,三圳镇,G5036,蕉岭县三圳镇九岭村,116,24.6,1,B,2015-03-02 00:00:00
广东,粤北,梅州,丰顺县,汤坑镇,G5037,丰顺县汤坑镇虎局水库气象观测站,116.3,23.9,1,B,2018-06-07 00:00:00
广东,粤北,梅州,五华县,潭下镇,G5040,五华县潭下镇政府气象观测站,115.6,24,1,"B,X",2012-11-22 00:00:00
广东,粤北,梅州,五华县,长布镇,G5041,五华县长布镇七目嶂国家气象观测站,115.4,24,1,"B,X",2012-12-15 00:00:00
广东,粤北,梅州,五华县,河东镇,G5042,五华县河东镇大嵩村国家气象观测站,116,24,1,"B,X",2013-03-01 00:00:00
广东,粤北,梅州,丰顺县,汤坑镇,G5043,丰顺县汤坑镇龙归寨瀑布旅游景区气象观测站,116.3,23.7,1,B,2018-04-24 00:00:00
广东,粤北,梅州,丰顺县,汤南镇,G5044,丰顺县汤南镇合山口道班气象观测站,116.2,23.7,1,B,2018-04-11 00:00:00
广东,粤北,梅州,丰顺县,汤坑镇,G5045,丰顺县汤坑镇石联水库,116.1,23.8,1,B,2018-04-12 00:00:00
广东,粤北,梅州,大埔县,茶阳镇,G5046,大埔县茶阳镇花窗村国家气象观测站,116.6,24.6,1,"B,X",2015-10-30 00:00:00
广东,粤北,梅州,大埔县,大麻镇,G5047,大埔县大麻镇那口村国家气象观测站,116.5,24.5,1,B,2015-10-30 00:00:00
广东,粤北,梅州,大埔县,高陂镇,G5048,大埔县高陂镇塘腹村国家气象观测站,116.6,24.3,1,"B,X",2015-10-28 00:00:00
广东,粤北,梅州,大埔县,茶阳镇,G5049,大埔县梅龙高速茶阳服务区,116.6,24.5,1,"B,U",2015-05-28 00:00:00
广东,粤北,梅州,大埔县,青溪镇,G5050,大埔县青溪镇下坪沙村国家气象观测站,116.7,24.4,1,"B,X",2008-09-30 00:00:00
广东,粤北,梅州,大埔县,枫朗镇,G5051,大埔县枫朗镇枫朗街气象观测站,116.7,24.3,1,"B,X",2008-09-30 00:00:00
广东,粤北,梅州,大埔县,洲瑞镇,G5052,大埔县洲瑞镇田背村气象观测站,116.6,24.2,1,"B,X",2008-09-30 00:00:00
广东,粤北,梅州,大埔县,大麻镇,G5053,大埔县大麻镇检民广场,116.4,24.3,1,"B,X",2008-09-30 00:00:00
广东,粤北,梅州,大埔县,百侯镇,G5054,大埔县百侯镇侯南街气象观测站,116.7,24.2,1,"B,X",2008-09-30 00:00:00
广东,粤北,梅州,大埔县,枫朗镇,G5055,大埔县枫朗镇双溪村气象观测站,116.9,24.3,1,"B,X",2012-08-15 00:00:00
广东,粤北,梅州,大埔县,西河镇,G5056,大埔县西河镇飞天马山气象观测站,116.8,24.4,1,"B,X",2012-08-15 00:00:00
广东,粤北,梅州,大埔县,枫朗镇,G5057,大埔县枫朗镇西岩山国家气象观测站,116.8,24.3,1,"B,X",2012-08-15 00:00:00
广东,粤北,梅州,平远县,仁居镇,G5058,平远县仁居镇仁居村仁居镇政府,116,24.8,1,"B,X",2009-03-31 00:00:00
广东,粤北,梅州,平远县,上举镇,G5059,平远县上举镇上举村上举镇政府,115.9,24.8,1,"B,X",2009-03-31 00:00:00
广东,粤北,梅州,兴宁市,罗岗镇,G5100,兴宁市罗岗镇气象观测站,115.7,24.3,1,B,2007-12-31 00:00:00
广东,粤北,梅州,兴宁市,大坪镇,G5101,兴宁市大坪镇气象观测站,115.6,24.2,1,"B,X",2007-12-31 00:00:00
广东,粤北,梅州,兴宁市,叶塘镇,G5102,兴宁市叶塘镇气象观测站,115.6,24.3,1,"B,X",2008-09-30 00:00:00
广东,粤北,梅州,兴宁市,石马镇,G5103,兴宁市石马镇气象观测站,115.9,24.3,1,"B,X",2008-12-31 00:00:00
广东,粤北,梅州,兴宁市,黄槐镇,G5104,兴宁市黄槐镇气象观测站,115.8,24.5,1,B,2008-09-30 00:00:00
广东,粤北,梅州,兴宁市,永和镇,G5105,兴宁市永和镇气象观测站,115.8,24.2,1,"B,X",2008-09-07 00:00:00
广东,粤北,梅州,兴宁市,新圩镇,G5106,兴宁市新圩镇新江路气象观测站,115.9,24.1,1,"B,X",2008-09-07 00:00:00
广东,粤北,梅州,兴宁市,罗浮镇,G5107,兴宁市罗浮镇国家气象观测站,115.6,24.5,1,B,2008-09-30 00:00:00
广东,粤北,梅州,兴宁市,黄陂镇,G5108,兴宁市黄陂镇祥旺科技气象观测站,115.6,24.3,1,"B,X",2012-11-01 00:00:00
广东,粤北,梅州,兴宁市,宁新街道,G5109,兴宁市宁新街道气象观测站,115.7,24.1,1,"B,X",2012-11-29 00:00:00
广东,粤北,梅州,兴宁市,新陂镇,G5110,兴宁市新陂镇气象观测站,115.6,24.1,1,"B,X",2012-11-29 00:00:00
广东,粤北,梅州,兴宁市,永和镇,G5111,兴宁市永和镇熙和湾度假区国家气象观测站,115.8,24.2,1,"B,X",2013-10-19 00:00:00
广东,粤北,梅州,兴宁市,刁坊镇,G5113,兴宁市刁坊镇气象观测站,115.8,24.1,1,"B,X",2015-11-19 00:00:00
广东,粤北,梅州,平远县,石正镇,G5120,平远县石正镇石正村石正镇政府,115.8,24.5,1,"B,X",2014-08-18 00:00:00
广东,粤北,梅州,平远县,东石镇,G5121,平远县东石镇锅叾村,116.1,24.8,1,B,2014-09-23 00:00:00
广东,粤北,梅州,平远县,中行镇,G5122,平远县中行镇快湖村金穗农业,115.8,24.6,1,"B,X",2014-08-19 00:00:00
广东,粤北,梅州,平远县,仁居镇,G5123,平远县仁居镇大畲坳,115.9,24.9,1,B,2014-08-19 00:00:00
广东,粤北,梅州,兴宁市,合水镇,G5124,兴宁市合水镇中官村国家气象观测站,115.8,24.2,1,B,2017-06-27 00:00:00
广东,粤北,梅州,兴宁市,水口镇,G5125,兴宁市水口镇宋声坪畲水库气象观测站,116.1,24,1,"B,g",2017-09-01 00:00:00
广东,粤北,梅州,兴宁市,兴田街道,G5126,兴宁市兴田街道第一中学气象观测站,115.7,24.1,1,B,2017-06-29 00:00:00
广东,粤北,梅州,兴宁市,大坪镇,G5127,兴宁市大坪镇坪洋中学国家气象观测站,115.6,24.4,1,B,2017-01-27 00:00:00
广东,粤北,梅州,五华县,横陂镇,G5128,五华县横陂镇小都村国家气象观测站,115.6,23.9,1,B,2017-06-26 00:00:00
广东,粤北,梅州,五华县,龙村镇,G5129,五华县龙村镇登畲中学国家气象观测站,115.4,23.6,1,B,2017-06-27 00:00:00
广东,粤北,梅州,五华县,郭田镇,G5130,五华县郭田镇郭田中学气象观测站,116,23.8,1,B,2017-07-11 00:00:00
广东,粤北,梅州,五华县,横陂镇,G5131,五华县横陂镇横陂服务区国家气象观测站,115.8,23.9,1,B,2017-09-15 00:00:00
广东,粤北,梅州,平远县,石正镇,G5132,平远县石正镇石正工业园区,115.8,24.6,1,B,2017-06-22 00:00:00
广东,粤北,梅州,平远县,仁居镇,G5133,平远县仁居镇邹坊村,115.9,24.9,1,B,2017-06-21 00:00:00
广东,粤北,梅州,梅县区,丙村镇,G5134,梅州市梅县荷树园电厂,116.2,24.5,1,B,2017-06-09 00:00:00
广东,粤北,梅州,梅江区,三角镇,G5135,梅州市市曾宪梓中学国家气象观测站,116.2,24.3,1,B,2017-07-19 00:00:00
广东,粤北,梅州,蕉岭县,文福镇,G5136,蕉岭文福镇黄竹坪水库国家气象观测站,116.2,24.7,1,B,2017-06-06 00:00:00
广东,粤北,梅州,蕉岭县,长潭镇,G5137,蕉岭长潭镇浒竹村浒竹水库,116.2,24.6,1,B,2017-06-06 00:00:00
广东,粤北,梅州,丰顺县,留隍镇,G5138,丰顺县留隍镇东山水电站气象观测站,116.5,23.9,1,B,2017-07-10 00:00:00
广东,粤北,梅州,丰顺县,八乡山镇,G5139,丰顺县八乡山镇大峡谷景区气象观测站,116,23.7,1,B,2017-07-07 00:00:00
广东,粤北,梅州,丰顺县,汤坑镇,G5140,丰顺汤坑镇东海中学,116.1,23.8,1,B,2017-07-17 00:00:00
广东,粤北,梅州,丰顺县,留隍镇,G5141,丰顺县留隍镇茅坪村村委,116.7,24,1,B,2017-07-10 00:00:00
广东,粤北,梅州,丰顺县,丰良镇,G5142,丰顺县丰良镇韩山森林公园国家气象观测站,116.2,23.9,1,B,2017-07-06 00:00:00
广东,粤北,梅州,丰顺县,小胜镇,G5143,丰顺县小胜镇油茶科技园,116.5,24.1,1,B,2017-07-10 00:00:00
广东,粤北,梅州,大埔县,高陂镇,G5144,大埔县高陂镇坪溪村,116.5,24.2,1,"B,g",2017-06-12 00:00:00
广东,粤北,梅州,大埔县,高陂镇,G5145,大埔县高陂镇岩霞村,116.7,24.2,1,B,2017-06-12 00:00:00
广东,粤北,梅州,大埔县,西河镇,G5146,大埔县西河镇南丰村国家气象观测站,116.8,24.4,1,B,2017-06-13 00:00:00
广东,粤北,梅州,大埔县,湖寮镇,G5147,大埔县湖寮镇双髻山,116.6,24.3,1,B,2017-06-13 00:00:00
广东,粤北,梅州,五华县,河东镇,G5148,五华县河东镇茶亭岗区域自动站,115.7,23.9,1,B,2024-12-24 00:00:00
广东,粤北,梅州,大埔县,大东镇,G5152,大埔大东富溪茶场气象观测站,116.8,24.4,1,B,2021-07-05 00:00:00
广东,粤北,梅州,大埔县,光德镇,G5155,大埔县大潮高速光德服务区,116.8,24.1,1,"B,U",2021-06-30 00:00:00
广东,粤北,梅州,丰顺县,建桥镇,G5156,丰顺县建桥镇环西村洋坑水库气象观测站,116,24,1,B,2022-03-16 00:00:00
广东,粤北,梅州,丰顺县,汤西镇,G5157,丰顺县汤西镇蕉潭村茜坑水库,116.1,23.8,1,B,2022-03-15 00:00:00
广东,粤北,梅州,五华县,龙村镇,G5158,五华县龙村镇蓄能发电站气象观测站,115.4,23.3,1,B,2022-04-15 00:00:00
广东,粤北,梅州,大埔县,西河镇,G5200,大埔西河万亩烟基,116.7,24.6,1,B,2022-07-10 00:00:00
广东,粤北,梅州,大埔县,三河镇,G5201,大埔三河火力发电厂,116.5,24.4,1,B,2022-07-08 00:00:00
广东,粤北,梅州,平远县,大柘镇,G5204,平远县大柘镇凤池村气象站,115.9,24.5,1,B,2024-07-12 00:00:00
广东,粤北,梅州,大埔县,光德镇,G5205,大埔县大潮高速光德服务区重点交通气象站,116.8,24.2,1,B,2024-06-15 00:00:00
广东,粤北,梅州,平远县,差干镇,G5206,平远县差干镇塔子里气象站,116,24.9,1,B,2024-06-18 00:00:00
广东,粤北,梅州,平远县,泗水镇,G5207,平远县泗水镇梅畲村区域自动气象站,116,24.7,1,B,2024-03-19 00:00:00
广东,粤北,梅州,平远县,八尺镇,G5208,平远县八尺镇八尺村绿盛南药基地气象站,115.7,24.8,1,B,2024-06-18 00:00:00
广东,粤北,梅州,平远县,热柘镇,G5209,平远县热柘镇升平村区域自动气象站,115.9,24.6,1,B,2024-05-14 00:00:00
广东,粤北,梅州,平远县,上举镇,G5210,平远县上举镇八社村气象站,116,24.8,1,B,2024-09-20 00:00:00
广东,粤北,梅州,平远县,河头镇,G5211,平远县河头镇樟坑村气象站,115.8,24.7,1,B,2024-06-18 00:00:00
广东,粤北,梅州,平远县,石正镇,G5212,平远县石正镇云雾茶场气象站,115.8,24.5,1,B,2024-08-12 00:00:00
广东,粤北,梅州,平远县,长田镇,G5213,平远县长田镇长庆村交通站,115.9,24.5,1,"B,U",2024-05-14 00:00:00
广东,粤北,梅州,平远县,仁居镇,G5214,平远县仁居镇飞龙服务区交通站,115.9,24.9,1,"B,U",2024-03-26 00:00:00
广东,粤北,梅州,平远县,差干镇,G5217,平远县差干镇五指石旅游站,115.9,24.9,1,B,2024-04-09 00:00:00
广东,粤北,梅州,平远县,大柘镇,G5218,平远县大柘镇东片村气象观测站,115.9,24.6,1,B,2024-02-28 00:00:00
广东,粤北,梅州,平远县,中行镇,G5219,平远县中行镇大河背旅游区域站,115.9,24.5,1,B,2024-02-28 00:00:00
广东,粤北,梅州,平远县,泗水镇,G5220,平远县泗水镇风电场区域站,116,24.8,1,B,2024-02-29 00:00:00
广东,粤北,梅州,平远县,大柘镇,G5221,平远县大柘镇超竹村区域站,116,24.5,1,B,2024-03-11 00:00:00
广东,粤北,梅州,梅江区,金山街道,G5222,梅县东山中学气象观测站,116.1,24.3,1,B,2025-03-05 00:00:00
广东,粤北,梅州,五华县,横陂镇,G5224,五华县横陂镇足球小镇气象观测站,115.6,23.9,1,"B,p,r",2025-05-07 00:00:00
广东,粤北,梅州,平远县,石正镇,G5225,平远县石正镇南台村气象观测站,115.8,24.5,1,B,2026-02-06 00:00:00
广东,珠三角,惠州,惠城区,龙丰街道,G5300,惠城区龙丰街道办龙丰街道办,114.4,23.1,1,B,2007-12-31 00:00:00
广东,珠三角,惠州,惠城区,小金口街道,G5301,惠城区小金口街道办园丁街,114.4,23.2,1,"B,X",2007-12-31 00:00:00
广东,珠三角,惠州,仲恺区,陈江街道,G5302,仲恺区陈江镇仲恺五路,114.3,23,1,"B,Q",2007-12-31 00:00:00
广东,珠三角,惠州,大亚湾区,西区街道,G5303,大亚湾西区街道办塘布村,114.5,22.7,1,B,2007-12-31 00:00:00
广东,珠三角,惠州,惠州海面,马鞭洲,G5304,大亚湾澳头镇马鞭洲,114.6,22.6,0,B,2008-08-31 00:00:00
广东,珠三角,惠州,惠城区,江南街道,G5305,惠城区江南街道气象观测站,114.3,23.1,1,"B,X",2009-01-01 00:00:00
广东,珠三角,惠州,惠城区,水口街道,G5306,惠城区大湖溪街道办湖溪大道,114.5,23,1,B,2009-01-01 00:00:00
广东,珠三角,惠州,惠城区,马安镇,G5307,惠城区马安镇新群村,114.5,23.1,1,B,2008-12-31 00:00:00
广东,珠三角,惠州,惠城区,三栋镇,G5308,惠城区三栋镇育才路,114.5,23.1,1,B,2009-01-01 00:00:00
广东,珠三角,惠州,惠城区,横沥镇,G5309,惠城区横沥镇梅岭新街,114.6,23.1,1,B,2009-01-01 00:00:00
广东,珠三角,惠州,惠城区,汝湖镇,G5310,惠城区仍图镇仍中路,114.6,23.1,1,B,2009-01-01 00:00:00
广东,珠三角,惠州,惠城区,汝湖镇,G5311,惠城区汝湖镇兴湖一路,114.5,23.1,1,B,2009-01-01 00:00:00
广东,珠三角,惠州,惠城区,河南岸街道,G5312,惠城区河南岸演达大道,114.5,23,1,B,2008-12-31 00:00:00
广东,珠三角,惠州,大亚湾区,霞涌街道,G5313,大亚湾芦洲镇鱿鱼湾水库,114.7,22.7,1,B,2008-12-31 00:00:00
广东,珠三角,惠州,惠城区,横沥镇,G5314,惠城区横沥镇大岚,114.7,23.3,1,B,2009-01-01 00:00:00
广东,珠三角,惠州,惠城区,河南岸街道,G5315,惠城区河南岸气象观测站,114.5,23.1,1,"B,X,p,r",2009-09-16 00:00:00
广东,珠三角,惠州,仲恺区,沥林镇,G5316,仲恺区沥林镇惠樟公路北,114.3,22.9,1,B,2009-12-24 00:00:00
广东,珠三角,惠州,大亚湾区,霞涌街道,G5317,大亚湾国家气象观测站,114.7,22.8,1,"B,E",2011-12-08 00:00:00
广东,珠三角,惠州,仲恺区,惠环街道,G5320,惠环街道办,114.3,23,1,B,2014-08-07 00:00:00
广东,珠三角,惠州,仲恺区,潼侨道,G5321,潼侨镇府,114.2,23.1,1,B,2014-08-08 00:00:00
广东,珠三角,惠州,惠城区,龙丰街道,G5322,城区三防指挥部,114.4,23.1,1,B,2014-08-21 00:00:00
广东,珠三角,惠州,惠城区,江北街道,G5323,惠城区江北三新气象观测站,114.4,23.1,1,"B,X,p",2014-10-27 00:00:00
广东,珠三角,惠州,惠城区,芦洲镇,G5324,芦岚镇芦洲,114.5,23.4,1,B,2014-08-21 00:00:00
广东,珠三角,惠州,仲恺区,潼湖镇,G5325,仲恺潼湖镇观洞水库,114.2,23.1,1,B,2021-07-17 00:00:00
广东,珠三角,惠州,仲恺区,潼湖镇,G5326,仲恺潼湖镇永平村委,114.1,23.1,1,B,2021-07-15 00:00:00
广东,珠三角,惠州,仲恺区,潼湖镇,G5327,仲恺潼湖镇黄屋村委,114.1,23.1,1,B,2021-07-16 00:00:00
广东,珠三角,惠州,大亚湾区,霞涌街道,G5328,惠深沿海高速石化区段,114.6,22.8,1,B,2023-07-24 00:00:00
广东,珠三角,惠州,大亚湾区,东升岛,G5329,惠州市大亚湾东升岛,114.6,22.7,0,B,2023-07-24 00:00:00
广东,珠三角,惠州,大亚湾区,澳头街道,G5330,大亚湾区金门塘站,114.7,22.6,1,B,2025-04-19 00:00:00
广东,珠三角,惠州,惠州海面,喜洲岛,G5331,惠州市大亚湾喜洲岛,114.6,22.7,0,B,2023-07-24 00:00:00
广东,珠三角,惠州,惠州海面,辣甲岛,G5332,惠州市大亚湾辣甲岛,114.6,22.5,0,B,2023-07-14 00:00:00
广东,珠三角,惠州,惠州海面,小星山岛,G5333,惠州市惠东小星山岛,114.8,22.5,0,B,2023-07-14 00:00:00
广东,珠三角,惠州,惠州海面,惠东南海域,G5334,惠州港口,114.9,22.4,0,"B,i",2023-12-21 00:00:00
广东,珠三角,惠州,惠东县,平海镇,G5335,惠东平海镇碧甲,114.8,22.5,1,B,2023-12-21 00:00:00
广东,珠三角,惠州,大亚湾区,霞涌街道,G5336,大亚湾黄金海岸,114.7,22.8,1,B,2023-12-21 00:00:00
广东,珠三角,惠州,仲恺区,惠环街道,G5337,惠州市仲恺高新区惠环街道古塘坳村委会气象监测站,114.3,23,1,B,2024-11-08 00:00:00
广东,珠三角,惠州,仲恺区,陈江街道,G5338,仲恺高新区陈江街道东阁小学气象观测站,114.2,23.1,1,B,2024-12-06 00:00:00
广东,珠三角,惠州,仲恺区,沥林镇,G5339,仲恺高新区沥林镇埔仔村委会气象观测站,114.3,23,1,B,2024-11-08 00:00:00
广东,珠三角,惠州,仲恺区,沥林镇,G5340,仲恺高新区沥林镇英光村委会气象观测站,114.2,22.9,1,B,2024-11-08 00:00:00
广东,珠三角,惠州,仲恺区,潼湖镇,G5341,仲恺高新区潼湖镇玳瑁学校气象观测站,114.2,23,1,B,2024-11-08 00:00:00
广东,珠三角,惠州,仲恺区,潼侨镇,G5342,仲恺高新区潼侨镇宏村村委会气象观测站,114.2,23.1,1,B,2024-11-08 00:00:00
广东,珠三角,惠州,仲恺区,陈江街道,G5343,仲恺高新区陈江派出所气象观测站,114.4,23,1,B,2024-11-08 00:00:00
广东,珠三角,惠州,仲恺区,,G5344,仲恺高新区惠南产业园区气象观测站,114.5,23,1,B,2024-11-08 00:00:00
广东,珠三角,惠州,仲恺区,,G5345,仲恺高新区东江科技园气象观测站,114.5,23.2,1,B,2024-11-08 00:00:00
广东,珠三角,惠州,大亚湾区,西区街道,G5346,大亚湾畲禾坑水库气象观测站,114.5,22.8,1,B,2026-03-11 00:00:00
广东,珠三角,惠州,大亚湾区,西区街道,G5347,大亚湾畲禾坑水库气象观测站（备站）,114.5,22.8,1,"B,f",2026-04-16 00:00:00
广东,珠三角,惠州,大亚湾区,澳头街道,G5348,大亚湾风田水库气象观测站,114.6,22.7,1,B,2026-03-11 00:00:00
广东,珠三角,惠州,大亚湾区,澳头街道,G5349,大亚湾风田水库气象观测站（备站）,114.6,22.8,1,"B,f",2026-04-16 00:00:00
广东,珠三角,惠州,博罗县,观音阁镇,G5350,观音阁镇菱湖村,114.5,23.4,1,B,2025-05-23 00:00:00
广东,珠三角,惠州,博罗县,观音阁镇,G5351,观音阁伍塘村,114.6,23.5,1,B,2025-05-23 00:00:00
广东,珠三角,惠州,博罗县,观音阁镇,G5352,观音阁镇泳新村,114.6,23.4,1,B,2025-05-23 00:00:00
广东,珠三角,惠州,博罗县,公庄镇,G5353,公庄镇坝子村,114.4,23.5,1,B,2025-05-14 00:00:00
广东,珠三角,惠州,博罗县,公庄镇,G5354,公庄镇蓝坪村,114.4,23.5,1,B,2025-05-23 00:00:00
广东,珠三角,惠州,博罗县,公庄镇,G5355,公庄镇维新村,114.4,23.5,1,B,2025-05-23 00:00:00
广东,珠三角,惠州,博罗县,公庄镇,G5356,公庄镇养老服务中心,114.5,23.5,1,B,2025-05-23 00:00:00
广东,珠三角,惠州,博罗县,长宁镇,G5357,长宁镇埔筏村,114,23.3,1,B,2025-05-21 00:00:00
广东,珠三角,惠州,博罗县,罗浮山管委会,G5358,长宁镇下浪村,114.1,23.3,1,B,2025-05-21 00:00:00
广东,珠三角,惠州,博罗县,湖镇镇,G5359,长宁镇水果场社区,114,23.3,1,B,2025-05-21 00:00:00
广东,珠三角,惠州,博罗县,罗浮山管委会,G5360,长宁镇酥醪观,114,23.3,1,B,2025-05-21 00:00:00
广东,珠三角,惠州,博罗县,长宁镇,G5361,长宁镇水边村,114.2,23.2,1,B,2025-05-21 00:00:00
广东,珠三角,惠州,博罗县,柏塘镇,G5362,柏塘镇坳头村,114.3,23.3,1,B,2025-05-22 00:00:00
广东,珠三角,惠州,博罗县,白芒林场,G5363,柏塘镇平安林场,114.3,23.3,1,B,2025-05-22 00:00:00
广东,珠三角,惠州,博罗县,公庄镇,G5364,公庄镇鹊楼村,114.3,23.5,1,B,2023-07-18 00:00:00
广东,珠三角,惠州,博罗县,公庄镇,G5365,公庄镇官山村,114.4,23.5,1,B,2023-07-18 00:00:00
广东,珠三角,惠州,博罗县,公庄镇,G5366,公庄镇南梅村,114.4,23.6,1,B,2023-07-18 00:00:00
广东,珠三角,惠州,博罗县,公庄镇,G5367,公庄镇水产坝,114.4,23.6,1,B,2023-07-18 00:00:00
广东,珠三角,惠州,博罗县,石坝镇,G5368,石坝镇罗洞村,114.7,23.5,1,B,2023-07-18 00:00:00
广东,珠三角,惠州,博罗县,鸡笼山林场,G5369,石坝镇坳下村,114.5,23.6,1,B,2023-07-18 00:00:00
广东,珠三角,惠州,博罗县,石坝镇,G5370,石坝镇黄山洞村,114.6,23.5,1,B,2023-07-18 00:00:00
广东,珠三角,惠州,博罗县,麻陂镇,G5371,麻陂镇三科村,114.6,23.5,1,B,2023-07-18 00:00:00
广东,珠三角,惠州,博罗县,麻陂镇,G5372,麻陂镇塘尾村,114.5,23.6,1,B,2023-07-18 00:00:00
广东,珠三角,惠州,博罗县,杨村镇,G5373,杨村镇下宝溪水库,114.5,23.6,1,B,2023-07-18 00:00:00
广东,珠三角,惠州,博罗县,杨村镇,G5374,杨村镇坑美村,114.3,23.5,1,B,2023-07-18 00:00:00
广东,珠三角,惠州,博罗县,杨村镇,G5375,杨村镇耀谭村,114.4,23.3,1,B,2023-07-18 00:00:00
广东,珠三角,惠州,博罗县,观音阁镇,G5376,观音阁十字路小学,114.5,23.5,1,B,2023-07-18 00:00:00
广东,珠三角,惠州,博罗县,观音阁镇,G5377,观音阁镇南坑村,114.6,23.5,1,B,2023-07-18 00:00:00
广东,珠三角,惠州,博罗县,泰美镇,G5378,泰美镇秀岭村,114.5,23.5,1,B,2023-07-18 00:00:00
广东,珠三角,惠州,博罗县,泰美镇,G5379,泰美镇岭子头村,114.6,23.3,1,B,2023-07-18 00:00:00
广东,珠三角,惠州,博罗县,泰美镇,G5380,泰美镇雷公村,114.5,23.3,1,B,2023-07-18 00:00:00
广东,珠三角,惠州,博罗县,柏塘镇,G5381,柏塘镇梅树下水库,114.2,23.5,1,B,2023-07-18 00:00:00
广东,珠三角,惠州,博罗县,柏塘镇,G5382,柏塘镇平安谷,114.3,23.3,1,B,2023-07-18 00:00:00
广东,珠三角,惠州,博罗县,横河镇,G5383,横河镇直径村,114.2,23.4,1,B,2023-07-18 00:00:00
广东,珠三角,惠州,博罗县,横河镇,G5384,横河镇陂下村,114.2,23.3,1,B,2023-07-18 00:00:00
广东,珠三角,惠州,博罗县,横河镇,G5385,横河镇上河村,114.1,23.4,1,B,2023-07-18 00:00:00
广东,珠三角,惠州,博罗县,横河镇,G5386,横河镇西群村,114.1,23.3,1,B,2023-07-18 00:00:00
广东,珠三角,惠州,博罗县,石湾镇,G5387,石湾镇黄西村,113.9,23.1,1,B,2023-07-18 00:00:00
广东,珠三角,惠州,博罗县,石湾镇,G5388,石湾镇源头村,114,23.2,1,B,2023-07-18 00:00:00
广东,珠三角,惠州,博罗县,福田镇,G5389,长宁镇周袁村,113.9,23.2,1,B,2023-07-18 00:00:00
广东,珠三角,惠州,博罗县,园洲镇,G5390,园洲镇廖尾村,114,23.1,1,B,2009-04-30 00:00:00
广东,珠三角,惠州,博罗县,园洲镇,G5391,园洲镇新村村,113.9,23.2,1,B,2023-07-18 00:00:00
广东,珠三角,惠州,博罗县,园洲镇,G5392,园洲镇劳动所,113.9,23.2,1,B,2023-07-18 00:00:00
广东,珠三角,惠州,博罗县,龙溪镇,G5393,龙溪街道深湖村,114.1,23.1,1,B,2023-07-18 00:00:00
广东,珠三角,惠州,博罗县,罗阳镇,G5394,罗阳街道义和社区,114.2,23.2,1,B,2023-07-18 00:00:00
广东,珠三角,惠州,博罗县,罗阳镇,G5395,罗阳街道翠美园村,114.2,23.2,1,B,2023-07-18 00:00:00
广东,珠三角,惠州,博罗县,罗阳镇,G5396,罗阳街道西湖技工学校,114.5,23.2,1,B,2023-07-18 00:00:00
广东,珠三角,惠州,博罗县,龙华镇,G5397,龙华镇粮坑水库,114,23.2,1,B,2023-07-18 00:00:00
广东,珠三角,惠州,博罗县,长宁镇,G5398,长宁镇新江村,114,23.3,1,B,2023-07-18 00:00:00
广东,珠三角,惠州,博罗县,杨侨镇,G5399,杨侨镇盲塘山水库,114.4,23.4,1,B,2023-07-18 00:00:00
广东,珠三角,惠州,博罗县,福田镇,G5400,长宁镇福田社区,114,23.2,1,"B,X",2007-12-31 00:00:00
广东,珠三角,惠州,博罗县,柏塘镇,G5401,柏塘镇平安中学,114.3,23.4,1,B,2007-12-31 00:00:00
广东,珠三角,惠州,博罗县,公庄镇,G5402,公庄镇三乡中学,114.4,23.6,1,"B,X",2007-12-31 00:00:00
广东,珠三角,惠州,博罗县,横河镇,G5403,横河镇府,114.1,23.3,1,"B,X",2007-12-31 00:00:00
广东,珠三角,惠州,博罗县,长宁镇,G5404,长宁镇中心小学,114.1,23.2,1,B,2008-12-31 00:00:00
广东,珠三角,惠州,博罗县,湖镇镇,G5405,湖镇镇响水中心小学,114.2,23.3,1,"B,X",2008-12-31 00:00:00
广东,珠三角,惠州,博罗县,园洲镇,G5406,园洲中学,114,23.1,1,"B,X",2009-02-28 00:00:00
广东,珠三角,惠州,博罗县,观音阁镇,G5407,观音阁镇府,114.6,23.3,1,"B,X,g",2009-02-28 00:00:00
广东,珠三角,惠州,博罗县,石坝镇,G5408,石坝镇府,114.5,23.5,1,"B,X",2008-12-31 00:00:00
广东,珠三角,惠州,博罗县,罗阳镇,G5409,象头山蓄能电站,114.3,23.2,1,"B,X",2009-02-28 00:00:00
广东,珠三角,惠州,博罗县,杨村镇,G5410,杨村镇府,114.5,23.4,1,"B,X",2009-12-23 00:00:00
广东,珠三角,惠州,博罗县,麻陂镇,G5411,麻陂镇府,114.5,23.4,1,"B,X",2009-12-29 00:00:00
广东,珠三角,惠州,博罗县,龙华镇,G5412,龙华镇水利所,114.1,23.2,1,"B,X",2009-12-29 00:00:00
广东,珠三角,惠州,博罗县,罗浮山管委会,G5413,罗浮山,114.1,23.2,1,B,2012-12-20 00:00:00
广东,珠三角,惠州,博罗县,鸡笼山林场,G5414,麻陂镇鸡笼山,114.6,23.6,1,B,2012-12-28 00:00:00
广东,珠三角,惠州,惠东县,平海镇,G5415,惠东县港口管委会港口国家级自然保护区,114.9,22.6,1,"B,C,E,X",2009-05-07 00:00:00
广东,珠三角,惠州,博罗县,湖镇镇,G5416,湖镇茶山村,114.3,23.4,1,B,2012-12-17 00:00:00
广东,珠三角,惠州,博罗县,泰美镇,G5417,泰美镇罗村,114.3,23.3,1,B,2012-12-19 00:00:00
广东,珠三角,惠州,博罗县,梅花林场,G5418,罗阳镇梅林村,114.2,23.3,1,B,2012-12-15 00:00:00
广东,珠三角,惠州,博罗县,观音阁镇,G5419,博罗县观音阁镇园墩洞水库站,114.5,23.5,1,B,2012-12-16 00:00:00
广东,珠三角,惠州,博罗县,罗阳镇,G5422,气象局旧观测场,114.3,23.2,1,B,2018-01-17 00:00:00
广东,珠三角,惠州,博罗县,水东陂林场,G5423,公庄镇水东陂水库,114.4,23.6,1,B,2018-01-04 00:00:00
广东,珠三角,惠州,博罗县,福田镇,G5424,长宁镇联和水库,114,23.3,1,B,2018-04-09 00:00:00
广东,珠三角,惠州,博罗县,罗浮山管委会,G5425,罗浮山生态站,114.1,23.2,1,B,2023-12-28 00:00:00
广东,珠三角,惠州,博罗县,柏塘镇,G5427,柏塘镇水厂,114.5,23.3,1,B,2021-07-15 00:00:00
广东,珠三角,惠州,博罗县,石坝镇,G5428,石坝服务区,114.6,23.4,1,B,2021-08-03 00:00:00
广东,珠三角,惠州,博罗县,横河镇,G5429,横河镇白马山村,114.1,23.4,1,B,2025-05-22 00:00:00
广东,珠三角,惠州,博罗县,横河镇,G5430,横河镇花园村,114.2,23.3,1,B,2025-06-09 00:00:00
广东,珠三角,惠州,博罗县,横河镇,G5431,横河镇下河村,114.1,23.3,1,B,2025-05-22 00:00:00
广东,珠三角,惠州,博罗县,横河镇,G5432,横河镇鸡鹅坑水库,114.1,23.4,1,B,2025-05-22 00:00:00
广东,珠三角,惠州,博罗县,横河镇,G5433,横河镇何家田村,114.2,23.5,1,B,2025-05-22 00:00:00
广东,珠三角,惠州,博罗县,湖镇镇,G5434,湖镇思学行教育基地,114.2,23.3,1,B,2025-05-14 00:00:00
广东,珠三角,惠州,博罗县,湖镇镇,G5435,湖镇和睦村,114.1,23.3,1,B,2025-05-22 00:00:00
广东,珠三角,惠州,博罗县,湖镇镇,G5436,湖镇航天农业科技生态园,114.3,23.3,1,B,2025-05-22 00:00:00
广东,珠三角,惠州,博罗县,龙溪镇,G5437,龙溪街道钟屋村,114,23.1,1,B,2025-05-21 00:00:00
广东,珠三角,惠州,博罗县,龙溪镇,G5438,龙溪街道湖头村,114.2,23.1,1,B,2025-05-21 00:00:00
广东,珠三角,惠州,博罗县,龙溪镇,G5439,龙溪街道埔心村,114.2,23.2,1,B,2025-05-21 00:00:00
广东,珠三角,惠州,惠阳区,永湖镇,G5440,惠阳区永湖镇永新街,114.5,23,1,"B,X",2008-01-01 00:00:00
广东,珠三角,惠州,惠阳区,镇隆镇,G5441,惠阳区镇隆镇区,114.4,22.9,1,B,2008-01-01 00:00:00
广东,珠三角,惠州,惠阳区,沙田镇,G5442,惠阳区沙田镇庙角桥,114.5,22.9,1,"B,X",2009-01-01 00:00:00
广东,珠三角,惠州,惠阳区,秋长街道,G5443,惠阳区秋长街道金秋大道,114.5,22.8,1,"B,X",2009-01-01 00:00:00
广东,珠三角,惠州,惠阳区,良井镇,G5444,惠阳区良井镇镇府,114.5,22.9,1,"B,X",2009-01-01 00:00:00
广东,珠三角,惠州,惠阳区,淡水街道,G5445,惠阳区淡水街道桥背龙尾路,114.5,22.9,1,"B,Q",2009-09-26 00:00:00
广东,珠三角,惠州,惠阳区,新墟镇,G5446,惠阳区新墟镇约场管理区,114.2,22.9,1,B,2012-12-27 00:00:00
广东,珠三角,惠州,惠阳区,三和街道,G5447,惠阳区三和街道,114.5,23,1,B,2012-12-28 00:00:00
广东,珠三角,惠州,惠阳区,秋长街道,G5448,惠阳区秋长街道鸡心石水库,114.4,22.9,1,"B,K",2012-12-28 00:00:00
广东,珠三角,惠州,惠阳区,永湖镇,G5449,惠阳区永湖镇大坑水库,114.6,22.9,1,"B,g",2012-12-28 00:00:00
广东,珠三角,惠州,惠阳区,良井镇,G5450,惠阳区良井镇楼角村委,114.5,23.1,1,B,2013-01-14 00:00:00
广东,珠三角,惠州,仲恺区,陈江街道,G5451,仲恺陈江黄沙水库气象观测站,114.5,23,1,B,2012-12-27 00:00:00
广东,珠三角,惠州,惠城区,桥东街道,G5452,惠阳观测站（旧址）,114.5,23.2,1,"B,X",2013-01-27 00:00:00
广东,珠三角,惠州,惠阳区,良井镇,G5454,惠阳区良井镇矮光村,114.5,23,1,B,2018-01-18 00:00:00
广东,珠三角,惠州,惠阳区,平潭镇,G5455,惠阳区平潭镇阳光村,114.7,23.2,1,B,2018-03-28 00:00:00
广东,珠三角,惠州,惠阳区,永湖镇,G5456,永湖镇良湖工业区,114.5,23.1,1,B,2021-08-15 00:00:00
广东,珠三角,惠州,惠阳区,淡水街道,G5457,惠阳区淡水区大剧院,114.5,22.9,1,B,2024-06-27 00:00:00
广东,珠三角,惠州,惠阳区,淡水街道,G5458,惠阳区淡水洋纳,114.4,22.9,1,B,2024-09-09 00:00:00
广东,珠三角,惠州,惠阳区,淡水街道,G5459,惠阳区淡水新桥村委,114.4,22.9,1,B,2024-06-27 00:00:00
广东,珠三角,惠州,惠阳区,淡水街道,G5460,惠阳区淡水白云坑,114.4,22.8,1,B,2024-06-27 00:00:00
广东,珠三角,惠州,惠阳区,良井镇,G5461,惠阳区良井杨枚坑水库,114.6,23,1,B,2024-09-10 00:00:00
广东,珠三角,惠州,惠阳区,平潭镇,G5462,惠阳区平潭新岗村委,114.6,23.1,1,B,2024-06-27 00:00:00
广东,珠三角,惠州,惠阳区,秋长街道,G5463,惠阳区秋长茶园,114.3,22.8,1,B,2024-09-12 00:00:00
广东,珠三角,惠州,惠阳区,秋长街道,G5464,惠阳区秋长白石村,114.4,22.8,1,B,2024-06-27 00:00:00
广东,珠三角,惠州,惠阳区,三和街道,G5465,惠阳区三和象岭,114.4,22.9,1,B,2024-09-10 00:00:00
广东,珠三角,惠州,惠阳区,三和街道,G5466,惠阳区三和全坑村,114.5,22.8,1,B,2024-06-27 00:00:00
广东,珠三角,惠州,惠阳区,新墟镇,G5467,惠阳区新圩第二中学,114.3,22.9,1,"B,K",2024-07-01 00:00:00
广东,珠三角,惠州,惠阳区,新墟镇,G5468,惠阳区新圩红田村委,114.2,22.8,1,B,2024-06-27 00:00:00
广东,珠三角,惠州,惠阳区,新墟镇,G5469,惠阳区新圩长布,114.4,22.9,1,B,2024-09-12 00:00:00
广东,珠三角,惠州,惠阳区,新墟镇,G5470,惠阳区新圩元洞小学,114.2,22.8,1,B,2024-06-27 00:00:00
广东,珠三角,惠州,惠阳区,新墟镇,G5471,惠阳区新圩南坑小学,114.3,22.7,1,B,2024-06-27 00:00:00
广东,珠三角,惠州,惠阳区,永湖镇,G5472,惠阳区永湖虎爪村消防站,114.4,23,1,B,2024-06-27 00:00:00
广东,珠三角,惠州,惠阳区,镇隆镇,G5473,惠阳区镇隆甘陂卫生院,114.2,23,1,B,2024-06-27 00:00:00
广东,珠三角,惠州,惠阳区,镇隆镇,G5474,惠阳区镇隆井龙东坑水库,114.3,22.9,1,B,2024-06-27 00:00:00
广东,珠三角,惠州,惠阳区,镇隆镇,G5475,惠阳区镇隆长龙村委,114.3,22.8,1,B,2024-06-27 00:00:00
广东,珠三角,惠州,惠阳区,镇隆镇,G5476,惠阳区镇隆黄洞,114.4,22.9,1,B,2024-09-12 00:00:00
广东,珠三角,惠州,惠阳区,沙田镇,G5477,惠阳区沙田沙田水库,114.5,22.8,1,B,2024-06-27 00:00:00
广东,珠三角,惠州,惠东县,梁化镇,G5500,惠东县梁化镇七星墩村,114.7,23.1,1,"B,X",2007-12-31 00:00:00
广东,珠三角,惠州,惠东县,多祝镇,G5501,惠东县多祝镇中心小学站,115,23,1,"B,C,X",2007-12-31 00:00:00
广东,珠三角,惠州,惠东县,稔山镇,G5502,惠东县稔山镇1,114.7,22.8,1,"B,C,X",2008-12-31 00:00:00
广东,珠三角,惠州,惠东县,铁涌镇,G5503,惠东县铁涌镇1,114.9,22.8,1,"B,C",2008-12-31 00:00:00
广东,珠三角,惠州,惠东县,大岭镇,G5504,惠东县大岭街道办,114.8,23,1,"B,C,X",2008-12-31 00:00:00
广东,珠三角,惠州,惠东县,宝口镇,G5505,惠东县宝口镇1,115.2,23.2,1,"B,C",2008-12-31 00:00:00
广东,珠三角,惠州,惠东县,黄埠镇,G5506,惠东县黄埠镇,114.9,22.7,1,"B,C,X",2010-01-29 00:00:00
广东,珠三角,惠州,惠东县,多祝镇,G5507,惠东县多祝镇松坑元岭村,115,23.1,1,B,2012-08-15 00:00:00
广东,珠三角,惠州,惠东县,安墩镇,G5508,惠东县安墩镇黄沙村,115,23.2,1,B,2012-11-01 00:00:00
广东,珠三角,惠州,惠东县,白盆珠镇,G5509,惠东县白盆珠镇新庵布心村,115.3,23.1,1,B,2012-08-15 00:00:00
广东,珠三角,惠州,惠东县,平海镇港口管委会,G5510,惠东县港口镇海龟湾观测站,114.9,22.6,1,B,2011-03-01 00:00:00
广东,珠三角,惠州,惠东县,宝口镇,G5511,惠东县宝口镇马山村,115.2,23.2,1,B,2012-08-15 00:00:00
广东,珠三角,惠州,惠东县,白盆珠镇,G5512,白盆珠水库副坝,115,23,1,"B,g",2016-04-08 00:00:00
广东,珠三角,惠州,惠东县,安墩镇,G5513,惠东县安墩镇石珠村,115,23.3,1,B,2016-08-31 00:00:00
广东,珠三角,惠州,惠东县,平山街道,G5515,惠东县气象局旧观测场,114.8,23.1,1,B,2017-06-23 00:00:00
广东,珠三角,惠州,惠东县,高潭镇,G5516,惠东县高潭镇高潭中学,115.4,23.1,1,B,2017-11-21 00:00:00
广东,珠三角,惠州,惠东县,梁化镇,G5517,惠东县梁化镇梁化花树下水库）,114.7,23.1,1,B,2017-12-27 00:00:00
广东,珠三角,惠州,惠东县,黄埠镇,G5519,惠东县黄埠镇盐洲中学,114.8,22.7,1,B,2020-05-09 00:00:00
广东,珠三角,惠州,惠东县,高潭镇,G5520,高潭镇月湖村,115.3,23.1,1,B,2021-07-19 00:00:00
广东,珠三角,惠州,惠东县,稔山镇,G5521,亚婆角收费站,114.8,22.9,1,B,2021-07-26 00:00:00
广东,珠三角,惠州,惠东县,多祝镇,G5522,九龙峰,114.9,23,1,B,2021-07-26 00:00:00
广东,珠三角,惠州,惠东县,黄埠镇,G5523,惠东黄埠太平岭站,115,22.7,1,B,2023-12-21 00:00:00
广东,珠三角,惠州,龙门县,平陵镇,G5540,龙门平陵国家气象观测站,114.4,23.8,1,"B,X",2007-12-31 00:00:00
广东,珠三角,惠州,龙门县,龙潭镇,G5541,龙门县龙潭镇镇区气象观测站,114.2,23.7,1,"B,X",2007-12-31 00:00:00
广东,珠三角,惠州,龙门县,龙华镇,G5542,龙门龙华沙迳国家气象观测站,114.1,23.5,1,B,2007-12-31 00:00:00
广东,珠三角,惠州,龙门县,麻榨镇,G5543,龙门县麻榨镇,114,23.5,1,B,2008-12-31 00:00:00
广东,珠三角,惠州,龙门县,地派镇,G5544,龙门地派天堂山国家气象观测站,114.3,23.9,1,B,2008-12-31 00:00:00
广东,珠三角,惠州,龙门县,龙田镇,G5545,龙门县龙田镇白沙河水库气象观测站,114.3,23.9,1,"B,X",2009-12-22 00:00:00
广东,珠三角,惠州,龙门县,龙江镇,G5546,龙门县龙江镇镇区气象观测站,114.3,23.5,1,"B,X",2009-12-21 00:00:00
广东,珠三角,惠州,龙门县,龙城街道,G5547,龙门县龙城街道三洞,114.2,23.8,1,B,2011-03-17 00:00:00
广东,珠三角,惠州,龙门县,龙江镇,G5549,龙门县龙江镇路溪气象观测站,114.2,23.6,1,B,2012-11-30 00:00:00
广东,珠三角,惠州,龙门县,麻榨镇,G5550,龙门县麻榨镇大陂,114.1,23.3,1,B,2013-02-27 00:00:00
广东,珠三角,惠州,龙门县,永汉镇,G5551,龙门县永汉镇合口,113.9,23.6,1,B,2013-02-27 00:00:00
广东,珠三角,惠州,龙门县,永汉镇,G5552,龙门县永汉南昆山大观园,114.1,23.5,1,B,2013-02-26 00:00:00
广东,珠三角,惠州,龙门县,龙华镇,G5553,龙门县龙华镇四围气象观测站,114.2,23.6,1,"B,X",2013-02-26 00:00:00
广东,珠三角,惠州,龙门县,平陵镇,G5554,龙门县平陵街道金山工业园气象观测站,114.2,23.7,1,"B,X",2013-02-26 00:00:00
广东,珠三角,惠州,龙门县,龙城街道,G5556,龙门县龙城镇西郊气象观测站,114.3,23.8,1,"B,X",2015-01-13 00:00:00
广东,珠三角,惠州,龙门县,地派镇,G5561,龙门县密溪林场自动站,114.1,24,1,B,2019-09-08 00:00:00
广东,珠三角,惠州,龙门县,龙华镇,G5563,龙华收费站,114.2,23.6,1,B,2021-08-13 00:00:00
广东,珠三角,惠州,龙门县,永汉镇,G5564,永汉收费站,114.1,23.5,1,B,2021-08-14 00:00:00
广东,粤东,汕尾,城区,红草镇,G5601,城区红草镇三和村三和泵站自动站,115.4,22.9,1,B,2017-11-20 00:00:00
广东,粤东,汕尾,城区,香洲街道,G5602,城区香洲街道梧桐村华师附中自动站,115.4,22.8,1,B,2018-03-29 00:00:00
广东,粤东,汕尾,城区,红草镇,G5603,城区红草镇光明村绿地农业自动站,115.4,22.8,1,B,2018-04-09 00:00:00
广东,粤东,汕尾,海丰县,联安镇,G5604,海丰联安海纳农业种植基地气象观测站,115.4,23,1,B,2017-11-28 00:00:00
广东,粤东,汕尾,海丰县,城东镇,G5605,海丰城东合利农业气象观测站,115.4,22.9,1,B,2017-11-28 00:00:00
广东,粤东,汕尾,陆丰市,大安镇,G5607,陆丰大安瑞和气象观测站,115.6,23.1,1,B,2017-11-11 00:00:00
广东,粤东,汕尾,陆丰市,博美镇,G5608,陆丰博美点石气象观测站,115.8,22.9,1,B,2017-12-08 00:00:00
广东,粤东,汕尾,陆丰市,甲东镇,G5611,陆丰市甲东镇新兴村,116.2,22.9,1,B,2018-05-15 00:00:00
广东,粤东,汕尾,陆丰市,甲东镇,G5612,陆丰甲东后洋气象观测站,116.3,22.9,1,B,2018-03-16 00:00:00
广东,粤东,汕尾,陆河县,上护镇,G5613,陆河县上护镇分健生自动站,115.6,23.3,1,B,2017-12-09 00:00:00
广东,粤东,汕尾,陆河县,国营吉溪林场场部,G5614,陆河县新田镇碣石溪自动站,115.4,23.2,1,B,2017-11-23 00:00:00
广东,粤东,汕尾,陆河县,河田镇,G5615,陆河县河田镇圳口村农业基地自动站,115.6,23.3,1,B,2018-01-26 00:00:00
广东,粤东,汕尾,城区,东涌镇,G5616,城区东涌凤凰湾自动站,115.5,22.9,1,B,2017-09-01 00:00:00
广东,粤东,汕尾,城区,东洲街道,G5618,红海湾东洲街道湖东村湖东水库自动站,115.6,22.7,1,B,2017-11-20 00:00:00
广东,粤东,汕尾,城区,田墘街道,G5620,红海湾田墘街道内湖村自动站,115.5,22.7,1,B,2018-01-24 00:00:00
广东,粤东,汕尾,海丰县,陶河镇,G5622,海丰陶河金锡水库气象观测站,115.5,22.8,1,B,2018-04-12 00:00:00
广东,粤东,汕尾,海丰县,附城镇,G5623,海丰附城青年水库气象观测站,115.2,22.9,1,B,2018-01-27 00:00:00
广东,粤东,汕尾,海丰县,可塘镇,G5624,海丰可塘可北水库气象观测站,115.5,23.1,1,B,2018-03-13 00:00:00
广东,粤东,汕尾,海丰县,海城镇,G5625,海丰海城金瑞丰生态农业气象观测站,115.1,23,1,B,2018-01-24 00:00:00
广东,粤东,汕尾,陆丰市,河西街道,G5626,陆丰河西国家气象观测站,115.7,23,1,B,2017-11-28 00:00:00
广东,粤东,汕尾,陆丰市,西南镇,G5628,陆丰西南陂屯气象观测站,115.6,23,1,B,2017-12-21 00:00:00
广东,粤东,汕尾,陆河县,东坑镇,G5629,陆河县东坑镇新塔水电站自动站,115.8,23.2,1,B,2017-12-17 00:00:00
广东,粤东,汕尾,陆河县,水唇镇,G5630,陆河县水唇镇护径村自动站,115.8,23.3,1,B,2018-03-05 00:00:00
广东,粤东,汕尾,陆丰市,南塘镇,G5631,陆丰南塘后径气象观测站,115.9,22.9,1,B,2018-03-15 00:00:00
广东,粤东,汕尾,陆丰市,八万镇,G5632,陆丰八万双沛气象观测站,115.7,23.1,1,B,2018-03-15 00:00:00
广东,粤东,汕尾,陆丰市,甲西镇,G5633,陆丰甲西天湖气象观测站,116.1,23,1,B,2018-05-07 00:00:00
广东,粤东,汕尾,陆丰市,甲子镇,G5634,陆丰甲子镇府气象观测站,116.1,22.8,1,B,2018-03-14 00:00:00
广东,粤东,汕尾,陆丰市,城东街道,G5635,陆丰城东水墘气象观测站,115.7,22.9,1,B,2018-05-10 00:00:00
广东,粤东,汕尾,陆丰市,金厢镇,G5636,陆丰金厢观音岭气象观测站,115.8,22.9,1,B,2018-05-08 00:00:00
广东,粤东,汕尾,海丰县,黄羌镇,G5637,海丰黄羌虎噉村气象观测站,115.3,23.1,1,B,2018-04-28 00:00:00
广东,粤东,汕尾,海丰县,城东镇,G5638,海丰城东红花地水库气象观测站,115.4,23.1,1,B,2018-04-28 00:00:00
广东,粤东,汕尾,海丰县,梅陇镇,G5639,海丰梅陇红阳水库气象观测站,115.1,22.9,1,"B,g",2018-05-04 00:00:00
广东,粤东,汕尾,海丰县,可塘镇,G5640,海丰赤坑流冲气象观测站,115.4,22.9,1,B,2018-09-27 00:00:00
广东,粤东,汕尾,海丰县,平东镇,G5641,海丰平东南门水库气象观测站,115.5,23.2,1,B,2018-05-04 00:00:00
广东,粤东,汕尾,海丰县,黄羌镇,G5642,海丰公平十三坑水库气象观测站,115.5,23.2,1,B,2018-05-04 00:00:00
广东,粤东,汕尾,陆丰市,金厢镇,G5643,陆丰金厢蕉园气象观测站,115.7,22.9,1,B,2020-05-02 00:00:00
广东,粤东,汕尾,城区,遮浪街道,G5666,红海湾遮浪长沟村自动站,115.6,22.7,1,B,2024-03-28 00:00:00
广东,粤东,汕尾,陆丰市,金厢镇,G5667,陆丰金厢高厝气象观测站主站,115.7,22.8,1,B,2024-03-27 00:00:00
广东,粤东,汕尾,陆丰市,金厢镇,G5668,陆丰金厢高厝气象观测站副站,115.7,22.9,1,B,2024-03-27 00:00:00
广东,粤东,汕尾,城区,遮浪街道,G5669,红海湾遮浪长沟村自动站2,115.5,22.7,1,B,2024-03-28 00:00:00
广东,粤东,汕尾,陆丰市,碣石镇,G5670,陆丰碣石临港产业园气象观测站主站,115.9,22.8,1,"B,C",2023-09-01 00:00:00
广东,粤东,汕尾,陆丰市,碣石镇,G5671,陆丰碣石临港产业园气象观测站副站,115.8,22.7,1,"B,C",2023-09-01 00:00:00
广东,粤东,汕尾,城区,遮浪街道,G5672,红海湾遮浪施公寮双月湾自动站,115.6,22.7,1,B,2023-10-06 00:00:00
广东,粤东,汕尾,城区,遮浪街道,G5673,红海湾遮浪施公寮双月湾自动站2,115.6,22.8,1,B,2024-05-10 00:00:00
广东,粤东,汕尾,,,G5674,陆丰东区升压平台,115.9,22.7,0,"B,i",2024-03-27 00:00:00
广东,粤东,汕尾,,,G5675,陆丰东区升压平台副站,116,22.8,0,"B,i",2024-01-01 00:00:00
广东,粤东,汕尾,,,G5676,陆丰甲一升压平台,116,22.7,0,"B,i",2024-03-27 00:00:00
广东,粤东,汕尾,,,G5677,陆丰甲一升压平台副站,116.1,22.6,0,"B,i",2024-01-01 00:00:00
广东,粤东,汕尾,海丰县,联安镇,G5678,海丰联安交通气象站,115.3,23,1,"B,U",2024-01-03 00:00:00
广东,粤东,汕尾,陆河县,上护镇,G5679,陆河上护交通气象站,115.7,23.3,1,"B,U",2024-01-31 00:00:00
广东,粤东,汕尾,陆丰市,汕尾市华侨管理区,G5680,陆丰华侨管理区自动气象站（生态站）,115.9,23,1,B,2024-11-25 00:00:00
广东,粤东,汕尾,城区,马宫街道,G5681,汕尾城区马宫街道江牡岛自动站（备站）,115.2,22.7,0,B,2025-05-21 00:00:00
广东,粤东,汕尾,城区,遮浪街道,G5686,红海湾海上运动场（备站）,115.5,22.6,1,B,2025-05-15 00:00:00
广东,粤东,汕尾,城区,遮浪街道,G5689,红海湾海上运动场（主站）,115.5,22.7,1,"B,p,r",2025-05-15 00:00:00
广东,粤东,汕尾,城区,新港街道,G5690,汕尾城区新港街道自动站,115.3,22.9,1,B,2007-08-31 00:00:00
广东,粤东,汕尾,陆河县,国营吉溪林场场部,G5692,陆河蓄能上库站,115.5,23.3,1,B,2025-12-22 00:00:00
广东,粤东,汕尾,陆丰市,甲东镇,G5693,汕尾市陆丰甲子屿海岛气象观测站,116.2,22.8,0,"B,E",2025-12-01 00:00:00
广东,粤东,汕尾,陆丰市,湖东镇,G5694,汕尾市陆丰湖东海岛气象观测站,115.9,22.8,0,"B,E",2025-12-01 00:00:00
广东,粤东,汕尾,海丰县,大湖镇,G5695,海丰大湖海岛气象观测站,115.5,22.9,0,"B,E",2025-12-01 00:00:00
广东,粤东,汕尾,海丰县,赤石街道,G5696,深汕合作区莲花山服务区气象观测站,115.1,22.9,1,B,2026-05-14 00:00:00
广东,粤东,汕尾,城区,马宫街道,G5697,汕尾城区长沙湾服务区气象观测站,115.2,22.7,1,B,2026-05-13 00:00:00
广东,粤东,汕尾,海丰县,鹅埠街道,G5698,深汕合作区圆安明洞气象观测站,115,22.8,1,B,2026-05-14 00:00:00
广东,珠三角,东莞,东莞市,南城街道,G5940,东莞南城区周溪村气象观测站,113.8,23.1,1,B,2009-04-30 00:00:00
广东,珠三角,东莞,,,G5942,东莞浮标应用气象观测站（海洋）,114.8,21.9,0,"B,G",2014-04-11 00:00:00
广东,珠三角,东莞,东莞市,生态园,G5944,东莞生态园管委会瑞和路气象观测站,113.9,23,1,"B,X",2015-02-12 00:00:00
广东,珠三角,东莞,东莞市,东坑镇,G5945,东莞东坑镇黄麻岭村气象观测站,114,23,1,B,2015-02-15 00:00:00
广东,珠三角,东莞,东莞市,麻涌镇,G5946,东莞麻涌镇大步村气象观测站,113.6,23,1,B,2016-05-14 00:00:00
广东,珠三角,东莞,东莞市,麻涌镇,G5947,东莞麻涌镇东太村气象观测站,113.6,23,1,B,2016-05-11 00:00:00
广东,珠三角,东莞,东莞市,麻涌镇,G5948,东莞麻涌镇新基村气象观测站,113.7,23.1,1,B,2016-05-11 00:00:00
广东,珠三角,东莞,东莞市,沙田镇,G5949,东莞沙田镇立沙大道气象观测站,113.6,23,1,B,2016-05-12 00:00:00
广东,珠三角,东莞,东莞市,沙田镇,G5950,东莞沙田镇先锋村气象观测站,113.6,22.9,1,B,2016-05-12 00:00:00
广东,珠三角,东莞,东莞市,沙田镇,G5951,东莞沙田镇穗丰年村气象观测站,113.5,22.9,1,B,2016-05-12 00:00:00
广东,珠三角,东莞,东莞市,虎门镇,G5952,东莞虎门镇新湾社区气象观测站,113.6,22.8,1,B,2016-05-12 00:00:00
广东,珠三角,东莞,东莞市,南城街道,G5953,东莞南城区鸿福路康帝国际酒店气象观测站,113.7,23,1,"B,D",2017-02-07 00:00:00
广东,珠三角,东莞,东莞市,南城街道,G5954,东莞南城区鸿福路财富中心气象观测站,113.8,23.1,1,"B,D",2017-02-07 00:00:00
广东,珠三角,东莞,东莞市,南城街道,G5955,东莞南城区鸿福路汇一城气象观测站,113.8,23,1,"B,D",2017-02-07 00:00:00
广东,珠三角,东莞,东莞市,南城街道,G5956,东莞南城区市体育馆气象观测站,113.8,23,1,B,2020-10-14 00:00:00
广东,珠三角,东莞,东莞市,桥头镇,G5957,东莞桥头镇东深路气象观测站,114.2,23.1,1,B,2019-12-16 00:00:00
广东,珠三角,东莞,东莞市,大朗镇,G5958,东莞大朗镇园岗路气象观测站,113.9,22.8,1,B,2019-12-16 00:00:00
广东,珠三角,东莞,东莞市,大朗镇,G5959,东莞大朗镇水平村气象观测站,114,22.9,1,B,2019-12-16 00:00:00
广东,珠三角,东莞,东莞市,凤岗镇,G5960,东莞市凤岗镇长石路气象观测站,114.1,22.6,1,B,2020-07-24 00:00:00
广东,珠三角,东莞,东莞市,凤岗镇,G5961,东莞市凤岗镇玉泉北路气象观测站,114.1,22.9,1,B,2020-07-24 00:00:00
广东,珠三角,东莞,东莞市,凤岗镇,G5962,东莞市凤岗镇凤平路气象观测站,114.1,22.7,1,B,2020-07-24 00:00:00
广东,珠三角,东莞,东莞市,清溪镇,G5963,东莞市清溪镇清林路气象观测站,114.2,22.9,1,B,2020-07-24 00:00:00
广东,珠三角,东莞,东莞市,清溪镇,G5964,东莞市清溪镇长山头村气象观测站,114.1,22.8,1,B,2020-07-24 00:00:00
广东,珠三角,东莞,东莞市,中堂镇,G5965,东莞市中堂镇袁家涌村气象观测站,113.6,23.1,1,B,2020-07-24 00:00:00
广东,珠三角,东莞,东莞市,中堂镇,G5966,东莞市中堂镇水榕路气象观测站,113.5,23,1,B,2020-07-24 00:00:00
广东,珠三角,东莞,东莞市,沙田镇,G5967,东莞沙田镇作业区中路气象观测站,113.5,22.8,1,B,2020-10-21 00:00:00
广东,珠三角,东莞,东莞市,滨海湾,G5968,东莞滨海湾新区气象观测站,113.8,22.8,1,B,2021-09-30 00:00:00
广东,珠三角,东莞,东莞市,中堂镇,G5969,东莞中堂镇江南村气象观测站,113.7,23.1,1,B,2021-09-28 00:00:00
广东,珠三角,东莞,东莞市,中堂镇,G6000,东莞中堂镇槎滘村气象观测站,113.6,23.1,1,B,2021-09-28 00:00:00
广东,珠三角,东莞,东莞市,南城街道,G6001,东莞南城区水濂村气象观测站,113.7,23,1,B,2021-10-13 00:00:00
广东,珠三角,东莞,东莞市,麻涌镇,G6002,东莞麻涌镇西环路气象观测站,113.6,23.2,1,B,2021-10-20 00:00:00
广东,珠三角,东莞,东莞市,麻涌镇,G6003,东莞麻涌镇大盛村气象观测站,113.5,23,1,B,2021-11-04 00:00:00
广东,珠三角,东莞,东莞市,清溪镇,G6005,东莞银瓶山森林公园气象观测站,114.1,22.8,1,B,2021-10-21 00:00:00
广东,珠三角,东莞,东莞市,塘厦镇,G6006,东莞大屏嶂森林公园气象观测站,114,22.9,1,B,2022-03-22 00:00:00
广东,珠三角,东莞,东莞市,望牛墩镇,G6007,东莞望牛墩镇寮厦村气象观测站,113.7,23,1,B,2021-10-29 00:00:00
广东,珠三角,东莞,东莞市,洪梅镇,G6008,东莞洪梅镇洪金路气象观测站,113.7,23,1,B,2021-10-28 00:00:00
广东,珠三角,东莞,东莞市,寮步镇,G6009,东莞寮步镇东莞银行篮球中心气象观测站,113.9,23,1,B,2021-11-03 00:00:00
广东,珠三角,东莞,东莞市,高埗镇,G6010,东莞高埗镇上江城村东圃小学气象观测站,113.8,23,1,B,2021-11-02 00:00:00
广东,珠三角,东莞,东莞市,樟木头镇,G6011,东莞樟木头镇官仓社区气象观测站,114.1,22.9,1,B,2022-01-12 00:00:00
广东,珠三角,东莞,东莞市,塘厦镇,G6012,东莞塘厦镇石潭埔村气象观测站,114.2,22.9,1,B,2022-03-29 00:00:00
广东,珠三角,东莞,东莞市,塘厦镇,G6013,东莞塘厦镇蛟乙塘村气象观测站,114,22.9,1,"B,p",2022-05-03 00:00:00
广东,珠三角,东莞,东莞市,茶山镇,G6014,东莞茶山镇上元村气象观测站,113.9,23,1,B,2022-04-21 00:00:00
广东,珠三角,东莞,东莞市,茶山镇,G6015,东莞茶山镇增埗村气象观测站,113.8,23.1,1,B,2022-04-21 00:00:00
广东,珠三角,东莞,东莞市,茶山镇,G6016,东莞茶山镇塘角村气象观测站,113.9,23,1,B,2022-04-21 00:00:00
广东,珠三角,东莞,东莞市,道滘镇,G6017,东莞道滘镇昌平村气象观测站,113.8,23.1,1,B,2022-03-08 00:00:00
广东,珠三角,东莞,东莞市,洪梅镇,G6018,东莞洪梅镇夏汇村气象观测站,113.6,23,1,B,2022-01-19 00:00:00
广东,珠三角,东莞,东莞市,洪梅镇,G6019,东莞洪梅镇梅沙村气象观测站,113.7,23,1,B,2022-01-19 00:00:00
广东,珠三角,东莞,东莞市,石龙镇,G6020,东莞石龙镇兴龙社区气象观测站,113.8,23.1,1,"B,p",2022-01-25 00:00:00
广东,珠三角,东莞,东莞市,石龙镇,G6021,东莞石龙镇西湖村气象观测站,113.9,23.2,1,B,2022-01-25 00:00:00
广东,珠三角,东莞,东莞市,生态园,G6022,东莞松山湖东园大道气象观测站,114,23.2,1,B,2022-02-10 00:00:00
广东,珠三角,东莞,东莞市,生态园,G6023,东莞松山湖南朗路气象观测站,113.8,23.2,1,B,2022-05-17 00:00:00
广东,珠三角,东莞,东莞市,常平镇,G6024,东莞常平镇金美村气象观测站,113.9,22.9,1,B,2022-01-20 00:00:00
广东,珠三角,东莞,东莞市,石排镇,G6025,东莞石排镇黄家坣村气象观测站,114.1,23.1,1,B,2022-05-11 00:00:00
广东,珠三角,东莞,东莞市,石排镇,G6026,东莞石排镇中坑村气象观测站,113.9,23,1,B,2022-01-25 00:00:00
广东,珠三角,东莞,东莞市,石排镇,G6027,东莞石排镇燕窝村气象观测站,113.8,23.1,1,B,2022-01-28 00:00:00
广东,珠三角,东莞,东莞市,塘厦镇,G6028,东莞塘厦镇林村气象观测站,114,22.9,1,B,2022-03-22 00:00:00
广东,珠三角,东莞,东莞市,凤岗镇,G6029,东莞凤岗镇塘沥村气象观测站,114.2,22.8,1,B,2022-01-05 00:00:00
广东,珠三角,东莞,东莞市,樟木头镇,G6030,东莞市樟木头镇银河北路气象观测站,114,23,1,B,2022-01-12 00:00:00
广东,珠三角,东莞,东莞市,道滘镇,G6031,东莞市道滘镇南阁路气象观测站,113.6,23,1,B,2021-11-30 00:00:00
广东,珠三角,东莞,东莞市,道滘镇,G6032,东莞市道滘镇蔡白村气象观测站,113.7,22.9,1,B,2021-11-30 00:00:00
广东,珠三角,东莞,东莞市,黄江镇,G6033,东莞市黄江镇长龙村气象观测站,113.9,22.9,1,B,2022-01-07 00:00:00
广东,珠三角,东莞,东莞市,黄江镇,G6034,东莞市黄江镇北岸村气象观测站,114,22.9,1,B,2022-01-07 00:00:00
广东,珠三角,东莞,东莞市,寮步镇,G6035,东莞市寮步镇石步村气象观测站,113.9,23,1,B,2021-11-26 00:00:00
广东,珠三角,东莞,东莞市,寮步镇,G6036,东莞市寮步镇长坑村气象观测站,113.8,23,1,"B,p,r",2021-12-01 00:00:00
广东,珠三角,东莞,东莞市,寮步镇,G6037,东莞市寮步镇缪边村气象观测站,113.8,22.9,1,B,2021-11-26 00:00:00
广东,珠三角,东莞,东莞市,东坑镇,G6038,东莞市东坑镇黄屋村气象观测站,113.9,23.1,1,B,2021-12-03 00:00:00
广东,珠三角,东莞,东莞市,东坑镇,G6039,东莞市东坑镇角社村气象观测站,113.9,22.9,1,B,2022-01-27 00:00:00
广东,珠三角,东莞,东莞市,东坑镇,G6040,东莞市东坑镇坑美村气象观测站,114,22.9,1,B,2021-12-03 00:00:00
广东,珠三角,东莞,东莞市,高埗镇,G6041,东莞高埗镇欧邓村村委会气象观测站,113.7,23,1,B,2022-01-10 00:00:00
广东,珠三角,东莞,东莞市,东城街道,G6042,东莞东城区石井社区气象观测站,113.8,23,1,B,2022-01-18 00:00:00
广东,珠三角,东莞,东莞市,东城街道,G6043,东莞东城区温塘社区气象观测站,113.8,23.1,1,"B,p",2022-01-18 00:00:00
广东,珠三角,东莞,东莞市,东城街道,G6044,东莞东城区军英路气象观测站,113.7,23,1,B,2022-03-07 00:00:00
广东,珠三角,东莞,东莞市,莞城街道,G6045,东莞市莞城区旗峰路气象观测站,113.8,23,1,B,2022-01-18 00:00:00
广东,珠三角,东莞,东莞市,大岭山镇,G6046,东莞大岭山镇连平村气象观测站,113.8,22.9,1,B,2022-03-10 00:00:00
广东,珠三角,东莞,东莞市,大岭山镇,G6047,东莞大岭山镇新塘村气象观测站,113.8,22.9,1,B,2022-02-16 00:00:00
广东,珠三角,东莞,东莞市,大岭山镇,G6048,东莞大岭山镇大塘村气象观测站,113.8,23,1,B,2022-02-16 00:00:00
广东,珠三角,东莞,东莞市,南城街道,G6049,东莞南城区石鼓村气象观测站,113.8,23,1,B,2022-02-25 00:00:00
广东,珠三角,东莞,东莞市,南城街道,G6050,东莞南城区金丰路气象观测站,113.8,23,1,B,2022-02-15 00:00:00
广东,珠三角,东莞,东莞市,万江街道,G6051,东莞万江区滘联村气象观测站,113.6,23,1,B,2022-01-24 00:00:00
广东,珠三角,东莞,东莞市,万江街道,G6052,东莞万江区金泰村气象观测站,113.8,23,1,B,2022-02-15 00:00:00
广东,珠三角,东莞,东莞市,厚街镇,G6053,东莞厚街镇溪头村气象观测站,113.6,22.9,1,B,2022-01-13 00:00:00
广东,珠三角,东莞,东莞市,虎门镇,G6054,东莞虎门镇厚虎路气象观测站,113.8,22.8,1,B,2022-01-17 00:00:00
广东,珠三角,东莞,东莞市,虎门镇,G6055,东莞虎门镇捷东路气象观测站,113.8,22.7,1,B,2022-01-21 00:00:00
广东,珠三角,东莞,东莞市,虎门镇,G6056,东莞虎门镇长堤路气象观测站,113.6,22.8,1,B,2022-01-21 00:00:00
广东,珠三角,东莞,东莞市,长安镇,G6057,东莞长安镇涌头社区气象观测站,113.8,22.8,1,B,2022-02-25 00:00:00
广东,珠三角,东莞,东莞市,长安镇,G6058,东莞长安镇新民社区气象观测站,113.7,22.8,1,B,2022-03-10 00:00:00
广东,珠三角,东莞,东莞市,长安镇,G6059,东莞长安镇厦边社区气象观测站,113.7,22.9,1,B,2022-01-28 00:00:00
广东,珠三角,东莞,东莞市,长安镇,G6060,东莞长安镇霄边社区气象观测站,113.9,22.9,1,B,2022-03-10 00:00:00
广东,珠三角,东莞,东莞市,大朗镇,G6061,东莞大朗镇沙步村气象观测站,114,22.9,1,B,2022-02-09 00:00:00
广东,珠三角,东莞,东莞市,大朗镇,G6062,东莞大朗镇凤祥路气象观测站,113.9,23,1,B,2022-02-09 00:00:00
广东,珠三角,东莞,东莞市,常平镇,G6063,东莞常平镇田尾村气象观测站,114,23,1,B,2022-01-20 00:00:00
广东,珠三角,东莞,东莞市,企石镇,G6064,东莞企石镇南坑村气象观测站,114,23,1,B,2022-02-10 00:00:00
广东,珠三角,东莞,东莞市,企石镇,G6065,东莞企石镇环镇路气象观测站,114.1,23.1,1,B,2022-02-18 00:00:00
广东,珠三角,东莞,东莞市,桥头镇,G6066,东莞桥头镇邵岗头村气象观测站,114.1,23,1,B,2022-03-30 00:00:00
广东,珠三角,东莞,东莞市,桥头镇,G6067,东莞桥头镇桥光大道气象观测站,114.1,23,1,B,2022-03-30 00:00:00
广东,珠三角,东莞,东莞市,谢岗镇,G6068,东莞谢岗镇谢岗村气象观测站,114.2,23,1,B,2022-03-28 00:00:00
广东,珠三角,东莞,东莞市,谢岗镇,G6069,东莞谢岗镇大龙村气象观测站,114.3,22.9,1,B,2022-03-28 00:00:00
广东,珠三角,东莞,东莞市,谢岗镇,G6070,东莞谢岗镇黎村气象观测站,114.2,22.9,1,B,2022-03-28 00:00:00
广东,珠三角,东莞,东莞市,厚街镇,G6071,东莞厚街镇桥头村气象观测站,113.7,22.9,1,B,2022-01-13 00:00:00
广东,珠三角,东莞,东莞市,洪梅镇,G6072,东莞洪梅镇金鳌沙村气象观测站,113.5,22.9,1,B,2022-01-14 00:00:00
广东,珠三角,东莞,东莞市,横沥镇,G6073,东莞横沥镇田饶步村气象观测站,113.9,23.1,1,B,2022-02-07 00:00:00
广东,珠三角,东莞,东莞市,横沥镇,G6074,东莞横沥镇张坑村气象观测站,113.9,23.1,1,B,2022-02-07 00:00:00
广东,珠三角,东莞,东莞市,沙田镇,G6075,东莞沙田镇秀林小路气象观测站,113.6,22.9,1,B,2022-01-14 00:00:00
广东,珠三角,东莞,东莞市,石碣镇,G6076,东莞石碣镇唐洪村气象观测站,113.9,23.1,1,B,2022-01-11 00:00:00
广东,珠三角,东莞,东莞市,石碣镇,G6077,东莞石碣镇鹤田厦村气象观测站,113.8,23.2,1,B,2022-01-11 00:00:00
广东,珠三角,东莞,东莞市,清溪镇,G6078,东莞清溪镇厦坭村气象观测站,114.1,22.8,1,B,2022-03-26 00:00:00
广东,珠三角,东莞,东莞市,清溪镇,G6079,东莞清溪镇角岭街气象观测站,114.2,22.8,1,B,2024-03-29 00:00:00
广东,珠三角,东莞,东莞市,清溪镇,G6080,东莞清溪镇罗马村气象观测站,114.1,23,1,B,2022-03-28 00:00:00
广东,珠三角,东莞,东莞市,清溪镇,G6081,东莞清溪镇青皇村气象观测站,114.2,22.8,1,B,2022-03-11 00:00:00
广东,珠三角,东莞,东莞市,清溪镇,G6082,东莞清溪镇聚富路气象观测站,114.2,22.8,1,B,2022-03-11 00:00:00
广东,珠三角,东莞,东莞市,清溪镇,G6083,东莞清溪镇桃源路气象观测站,114.2,22.9,1,B,2022-03-26 00:00:00
广东,珠三角,东莞,东莞市,望牛墩镇,G6084,东莞望牛墩镇金牛路气象观测站,113.6,23,1,B,2022-01-11 00:00:00
广东,珠三角,东莞,东莞市,大岭山镇,G6085,东莞大岭山镇杨屋村气象观测站,113.8,22.9,1,B,2022-02-11 00:00:00
广东,珠三角,东莞,东莞市,桥头镇,G6086,东莞桥头镇田新村气象观测站,114,23,1,B,2022-03-30 00:00:00
广东,珠三角,东莞,东莞市,麻涌镇,G6087,东莞沿江高速麻涌服务区应用气象观测站,113.5,23.1,1,B,2021-12-30 00:00:00
广东,珠三角,东莞,东莞市,虎门镇,G6088,东莞虎门大桥应用气象观测站,113.7,22.8,1,B,2022-03-15 00:00:00
广东,珠三角,东莞,东莞市,万江街道,G6089,东莞万江区大汾社区气象观测站,113.7,23.1,1,B,2022-06-20 00:00:00
广东,珠三角,东莞,东莞市,塘厦镇,G6090,东莞塘厦镇横塘村气象观测站,114.1,22.8,1,B,2022-03-29 00:00:00
广东,珠三角,东莞,东莞市,塘厦镇,G6091,东莞塘厦镇林东路气象观测站,114.2,22.9,1,B,2022-03-22 00:00:00
广东,珠三角,东莞,东莞市,莞城街道,G6092,东莞莞城区可园路气象观测站,113.8,23,1,B,2022-03-24 00:00:00
广东,珠三角,东莞,东莞市,寮步镇,G6093,东莞寮步镇凫山村气象观测站,114,23.1,1,B,2022-03-14 00:00:00
广东,珠三角,东莞,东莞市,寮步镇,G6094,东莞寮步镇向西村气象观测站,113.9,23,1,B,2022-03-14 00:00:00
广东,珠三角,东莞,东莞市,樟木头镇,G6095,东莞樟木头镇下南村气象观测站,114.2,22.9,1,B,2022-04-14 00:00:00
广东,珠三角,东莞,东莞市,凤岗镇,G6096,东莞凤岗镇竹尾田村气象观测站,114.1,22.8,1,B,2022-03-29 00:00:00
广东,珠三角,东莞,东莞市,虎门镇,G6097,东莞虎门镇白沙社区气象观测站,113.7,22.9,1,B,2022-04-20 00:00:00
广东,珠三角,东莞,东莞市,常平镇,G6098,东莞常平镇九江水村气象观测站,114,22.9,1,B,2022-03-31 00:00:00
广东,珠三角,东莞,东莞市,厚街镇,G6099,东莞厚街镇汀山村气象观测站,113.8,22.9,1,B,2022-05-10 00:00:00
广东,珠三角,东莞,东莞市,厚街镇,G6100,东莞厚街镇振华路气象观测站,113.6,22.9,1,B,2022-03-12 00:00:00
广东,珠三角,东莞,东莞市,凤岗镇,G6101,东莞市凤岗镇嘉辉路气象观测站,114.2,22.7,1,B,2023-08-23 00:00:00
广东,珠三角,东莞,东莞市,常平镇,G6102,东莞常平镇桥沥村气象观测站,114.1,22.9,1,B,2022-04-25 00:00:00
广东,珠三角,东莞,东莞市,凤岗镇,G6103,东莞凤岗镇天堂围村气象观测站,114,22.8,1,B,2024-03-29 00:00:00
广东,珠三角,东莞,东莞市,凤岗镇,G6104,东莞凤岗镇竹塘村气象观测站,114.1,22.7,1,B,2024-03-29 00:00:00
广东,珠三角,东莞,东莞市,凤岗镇,G6105,东莞凤岗镇油甘埔村气象观测站,114.2,22.8,1,B,2024-03-29 00:00:00
广东,珠三角,东莞,东莞市,凤岗镇,G6106,东莞凤岗镇凤德岭村气象观测站,114.2,22.8,1,B,2024-04-30 00:00:00
广东,珠三角,东莞,东莞市,凤岗镇,G6107,东莞凤岗镇永和街气象观测站,114,22.8,1,B,2024-03-29 00:00:00
广东,珠三角,东莞,东莞市,塘厦镇,G6108,东莞塘厦莲湖社区气象观测站,114,22.8,1,B,2026-02-28 00:00:00
广东,珠三角,东莞,东莞市,塘厦镇,G6109,东莞塘厦凤凰岗社区气象观测站,114.1,22.8,1,B,2026-02-28 00:00:00
广东,珠三角,东莞,东莞市,塘厦镇,G6110,东莞塘厦石鼓社区气象观测站,114.1,22.7,1,B,2024-03-29 00:00:00
广东,珠三角,东莞,东莞市,塘厦镇,G6111,东莞塘厦平山社区气象观测站,114,22.8,1,B,2026-02-28 00:00:00
广东,珠三角,东莞,东莞市,厚街镇,G6112,东莞厚街镇南五社区气象观测站,113.7,23,1,B,2024-03-29 00:00:00
广东,珠三角,东莞,东莞市,谢岗镇,G6113,东莞谢岗格塘排站气象观测站,114.1,23,1,B,2024-03-29 00:00:00
广东,珠三角,东莞,东莞市,谢岗镇,G6114,东莞谢岗镇银湖排站气象观测站,114.2,22.9,1,B,2024-03-29 00:00:00
广东,珠三角,东莞,东莞市,谢岗镇,G6115,东莞谢岗镇西亚排站气象观测站,114.2,22.9,1,B,2024-03-29 00:00:00
广东,珠三角,东莞,东莞市,谢岗镇,G6116,东莞谢岗大坑水库气象观测站,114.2,22.9,1,B,2026-02-28 00:00:00
广东,珠三角,东莞,东莞市,樟木头镇,G6117,东莞樟木头蕉坑水库气象观测站,114.2,22.9,1,B,2024-03-29 00:00:00
广东,珠三角,东莞,东莞市,大朗镇,G6118,东莞大朗草芝坑水库气象观测站,113.9,22.8,1,B,2026-02-28 00:00:00
广东,珠三角,东莞,东莞市,大朗镇,G6119,东莞大朗仙村水库气象观测站,114,22.8,1,B,2026-02-28 00:00:00
广东,珠三角,东莞,东莞市,大岭山镇,G6120,东莞大岭山镇老虎岩水库气象观测站,113.8,22.9,1,B,2024-03-29 00:00:00
广东,珠三角,东莞,东莞市,石排镇,G6121,东莞石排水贝村气象观测站,114,23,1,B,2026-02-28 00:00:00
广东,珠三角,东莞,东莞市,石排镇,G6122,东莞石排沙角村气象观测站,113.9,23.2,1,B,2026-02-28 00:00:00
广东,珠三角,东莞,东莞市,虎门镇,G6123,东莞大岭山镇大水沥水库气象观测站,113.9,22.9,1,B,2024-03-29 00:00:00
广东,珠三角,东莞,东莞市,石排镇,G6124,东莞石排石排福隆村气象观测站,114,23,1,B,2026-02-28 00:00:00
广东,珠三角,东莞,东莞市,石排镇,G6125,东莞石排赤坎村气象观测站,113.9,23.2,1,B,2026-02-28 00:00:00
广东,珠三角,东莞,东莞市,麻涌镇,G6126,东莞麻涌镇漳澎村气象观测站,113.6,22.9,1,B,2024-04-30 00:00:00
广东,珠三角,东莞,东莞市,麻涌镇,G6127,东莞麻涌镇南洲村气象观测站,113.6,23.2,1,B,2024-03-29 00:00:00
广东,珠三角,东莞,东莞市,麻涌镇,G6128,东莞麻涌镇海心沙气象观测站,113.5,23.1,1,B,2024-04-30 00:00:00
广东,珠三角,东莞,东莞市,麻涌镇,G6129,东莞麻涌镇新沙港气象观测站,113.6,23,1,B,2024-03-29 00:00:00
广东,珠三角,东莞,东莞市,厚街镇,G6130,东莞厚街沙溪水库气象观测站,113.6,22.8,1,B,2024-04-30 00:00:00
广东,珠三角,东莞,东莞市,清溪镇,G6131,东莞清溪镇浮岗村气象观测站,114.1,22.8,1,B,2024-03-29 00:00:00
广东,珠三角,东莞,东莞市,南城街道,G6132,东莞南城区东莞中心公园气象观测站,113.7,23,1,B,2024-04-30 00:00:00
广东,珠三角,东莞,东莞市,常平镇,G6133,东莞常平隐贤山庄气象观测站,114,23,1,B,2026-02-28 00:00:00
广东,珠三角,东莞,东莞市,长安镇,G6134,东莞长安沙头社区气象观测站,113.8,22.8,1,B,2026-02-28 00:00:00
广东,珠三角,东莞,东莞市,长安镇,G6135,东莞长安上角社区气象观测站,113.7,22.8,1,B,2026-02-28 00:00:00
广东,珠三角,东莞,东莞市,长安镇,G6136,东莞长安上沙社区气象观测站,113.8,22.7,1,B,2026-02-28 00:00:00
广东,珠三角,东莞,东莞市,长安镇,G6137,东莞长安乌沙社区气象观测站,113.8,22.8,1,B,2026-02-28 00:00:00
广东,珠三角,东莞,东莞市,长安镇,G6138,东莞长安新安社区气象观测站,113.7,22.9,1,B,2026-02-28 00:00:00
广东,珠三角,东莞,东莞市,长安镇,G6139,东莞长安文天祥公园气象观测站,113.8,22.9,1,B,2026-02-28 00:00:00
广东,珠三角,东莞,东莞市,长安镇,G6140,东莞长安长盛社区气象观测站,113.7,22.8,1,B,2026-02-28 00:00:00
广东,珠三角,东莞,东莞市,厚街镇,G6141,东莞厚街涌口社区气象观测站,113.6,22.9,1,B,2026-02-28 00:00:00
广东,珠三角,东莞,东莞市,虎门镇,G6142,东莞虎门镇镇远中学气象观测站,113.6,22.9,1,B,2025-06-09 00:00:00
广东,珠三角,东莞,东莞市,虎门镇,G6143,东莞虎门镇中心农业公园气象观测站,113.6,22.9,1,B,2024-05-31 00:00:00
广东,珠三角,东莞,东莞市,石龙镇,G6144,东莞石龙中学气象观测站,113.9,23.2,1,"B,p,r",2025-05-07 00:00:00
广东,珠三角,东莞,东莞市,桥头镇,G6145,东莞桥头岗头村气象观测站,114.2,23.1,1,B,2026-02-28 00:00:00
广东,珠三角,东莞,东莞市,桥头镇,G6146,东莞桥头岭头社区气象观测站,114,23,1,B,2026-02-28 00:00:00
广东,珠三角,东莞,东莞市,寮步镇,G6147,东莞寮步富竹山村气象观测站,113.8,23,1,B,2026-02-28 00:00:00
广东,珠三角,东莞,东莞市,石碣镇,G6148,东莞石碣沙腰村气象观测站,113.8,23.1,1,B,2025-03-25 00:00:00
广东,珠三角,东莞,东莞市,寮步镇,G6150,东莞寮步良边村气象观测站,114,22.9,1,B,2026-02-28 00:00:00
广东,珠三角,东莞,东莞市,洪梅镇,G6151,东莞洪梅新庄村气象观测站,113.6,23,1,B,2025-04-28 00:00:00
广东,珠三角,东莞,东莞市,洪梅镇,G6152,东莞洪梅乌沙村气象观测站,113.7,23,1,B,2025-04-28 00:00:00
广东,珠三角,东莞,东莞市,洪梅镇,G6153,东莞洪梅梅沙西排气象观测站,113.5,23.1,1,B,2025-04-28 00:00:00
广东,珠三角,东莞,东莞市,凤岗镇,G6154,东莞凤岗镇中心小学气象观测站,114.1,22.7,1,B,2025-03-10 00:00:00
广东,珠三角,东莞,东莞市,凤岗镇,G6155,东莞凤岗镇顺成园林气象观测站,114.3,22.7,1,B,2025-03-10 00:00:00
广东,珠三角,东莞,东莞市,松山湖科技产业园区,G6156,东莞松山湖山湖荔生态公司气象观测站,113.9,22.8,1,B,2025-03-10 00:00:00
广东,珠三角,东莞,东莞市,企石镇,G6157,东莞企石博夏村气象观测站,114,23,1,B,2026-02-28 00:00:00
广东,珠三角,东莞,东莞市,企石镇,G6158,东莞企石东山村气象观测站,114,23.1,1,B,2026-02-28 00:00:00
广东,珠三角,东莞,东莞市,企石镇,G6159,东莞企石江边村气象观测站,114.1,23,1,B,2026-02-28 00:00:00
广东,珠三角,东莞,东莞市,企石镇,G6160,东莞企石铁岗村气象观测站,114.2,23,1,B,2026-02-28 00:00:00
广东,珠三角,东莞,东莞市,石排镇,G6161,东莞石排田寮村气象观测站,113.9,23.1,1,B,2026-02-28 00:00:00
广东,珠三角,东莞,东莞市,东城街道,G6162,东莞东城牛山社区气象观测站,113.8,23.1,1,B,2025-05-22 00:00:00
广东,珠三角,东莞,东莞市,东城街道,G6163,东莞东城盛鸿工业区气象观测站,113.7,23,1,B,2025-05-22 00:00:00
广东,珠三角,东莞,东莞市,大朗镇,G6164,东莞大朗新马莲村气象观测站,113.9,22.8,1,B,2026-02-28 00:00:00
广东,珠三角,东莞,东莞市,大朗镇,G6165,东莞大朗松木山村气象观测站,113.9,23,1,B,2026-02-28 00:00:00
广东,珠三角,东莞,东莞市,桥头镇,G6166,东莞桥头山和村气象观测站,114.1,23.1,1,B,2026-02-28 00:00:00
广东,珠三角,东莞,东莞市,谢岗镇,G6167,东莞谢岗吓角水库气象观测站,114.1,22.9,1,B,2026-02-28 00:00:00
广东,珠三角,东莞,东莞市,谢岗镇,G6168,东莞谢岗实验中学气象观测站,114.1,22.9,1,B,2026-02-28 00:00:00
广东,珠三角,东莞,东莞市,松山湖科技产业园区,G6169,东莞松山湖南方外国语学校气象观测站,113.8,23.1,1,B,2026-02-28 00:00:00
广东,珠三角,东莞,东莞市,松山湖科技产业园区,G6170,东莞松山湖第一小学气象观测站,113.8,22.8,1,B,2026-02-28 00:00:00
广东,珠三角,东莞,东莞市,松山湖科技产业园区,G6171,东莞松山湖第一初中气象观测站,113.8,23,1,B,2026-02-28 00:00:00
广东,珠三角,东莞,东莞市,松山湖科技产业园区,G6172,东莞松木湖北区学校气象观测站,113.8,22.9,1,B,2026-02-28 00:00:00
广东,珠三角,东莞,东莞市,道滘镇,G6173,东莞道滘厚德村气象观测站,113.6,23,1,B,2026-02-28 00:00:00
广东,珠三角,东莞,东莞市,道滘镇,G6174,东莞道滘大岭丫村气象观测站,113.6,23.1,1,B,2026-02-28 00:00:00
广东,珠三角,东莞,东莞市,清溪镇,G6175,东莞清溪青湖工业园气象观测站,114.3,22.9,1,B,2026-02-28 00:00:00
广东,珠三角,东莞,东莞市,谢岗镇,G6176,东莞谢岗荔枝塘水库气象观测站,114.3,23,1,B,2026-02-28 00:00:00
广东,珠三角,东莞,东莞市,谢岗镇,G6177,东莞谢岗乌石坑水库气象观测站,114.2,22.9,1,B,2026-02-28 00:00:00
广东,珠三角,东莞,东莞市,大朗镇,G6178,东莞松山湖科学公园气象观测站,114,22.9,1,B,2026-08-01 00:00:00
广东,珠三角,东莞,东莞市,麻涌镇,G6179,东莞麻涌鸥涌村气象观测站,113.5,23.2,1,B,2026-08-01 00:00:00
广东,珠三角,东莞,东莞市,麻涌镇,G6180,东莞麻涌麻四村气象观测站,113.6,23.1,1,B,2026-08-01 00:00:00
广东,珠三角,东莞,东莞市,麻涌镇,G6181,东莞麻涌黎滘村气象观测站,113.6,23,1,B,2026-08-01 00:00:00
广东,珠三角,东莞,东莞市,麻涌镇,G6182,东莞麻涌麻三村气象观测站,113.6,23,1,B,2026-08-01 00:00:00
广东,珠三角,东莞,东莞市,南城街道,G6183,东莞南城莞荔园气象观测站,113.8,23,1,B,2026-08-01 00:00:00
广东,珠三角,东莞,东莞市,麻涌镇,G6184,东莞麻涌川槎村气象观测站,113.6,23.1,1,B,2026-08-01 00:00:00
广东,珠三角,东莞,东莞市,高埗镇,G6185,东莞高埗新创社区气象观测站,113.6,23.1,1,B,2026-08-01 00:00:00
广东,珠三角,东莞,东莞市,东城街道,G6186,东莞东城峡口社区气象观测站,113.8,23.2,1,B,2026-08-01 00:00:00
广东,珠三角,东莞,东莞市,东城街道,G6187,东莞东城桑园社区气象观测站,113.7,23,1,B,2026-08-01 00:00:00
广东,珠三角,东莞,东莞市,大岭山镇,G6188,东莞松山湖公安分局气象观测站,113.8,22.9,1,B,2026-08-01 00:00:00
广东,珠三角,中山,中山市,南朗街道,G6200,广澳高速南朗收费站气象观测站,113.6,22.5,1,B,2023-03-22 00:00:00
广东,珠三角,中山,中山市,南区街道,G6201,"105国道中环路段气象观测站",113.4,22.4,1,B,2023-03-22 00:00:00
广东,珠三角,中山,中山市,东凤镇,G6202,"105国道东凤路段气象观测站",113.3,22.8,1,B,2023-03-23 00:00:00
广东,珠三角,中山,中山市,五桂山街道,G6203,坦洲快线五桂山段气象观测站,113.5,22.5,1,B,2023-03-24 00:00:00
广东,珠三角,中山,中山市,三乡镇,G6204,广珠西线三乡收费站气象观测站,113.3,22.4,1,B,2023-03-23 00:00:00
广东,珠三角,中山,中山市,小榄镇,G6205,东升服务区交通站,113.3,22.6,1,"B,p",2023-03-23 00:00:00
广东,珠三角,中山,中山市,板芙镇,G6207,板芙中学气象观测站,113.3,22.5,1,B,2023-03-22 00:00:00
广东,珠三角,中山,中山市,三乡镇,G6208,三乡白石环小学气象观测站,113.5,22.4,1,B,2023-03-23 00:00:00
广东,珠三角,中山,中山市,南头镇,G6209,南头升辉小学气象观测站,113.2,22.8,1,B,2023-10-05 00:00:00
广东,珠三角,中山,中山市,中山港街道,G6210,开发区马安村气象观测站,113.5,22.6,1,B,2023-10-05 00:00:00
广东,珠三角,中山,中山市,中山港街道,G6211,开发区濠头泵站气象观测站,113.4,22.5,1,B,2023-10-05 00:00:00
广东,珠三角,中山,中山市,横栏镇,G6212,横栏污水处理厂气象观测站,113.3,22.5,1,B,2023-10-05 00:00:00
广东,珠三角,中山,中山市,五桂山街道,G6213,五桂山长命水村气象观测站,113.3,22.5,1,B,2023-10-06 00:00:00
广东,珠三角,中山,中山市,五桂山街道,G6214,五桂山龙塘村气象观测站,113.4,22.5,1,B,2023-10-06 00:00:00
广东,珠三角,中山,中山市,小榄镇,G6215,东升旭日中学气象观测站,113.4,22.7,1,B,2023-10-05 00:00:00
广东,珠三角,中山,中山市,古镇镇,G6216,古镇海洲红庙村气象观测站,113.1,22.6,1,B,2023-10-05 00:00:00
广东,珠三角,中山,中山市,沙溪镇,G6217,沙溪圣狮村气象观测站,113.4,22.6,1,B,2023-10-08 00:00:00
广东,珠三角,中山,中山市,中山港街道,G6218,火炬会展中心气象观测站,113.6,22.6,1,"B,p,r",2025-04-27 00:00:00
广东,珠三角,中山,中山市,南朗街道,G6219,深中通道深中大桥西气象观测站,113.8,22.6,1,B,2025-10-31 00:00:00
广东,珠三角,中山,中山市,南朗街道,G6220,南朗龙穴水闸气象观测站,113.6,22.5,1,B,2026-02-28 00:00:00
广东,珠三角,中山,中山市,南朗街道,G6221,南朗崖口水闸气象观测站,113.6,22.4,1,B,2026-03-03 00:00:00
广东,珠三角,江门,新会区,崖门镇,G6500,新会区崖门镇洞北村,113.1,22.4,1,B,2015-09-26 00:00:00
广东,珠三角,江门,开平市,水口镇,G6501,开平市水口镇大福西路,112.8,22.4,1,B,2008-10-01 00:00:00
广东,珠三角,江门,开平市,塘口镇,G6502,开平市塘口镇塘中路,112.6,22.4,1,B,2008-10-01 00:00:00
广东,珠三角,江门,台山市,川岛镇,G6503,台山市川岛镇沙堤码头海岛站,112.8,21.7,1,"B,C,X",2009-04-30 00:00:00
广东,珠三角,江门,开平市,马冈镇,G6504,开平市马冈镇镇前街,112.5,22.5,1,B,2010-03-08 00:00:00
广东,珠三角,江门,开平市,赤水镇,G6505,开平市赤水镇赤水农技楼,112.6,22.2,1,B,2010-03-17 00:00:00
广东,珠三角,江门,开平市,国营镇海林场,G6506,开平苍城镇海林场,112.5,22.5,1,B,2010-03-09 00:00:00
广东,珠三角,江门,开平市,县国有单位,G6507,开平苍城农业核心区,112.6,22.5,1,B,2013-10-18 00:00:00
广东,珠三角,江门,开平市,县国有单位,G6508,开平市国家现代农业基地棚内观测站,112.6,22.6,1,B,2013-11-03 00:00:00
广东,珠三角,江门,开平市,三埠街道,G6509,开平市三埠街道办事处东华街,112.7,22.5,1,"B,X",2009-03-31 00:00:00
广东,珠三角,江门,恩平市,圣堂镇,G6510,恩平市圣堂镇沿江路,112.4,22.2,1,"B,X",2010-02-08 00:00:00
广东,珠三角,江门,恩平市,沙湖镇,G6511,恩平市沙湖镇南塘村,112.4,22.3,1,B,2010-02-07 00:00:00
广东,珠三角,江门,恩平市,东成镇,G6512,恩平东成青南角水库,112.5,22.1,1,"B,p",2010-02-08 00:00:00
广东,珠三角,江门,恩平市,东成镇,G6513,恩平市东成镇东新村,112.4,22.2,1,"B,p,r",2011-03-28 00:00:00
广东,珠三角,江门,恩平市,恩城街道,G6514,恩平市恩城街道禄平村,112.3,22.2,1,B,2011-04-01 00:00:00
广东,珠三角,江门,恩平市,恩城街道,G6515,恩平市恩城街道顶冲村,112.3,22.3,1,"B,X",2012-12-29 00:00:00
广东,珠三角,江门,恩平市,大田镇,G6516,恩平市大田镇双悦村,112.1,22.3,1,B,2012-12-31 00:00:00
广东,珠三角,江门,新会区,古井镇,G6517,新会区古井镇背坑村,113.2,22.5,1,B,2015-09-23 00:00:00
广东,珠三角,江门,新会区,沙堆镇,G6518,新会区沙堆镇独联村,113.2,22.4,1,B,2015-10-08 00:00:00
广东,珠三角,江门,恩平市,恩城街道,G6519,恩平市恩城街道桥园路,112.3,22.1,1,"B,X",2015-01-05 00:00:00
广东,珠三角,江门,台山市,端芬镇,G6520,台山市端芬镇隆文村,112.6,21.9,1,B,2010-02-03 00:00:00
广东,珠三角,江门,台山市,广海镇,G6521,台山市广海镇烽火角,112.9,21.9,1,"B,C",2010-02-01 00:00:00
广东,珠三角,江门,台山市,海宴华侨农场,G6522,台山海宴国家气象观测站,112.5,21.7,1,"B,C",2010-02-04 00:00:00
广东,珠三角,江门,台山市,三合镇,G6523,台山市三合镇联安村,112.6,22,1,"B,X",2010-02-02 00:00:00
广东,珠三角,江门,台山市,白沙镇,G6524,台山市白沙镇塘洞村,112.6,22.3,1,"B,X",2010-02-01 00:00:00
广东,珠三角,江门,台山市,台城街道,G6525,台山市台城街道办事处横湖村,112.8,22.3,1,"B,p",2009-11-17 00:00:00
广东,珠三角,江门,台山市,川岛镇,G6526,台山市川岛镇王府洲,112.7,21.6,1,"B,E",2012-01-04 00:00:00
广东,珠三角,江门,台山市,北陡镇,G6527,台山市北陡镇石蕉村,112.4,21.8,1,B,2014-12-15 00:00:00
广东,珠三角,江门,台山市,深井镇,G6528,台山市深井镇联和村,112.5,22.1,1,B,2014-12-10 00:00:00
广东,珠三角,江门,台山市,赤溪镇,G6529,台山赤溪国家气象观测站,113,21.9,1,B,2014-12-05 00:00:00
广东,珠三角,江门,开平市,长沙街道,G6530,开平市长沙街道良园路,112.7,22.5,1,B,2016-08-04 00:00:00
广东,珠三角,江门,开平市,大沙镇,G6531,开平市大沙镇西溪村,112.3,22.5,1,B,2011-10-19 00:00:00
广东,珠三角,江门,开平市,长沙街道,G6532,开平市长沙街道办事处开元塔,112.7,22.4,1,B,2011-10-09 00:00:00
广东,珠三角,江门,开平市,赤坎镇,G6533,开平市赤坎镇新联村,112.6,22.4,1,B,2011-10-08 00:00:00
广东,珠三角,江门,开平市,水口镇,G6534,开平市水口镇开新村,112.8,22.5,1,B,2012-09-27 00:00:00
广东,珠三角,江门,开平市,金鸡镇,G6535,开平市金鸡镇石迳村,112.4,22.2,1,B,2012-09-25 00:00:00
广东,珠三角,江门,开平市,三埠街道,G6536,开平市三埠街道燕山村,112.8,22.3,1,B,2015-12-14 00:00:00
广东,珠三角,江门,开平市,塘口镇,G6537,开平市塘口镇自力村,112.6,22.4,1,B,2016-03-27 00:00:00
广东,珠三角,江门,开平市,百合镇,G6538,开平市百合镇马降龙村,112.6,22.3,1,B,2016-04-29 00:00:00
广东,珠三角,江门,开平市,蚬冈镇,G6539,开平市蚬冈镇锦江里,112.6,22.2,1,B,2015-12-21 00:00:00
广东,珠三角,江门,蓬江区,杜阮镇,G6540,蓬江杜阮江鹤高速杜阮收费站,113,22.7,1,B,2014-01-22 00:00:00
广东,珠三角,江门,蓬江区,棠下镇,G6541,蓬江体育中心国家气象观测站,113.1,22.7,1,"B,X,p,r",2014-12-17 00:00:00
广东,珠三角,江门,江海区,礼乐街道,G6542,江海礼乐文昌沙污水厂,113,22.5,1,"B,X",2014-12-24 00:00:00
广东,珠三角,江门,蓬江区,杜阮镇,G6543,蓬江杜阮金岭粮仓,112.9,22.6,1,B,2015-07-08 00:00:00
广东,珠三角,江门,蓬江区,环市街道,G6544,蓬江环市甘光仪学校,113,22.7,1,B,2015-07-06 00:00:00
广东,珠三角,江门,新会区,双水镇,G6546,新会区双水镇基背村,113.1,22.3,1,B,2015-10-14 00:00:00
广东,珠三角,江门,新会区,大鳌镇,G6548,新会区大鳌新中路渡口所,113.3,22.4,1,B,2015-10-08 00:00:00
广东,珠三角,江门,新会区,大鳌镇,G6549,新会区大鳌南闸,113.3,22.4,1,B,2016-01-14 00:00:00
广东,珠三角,江门,鹤山市,龙口镇,G6550,鹤山市龙口镇湴蓼村气象观测站,113,22.7,1,"B,X",2013-01-30 00:00:00
广东,珠三角,江门,鹤山市,桃源镇,G6551,鹤山桃源三富村气象观测站,112.9,22.7,1,B,2013-01-29 00:00:00
广东,珠三角,江门,鹤山市,共和镇,G6552,鹤山共和良庚村气象观测站,112.8,22.7,1,B,2014-01-28 00:00:00
广东,珠三角,江门,鹤山市,鹤城镇,G6553,鹤山鹤城禾谷村气象观测站,112.9,22.5,1,B,2014-01-09 00:00:00
广东,珠三角,江门,新会区,会城街道,G6554,新会区海事处,112.9,22.5,1,B,2015-10-16 00:00:00
广东,珠三角,江门,新会区,会城街道,G6555,新会区会城街道奇榜村,113.1,22.5,1,B,2015-10-14 00:00:00
广东,珠三角,江门,新会区,大泽镇,G6556,新会区大泽镇沿江村,113,22.5,1,B,2015-10-14 00:00:00
广东,珠三角,江门,新会区,司前镇,G6557,新会区司前镇田边村,112.8,22.5,1,B,2015-09-22 00:00:00
广东,珠三角,江门,新会区,双水镇,G6558,新会区双水镇梁家村,113,22.4,1,B,2015-10-20 00:00:00
广东,珠三角,江门,鹤山市,沙坪街道,G6559,鹤山沙坪人民东路气象观测站,113,22.8,1,B,2016-08-06 00:00:00
广东,珠三角,江门,新会区,会城街道,G6560,新会地温监测站,112.9,22.4,1,"B,p",2014-06-03 00:00:00
广东,珠三角,江门,鹤山市,雅瑶镇,G6562,鹤山地温监测站,112.9,22.8,1,B,2015-12-10 00:00:00
广东,珠三角,江门,恩平市,大田镇,G6564,恩平市城市地温站,112.2,22.2,1,B,2016-01-30 00:00:00
广东,珠三角,江门,台山市,川岛镇,G6590,台山市川岛镇三洲村,112.9,21.8,1,B,2007-09-30 00:00:00
广东,珠三角,江门,台山市,川岛镇,G6591,台山川岛东湾村,112.8,21.7,1,B,2007-09-30 00:00:00
广东,珠三角,江门,台山市,汶村镇,G6592,台山市北陡镇下洞村,112.3,21.9,1,B,2007-10-01 00:00:00
广东,珠三角,江门,新会区,古井镇,G6593,新会区古井镇慈溪村,113.1,22.4,1,B,2007-09-30 00:00:00
广东,珠三角,江门,台山市,冲蒌镇,G6603,台山市冲蒌镇岐山水库,112.8,22.1,1,B,2015-12-29 00:00:00
广东,珠三角,江门,台山市,水步镇,G6604,台山水步国家气象观测站,112.9,22.4,1,B,2015-12-29 00:00:00
广东,珠三角,江门,台山市,四九镇,G6605,台山四九坂潭水库,112.8,22.3,1,B,2016-12-22 00:00:00
广东,珠三角,江门,台山市,台城街道,G6606,台山台城淡村水西市场,112.8,22.2,1,B,2016-12-20 00:00:00
广东,珠三角,江门,台山市,都斛镇,G6607,台山都斛农业综合服务中心,112.9,22,1,B,2018-06-20 00:00:00
广东,珠三角,江门,台山市,赤溪镇,G6608,江门台山赤溪国华台电,112.9,21.8,1,"B,X",2019-10-29 00:00:00
广东,珠三角,江门,台山市,大江镇,G6609,台山大江公益圩,112.7,22.5,1,B,2021-01-01 00:00:00
广东,珠三角,江门,台山市,大江镇,G6610,台山大江镇府公共服务中心,112.7,22.4,1,B,2021-01-01 00:00:00
广东,珠三角,江门,台山市,北陡镇,G6611,江门市水产产业园（丰泫公司）,112.5,21.8,1,B,2020-09-18 00:00:00
广东,珠三角,江门,台山市,端芬镇,G6612,台山端芬龙舟滩,112.7,22.1,1,B,2021-04-18 00:00:00
广东,珠三角,江门,台山市,斗山镇,G6613,台山斗山六围,112.8,21.9,1,B,2021-04-18 00:00:00
广东,珠三角,江门,台山市,都斛镇,G6615,台山市都斛镇农业公园观景台,113,22,1,B,2024-11-06 00:00:00
广东,珠三角,江门,台山市,川岛镇,G6618,上川飞沙滩海岛备份站,112.7,21.6,1,"B,E",2017-03-09 00:00:00
广东,珠三角,江门,开平市,龙胜镇,G6620,开平市龙胜镇胜桥村,112.4,22.4,1,B,2015-01-26 00:00:00
广东,珠三角,江门,开平市,大沙镇,G6621,开平市大沙镇石堆水库,112.2,22.5,1,B,2016-01-12 00:00:00
广东,珠三角,江门,开平市,国营镇海林场,G6622,开平市龙胜镇立新水库,112.5,22.7,1,B,2016-01-07 00:00:00
广东,珠三角,江门,开平市,花身蚕水库与苍城镇争议地,G6623,开平市苍城镇花身蚕水库,112.7,22.5,1,B,2015-12-17 00:00:00
广东,珠三角,江门,开平市,赤水镇,G6624,开平市赤水镇石井口水库,112.5,22.3,1,B,2015-12-14 00:00:00
广东,珠三角,江门,开平市,龙胜镇,G6625,开平市龙胜镇政府,112.5,22.6,1,B,2016-08-31 00:00:00
广东,珠三角,江门,开平市,马冈镇,G6626,开平市马冈镇虎山村,112.5,22.5,1,B,2016-08-31 00:00:00
广东,珠三角,江门,开平市,沙塘镇,G6636,开平开阳高速沙塘气象观测站,112.5,22.4,1,"B,U",2026-01-20 00:00:00
广东,珠三角,江门,开平市,龙胜镇,G6637,开平高恩高速龙胜气象观测站,112.3,22.6,1,"B,U",2025-12-24 00:00:00
广东,珠三角,江门,开平市,月山镇,G6638,开平江罗高速月山气象观测站,112.8,22.5,1,"B,U",2025-12-24 00:00:00
广东,珠三角,江门,恩平市,河排林场,G6640,恩平市大田镇上南村,112.2,22.3,1,B,2016-01-14 00:00:00
广东,珠三角,江门,恩平市,西坑水库,G6641,恩平市牛江镇马龙塘村,112.4,22.3,1,B,2015-12-19 00:00:00
广东,珠三角,江门,恩平市,恩城街道,G6642,恩平市恩城街道沙联村委会,112.2,22.2,1,B,2015-12-23 00:00:00
广东,珠三角,江门,恩平市,横陂镇,G6643,恩平市横陂镇马山水库,112.2,22,1,B,2015-12-01 00:00:00
广东,珠三角,江门,恩平市,君堂镇,G6644,恩平市君堂镇中安村,112.5,22.3,1,B,2016-11-04 00:00:00
广东,珠三角,江门,恩平市,那吉镇,G6645,恩平那吉清湾综合场,112.1,22.2,1,B,2016-08-31 00:00:00
广东,珠三角,江门,恩平市,横陂镇,G6646,恩平横陂渔政码头,112.4,22,1,B,2017-01-04 00:00:00
广东,珠三角,江门,恩平市,恩城街道,G6647,恩平恩城石青村,112.4,22.2,1,B,2016-08-31 00:00:00
广东,珠三角,江门,恩平市,大槐镇,G6648,恩平市大槐镇大槐圩,112.2,22.2,1,B,2016-08-31 00:00:00
广东,珠三角,江门,恩平市,恩城街道,G6649,恩平恩城米仓小学,112.3,22.2,1,B,2016-11-03 00:00:00
广东,珠三角,江门,恩平市,大田镇,G6650,恩平市大田镇大带水库,112.3,22.4,1,B,2016-11-20 00:00:00
广东,珠三角,江门,恩平市,大田镇,G6651,恩平市大田镇岑洞村,112.1,22.4,1,B,2019-01-30 00:00:00
广东,珠三角,江门,恩平市,大槐镇,G6652,恩平市大槐镇佛良村,112.1,22.1,1,B,2016-12-16 00:00:00
广东,珠三角,江门,恩平市,横陂镇,G6653,恩平市横陂镇龙塘村,112.4,22,1,B,2019-03-27 00:00:00
广东,珠三角,江门,恩平市,横陂镇,G6655,恩平市横陂镇横西村,112.2,21.9,1,B,2019-07-29 00:00:00
广东,珠三角,江门,恩平市,沙湖镇,G6656,广东丰穗米业有限公司,112.5,22.4,1,B,2020-09-11 00:00:00
广东,珠三角,江门,恩平市,东成镇,G6657,恩平市东成镇横岗头村,112.3,22.3,1,B,2021-06-12 00:00:00
广东,珠三角,江门,恩平市,那吉镇,G6658,恩平那吉中心小学黄角校区,112.1,22.2,1,B,2021-12-05 00:00:00
广东,珠三角,江门,恩平市,那吉镇,G6659,恩平那吉镇潭角小学旧址,112.2,22,1,B,2021-11-23 00:00:00
广东,珠三角,江门,鹤山市,址山镇,G6660,鹤山址山四九村气象观测站,112.9,22.5,1,B,2016-05-12 00:00:00
广东,珠三角,江门,鹤山市,沙坪街道,G6661,鹤山纪元中学气象观测站,113,22.8,1,B,2018-05-02 00:00:00
广东,珠三角,江门,新会区,司前镇,G6697,江罗高速司前服务区,112.9,22.6,1,"B,U",2022-08-01 00:00:00
广东,珠三角,江门,新会区,崖门镇,G6698,西部沿海高速崖门大桥站,113,22.2,1,"B,U",2022-08-01 00:00:00
广东,珠三角,江门,恩平市,大田镇,G6699,开春高速大田出入口站,112.3,22.4,1,"B,U",2022-09-25 00:00:00
广东,珠三角,江门,蓬江区,棠下镇,G6700,蓬江棠下港口海事处,113.1,22.7,1,"B,g,p",2016-05-26 00:00:00
广东,珠三角,江门,台山市,汶村镇,G6701,台山横山渔港站,112.4,22,1,B,2023-05-23 00:00:00
广东,珠三角,江门,新会区,崖门镇,G6702,崖门航标站（苍山渡口）站,113.2,22.2,1,B,2023-05-11 00:00:00
广东,珠三角,江门,台山市,赤溪镇,G6703,台山核电码头站,112.9,22,1,B,2023-05-23 00:00:00
广东,珠三角,江门,台山市,赤溪镇,G6704,粤电台山码头站,113,21.8,1,B,2023-05-25 00:00:00
广东,珠三角,江门,台山市,汶村镇,G6705,台山横山渔港备站,112.4,21.9,1,B,2023-05-23 00:00:00
广东,珠三角,江门,新会区,崖门镇,G6706,崖门航标站（苍山渡口）备站,113,22.3,1,B,2023-05-11 00:00:00
广东,珠三角,江门,台山市,赤溪镇,G6707,台山核电码头备站,113,21.8,1,B,2023-05-23 00:00:00
广东,珠三角,江门,台山市,赤溪镇,G6708,粤电台山码头备站,112.9,21.9,1,B,2023-05-25 00:00:00
广东,珠三角,江门,台山市,川岛镇,G6709,台山市上川岛纱帽髻站,112.7,21.7,1,B,2023-08-30 00:00:00
广东,珠三角,江门,台山市,川岛镇,G6710,台山市川岛镇沙堤海岛气象站,112.7,21.6,1,"B,E",2024-12-19 00:00:00
广东,珠三角,江门,新会区,双水镇,G6720,新会双水富美村,113.1,22.4,1,B,2016-09-22 00:00:00
广东,珠三角,江门,新会区,罗坑镇,G6721,罗坑林护学校,112.9,22.5,1,B,2016-10-31 00:00:00
广东,珠三角,江门,新会区,古井镇,G6722,新会区古井镇奇乐村,113.1,22.4,1,B,2016-08-31 00:00:00
广东,珠三角,江门,新会区,睦洲镇,G6723,新会区睦洲镇石板沙村,113.3,22.4,1,B,2016-08-31 00:00:00
广东,珠三角,江门,新会区,双水镇,G6724,新会区双水镇上凌村,113,22.4,1,B,2016-12-08 00:00:00
广东,珠三角,江门,恩平市,恩城街道,G6745,恩平恩城旗风学校,112.3,22.2,1,B,2024-05-17 00:00:00
广东,珠三角,江门,恩平市,良西镇,G6747,恩平市良西镇福坪村,112.3,22.2,1,B,2025-12-23 00:00:00
广东,珠三角,江门,恩平市,恩城街道,G6748,恩平开阳高速恩城气象观测站,112.3,22.3,1,B,2026-02-06 00:00:00
广东,珠三角,江门,台山市,都斛镇,G6770,台山市都斛镇金星村,112.9,22.2,1,B,2024-09-26 00:00:00
广东,珠三角,江门,台山市,都斛镇,G6771,台山市都斛镇东滘村,112.9,22.1,1,B,2024-09-26 00:00:00
广东,珠三角,江门,台山市,都斛镇,G6772,台山市都斛镇中国农业公园,112.9,22.1,1,B,2024-09-26 00:00:00
广东,珠三角,江门,台山市,斗山镇,G6773,台山市斗山镇那洲村,112.8,22,1,B,2024-09-26 00:00:00
广东,珠三角,江门,台山市,台城街道,G6774,台山台城新宁体育馆,112.8,22.2,1,"B,p,r",2025-05-27 00:00:00
广东,珠三角,江门,台山市,赤溪镇,G6775,台山市赤溪镇大襟岛气象观测站,113,21.8,1,B,2026-07-03 00:00:00
广东,珠三角,江门,台山市,赤溪镇,G6776,台山市赤溪镇大襟岛气象观测站（备份站）,112.9,21.8,1,B,2026-07-03 00:00:00
广东,珠三角,江门,台山市,川岛镇,G6777,台山市川岛镇漭洲岛气象观测站,112.5,21.7,1,B,2026-07-03 00:00:00
广东,珠三角,江门,台山市,川岛镇,G6778,台山市川岛镇漭洲岛气象观测站（备份站）,112.4,21.6,1,B,2026-07-03 00:00:00
广东,珠三角,江门,台山市,广海镇,G6779,台山市广海镇烽火角种养基地气象观测站（备份站）,112.8,22,1,B,2026-07-03 00:00:00
广东,珠三角,江门,台山市,北陡镇,G6781,台山市北陡镇海湾路气象观测站,112.5,21.9,1,B,2026-07-03 00:00:00
广东,珠三角,江门,台山市,北陡镇,G6782,台山市北陡镇海湾路气象观测站（备份站）,112.5,21.8,1,B,2026-07-03 00:00:00
广东,珠三角,江门,江海区,礼乐街道,G6799,江门市农科所气象观测站,113.1,22.5,1,B,2026-07-09 00:00:00
广东,珠三角,佛山,禅城区,祖庙街道,G6800,禅城区祖庙街道佛山市华材职业技术学校气象观测站,113.2,23.1,1,"B,X",2009-04-30 00:00:00
广东,珠三角,佛山,禅城区,南庄镇,G6801,禅城区南庄镇溶洲村丰年水闸气象观测站,113.1,23.1,1,"B,X",2009-04-30 00:00:00
广东,珠三角,佛山,禅城区,南庄镇,G6802,禅城区南庄镇紫洞村紫洞水闸气象观测站,113,23.1,1,"B,X",2009-04-30 00:00:00
广东,珠三角,佛山,顺德区,乐从镇,G6803,顺德区乐从镇上华村佛山市现代渔业科技园水温气象观测站,113.2,22.9,1,"B,d",2024-06-20 00:00:00
广东,珠三角,佛山,顺德区,乐从镇,G6804,顺德区乐从镇小布村东气象观测站,113.1,22.9,1,"B,d",2014-11-13 00:00:00
广东,珠三角,佛山,顺德区,乐从镇,G6805,顺德乐从国家气象观测站,113.2,22.9,1,"B,p,r",2014-03-18 00:00:00
广东,珠三角,佛山,禅城区,石湾镇街道,G6806,禅城区石湾镇街道怡景社区市三中高中部气象观测站,113.2,22.9,1,B,2014-03-18 00:00:00
广东,珠三角,佛山,禅城区,南庄镇,G6807,禅城区南庄镇上元村上元小学气象观测站,113,23.1,1,B,2014-03-19 00:00:00
广东,珠三角,佛山,禅城区,南庄镇,G6808,禅城区南庄镇罗南村罗南水泵站气象观测站,113,23.1,1,B,2014-03-18 00:00:00
广东,珠三角,佛山,禅城区,南庄镇,G6809,禅城区南庄镇南庄中学气象观测站,113,23,1,"B,X",2014-03-18 00:00:00
广东,珠三角,佛山,禅城区,张槎街道,G6810,禅城区张槎街道莲塘村莲塘水闸气象观测站,113,23,1,B,2014-11-30 00:00:00
广东,珠三角,佛山,禅城区,南庄镇,G6811,禅城区南庄镇醒群村江边水闸气象观测站,113.1,23,1,B,2014-11-30 00:00:00
广东,珠三角,佛山,禅城区,张槎街道,G6812,禅城张槎国家气象观测站,113,23,1,B,2014-11-30 00:00:00
广东,珠三角,佛山,禅城区,祖庙街道,G6813,禅城区祖庙街道敦厚村敦厚北水泵站气象观测站,113.2,23,1,B,2014-11-30 00:00:00
广东,珠三角,佛山,禅城区,石湾镇街道,G6814,禅城区石湾镇街道莲峰社区第十四中学气象观测站,113.2,23.1,1,B,2015-03-23 00:00:00
广东,珠三角,佛山,南海区,桂城街道,G6816,南海桂城国家气象观测站,113.2,23.1,1,"B,X",2009-03-04 00:00:00
广东,珠三角,佛山,南海区,桂城街道,G6817,南海区桂城街道林岳社区林岳村委气象观测站,113.2,23.1,1,"B,X",2009-02-28 00:00:00
广东,珠三角,佛山,南海区,九江镇,G6818,南海区九江镇河清社区河清船闸气象观测站,112.9,22.8,1,"B,X",2009-03-13 00:00:00
广东,珠三角,佛山,南海区,九江镇,G6819,南海区九江镇敦根社区敦根村委气象观测站,113.1,22.9,1,"B,X",2009-03-14 00:00:00
广东,珠三角,佛山,南海区,西樵镇,G6820,南海区西樵镇简村社区简村村委气象观测站,113,22.9,1,"B,X",2009-02-28 00:00:00
广东,珠三角,佛山,南海区,西樵镇,G6821,南海区西樵镇樵江社区西樵水利所气象观测站,113,22.9,1,"B,X",2009-03-11 00:00:00
广东,珠三角,佛山,南海区,西樵镇,G6822,南海区西樵镇平沙村平沙村委气象观测站,112.9,22.9,1,"B,X",2009-03-12 00:00:00
广东,珠三角,佛山,南海区,西樵镇,G6823,南海西樵西岸国家气象观测站,113,22.9,1,B,2009-03-13 00:00:00
广东,珠三角,佛山,南海区,西樵镇,G6824,南海区西樵镇新田村新田小学气象观测站,112.8,22.8,1,"B,X",2009-03-11 00:00:00
广东,珠三角,佛山,南海区,丹灶镇,G6825,南海区丹灶镇仙湖社区广湖山生态乐园气象观测站,112.9,23,1,"B,X",2009-02-28 00:00:00
广东,珠三角,佛山,南海区,丹灶镇,G6826,南海区丹灶镇下滘村下滘村委气象观测站,112.9,23,1,"B,X",2009-02-28 00:00:00
广东,珠三角,佛山,南海区,丹灶镇,G6827,南海区丹灶镇朗心村朗心村委气象观测站,112.9,23,1,"B,X",2009-02-28 00:00:00
广东,珠三角,佛山,南海区,丹灶镇,G6828,南海区丹灶镇新农社区界牌水闸气象观测站,112.9,23.1,1,"B,X",2009-02-28 00:00:00
广东,珠三角,佛山,南海区,里水镇,G6829,南海区里水镇石塘村石塘村委气象观测站,113.2,23.3,1,"B,X",2009-03-05 00:00:00
广东,珠三角,佛山,南海区,里水镇,G6830,南海区里水镇大石社区大石村委气象观测站,113.1,23.2,1,"B,X",2009-02-28 00:00:00
广东,珠三角,佛山,南海区,里水镇,G6831,南海区里水镇文教社区金鸦水闸气象观测站,113.2,23.2,1,"B,X",2009-03-06 00:00:00
广东,珠三角,佛山,南海区,狮山镇,G6832,南海区狮山镇罗洞村罗洞村委气象观测站,112.9,23.1,1,B,2009-02-28 00:00:00
广东,珠三角,佛山,南海区,狮山镇,G6833,南海区狮山镇横岗社区横岗村委气象观测站,113,23.1,1,"B,X",2009-02-28 00:00:00
广东,珠三角,佛山,南海区,大沥镇,G6834,南海区大沥镇雅瑶社区雅瑶小学气象观测站,113.1,23.2,1,"B,X",2009-02-28 00:00:00
广东,珠三角,佛山,南海区,大沥镇,G6835,南海大沥奇槎国家气象观测站,113.2,23.1,1,"B,X",2009-02-28 00:00:00
广东,珠三角,佛山,南海区,大沥镇,G6836,南海区大沥镇联安社区联安村委气象观测站,113.3,23,1,"B,X",2009-02-28 00:00:00
广东,珠三角,佛山,南海区,大沥镇,G6837,南海区大沥镇六联社区六联水利站气象观测站,113.3,23.2,1,B,2009-02-28 00:00:00
广东,珠三角,佛山,南海区,狮山镇,G6838,南海区狮山镇博爱社区狮山镇政府气象观测站,113,23.1,1,"B,X,p,r",2009-02-28 00:00:00
广东,珠三角,佛山,南海区,狮山镇,G6839,南海区狮山镇狮北村狮山第一小学气象观测站,113,23.3,1,"B,X",2009-02-28 00:00:00
广东,珠三角,佛山,南海区,狮山镇,G6840,南海区狮山镇汀圃社区汀圃水闸气象观测站,113.1,23.2,1,B,2009-03-12 00:00:00
广东,珠三角,佛山,南海区,狮山镇,G6841,南海区狮山镇龙头村龙头村委气象观测站,113.1,23.1,1,"B,X",2009-02-28 00:00:00
广东,珠三角,佛山,南海区,狮山镇,G6842,南海区狮山镇莲塘村莲塘水闸气象观测站,113,23.1,1,"B,X",2009-02-28 00:00:00
广东,珠三角,佛山,南海区,狮山镇,G6843,南海区狮山镇凤岗村凤岗村委气象观测站,112.9,23.2,1,B,2009-02-28 00:00:00
广东,珠三角,佛山,南海区,狮山镇,G6844,南海区狮山镇上柏社区上柏村委气象观测站,113,23,1,"B,X",2009-02-28 00:00:00
广东,珠三角,佛山,南海区,西樵镇,G6845,南海西樵儒溪国家气象观测站,113,22.9,1,B,2009-11-30 00:00:00
广东,珠三角,佛山,南海区,桂城街道,G6847,南海区桂城街道桂一社区区旧局气象观测站,113.2,23.1,1,B,2013-01-19 00:00:00
广东,珠三角,佛山,南海区,桂城街道,G6848,南海区桂城街道林岳社区南海外国语学校气象观测站,113.3,23.1,1,B,2014-01-07 00:00:00
广东,珠三角,佛山,南海区,狮山镇,G6849,南海区狮山镇五星社区五星电排站气象观测站,112.9,23,1,B,2014-01-03 00:00:00
广东,珠三角,佛山,南海区,狮山镇,G6850,南海区狮山镇狮西村三江口电排站气象观测站,113,23.2,1,B,2014-05-04 00:00:00
广东,珠三角,佛山,南海区,狮山镇,G6851,南海区狮山镇红星村红星电排站气象观测站,113.1,23.1,1,B,2014-05-04 00:00:00
广东,珠三角,佛山,南海区,大沥镇,G6852,南海区大沥镇六联社区北村水闸气象观测站,113.2,23,1,B,2014-01-07 00:00:00
广东,珠三角,佛山,南海区,狮山镇,G6853,南海区狮山镇松岗社区广三高速松岗收费站气象观测站,113.1,23.2,1,B,2014-03-19 00:00:00
广东,珠三角,佛山,南海区,桂城街道,G6855,南海区桂城街道桂三社区南海区政协气象观测站,113,22.9,1,B,2014-05-29 00:00:00
广东,珠三角,佛山,南海区,九江镇,G6856,南海九江国家气象观测站,113,22.7,1,B,2014-10-10 00:00:00
广东,珠三角,佛山,南海区,里水镇,G6857,南海区里水镇洲村社区洲村水闸气象观测站,113.2,23.1,1,B,2014-10-13 00:00:00
广东,珠三角,佛山,南海区,里水镇,G6858,南海区里水镇流潮社区水口大闸气象观测站,113.2,23.1,1,B,2014-10-13 00:00:00
广东,珠三角,佛山,南海区,里水镇,G6859,南海区里水镇鲁岗村万顷洋世界生态园气象观测站,113,23.3,1,B,2014-10-13 00:00:00
广东,珠三角,佛山,南海区,桂城街道,G6860,南海区桂城街道灯湖社区城市生态环境气象观测站,113.2,23.2,1,B,2014-11-17 00:00:00
广东,珠三角,佛山,南海区,九江镇,G6861,南海区九江镇海寿岛村海寿岛码头气象观测站,113,22.8,1,B,2017-08-10 00:00:00
广东,珠三角,佛山,南海区,狮山镇,G6862,南海区狮山镇沙头社区狮山冠层试验站气象观测站,113,23.2,1,B,2017-05-18 00:00:00
广东,珠三角,佛山,南海区,九江镇,G6863,南海区九江镇沙头公资办成人文化技术学校气象（环保）观测站,113,23,1,B,2019-09-09 00:00:00
广东,珠三角,佛山,南海区,西樵镇,G6864,南海区西樵镇大桐村黄飞鸿国际文武学校气象（环保）观测站,112.9,22.9,1,B,2019-09-09 00:00:00
广东,珠三角,佛山,南海区,丹灶镇,G6865,南海区丹灶镇荷村三防仓气象（环保）观测站,113,23,1,B,2019-09-09 00:00:00
广东,珠三角,佛山,南海区,狮山镇,G6866,南海区狮山镇塘中社区狮山高级中学气象（环保）观测站,113,23.1,1,B,2019-09-09 00:00:00
广东,珠三角,佛山,南海区,狮山镇,G6867,南海区狮山镇招大村招大驾校考场气象（环保）观测站,113,23.1,1,B,2019-09-09 00:00:00
广东,珠三角,佛山,南海区,西樵镇,G6868,南海区西樵镇东碧社区西樵山顶气象观测站,112.9,22.9,1,B,2008-06-30 00:00:00
广东,珠三角,佛山,顺德区,大良街道,G6900,顺德区大良街道云路社区一中附小气象观测站,113.4,22.8,1,"B,X",2008-12-31 00:00:00
广东,珠三角,佛山,顺德区,大良街道,G6901,顺德区大良街道大门社区沙头水闸气象观测站,113.4,22.8,1,"B,X",2008-12-31 00:00:00
广东,珠三角,佛山,顺德区,伦教街道,G6902,顺德区伦教街道仕版村汇贤中学气象观测站,113.2,23,1,"B,X",2008-12-31 00:00:00
广东,珠三角,佛山,顺德区,伦教街道,G6903,顺德区伦教街道熹涌村伦教中学气象观测站,113.2,22.9,1,"B,X",2008-12-31 00:00:00
广东,珠三角,佛山,顺德区,勒流街道,G6904,顺德区勒流街道新安村富安中学气象观测站,113.3,22.7,1,B,2008-12-31 00:00:00
广东,珠三角,佛山,顺德区,勒流街道,G6905,顺德区勒流街道光大社区光大小学气象观测站,113.2,22.9,1,B,2008-12-31 00:00:00
广东,珠三角,佛山,顺德区,龙江镇,G6906,顺德区龙江镇沙富村委气象观测站,113.1,22.9,1,"B,X",2008-12-31 00:00:00
广东,珠三角,佛山,顺德区,龙江镇,G6907,顺德区龙江镇龙山社区气象观测站,113,22.9,1,"B,X",2008-12-31 00:00:00
广东,珠三角,佛山,顺德区,乐从镇,G6908,顺德区乐从镇大闸村迳口水闸气象观测站,113.1,22.9,1,"B,X",2008-12-31 00:00:00
广东,珠三角,佛山,顺德区,乐从镇,G6909,顺德区乐从镇大墩村大墩中学气象观测站,113,23,1,"B,X",2008-12-31 00:00:00
广东,珠三角,佛山,顺德区,均安镇,G6910,顺德区均安镇南浦村委气象观测站,113.1,22.6,1,"B,X",2008-12-31 00:00:00
广东,珠三角,佛山,顺德区,均安镇,G6911,顺德区均安镇南沙大潭口水闸气象观测站,113.2,22.7,1,"B,X",2008-12-31 00:00:00
广东,珠三角,佛山,顺德区,大良街道,G6912,顺德区大良街道五沙社区五沙小学气象观测站,113.3,22.9,1,B,2008-12-31 00:00:00
广东,珠三角,佛山,顺德区,容桂街道,G6913,顺德区容桂街道容里社区容里中学气象观测站,113.3,22.7,1,"B,X",2008-12-31 00:00:00
广东,珠三角,佛山,顺德区,北滘镇,G6915,顺德区北滘镇北滘社区北滘中学气象观测站,113.2,22.9,1,"B,X",2008-12-31 00:00:00
广东,珠三角,佛山,顺德区,北滘镇,G6916,顺德区北滘镇碧江社区气象观测站,113.2,22.9,1,"B,X",2008-12-31 00:00:00
广东,珠三角,佛山,顺德区,勒流街道,G6917,顺德区勒流街道稔海村稔海驿站气象观测站,113.1,22.9,1,"B,X",2008-12-31 00:00:00
广东,珠三角,佛山,顺德区,陈村镇,G6918,顺德区陈村镇仙涌居委气象观测站,113.2,23,1,"B,X",2008-12-31 00:00:00
广东,珠三角,佛山,顺德区,杏坛镇,G6919,顺德区杏坛镇龙潭村龙潭小学气象观测站,113.2,22.8,1,B,2008-12-31 00:00:00
广东,珠三角,佛山,顺德区,杏坛镇,G6920,顺德区杏坛镇齐杏社区杏坛中学气象观测站,113.2,22.8,1,"B,X",2008-12-31 00:00:00
广东,珠三角,佛山,顺德区,陈村镇,G6923,顺德区陈村镇弼教村横江头气象观测站,113.2,22.9,1,B,2015-09-11 00:00:00
广东,珠三角,佛山,顺德区,伦教街道,G6924,顺德区伦教街道鸡洲村鸡洲水闸气象观测站,113.2,22.9,1,B,2017-01-09 00:00:00
广东,珠三角,佛山,顺德区,乐从镇,G6925,顺德区乐从镇大罗村菊花湾水闸气象观测站,113.1,23,1,B,2017-01-05 00:00:00
广东,珠三角,佛山,顺德区,大良街道,G6926,顺德区大良街道逢沙村顺峰山公园气象观测站,113.2,22.8,1,B,2016-12-22 00:00:00
广东,珠三角,佛山,顺德区,大良街道,G6927,顺德区大良街道逢沙电排站气象观测站,113.4,22.9,1,B,2017-06-06 00:00:00
广东,珠三角,佛山,南海区,丹灶镇,G6929,南海区丹灶镇下安村委气象观测站,112.9,23.1,1,B,2022-03-17 00:00:00
广东,珠三角,佛山,南海区,九江镇,G6930,南海区九江镇烟南村委气象观测站,113,22.9,1,B,2022-03-31 00:00:00
广东,珠三角,佛山,南海区,九江镇,G6931,南海区九江镇南金村委气象观测站,113,22.8,1,B,2022-03-31 00:00:00
广东,珠三角,佛山,三水区,云东海街道,G6933,三水区云东海街道石湖洲立交桥应用气象观测站(交通),112.9,23.2,1,"B,U",2021-11-07 00:00:00
广东,珠三角,佛山,三水区,乐平镇,G6934,三水区乐平镇南边商会林应用气象观测站(交通),113,23.4,1,"B,U",2021-11-08 00:00:00
广东,珠三角,佛山,三水区,乐平镇,G6935,三水区乐平镇三花公路跨线桥应用气象观测站(交通),112.9,23.4,1,"B,U",2021-11-19 00:00:00
广东,珠三角,佛山,三水区,芦苞镇,G6936,三水区芦苞镇芦苞涌大桥应用气象观测站(交通),112.9,23.3,1,"B,U",2021-11-08 00:00:00
广东,珠三角,佛山,三水区,大塘镇,G6937,三水区大塘镇大塘医院应用气象观测站(交通),112.9,23.4,1,"B,U",2021-11-08 00:00:00
广东,珠三角,佛山,三水区,芦苞镇,G6938,三水区芦苞镇区中小学生社会实践基地气象观测站,113,23.3,1,B,2020-10-22 00:00:00
广东,珠三角,佛山,三水区,南山镇,G6939,三水区南山镇佛山市农科所气象观测站,112.9,23.5,1,B,2020-12-01 00:00:00
广东,珠三角,佛山,三水区,南山镇,G6941,三水区南山镇择善小学气象观测站,112.9,23.6,1,B,2008-05-01 00:00:00
广东,珠三角,佛山,三水区,大塘镇,G6942,三水区大塘镇海仔口泵站气象观测站,112.9,23.4,1,"B,X",2010-11-28 00:00:00
广东,珠三角,佛山,三水区,大塘镇,G6943,三水区大塘镇永丰村委气象观测站,112.9,23.5,1,"B,X",2008-03-05 00:00:00
广东,珠三角,佛山,三水区,芦苞镇,G6944,三水区芦苞镇新村排涝站气象观测站,113,23.4,1,"B,X",2008-04-04 00:00:00
广东,珠三角,佛山,三水区,南山镇,G6945,三水区南山镇大南山林场气象观测站,112.8,23.5,1,B,2008-04-10 00:00:00
广东,珠三角,佛山,三水区,芦苞镇,G6946,三水区芦苞镇上塘村委会气象观测站,113,23.4,1,B,2008-03-05 00:00:00
广东,珠三角,佛山,三水区,芦苞镇,G6947,三水区芦苞镇独树岗小学气象观测站,112.9,23.3,1,"B,X",2007-12-01 00:00:00
广东,珠三角,佛山,三水区,芦苞镇,G6948,三水区芦苞镇黄岗小学气象观测站,113,23.4,1,B,2008-03-05 00:00:00
广东,珠三角,佛山,三水区,乐平镇,G6949,三水区乐平镇范湖工业园气象观测站,113,23.3,1,B,2007-12-01 00:00:00
广东,珠三角,佛山,三水区,乐平镇,G6950,三水区乐平镇三溪村委气象观测站,113.1,23.2,1,"B,X",2007-12-01 00:00:00
广东,珠三角,佛山,三水区,乐平镇,G6951,三水区乐平镇黄塘村委气象观测站,112.8,23.2,1,"B,X",2007-12-01 00:00:00
广东,珠三角,佛山,三水区,三水农场镇级,G6952,三水区云东海街道三水农场气象观测站,112.9,23.3,1,"B,X",2008-04-23 00:00:00
广东,珠三角,佛山,三水区,云东海街道,G6953,三水区云东海街道上九村委气象观测站,112.9,23.2,1,"B,X",2008-03-04 00:00:00
广东,珠三角,佛山,三水区,云东海街道,G6954,三水区云东海街道石湖洲村委气象观测站,112.9,23.1,1,"B,X",2007-12-01 00:00:00
广东,珠三角,佛山,三水区,西南街道,G6955,三水区西南街道木棉村委气象观测站,112.9,23.1,1,B,2007-12-01 00:00:00
广东,珠三角,佛山,三水区,西南街道,G6956,三水区西南街道梁氏水产种业气象观测站,112.7,23.1,1,"B,X",2007-12-01 00:00:00
广东,珠三角,佛山,三水区,西南街道,G6957,三水区西南街道南岸小学气象观测站,112.8,23.1,1,"B,X",2007-12-01 00:00:00
广东,珠三角,佛山,三水区,西南街道,G6958,三水区西南街道洲边村委气象观测站,112.8,23.1,1,B,2008-04-07 00:00:00
广东,珠三角,佛山,三水区,西南街道,G6959,三水区西南街道区行政服务中心气象观测站,112.9,23.2,1,"B,X",2008-03-04 00:00:00
广东,珠三角,佛山,三水区,西南街道,G6960,三水区西南街道沙头区三防指挥部气象观测站,112.8,23.2,1,"B,X",2009-06-01 00:00:00
广东,珠三角,佛山,三水区,西南街道,G6961,三水区西南街道区体育学校气象观测站,112.8,23.3,1,"B,X",2008-04-25 00:00:00
广东,珠三角,佛山,三水区,西南街道,G6962,三水区西南街道江根村委气象观测站,112.9,23,1,"B,X",2007-12-01 00:00:00
广东,珠三角,佛山,三水区,白坭镇,G6963,三水区白坭镇白坭中心小学气象观测站,112.8,23,1,B,2008-03-05 00:00:00
广东,珠三角,佛山,三水区,白坭镇,G6964,三水区白坭镇周村新明珠厂气象观测站,112.9,23.1,1,"B,X",2008-04-02 00:00:00
广东,珠三角,佛山,三水区,云东海街道,G6965,三水区云东海街道广东财大三水校区气象观测站,112.9,23.2,1,"B,X",2008-04-02 00:00:00
广东,珠三角,佛山,三水区,云东海街道,G6966,三水区云东海湿地公园月亮湖应用气象观测站（水体温度）,112.9,23.2,1,B,2016-06-20 00:00:00
广东,珠三角,佛山,三水区,南山镇,G6967,三水区南山镇南丹山风景区应用气象观测站（旅游）,112.8,23.6,1,B,2023-06-19 00:00:00
广东,珠三角,佛山,三水区,白坭镇,G6969,三水区白坭镇波子角气象观测站,112.8,23,1,B,2026-01-29 00:00:00
广东,珠三角,佛山,三水区,大塘镇,G7000,三水区大塘镇大塘工业园气象观测站,112.8,23.5,1,B,2013-10-16 00:00:00
广东,珠三角,佛山,三水区,云东海街道,G7001,三水区云东海街道大棉排水站气象观测站,113,23.1,1,B,2013-10-15 00:00:00
广东,珠三角,佛山,三水区,乐平镇,G7002,三水乐平古灶国家气象观测站,113.1,23.3,1,B,2014-12-31 00:00:00
广东,珠三角,佛山,三水区,芦苞镇,G7003,三水芦苞国家气象观测站,112.9,23.4,1,"B,X",2015-01-15 00:00:00
广东,珠三角,佛山,三水区,大塘镇,G7004,三水区大塘镇永平小学气象观测站,112.9,23.3,1,B,2015-01-15 00:00:00
广东,珠三角,佛山,三水区,乐平镇,G7005,三水乐平中心小学国家气象观测站,113,23.3,1,"B,X",2015-01-15 00:00:00
广东,珠三角,佛山,三水区,西南街道,G7006,三水区西南街道华侨中学气象观测站,113,23.3,1,"B,X",2015-01-16 00:00:00
广东,珠三角,佛山,三水区,大塘镇,G7008,三水大塘国家气象观测站,112.9,23.5,1,B,2015-02-26 00:00:00
广东,珠三角,佛山,三水区,西南街道,G7009,三水区西南街道河口趸船站气象观测站,112.8,23.3,1,B,2017-03-02 00:00:00
广东,珠三角,佛山,三水区,大塘镇,G7010,三水区大塘镇莘田合洋水产气象观测站,113,23.4,1,B,2017-04-24 00:00:00
广东,珠三角,佛山,三水区,乐平镇,G7011,三水区乐平镇保安小学气象观测站,112.8,23.3,1,B,2018-08-21 00:00:00
广东,珠三角,佛山,三水区,乐平镇,G7012,三水区乐平镇源潭小学气象观测站,113,23.2,1,B,2018-08-21 00:00:00
广东,珠三角,佛山,三水区,云东海街道,G7013,三水区云东海街道云东海学校气象观测站,113,23.3,1,B,2019-09-17 00:00:00
广东,珠三角,佛山,三水区,西南街道,G7014,三水区西南街道董营村气象观测站,112.9,23.3,1,B,2020-10-22 00:00:00
广东,珠三角,佛山,三水区,西南街道,G7015,三水区西南街道西南十二小气象观测站,112.9,23.2,1,B,2020-10-22 00:00:00
广东,珠三角,佛山,三水区,西南街道,G7016,三水区西南街道西南十一小气象观测站,112.9,23.1,1,B,2020-10-22 00:00:00
广东,珠三角,佛山,三水区,西南街道,G7017,三水区西南街道河口公路养护所气象观测站,112.8,23.3,1,B,2020-10-22 00:00:00
广东,珠三角,佛山,三水区,西南街道,G7018,三水区西南街道西南一小气象观测站,112.9,23.1,1,"B,p",2015-07-01 00:00:00
广东,珠三角,佛山,高明区,明城镇,G7019,高明区明城镇潭朗村委会万亩稻田气象观测站气象观测站,112.8,23,1,B,2012-02-08 00:00:00
广东,珠三角,佛山,高明区,荷城街道,G7020,高明区荷城街道石洲村委气象观测站,112.7,23,1,B,2012-02-20 00:00:00
广东,珠三角,佛山,高明区,更合镇,G7021,高明区更合镇版村村委气象观测站,112.5,22.6,1,B,2012-03-12 00:00:00
广东,珠三角,佛山,高明区,杨和镇,G7022,高明区杨和镇沙水村委大布村气象观测站,112.8,22.7,1,B,2012-02-16 00:00:00
广东,珠三角,佛山,高明区,明城镇,G7023,高明区明城镇苗径村委气象观测站,112.6,22.9,1,B,2012-02-08 00:00:00
广东,珠三角,佛山,高明区,杨和镇,G7024,高明区杨和镇圆岗村委气象观测站,112.8,22.8,1,B,2012-02-20 00:00:00
广东,珠三角,佛山,高明区,杨和镇,G7025,高明区杨和镇石水村委气象观测站,112.8,22.7,1,B,2012-02-20 00:00:00
广东,珠三角,佛山,高明区,杨和镇,G7026,高明区杨和镇沙水村沙水小学气象观测站,112.8,22.8,1,B,2012-02-20 00:00:00
广东,珠三角,佛山,高明区,杨和镇,G7027,高明区杨和镇对川村对川茶场气象观测站,112.8,22.8,1,B,2012-02-08 00:00:00
广东,珠三角,佛山,高明区,更合镇,G7028,高明区更合镇香山村委会气象观测站,112.5,22.8,1,B,2012-02-08 00:00:00
广东,珠三角,佛山,高明区,更合镇,G7029,高明区更合镇珠塘村委气象观测站,112.6,22.8,1,B,2012-02-08 00:00:00
广东,珠三角,佛山,高明区,更合镇,G7030,高明区更合镇泽河村委气象观测站,112.6,22.8,1,B,2012-02-08 00:00:00
广东,珠三角,佛山,高明区,更合镇,G7031,高明区更合镇吉田村委气象观测站,112.4,22.7,1,"B,X",2012-02-15 00:00:00
广东,珠三角,佛山,高明区,明城镇,G7032,高明区明城镇明东村明城三防指挥所气象观测站,112.7,22.9,1,"B,X",2012-02-08 00:00:00
广东,珠三角,佛山,高明区,荷城街道,G7033,高明区荷城街道三洲社区三洲碧桂园酒店气象观测站,112.9,23,1,B,2012-02-14 00:00:00
广东,珠三角,佛山,高明区,更合镇,G7034,高明区更合镇合水社区居委气象观测站,112.5,22.8,1,B,2012-02-17 00:00:00
广东,珠三角,佛山,高明区,更合镇,G7035,高明区更合镇官山村委气象观测站,112.5,22.6,1,B,2012-02-15 00:00:00
广东,珠三角,佛山,高明区,荷城街道,G7036,高明区荷城街道育才社区珠江货运码头气象观测站,112.8,22.9,1,"B,X",2012-02-14 00:00:00
广东,珠三角,佛山,高明区,荷城街道,G7037,高明区荷城街道江湾社区高富石油气象观测站,112.8,23,1,B,2012-02-14 00:00:00
广东,珠三角,佛山,高明区,杨和镇,G7038,高明区杨和镇石水村高明盛世兰花专业合作社气象观测站,112.8,22.7,1,B,2012-02-16 00:00:00
广东,珠三角,佛山,高明区,更合镇,G7039,高明区更合镇歌乐村委气象观测站,112.5,22.7,1,B,2013-10-25 00:00:00
广东,珠三角,佛山,高明区,杨和镇,G7040,高明区杨和镇石水村杨梅西坑水库气象观测站,112.8,22.7,1,B,2013-10-25 00:00:00
广东,珠三角,佛山,高明区,荷城街道,G7041,高明区荷城街道金华社区马宁泵站气象观测站,112.8,22.8,1,"B,X",2014-01-27 00:00:00
广东,珠三角,佛山,高明区,荷城街道,G7042,高明区荷城街道塘南村西安市场气象观测站,112.8,22.9,1,B,2014-01-02 00:00:00
广东,珠三角,佛山,高明区,杨和镇,G7043,高明杨和国家气象观测站,112.8,22.8,1,"B,X",2014-01-02 00:00:00
广东,珠三角,佛山,高明区,更合镇,G7044,高明更合举世国家气象观测站,112.7,22.7,1,"B,X",2014-01-02 00:00:00
广东,珠三角,佛山,高明区,明城镇,G7045,高明区明城镇光明村云勇林场气象观测站,112.7,22.8,1,"B,X",2014-05-14 00:00:00
广东,珠三角,佛山,高明区,荷城街道,G7046,高明荷城国家气象观测站,112.7,22.9,1,"B,X",2014-11-18 00:00:00
广东,珠三角,佛山,高明区,荷城街道,G7048,高明区荷城街道上秀丽村明湖公园气象观测站,112.8,23,1,"B,X,g",2015-02-13 00:00:00
广东,珠三角,佛山,高明区,明城镇,G7049,高明明城国家气象观测站,112.6,22.7,1,B,2015-02-13 00:00:00
广东,珠三角,佛山,高明区,更合镇,G7050,高明更合广建国家气象观测站,112.5,22.7,1,B,2015-02-13 00:00:00
广东,珠三角,佛山,高明区,荷城街道,G7053,高明区荷城街道王臣村广明高速松岗南服务区气象观测站,112.9,23,1,B,2016-10-19 00:00:00
广东,珠三角,佛山,高明区,更合镇,G7054,高明区更合镇界村广明高速更合北服务区气象观测站,112.5,22.8,1,B,2016-10-24 00:00:00
广东,珠三角,佛山,高明区,杨和镇,G7055,高明区杨和镇林科所分水山自动气象观测站,112.6,22.9,1,B,2025-07-21 00:00:00
广东,珠三角,佛山,高明区,更合镇,G7056,高明江罗高速獭坑气象观测站,112.4,22.7,1,"B,z99",2025-12-25 00:00:00
广东,珠三角,佛山,南海区,九江镇,G7057,南海区九江镇下东村委气象观测站,113.1,22.9,1,B,2022-04-21 00:00:00
广东,珠三角,佛山,南海区,狮山镇,G7058,南海区狮山镇新花岗电排站气象观测站,112.9,23.1,1,B,2022-01-24 00:00:00
广东,珠三角,佛山,南海区,狮山镇,G7059,南海区狮山镇塘联村委气象观测站,113,23.1,1,B,2022-03-16 00:00:00
广东,珠三角,佛山,南海区,狮山镇,G7060,南海区狮山镇显子岗村委气象观测站,113.2,23.2,1,B,2022-01-25 00:00:00
广东,珠三角,佛山,南海区,狮山镇,G7061,南海区狮山镇狮南村委气象观测站,112.9,23.2,1,B,2022-01-25 00:00:00
广东,珠三角,佛山,南海区,狮山镇,G7062,南海区狮山镇大涡塘村委气象观测站,113.1,23.1,1,B,2022-01-24 00:00:00
广东,珠三角,佛山,南海区,狮山镇,G7063,南海区狮山镇南浦工业园气象观测站,113.1,23.3,1,B,2022-03-22 00:00:00
广东,珠三角,佛山,南海区,狮山镇,G7064,南海区狮山镇唐边村委气象观测站,113,23.1,1,B,2022-01-25 00:00:00
广东,珠三角,佛山,南海区,狮山镇,G7065,南海区狮山镇狮中村委气象观测站,113,23.2,1,B,2022-01-25 00:00:00
广东,珠三角,佛山,南海区,狮山镇,G7066,南海区狮山镇黎岗村委气象观测站,113,23.1,1,B,2022-01-25 00:00:00
广东,珠三角,佛山,南海区,狮山镇,G7067,南海区狮山镇石澎村委气象观测站,113.1,23.2,1,B,2022-03-04 00:00:00
广东,珠三角,佛山,南海区,西樵镇,G7068,南海区西樵镇百东村委气象观测站,112.9,23,1,B,2022-03-29 00:00:00
广东,珠三角,佛山,南海区,西樵镇,G7069,南海区西樵镇岭西村委气象观测站,112.9,23,1,B,2022-03-30 00:00:00
广东,粤西,阳江,阳西县,沙扒镇,G7130,阳西青洲岛备份气象观测站,111.5,21.5,0,"B,E",2017-04-21 00:00:00
广东,粤西,阳江,阳西县,上洋镇,G7131,阳西大树岛备份气象观测站,111.6,21.6,1,"B,E",2017-05-11 00:00:00
广东,粤西,阳江,阳西县,儒洞镇,G7132,阳西儒洞西荔王果蔬合作社气象观测站,111.5,21.6,1,B,2017-08-29 00:00:00
广东,粤西,阳江,阳西县,儒洞镇,G7133,阳西儒洞华翔果场气象观测站,111.5,21.7,1,B,2017-08-30 00:00:00
广东,粤西,阳江,阳春市,春城街道,G7141,阳春一中气象观测站,111.7,22.1,1,"B,g",2016-06-03 00:00:00
广东,粤西,阳江,阳春市,春城街道,G7142,阳春金花坑气象观测站,111.8,22.2,1,B,2018-05-22 00:00:00
广东,粤西,阳江,阳春市,春湾镇,G7143,阳春春湾石林气象观测站,112,22.4,1,B,2018-05-28 00:00:00
广东,粤西,阳江,阳春市,马水镇,G7144,阳春马水春都气象观测站,111.7,22.3,1,B,2018-05-26 00:00:00
广东,粤西,阳江,阳西县,溪头镇,G7190,阳西溪头白石根气象观测站,111.8,21.8,1,"B,C,E,k",2008-12-31 00:00:00
广东,粤西,阳江,阳东区,大沟镇,G7311,阳东大沟三丫气象观测站,112.2,21.9,1,B,2021-05-08 00:00:00
广东,粤西,阳江,江城区,城东街道,G7312,江城第十四小学气象观测站,112,21.8,1,B,2021-02-15 00:00:00
广东,粤西,阳江,阳西县,塘口镇,G7314,阳西塘口浸仔湾气象观测站,111.5,21.8,1,B,2024-10-18 00:00:00
广东,粤西,阳江,阳西县,塘口镇,G7315,阳西塘口浸仔湾备份气象观测站,111.5,21.9,1,B,2024-10-18 00:00:00
广东,粤西,阳江,江城区,闸坡镇,G7316,海陵岛吉坑气象观测站,112,21.6,1,B,2021-03-17 00:00:00
广东,粤西,阳江,江城区,闸坡镇,G7317,海陵岛十里银滩海滨公园气象观测站,111.9,21.6,1,B,2021-03-07 00:00:00
广东,粤西,阳江,江城区,埠场镇,G7319,江城埠场山外西气象观测站,112,21.8,1,B,2022-08-01 00:00:00
广东,粤西,阳江,江城区,埠场镇,G7320,江城埠场山外西村气象观测站,111.9,21.7,1,B,2022-06-29 00:00:00
广东,粤西,阳江,阳东区,雅韶镇,G7321,阳东雅韶柳西气象观测站,112.1,21.9,1,B,2021-02-15 00:00:00
广东,粤西,阳江,阳春市,双滘镇,G7322,阳春双滘黄江气象观测站,111.4,22.2,1,"B,z97",2025-10-24 00:00:00
广东,粤西,阳江,,,G7324,阳东东平渔港平台气象观测站,112.2,21.5,0,"B,i",2023-08-23 00:00:00
广东,粤西,阳江,,,G7325,阳东东平渔港平台备份气象观测站,112.2,21.5,0,"B,i",2023-08-23 00:00:00
广东,粤西,阳江,阳西县,,G7326,阳江青州四期海上平台气象观测站,111.5,20.9,0,"B,i",2024-08-29 00:00:00
广东,粤西,阳江,阳西县,,G7327,阳江青州四期备份气象观测站,111.6,20.9,0,"B,i",2024-08-29 00:00:00
广东,粤西,阳江,江城区,闸坡镇,G7328,海陵岛吉坑备份气象观测站,112.1,21.6,1,B,2024-10-16 00:00:00
广东,粤西,阳江,阳西县,程村镇,G7331,阳西程村牛大力基地气象观测站,111.8,21.8,1,B,2021-03-17 00:00:00
广东,粤西,阳江,阳西县,儒洞镇,G7332,阳西长角水库气象观测站,111.5,21.5,1,B,2021-04-06 00:00:00
广东,粤西,阳江,阳西县,上洋镇,G7333,阳西上洋福湖气象观测站,111.5,21.4,1,B,2022-07-01 00:00:00
广东,粤西,阳江,阳西县,上洋镇,G7334,阳西上洋福湖备份气象观测站,111.5,21.5,1,B,2022-07-01 00:00:00
广东,粤西,阳江,阳西县,上洋镇,G7335,阳西海滨电力气象观测站,111.6,21.6,1,B,2023-09-01 00:00:00
广东,粤西,阳江,阳西县,上洋镇,G7336,阳西海滨电力备份气象观测站,111.7,21.6,1,B,2023-09-01 00:00:00
广东,粤西,阳江,阳西县,沙扒镇,G7337,粤电一期海上平台气象观测站,111.5,21.5,0,"B,i",2023-09-19 00:00:00
广东,粤西,阳江,阳西县,沙扒镇,G7338,粤电一期海上平台备份气象观测站,111.4,21.4,0,"B,i",2023-09-19 00:00:00
广东,粤西,阳江,,,G7339,三峡一期风电平台气象观测站,111.5,21.3,0,"B,i",2023-08-17 00:00:00
广东,粤西,阳江,,,G7340,三峡一期风电平台备份气象观测站,111.4,21.3,0,"B,i",2023-08-17 00:00:00
广东,粤西,阳江,,,G7341,三峡二期风电平台气象观测站,111.6,21.4,0,"B,i",2023-07-07 00:00:00
广东,粤西,阳江,,,G7342,三峡二期风电平台备份气象观测站,111.6,21.3,0,"B,i",2023-08-09 00:00:00
广东,粤西,阳江,,,G7343,三峡三期风电平台气象观测站,111.6,21.4,0,"B,i",2023-08-17 00:00:00
广东,粤西,阳江,,,G7344,三峡三期风电平台备份气象观测站,111.6,21.2,0,"B,i",2023-08-17 00:00:00
广东,粤西,阳江,阳西县,上洋镇,G7345,三峡蕴阳海上平台气象观测站,111.7,21.4,0,"B,i",2023-09-25 00:00:00
广东,粤西,阳江,阳西县,上洋镇,G7346,三峡蕴阳海上平台备份气象观测站,111.6,21.3,0,"B,i",2023-09-25 00:00:00
广东,粤西,阳江,阳西县,沙扒镇,G7347,华电菩堤海上平台气象观测站,111.5,21,0,"B,i",2023-07-05 00:00:00
广东,粤西,阳江,阳西县,沙扒镇,G7348,华电菩堤海上平台备份气象观测站,111.6,21,0,"B,i",2023-07-05 00:00:00
广东,粤西,阳江,阳西县,新墟镇,G7349,阳西新墟里坪气象观测站,111.4,21.9,1,B,2024-10-18 00:00:00
广东,粤西,阳江,阳西县,新墟镇,G7350,阳西新墟里坪备份气象观测站,111.5,21.9,1,B,2024-10-18 00:00:00
广东,粤西,阳江,阳春市,河西街道,G7351,阳春崆峒岩气象观测站,111.7,22.2,1,B,2020-12-31 00:00:00
广东,粤西,阳江,阳春市,永宁镇,G7352,阳春勾髻顶气象观测站,111.6,22.2,1,B,2021-03-11 00:00:00
广东,粤西,阳江,阳春市,春城街道,G7353,阳春松木岗气象观测站,111.8,22.2,1,B,2024-06-25 00:00:00
广东,粤西,阳江,阳春市,八甲镇,G7354,阳春八甲三叶农场乔连分场气象观测站,111.3,21.9,1,B,2024-06-28 00:00:00
广东,粤西,阳江,阳春市,三甲镇,G7355,阳春三甲三叶农场三甲分场气象观测站,111.5,22,1,B,2024-06-28 00:00:00
广东,粤西,阳江,阳春市,双窖镇,G7356,阳春双窖三叶农场卫星分场气象观测站,111.4,22.1,1,B,2024-06-20 00:00:00
广东,粤西,阳江,江城区,闸坡镇,G7357,海陵岛马尾岛气象观测站,111.7,21.6,1,B,2026-04-15 00:00:00
广东,粤西,阳江,江城区,闸坡镇,G7358,海陵岛马尾岛备份气象站,111.9,21.5,1,B,2026-04-15 00:00:00
广东,粤西,阳江,江城区,闸坡镇,G7361,海陵大堤气象观测站,111.9,21.7,1,B,2026-04-15 00:00:00
广东,粤西,阳江,阳东区,大沟镇,G7362,阳东大沟华洞气象观测站,112,21.7,1,B,2026-04-15 00:00:00
广东,粤西,阳江,江城区,城东街道,G7364,广东两阳中学气象观测站,112,21.9,1,B,2026-06-11 00:00:00
广东,粤西,阳江,阳西县,织?镇,G7365,沈海高速阳西蒲牌交通气象站,111.6,21.7,1,"B,U",2026-02-04 00:00:00
广东,粤西,茂名,电白区,观珠镇,G7366,沈海高速电白沙垌交通气象站,111.2,21.6,1,"B,U",2026-02-11 00:00:00
广东,粤西,阳江,阳春市,春城街道,G7367,肇阳高速阳春鹅步岭交通气象站,111.7,22,1,"B,U",2026-02-04 00:00:00
广东,粤西,阳江,江城区,平冈镇,G7368,肇阳高速江城平冈交通气象站,111.9,21.7,1,"B,U",2026-02-02 00:00:00
广东,粤西,阳江,阳东区,合山镇,G7369,沈海高速阳东北惯交通气象站,112,22,1,"B,U",2026-01-29 00:00:00
广东,粤西,湛江,雷州市,英利镇,G7410,雷州市英利镇余庆桥水库气象观测站,110.1,20.6,1,"B,C",2008-12-31 00:00:00
广东,粤西,湛江,雷州市,东里镇,G7411,雷州市东里镇溪南水库气象观测站,110.3,20.7,1,"B,C",2008-12-31 00:00:00
广东,粤西,湛江,雷州市,南兴镇,G7412,雷州市南兴镇东吴村气象观测站,110,20.7,1,"B,C,X,g",2008-12-31 00:00:00
广东,粤西,湛江,雷州市,北和镇,G7413,雷州市北和镇气象观测站,109.8,20.6,1,"B,C",2008-12-31 00:00:00
广东,粤西,湛江,雷州市,纪家镇,G7414,雷州市纪家镇气象观测站,109.7,21,1,"B,C",2009-02-28 00:00:00
广东,粤西,湛江,雷州市,沈塘镇,G7415,雷州市沈塘镇气象观测站,110.1,20.9,1,"B,X",2012-12-01 00:00:00
广东,粤西,湛江,雷州市,松竹镇,G7416,雷州市松竹镇气象观测站,110,20.9,1,"B,X",2012-11-27 00:00:00
广东,粤西,湛江,雷州市,覃斗镇,G7417,雷州市覃斗镇气象观测站,110,20.4,1,B,2012-12-08 00:00:00
广东,粤西,湛江,雷州市,杨家镇,G7418,雷州市杨家镇气象观测站,109.9,20.9,1,"B,X",2012-11-22 00:00:00
广东,粤西,湛江,雷州市,西湖街道,G7419,雷州市西湖街道西湖水库气象观测站,110.1,21,1,"B,X",2012-12-07 00:00:00
广东,粤西,湛江,坡头区,乾塘镇,G7420,坡头区乾塘镇滨海路气象观测站,110.5,21.3,1,"B,C,X",2009-04-30 00:00:00
广东,粤西,湛江,坡头区,龙头镇,G7421,湛江市坡头区龙头镇政府气象观测站,110.5,21.3,1,B,2009-10-30 00:00:00
广东,粤西,湛江,麻章区,民安镇,G7422,湛江市东海岛开发区民安镇政府气象观测站,110.2,21.1,1,"B,C,E",2009-10-30 00:00:00
广东,粤西,湛江,霞山区,海头街道,G7423,湛江市霞山区友谊街道三岭山气象观测站,110.4,21.1,1,"B,X",2012-12-06 00:00:00
广东,粤西,湛江,徐闻县,南山镇,G7425,湛江浮标气象站,110.3,20.2,0,"B,G",2015-01-29 00:00:00
广东,粤西,湛江,,,G7426,海南文昌8-3A石油平台,112.2,19.2,0,"B,H",2014-04-12 00:00:00
广东,粤西,湛江,,,G7427,广西涠洲12-1A石油平台,108.6,20.7,0,"B,H",2014-04-11 00:00:00
广东,粤西,湛江,,,G7429,海南崖城13-1石油平台,109,17.5,0,"B,H",2015-01-01 00:00:00
广东,粤西,湛江,遂溪县,建新镇,G7430,遂溪县建新镇振兴路气象观测站,110.1,21.2,1,B,2012-11-22 00:00:00
广东,粤西,湛江,遂溪县,乐民镇,G7431,遂溪县乐民镇为民路气象观测站,109.7,21.1,1,B,2012-11-22 00:00:00
广东,粤西,湛江,遂溪县,乌塘镇,G7432,遂溪县乌塘镇府前路气象观测站,110,21.3,1,B,2012-11-22 00:00:00
广东,粤西,湛江,遂溪县,杨柑镇,G7433,遂溪县杨柑镇振兴路气象观测站,109.8,21.4,1,B,2012-11-22 00:00:00
广东,粤西,湛江,遂溪县,河头镇,G7434,遂溪县河头镇遂江路气象观测站,109.8,21.1,1,B,2012-11-25 00:00:00
广东,粤西,湛江,遂溪县,附城镇,G7435,遂溪县附城镇马六良村气象观测站,110.3,21.5,1,B,2012-11-22 00:00:00
广东,粤西,湛江,遂溪县,城月镇,G7436,遂溪县城月镇气象观测站,110.1,21.3,1,B,2017-04-28 00:00:00
广东,粤西,湛江,遂溪县,黄略镇,G7437,遂溪黄略国家气象观测站,110.3,21.5,1,B,2017-04-27 00:00:00
广东,粤西,湛江,遂溪县,遂城镇,G7438,遂溪县附城镇金龟岭休闲农场气象观测站,110.3,21.4,1,B,2017-04-27 00:00:00
广东,粤西,湛江,遂溪县,北坡镇,G7439,遂溪县北坡镇林场路气象观测站,109.8,21.3,1,B,2017-07-07 00:00:00
广东,粤西,湛江,徐闻县,下桥镇,G7440,徐闻县下桥镇五一农场气象观测站,110.2,20.4,1,"B,C,X",2007-10-31 00:00:00
广东,粤西,湛江,徐闻县,下桥镇,G7441,徐闻县下桥镇南华农场气象观测站,110.2,20.4,1,"B,C,X",2007-10-31 00:00:00
广东,粤西,湛江,徐闻县,曲界镇,G7442,徐闻县曲界镇红星农场气象观测站,110.4,20.5,1,"B,C,X",2008-09-30 00:00:00
广东,粤西,湛江,徐闻县,下桥镇,G7443,徐闻县下桥镇勇士农场气象观测站,110.2,20.4,1,"B,C",2008-09-30 00:00:00
广东,粤西,湛江,徐闻县,锦和镇,G7444,徐闻县锦和镇政府气象观测站,110.4,20.6,1,"B,X",2012-12-04 00:00:00
广东,粤西,湛江,徐闻县,西连镇,G7445,徐闻西连国家气象观测站,109.9,20.3,1,"B,C,X",2009-07-22 00:00:00
广东,粤西,湛江,徐闻县,下洋镇,G7446,徐闻下洋国家气象观测站,110.5,20.4,1,"B,C,X",2009-08-31 00:00:00
广东,粤西,湛江,徐闻县,城北乡,G7447,徐闻县城北乡何家村委会气象观测站,110.1,20.5,1,"B,X",2009-10-30 00:00:00
广东,粤西,湛江,徐闻县,南山镇,G7448,徐闻县南山镇北港气象观测站,110.2,20.2,1,"B,C",2009-04-30 00:00:00
广东,粤西,湛江,,,G7449,湛江船舶气象站,110.5,21.1,0,"B,T",2009-10-30 00:00:00
广东,粤西,湛江,吴川市,长岐镇,G7451,吴川市长岐镇政府气象观测站,110.7,21.6,1,"B,X",2012-12-04 00:00:00
广东,粤西,湛江,吴川市,樟铺镇,G7453,吴川市樟铺镇国家气象观测站,110.6,21.5,1,B,2015-12-24 00:00:00
广东,粤西,湛江,吴川市,塘尾街道,G7454,吴川市塘尾街道气象观测站,110.8,21.4,1,B,2015-12-24 00:00:00
广东,粤西,湛江,吴川市,博铺街道,G7455,吴川市博铺街道气象观测站,110.7,21.5,1,B,2015-12-23 00:00:00
广东,粤西,湛江,吴川市,塘缀镇,G7456,吴川市塘缀镇志埇小学气象观测站,110.6,21.5,1,B,2017-07-13 00:00:00
广东,粤西,湛江,吴川市,黄坡镇,G7457,吴川市黄坡镇林屋中学气象观测站,110.6,21.3,1,B,2017-07-15 00:00:00
广东,粤西,湛江,吴川市,黄坡镇,G7458,吴川市黄坡镇三柏村气象观测站,110.6,21.3,1,B,2017-07-18 00:00:00
广东,粤西,湛江,吴川市,吴阳镇,G7459,吴川市吴阳镇万屋村气象观测站,110.7,21.4,1,B,2017-07-14 00:00:00
广东,粤西,湛江,廉江市,横山镇,G7460,廉江市横山镇气象观测站,110.1,21.5,1,"B,C",2008-03-31 00:00:00
广东,粤西,湛江,廉江市,车板镇,G7461,廉江市车板镇气象观测站,109.8,21.6,1,"B,C",2008-03-31 00:00:00
广东,粤西,湛江,廉江市,河唇镇,G7462,廉江市河唇镇气象观测站,110.2,21.7,1,"B,C,X,g",2008-12-06 00:00:00
广东,粤西,湛江,廉江市,石岭镇,G7463,廉江市石岭镇气象观测站,110.1,21.7,1,"B,C,X",2008-11-30 00:00:00
广东,粤西,湛江,廉江市,和寮镇,G7464,廉江市和寮镇气象观测站,110.2,21.8,1,B,2012-12-04 00:00:00
广东,粤西,湛江,廉江市,雅塘镇,G7465,廉江市雅塘镇气象观测站,110.1,21.7,1,"B,C,X",2009-01-31 00:00:00
广东,粤西,湛江,廉江市,塘蓬镇,G7466,廉江市塘蓬镇气象观测站,110,21.9,1,B,2012-11-30 00:00:00
广东,粤西,湛江,廉江市,新民镇,G7467,廉江市新民镇气象观测站,110.1,21.6,1,"B,X",2012-11-22 00:00:00
广东,粤西,湛江,廉江市,营仔镇,G7468,廉江市营仔镇气象观测站,109.9,21.4,1,B,2012-11-29 00:00:00
广东,粤西,湛江,廉江市,石城镇,G7469,廉江市石城镇十字路村气象观测站,110.3,21.5,1,B,2012-11-30 00:00:00
广东,粤西,湛江,廉江市,车板镇,G7470,廉江市车板镇兰海高速交通气象观测站,109.9,21.5,1,B,2025-12-05 00:00:00
广东,粤西,湛江,廉江市,营仔镇,G7471,廉江市营仔镇兰海高速交通气象观测站,110.1,21.5,1,B,2025-12-05 00:00:00
广东,粤西,湛江,廉江市,安铺镇,G7472,廉江市安铺镇兰海高速交通气象观测站,110.1,21.4,1,B,2025-12-05 00:00:00
广东,粤西,湛江,遂溪县,城月镇,G7473,遂溪县城月镇沈海高速交通气象观测站,110.1,21.1,1,B,2025-12-05 00:00:00
广东,粤西,湛江,雷州市,松竹镇,G7474,雷州市松竹镇沈海高速交通气象观测站,110,20.9,1,B,2025-12-05 00:00:00
广东,粤西,湛江,雷州市,乌石镇,G7475,雷州市龙门镇乌石港高速交通气象观测站,109.9,20.6,1,B,2025-12-05 00:00:00
广东,粤西,湛江,坡头区,麻斜街道,G7490,坡头区麻斜镇麻斜村气象观测站,110.5,21.2,1,"B,C",2007-08-31 00:00:00
广东,粤西,湛江,霞山区,新兴街道,G7491,霞山区海头街道椹川东一路5号气象观测站,110.5,21.1,1,"B,C",2007-08-31 00:00:00
广东,粤西,湛江,麻章区,硇洲镇,G7492,硇洲岛硇洲镇孟岗村气象观测站,110.7,21,0,"B,C,E",2007-08-31 00:00:00
广东,粤西,湛江,雷州市,白沙镇,G7510,雷州市白沙镇火车站气象观测站,110,21,1,"B,X",2012-12-31 00:00:00
广东,粤西,湛江,雷州市,雷高镇,G7513,雷州市雷高镇符村村气象观测站,110.2,20.9,1,B,2018-12-24 00:00:00
广东,粤西,湛江,雷州市,调风镇,G7516,雷州市调风镇塘村渔港气象观测站,110.3,20.8,1,B,2023-08-29 00:00:00
广东,粤西,湛江,雷州市,调风镇,G7517,雷州市调风镇塘村渔港气象观测站（备份站）,110.3,20.6,1,B,2023-08-29 00:00:00
广东,粤西,湛江,遂溪县,草潭镇,G7518,遂溪县草潭镇近海国家海洋牧场气象试验站,109.8,21.3,0,B,2023-08-29 00:00:00
广东,粤西,湛江,雷州市,覃斗镇,G7519,雷州市乌石镇近海海威2号气象观测站,109.8,20.5,0,B,2023-09-05 00:00:00
广东,粤西,湛江,坡头区,南调街道,G7521,坡头区南调街道奥体中心气象观测站,110.5,21.3,1,"B,p,r",2015-05-27 00:00:00
广东,粤西,湛江,麻章区,东简街道,G7522,东海岛东简街道宝钢基地厂区观景台气象观测站,110.4,21,1,"B,E",2016-07-08 00:00:00
广东,粤西,湛江,麻章区,东简街道,G7523,东海岛东简街道宝钢基地厂区观景台气象观测站（备份站）,110.5,21.1,1,B,2024-12-17 00:00:00
广东,粤西,湛江,雷州市,附城镇,G7524,雷州市附城镇高标准农田气象观测站,110.2,21,1,B,2025-05-08 00:00:00
广东,粤西,湛江,雷州市,雷高镇,G7525,雷州市雷高镇农田小气候气象观测站,110.1,20.9,1,B,2025-05-08 00:00:00
广东,粤西,湛江,,,G7526,海南文昌13-6石油平台,112.1,19.6,0,"B,H",2016-12-12 00:00:00
广东,粤西,湛江,,,G7527,海南乐东15-1石油平台,108.4,17.6,0,"B,H",2016-12-12 00:00:00
广东,粤西,湛江,遂溪县,岭北镇,G7531,遂溪县岭北镇调丰村气象观测站,110.2,21.2,1,B,2017-07-06 00:00:00
广东,粤西,湛江,遂溪县,遂城街道,G7532,遂溪县附城镇简足水村气象观测站,110.4,21.5,1,B,2018-02-09 00:00:00
广东,粤西,湛江,遂溪县,港门镇,G7534,遂溪县港门镇新柑村气象观测站,109.8,21.2,1,"B,C",2023-10-20 00:00:00
广东,粤西,湛江,遂溪县,港门镇,G7535,遂溪县港门镇新柑村气象观测站（备份站）,109.8,21.2,1,"B,C",2023-10-19 00:00:00
广东,粤西,湛江,遂溪县,乐民镇,G7536,遂溪县乐民镇乐民港气象观测站,109.7,21.3,1,"B,C",2023-10-20 00:00:00
广东,粤西,湛江,遂溪县,乐民镇,G7537,遂溪县乐民镇乐民港气象观测站（备份站）,109.8,21.1,1,"B,C,E",2023-10-20 00:00:00
广东,粤西,湛江,遂溪县,杨柑镇,G7538,湛江市遂溪县杨柑镇杨柑河气象观测站（主站）,109.9,21.3,1,B,2026-01-12 00:00:00
广东,粤西,湛江,遂溪县,杨柑镇,G7539,湛江市遂溪县杨柑镇杨柑河气象观测站（备站）,110,21.4,1,B,2026-01-12 00:00:00
广东,粤西,湛江,徐闻县,龙塘镇,G7540,徐闻县龙塘镇迈胜水库管理所气象观测站,110.3,20.3,1,B,2014-11-08 00:00:00
广东,粤西,湛江,徐闻县,锦和镇,G7541,徐闻县锦和镇文化站气象观测站,110.5,20.6,1,B,2014-11-07 00:00:00
广东,粤西,湛江,徐闻县,迈陈镇,G7542,徐闻县迈陈镇龙潭村委会气象观测站,110,20.4,1,B,2014-11-14 00:00:00
广东,粤西,湛江,徐闻县,南山镇,G7543,徐闻南山国家气象观测站,110.1,20.3,1,"B,C",2015-12-18 00:00:00
广东,粤西,湛江,徐闻县,曲界镇,G7544,徐闻曲界国家气象观测站,110.3,20.3,1,B,2017-02-24 00:00:00
广东,粤西,湛江,徐闻县,徐城街道,G7548,徐闻县徐城街道人民公园气象观测站,110.3,20.3,1,"B,g",2020-09-28 00:00:00
广东,粤西,湛江,吴川市,覃巴镇,G7550,吴川市覃巴镇华南农科园气象观测站,110.8,21.5,1,B,2017-07-11 00:00:00
广东,粤西,湛江,吴川市,海滨街道,G7552,吴川市海滨街道下海沟村气象观测站,110.7,21.4,1,"B,E",2022-06-20 00:00:00
广东,粤西,湛江,吴川市,海滨街道,G7553,吴川市海滨街道下海沟村气象观测站（备份站）,110.8,21.4,1,"B,E",2022-07-08 00:00:00
广东,粤西,湛江,廉江市,河唇镇,G7560,廉江红湖农场三十二队国家气象观测站,110.4,21.7,1,B,2017-02-28 00:00:00
广东,粤西,湛江,廉江市,城北街道,G7563,廉江市城北街道罗州大道西气象观测站,110.3,21.5,1,B,2018-03-03 00:00:00
广东,粤西,湛江,廉江市,车板镇,G7565,廉江车板镇码头气象观测站,109.8,21.4,1,B,2023-07-27 00:00:00
广东,粤西,湛江,廉江市,车板镇,G7566,廉江车板镇码头气象观测站（备份）,109.7,21.5,1,B,2024-01-03 00:00:00
广东,粤西,湛江,廉江市,高桥镇,G7567,廉江高桥镇红树林气象观测站,109.8,21.6,1,"B,Z",2024-10-31 00:00:00
广东,粤西,湛江,廉江市,石颈镇,G7569,廉江市石颈镇南湛高速石坑村交通气象观测站,110.1,21.7,1,B,2026-05-07 00:00:00
广东,粤西,湛江,徐闻县,南山镇,G7570,徐闻县南山镇徐闻港气象观测站,110.1,20.2,1,"B,C,z96",2023-06-11 00:00:00
广东,粤西,湛江,徐闻县,南山镇,G7571,徐闻县南山镇徐闻港气象观测站（备份站）,110.1,20.3,1,B,2023-07-07 00:00:00
广东,粤西,湛江,徐闻县,,G7572,徐闻县外罗近海粤电1期风电平台气象观测站,110.6,20.6,0,"B,i",2023-07-14 00:00:00
广东,粤西,湛江,徐闻县,,G7573,徐闻县外罗近海粤电1期风电平台气象观测站（备份站）,110.5,20.7,0,"B,i",2023-07-14 00:00:00
广东,粤西,湛江,徐闻县,,G7574,徐闻县国电投南区风电平台气象观测站,110.7,20.5,0,"B,i",2026-01-16 00:00:00
广东,粤西,湛江,徐闻县,,G7575,徐闻县国电投南区风电平台气象观测站（备份站）,110.8,20.6,0,"B,i",2025-12-18 00:00:00
广东,粤西,湛江,徐闻县,南山镇,G7576,徐闻南山国家气象观测站（备份站）,110.1,20.2,1,B,2026-01-09 00:00:00
广东,粤西,茂名,化州市,河西街道,G7701,化州市河西街道办山车应用气象观测站,110.5,21.7,1,B,2020-01-07 00:00:00
广东,粤西,茂名,电白区,麻岗镇,G7709,电白区麻岗镇光明路气象观测站1,111.3,21.6,1,B,2026-01-04 00:00:00
广东,粤西,茂名,电白区,罗坑镇,G7711,电白区罗坑镇人民路气象观测站,111.2,21.9,1,B,2009-03-01 00:00:00
广东,粤西,茂名,电白区,旦场镇,G7712,电白区旦场镇人民西路气象观测站,111.1,21.6,1,"B,C,X",2009-03-01 00:00:00
广东,粤西,茂名,电白区,霞洞镇,G7713,电白区霞洞镇新霞路气象观测站,111.1,21.7,1,B,2009-03-01 00:00:00
广东,粤西,茂名,电白区,那霍镇,G7714,电白区那霍镇府前路气象观测站,111.3,21.9,1,B,2009-03-01 00:00:00
广东,粤西,茂名,电白区,林头镇,G7715,电白区林头镇大衙村气象观测站,111.1,21.6,1,B,2014-03-28 00:00:00
广东,粤西,茂名,电白区,树仔镇,G7716,电白区树仔镇府前路气象观测站,111.1,21.4,1,"B,X",2012-12-09 00:00:00
广东,粤西,茂名,电白区,马踏镇,G7717,电白区马踏镇国家气象观测站,111.4,21.6,1,B,2012-12-09 00:00:00
广东,粤西,茂名,电白区,岭门镇,G7718,电白区岭门镇鸡打港村气象观测站,111.4,21.6,1,B,2012-09-12 00:00:00
广东,粤西,茂名,电白区,电海街道,G7719,电白区水东镇蓝田坡村国家气象观测站,111.1,21.5,1,"B,p",2013-01-24 00:00:00
广东,粤西,茂名,电白区,林头镇,G7720,电白区早熟荔枝基地气象观测站,111.2,21.7,1,B,2015-07-17 00:00:00
广东,粤西,茂名,电白区,博贺镇,G7721,电白区浪漫海岸旅游度假村国家气象观测站,111.2,21.4,1,B,2017-07-28 00:00:00
广东,粤西,茂名,电白区,树仔镇,G7722,电白区树仔镇前海村地国家气象观测站,111.3,21.5,1,B,2018-01-23 00:00:00
广东,粤西,茂名,电白区,林头镇,G7723,电白区林头镇绿缘气象观测站,111,21.7,1,B,2018-01-17 00:00:00
广东,粤西,茂名,电白区,罗坑镇,G7724,电白区罗坑镇里联村气象观测站,111.3,21.9,1,B,2018-01-23 00:00:00
广东,粤西,茂名,电白区,马踏镇,G7725,电白区马踏镇秀田村气象观测站,111.4,21.7,1,B,2018-01-19 00:00:00
广东,粤西,茂名,电白区,那霍镇,G7726,电白区那霍镇石龙村汕湛高速气象观测站,111.4,21.9,1,B,2018-01-24 00:00:00
广东,粤西,茂名,电白区,望夫镇,G7727,电白区望夫镇坡头村气象观测站,111.3,21.7,1,B,2018-01-19 00:00:00
广东,粤西,茂名,电白区,水东街道,G7728,电白便携式自动气象站,111,21.4,1,"B,z97",2026-05-26 00:00:00
广东,粤西,茂名,电白区,树仔镇,G7729,电白区树仔镇平岚村气象观测站1,111.3,21.4,1,B,2022-10-13 00:00:00
广东,粤西,茂名,电白区,树仔镇,G7730,电白区树仔镇平岚村气象观测站2,111.3,21.5,1,B,2022-10-13 00:00:00
广东,粤西,茂名,电白区,博贺镇,G7731,电白区博贺镇杨梅村气象观测站1,111.1,21.4,1,B,2022-10-13 00:00:00
广东,粤西,茂名,电白区,博贺镇,G7732,电白区博贺镇杨梅村气象观测站2,111.2,21.4,1,B,2022-10-13 00:00:00
广东,粤西,茂名,电白区,电城镇,G7733,电白区广港码头气象观测站1,111.3,21.5,1,B,2023-03-15 00:00:00
广东,粤西,茂名,电白区,电城镇,G7734,电白区广港码头气象观测站2,111.4,21.5,1,B,2023-03-15 00:00:00
广东,粤西,茂名,电白区,南海街道,G7735,电白区虎头山气象观测站1,111.1,21.4,1,B,2023-03-13 00:00:00
广东,粤西,茂名,电白区,南海街道,G7736,电白区虎头山气象观测站2,111.1,21.5,1,B,2023-03-13 00:00:00
广东,粤西,茂名,电白区,旦场镇,G7737,电白区旦场镇清福村气象观测站1,111.2,21.5,1,B,2023-04-04 00:00:00
广东,粤西,茂名,电白区,旦场镇,G7738,电白区旦场镇清福村气象观测站2,111,21.5,1,B,2023-03-13 00:00:00
广东,粤西,茂名,电白区,岭门镇,G7739,电白区岭门镇山后村气象观测站1,111.5,21.6,1,B,2023-03-13 00:00:00
广东,粤西,茂名,电白区,岭门镇,G7740,电白区岭门镇山后村气象观测站2,111.5,21.5,1,B,2023-03-13 00:00:00
广东,粤西,茂名,电白区,岭门镇,G7741,电白区岭门镇鸡打港村气象观测站1,111.4,21.6,1,B,2026-01-04 00:00:00
广东,粤西,茂名,电白区,电海街道,G7742,电白区水东镇蓝田坡村国家气象观测站1,111,21.5,1,B,2026-01-04 00:00:00
广东,粤西,茂名,电白区,旦场镇,G7743,电白区德育教育基地国家气象观测站1,111,21.6,1,B,2026-01-04 00:00:00
广东,粤西,茂名,电白区,树仔镇,G7744,电白区树仔镇前海村国家气象观测站1,111.1,21.5,1,B,2026-01-04 00:00:00
广东,粤西,茂名,信宜市,北界镇,G7754,信宜市北界镇高坡小学气象观测站,110.8,22.5,1,B,2017-10-14 00:00:00
广东,粤西,茂名,信宜市,钱排镇,G7755,信宜市钱排镇云开村气象观测站,111.2,22.4,1,B,2017-10-31 00:00:00
广东,粤西,茂名,信宜市,思贺镇,G7756,信宜市思贺镇木瓜村气象观测站,111.6,22.5,1,B,2012-12-18 00:00:00
广东,粤西,茂名,信宜市,钱排镇,G7757,信宜市钱排镇达垌村气象观测站,111.3,22.4,1,B,2012-12-17 00:00:00
广东,粤西,茂名,信宜市,朱砂镇,G7758,信宜市朱砂镇旺沙村气象观测站,111,22.7,1,B,2013-01-16 00:00:00
广东,粤西,茂名,信宜市,朱砂镇,G7759,信宜市朱砂镇安莪村气象观测站,111,22.5,1,B,2013-01-17 00:00:00
广东,粤西,茂名,信宜市,金垌镇,G7760,信宜市金垌镇气象观测站,110.7,22.4,1,B,2012-12-07 00:00:00
广东,粤西,茂名,信宜市,池洞镇,G7761,信宜市池洞镇东安村气象观测站,110.9,22.5,1,B,2013-01-17 00:00:00
广东,粤西,茂名,信宜市,丁堡镇,G7762,信宜市丁堡镇气象观测站,110.9,22.2,1,"B,X",2009-04-30 00:00:00
广东,粤西,茂名,信宜市,白石镇,G7763,信宜市白石镇气象观测站,111.2,22.4,1,"B,X",2009-07-21 00:00:00
广东,粤西,茂名,信宜市,朱砂镇,G7764,信宜市朱砂镇气象观测站,111.1,22.5,1,"B,X",2008-11-30 00:00:00
广东,粤西,茂名,信宜市,茶山镇,G7765,信宜市茶山镇气象观测站,111.1,22.5,1,B,2008-11-30 00:00:00
广东,粤西,茂名,信宜市,新宝镇,G7766,信宜市新宝镇气象观测站,111.5,22.3,1,B,2008-11-30 00:00:00
广东,粤西,茂名,信宜市,北界镇,G7767,信宜市北界镇天马山国家气象观测站,110.6,22.4,1,B,2015-12-23 00:00:00
广东,粤西,茂名,信宜市,合水镇,G7768,信宜市合水镇上排村国家气象观测站,111.5,22.3,1,B,2015-11-29 00:00:00
广东,粤西,茂名,信宜市,贵子镇,G7769,信宜市贵子镇中和小学气象观测站,111.3,22.5,1,B,2015-12-16 00:00:00
广东,粤西,茂名,化州市,宝圩镇,G7811,化州市宝圩镇引陵水坝气象观测站,110.7,22.1,1,B,2009-01-01 00:00:00
广东,粤西,茂名,化州市,合江镇,G7812,化州市合江镇政府气象观测站,110.6,21.9,1,B,2009-02-01 00:00:00
广东,粤西,茂名,化州市,林尘镇,G7813,化州市林尘镇政府气象观测站,110.6,21.8,1,"B,X",2009-01-01 00:00:00
广东,粤西,茂名,化州市,良光镇,G7814,化州良光镇政府气象观测站,110.6,21.5,1,B,2009-01-01 00:00:00
广东,粤西,茂名,化州市,杨梅镇,G7815,化州市杨梅镇政府气象观测站,110.6,21.7,1,"B,X",2009-01-01 00:00:00
广东,粤西,茂名,化州市,丽岗镇,G7816,化州丽岗南山寺气象观测站,110.7,21.8,1,"B,X",2011-09-23 00:00:00
广东,粤西,茂名,化州市,长岐镇,G7817,化州长岐敬老院气象观测站,110.6,21.6,1,B,2009-04-30 00:00:00
广东,粤西,茂名,化州市,宝圩镇,G7818,化州市宝圩镇新时代农场29队国家气象观测站,110.7,22.1,1,B,2011-05-24 00:00:00
广东,粤西,茂名,化州市,江湖镇,G7819,化州市江湖镇敬老院气象观测站,110.7,21.8,1,B,2013-04-15 00:00:00
广东,粤西,茂名,化州市,中垌镇,G7820,化州市中垌镇兰山办事处气象观测站,110.4,21.8,1,B,2013-04-15 00:00:00
广东,粤西,茂名,化州市,新安镇,G7821,化州市新安镇政府气象观测站,110.5,21.6,1,B,2012-12-14 00:00:00
广东,粤西,茂名,化州市,官桥镇,G7822,化州市官桥镇名教村气象观测站,110.5,21.8,1,B,2012-12-14 00:00:00
广东,粤西,茂名,化州市,同庆镇,G7823,化州市同庆镇政府气象观测站,110.8,21.6,1,"B,X",2013-10-28 00:00:00
广东,粤西,茂名,化州市,石湾街道,G7824,化州市石湾镇街道办事处气象观测站,110.5,21.6,1,"B,X",2014-01-10 00:00:00
广东,粤西,茂名,化州市,南盛街道,G7825,化州市南盛镇街道办敬老院气象观测站,110.7,21.7,1,B,2012-12-12 00:00:00
广东,粤西,茂名,化州市,文楼镇,G7826,化州市文楼镇樟平村委会气象观测站,110.3,22.3,1,B,2016-03-15 00:00:00
广东,粤西,茂名,化州市,平定镇,G7827,化州市平定镇大车村委会气象观测站,110.4,22.1,1,B,2015-03-18 00:00:00
广东,粤西,茂名,化州市,合江镇,G7828,化州市合江镇同志堡村委会气象观测站,110.5,22.1,1,B,2016-01-07 00:00:00
广东,粤西,茂名,化州市,新安镇,G7829,化州市新安镇横岭下村委会气象观测站,110.4,21.6,1,B,2014-12-11 00:00:00
广东,粤西,茂名,化州市,文楼镇,G7830,化州市文楼镇山口村气象观测站,110.4,22.2,1,B,2016-03-15 00:00:00
广东,粤西,茂名,化州市,河西街道,G7831,化州市河西街道办丰木岭气象观测站,110.5,21.7,1,B,2025-02-21 00:00:00
广东,粤西,茂名,高州市,长坡镇,G7851,高州市长坡石龙气象观测站,111.1,22.1,1,B,2013-02-05 00:00:00
广东,粤西,茂名,高州市,东岸镇,G7852,高州市东岸大潮气象观测站,111,22.1,1,B,2013-02-01 00:00:00
广东,粤西,茂名,高州市,新垌镇,G7853,高州市新垌钢铁气象观测站,111.1,22,1,B,2013-02-06 00:00:00
广东,粤西,茂名,高州市,大坡镇,G7854,高州市大坡大榕气象观测站,111.2,22,1,B,2013-02-05 00:00:00
广东,粤西,茂名,高州市,马贵镇,G7855,高州市马贵大西气象观测站,111.3,22.3,1,B,2013-02-01 00:00:00
广东,粤西,茂名,高州市,古丁镇,G7856,高州市古丁镇朗八气象观测站,111.3,22.2,1,B,2012-12-06 00:00:00
广东,粤西,茂名,高州市,石鼓镇,G7857,高州市石鼓镇国家气象观测站,110.8,21.9,1,"B,X",2012-11-29 00:00:00
广东,粤西,茂名,高州市,潭头镇,G7858,高州市潭头镇气象观测站,110.9,22.1,1,"B,X",2012-11-30 00:00:00
广东,粤西,茂名,高州市,金山街道,G7859,高州市金山街道气象观测站,110.9,21.8,1,"B,X",2014-10-30 00:00:00
广东,粤西,茂名,高州市,石仔岭街道,G7860,高州市石仔岭街道气象观测站,110.9,21.9,1,"B,X",2014-10-20 00:00:00
广东,粤西,茂名,高州市,宝光街道,G7861,高州市宝光高垌气象观测站,110.8,22,1,B,2011-05-22 00:00:00
广东,粤西,茂名,高州市,曹江镇,G7862,高州市曹江镇气象观测站,110.9,21.9,1,"B,X",2009-02-01 00:00:00
广东,粤西,茂名,高州市,分界镇,G7863,高州市分界镇气象观测站,111,21.8,1,"B,X",2009-01-01 00:00:00
广东,粤西,茂名,高州市,泗水镇,G7864,高州市泗水镇气象观测站,111.1,21.9,1,"B,X",2009-01-01 00:00:00
广东,粤西,茂名,高州市,镇江镇,G7865,高州市镇江镇南果花香气象观测站,110.6,21.8,1,"B,X",2009-01-01 00:00:00
广东,粤西,茂名,高州市,云潭镇,G7866,高州市云潭镇国家气象观测站,111.2,21.8,1,B,2009-02-01 00:00:00
广东,粤西,茂名,高州市,石板镇,G7867,高州市石板镇气象观测站,110.6,22.2,1,B,2009-02-01 00:00:00
广东,粤西,茂名,高州市,大井镇,G7868,高州市大井镇气象观测站,110.8,22.1,1,B,2009-02-01 00:00:00
广东,粤西,茂名,高州市,石鼓镇,G7869,高州市石鼓祥山气象观测站,110.8,21.7,1,B,2014-11-14 00:00:00
广东,粤西,茂名,高州市,新垌镇,G7900,高州市新垌云炉气象观测站,111.1,21.9,1,B,2015-12-11 00:00:00
广东,粤西,茂名,高州市,马贵镇,G7901,高州市马贵厚园气象观测站,111.4,22.3,1,B,2015-12-17 00:00:00
广东,粤西,茂名,高州市,大井镇,G7902,高州市大井镇木广垌国家气象观测站,110.7,22.2,1,B,2015-11-23 00:00:00
广东,粤西,茂名,高州市,东岸镇,G7903,高州市东岸镇石古垌国家气象观测站,111,22.3,1,B,2015-11-28 00:00:00
广东,粤西,茂名,高州市,山美街道,G7904,高州市山美街道气象观测站,110.9,21.9,1,B,2016-02-24 00:00:00
广东,粤西,茂名,高州市,古丁镇,G7905,高州市古丁镇气象观测站,111.1,22.1,1,B,2016-02-03 00:00:00
广东,粤西,茂名,高州市,南塘镇,G7906,高州市南塘彭村气象观测站,110.9,21.9,1,B,2017-12-30 00:00:00
广东,粤西,茂名,高州市,潘州街道,G7907,高州市文笔岭公园气象观测站,110.9,21.9,1,B,2017-12-30 00:00:00
广东,粤西,茂名,高州市,宝光街道,G7908,高州市宝光顿梭中学气象观测站,110.8,21.9,1,B,2017-12-30 00:00:00
广东,粤西,茂名,高州市,曹江镇,G7909,高州市曹江镇罗平气象观测站,111,22.1,1,B,2019-07-22 00:00:00
广东,粤西,茂名,高州市,长坡镇,G7910,高州市长坡镇周垌气象观测站,111.1,22.1,1,B,2023-05-18 00:00:00
广东,粤西,茂名,电白区,南海街道,G7911,电白区南海街道海滨路茂名海洋台气象观测站,111.2,21.4,0,"B,C,Q,X",2011-06-22 00:00:00
广东,粤西,茂名,茂南区,金塘镇,G7912,茂南区金塘镇人民路气象观测站,110.8,21.8,1,"B,X",2009-05-01 00:00:00
广东,粤西,茂名,茂南区,公馆镇,G7913,茂南区公馆镇国家气象观测站,110.8,21.7,1,"B,X",2008-12-31 00:00:00
广东,粤西,茂名,茂南区,公馆镇,G7914,茂南区公馆镇塘边街气象观测站,110.8,21.7,1,"B,X",2012-12-10 00:00:00
广东,粤西,茂名,茂南区,茂南区辖区,G7915,茂南区高山镇铜鼓岭国家气象观测站,110.8,21.6,1,"B,X",2012-12-14 00:00:00
广东,粤西,茂名,电白区,坡心镇,G7916,茂南区袂花镇白坟坡村气象观测站,110.9,21.6,1,"B,X",2012-11-23 00:00:00
广东,粤西,茂名,电白区,坡心镇,G7917,电白区坡心镇为民路气象观测站,111.1,21.7,1,"B,X,p",2012-12-03 00:00:00
广东,粤西,茂名,化州市,鉴江街道,G7918,茂名山底岭火车站气象观测站,110.8,21.7,1,B,2017-04-28 00:00:00
广东,粤西,茂名,茂南区,新坡镇,G7919,茂南区露天矿街道采矿路气象观测站,110.9,21.6,1,B,2018-02-09 00:00:00
广东,粤西,茂名,电白区,电城镇,G7920,电白区电城镇鸡打港气象观测站,111.4,21.6,1,B,2018-02-01 00:00:00
广东,粤西,茂名,电白区,南海街道,G7921,电白区高地街道澳内海渔港气象观测站,111,21.5,1,B,2019-12-16 00:00:00
广东,粤西,茂名,电白区,电城镇,G7922,东华能源,111.5,21.5,1,B,2024-07-08 00:00:00
广东,粤西,茂名,电白区,南海街道,G7923,茂名市电白区茂名海洋台气象观测站1,111.1,21.5,0,B,2026-01-14 00:00:00
广东,粤西,茂名,电白区,南海街道,G7924,电白区博贺镇茂石化水东港码头气象观测站,111,21.5,1,B,2026-01-14 00:00:00
广东,粤西,茂名,电白区,南海街道,G7925,博贺镇茂石化水东港码头气象观测站1,111.1,21.5,1,B,2026-01-14 00:00:00
广东,粤西,茂名,茂南区,公馆镇,G7926,茂名市体育运动学校气象观测站,110.8,21.7,1,B,2026-07-13 00:00:00
广东,粤西,茂名,电白区,七迳镇,G7927,茂名市奥体中心气象观测站,111,21.5,1,B,2026-07-13 00:00:00
广东,粤西,茂名,高州市,东岸镇,G7956,高州市东岸镇石陂村交通气象站,110.8,22.1,1,"B,U",2026-04-15 00:00:00
广东,粤西,茂名,高州市,东岸镇,G7957,包茂高速东岸镇双利村气象观测站,111,22.1,1,"B,U",2026-04-15 00:00:00
广东,粤西,茂名,高州市,谢鸡镇,G7958,高州市谢鸡镇义山村气象观测站,110.9,22,1,"B,U",2026-03-05 00:00:00
广东,粤西,茂名,电白区,林头镇,G7959,电白区林头镇黄阳村气象观测站,111,21.7,1,"B,U",2026-03-05 00:00:00
广东,粤西,茂名,信宜市,平塘镇,G7960,云茂高速平塘镇北南林屋村交通气象站,111.2,22.4,1,"B,U",2025-12-14 00:00:00
广东,粤西,茂名,信宜市,白石镇,G7961,云茂高速白石镇白鸡村交通气象站,111.2,22.4,1,"B,U",2025-12-14 00:00:00
广东,粤西,茂名,信宜市,丁堡镇,G7962,云茂高速丁堡镇旺坑村交通气象站,111,22.2,1,"B,U",2025-12-11 00:00:00
广东,粤西,云浮,罗定市,罗平镇,G7963,云茂高速罗平镇平垌村交通气象站,111.6,22.6,1,"B,U",2025-12-19 00:00:00
广东,粤西,茂名,电白区,观珠镇,G7964,阳化高速观珠镇樟木桐村交通站,111.2,21.8,1,"B,U",2026-01-04 00:00:00
广东,粤西,阳江,阳春市,八甲镇,G7965,阳化高速八甲镇安马村交通气象站,111.5,21.9,1,"B,U",2026-01-04 00:00:00
广东,粤西,茂名,化州市,杨梅镇,G7966,茂名化州沈海高速交通站,110.6,21.5,1,B,2025-10-14 00:00:00
广东,粤西,茂名,电白区,那霍镇,G7967,茂名电白汕湛高速交通站,111.3,22,1,B,2025-10-14 00:00:00
广东,粤西,茂名,信宜市,怀乡镇,G7968,茂名信宜包茂高速交通站,111,22.6,1,B,2025-10-14 00:00:00
广东,粤西,茂名,电白区,旦场镇,G7969,电白区德育教育基地国家气象观测站,111.1,21.6,1,B,2018-04-29 00:00:00
广东,珠三角,肇庆,怀集县,幸福街道,G8001,怀集幸福大坑山林场气象观测站,112.3,23.8,1,B,2007-11-30 00:00:00
广东,珠三角,肇庆,怀集县,大岗镇,G8002,怀集大岗气象观测站,112.1,23.8,1,"B,X",2007-11-30 00:00:00
广东,珠三角,肇庆,怀集县,下帅壮族瑶族乡,G8003,怀集下帅气象观测站,112.2,24.2,1,B,2007-11-30 00:00:00
广东,珠三角,肇庆,怀集县,梁村镇,G8004,怀集梁村气象观测站,111.9,24,1,"B,X",2007-12-01 00:00:00
广东,珠三角,肇庆,怀集县,坳仔镇,G8005,怀集坳仔气象观测站,112.3,23.7,1,"B,X",2007-11-30 00:00:00
广东,珠三角,肇庆,怀集县,永固镇,G8006,怀集永固国家气象观测站,112.1,23.7,1,"B,X",2007-11-30 00:00:00
广东,珠三角,肇庆,怀集县,汶朗镇,G8007,怀集汶朗气象观测站,112.2,24,1,"B,X",2007-11-30 00:00:00
广东,珠三角,肇庆,怀集县,蓝钟镇,G8008,怀集蓝钟下竹水库气象观测站,111.9,24.2,1,B,2007-11-30 00:00:00
广东,珠三角,肇庆,怀集县,冷坑镇,G8009,怀集冷坑三坑水库气象观测站,112.1,24.1,1,"B,X",2007-12-31 00:00:00
广东,珠三角,肇庆,怀集县,连麦镇,G8010,怀集连麦气象观测站,112.1,24,1,"B,X",2007-11-30 00:00:00
广东,珠三角,肇庆,怀集县,洽水镇,G8011,怀集洽水大洞田气象观测站,112.3,24.3,1,B,2007-11-30 00:00:00
广东,珠三角,肇庆,怀集县,洽水镇,G8012,怀集洽水高塘电站气象观测站,112.3,24.2,1,B,2007-11-30 00:00:00
广东,珠三角,肇庆,怀集县,凤岗镇,G8013,怀集凤岗利民气象观测站,112.4,24.1,1,B,2007-11-30 00:00:00
广东,珠三角,肇庆,怀集县,甘洒镇,G8014,怀集甘洒国家气象观测站,112.3,23.9,1,"B,X",2012-11-09 00:00:00
广东,珠三角,肇庆,怀集县,岗坪镇,G8015,怀集岗坪气象观测站,111.9,24,1,B,2013-06-13 00:00:00
广东,珠三角,肇庆,怀集县,幸福街道,G8016,怀集幸福气象观测站,112,23.8,1,B,2013-06-16 00:00:00
广东,珠三角,肇庆,怀集县,洽水镇,G8017,怀集洽水新岗林场气象观测站,112.3,24.2,1,B,2013-06-16 00:00:00
广东,珠三角,肇庆,怀集县,冷坑镇,G8018,怀集冷坑气象观测站,111.9,23.9,1,B,2013-06-21 00:00:00
广东,珠三角,肇庆,怀集县,坳仔镇,G8019,怀集坳仔罗大气象观测站,112.4,23.9,1,B,2013-08-21 00:00:00
广东,珠三角,肇庆,怀集县,坳仔镇,G8020,怀集G55怀城服务区气象观测站,112.2,23.8,1,"B,U",2016-12-22 00:00:00
广东,珠三角,肇庆,怀集县,洽水镇,G8021,怀集洽水新湾水库国家气象观测站,112.3,24.1,1,B,2017-05-31 00:00:00
广东,珠三角,肇庆,怀集县,怀城街道,G8022,怀集怀城上郭气象观测站,112.1,23.9,1,B,2017-05-25 00:00:00
广东,珠三角,肇庆,怀集县,幸福街道,G8023,怀集华辰玫瑰园气象观测站,112.1,24,1,B,2020-12-08 00:00:00
广东,珠三角,肇庆,怀集县,诗洞镇,G8024,怀集诗洞六苏气象观测站,112.1,23.6,1,B,2020-12-08 00:00:00
广东,珠三角,肇庆,怀集县,怀城街道,G8025,怀集怀城登云亭气象观测站,112.2,24,1,B,2020-12-14 00:00:00
广东,珠三角,肇庆,怀集县,蓝钟镇,G8026,怀集蓝钟双兴气象观测站,111.9,24.3,1,B,2024-12-09 00:00:00
广东,珠三角,肇庆,怀集县,蓝钟镇,G8027,怀集蓝钟岳山林场气象观测站,112,24.2,1,B,2024-12-14 00:00:00
广东,珠三角,肇庆,怀集县,中洲镇,G8028,怀集中洲水下气象观测站,112.1,24.1,1,B,2024-12-04 00:00:00
广东,珠三角,肇庆,怀集县,中洲镇,G8029,怀集中洲三联气象观测站,112.1,24.1,1,B,2024-12-04 00:00:00
广东,珠三角,肇庆,怀集县,洽水镇,G8030,怀集洽水桂岭气象观测站,112.4,24.1,1,B,2024-12-06 00:00:00
广东,珠三角,肇庆,怀集县,凤岗镇,G8031,怀集凤岗黄石气象观测站,112.4,24,1,B,2024-12-10 00:00:00
广东,珠三角,肇庆,怀集县,冷坑镇,G8032,怀集冷坑桐光气象观测站,112.1,24,1,B,2024-12-15 00:00:00
广东,珠三角,肇庆,怀集县,甘洒镇,G8033,怀集甘洒南洞气象观测站,112.4,24,1,B,2024-12-05 00:00:00
广东,珠三角,肇庆,怀集县,桥头镇,G8034,怀集桥头丰大气象观测站,112,23.7,1,B,2024-12-12 00:00:00
广东,珠三角,肇庆,怀集县,诗洞镇,G8035,怀集诗洞金沙气象观测站,111.9,23.6,1,B,2024-12-11 00:00:00
广东,珠三角,肇庆,怀集县,坳仔镇,G8036,怀集坳仔上洞气象观测站,112.3,23.8,1,B,2025-10-13 00:00:00
广东,珠三角,肇庆,怀集县,冷坑镇,G8037,怀集冷坑谭福气象观测站,112.1,23.9,1,B,2025-10-15 00:00:00
广东,珠三角,肇庆,怀集县,岗坪镇,G8038,怀集岗坪地灵气象观测站,112,24.1,1,B,2025-10-23 00:00:00
广东,珠三角,肇庆,怀集县,马宁镇,G8039,怀集马宁金群气象观测站,112,24,1,B,2025-10-23 00:00:00
广东,珠三角,肇庆,怀集县,坳仔镇,G8040,广贺高速石川岭隧道应用气象观测站（交通）,112.3,23.6,1,B,2026-05-16 00:00:00
广东,珠三角,肇庆,广宁县,古水镇,G8051,广宁古水社区气象观测站,112.3,23.7,1,"B,X",2007-10-01 00:00:00
广东,珠三角,肇庆,广宁县,宾亨镇,G8052,广宁宾亨石涧气象观测站,112.4,23.5,1,"B,X",2007-10-01 00:00:00
广东,珠三角,肇庆,广宁县,潭布镇,G8053,广宁潭布国家气象观测站,112.5,23.6,1,"B,X",2007-10-01 00:00:00
广东,珠三角,肇庆,广宁县,洲仔镇,G8054,广宁洲仔清桂气象观测站,112.2,23.5,1,B,2007-10-01 00:00:00
广东,珠三角,肇庆,广宁县,宾亨镇,G8055,广宁宾亨社区气象观测站,112.4,23.5,1,"B,X",2007-10-01 00:00:00
广东,珠三角,肇庆,广宁县,木格镇,G8056,广宁木格社区气象观测站,112.1,23.6,1,"B,X",2007-12-01 00:00:00
广东,珠三角,肇庆,广宁县,排沙镇,G8057,广宁排沙社区气象观测站,112.4,23.5,1,"B,X",2007-12-01 00:00:00
广东,珠三角,肇庆,广宁县,南街街道,G8058,广宁南街螺源气象观测站,112.5,23.8,1,B,2007-12-01 00:00:00
广东,珠三角,肇庆,广宁县,横山镇,G8059,广宁横山社区气象观测站,112.3,23.6,1,"B,X",2007-12-01 00:00:00
广东,珠三角,肇庆,广宁县,石咀镇,G8060,广宁石咀社区气象观测站,112.2,23.6,1,B,2007-12-01 00:00:00
广东,珠三角,肇庆,广宁县,赤坑镇,G8061,广宁赤坑合坑气象观测站,112.4,23.9,1,B,2007-12-31 00:00:00
广东,珠三角,肇庆,广宁县,排沙镇,G8062,广宁排沙蚌溪气象观测站,112.5,23.6,1,B,2013-07-19 00:00:00
广东,珠三角,肇庆,广宁县,排沙镇,G8063,广宁排沙春水气象观测站,112.5,23.6,1,B,2016-12-22 00:00:00
广东,珠三角,肇庆,广宁县,北市镇,G8064,广宁北市浸米气象观测站,112.7,24,1,B,2016-12-27 00:00:00
广东,珠三角,肇庆,广宁县,南街镇,G8065,广宁中学气象观测站,112.5,23.7,1,B,2017-12-22 00:00:00
广东,珠三角,肇庆,广宁县,南街街道,G8066,广宁南街五一气象观测站,112.3,23.7,1,B,2017-04-11 00:00:00
广东,珠三角,肇庆,广宁县,潭布镇,G8067,广宁潭布拆石气象观测站,112.6,23.6,1,"B,Z",2024-10-09 00:00:00
广东,珠三角,肇庆,广宁县,宾亨镇,G8068,广宁宾亨中村应用气象观测站（农业）,112.5,23.4,1,"B,Z",2026-06-08 00:00:00
广东,珠三角,肇庆,广宁县,北市镇,G8069,广宁北市扶溪气象观测站,112.5,23.8,1,B,2020-11-26 00:00:00
广东,珠三角,肇庆,广宁县,坑口镇,G8070,广宁坑口下寨气象观测站,112.3,23.9,1,B,2024-11-20 00:00:00
广东,珠三角,肇庆,广宁县,古水镇,G8071,广宁古水大潘气象观测站,112.4,23.8,1,B,2025-05-15 00:00:00
广东,珠三角,肇庆,广宁县,坑口镇,G8072,广宁坑口大汕气象观测站,112.4,23.8,1,B,2025-05-15 00:00:00
广东,珠三角,肇庆,广宁县,坑口镇,G8073,广宁坑口上林气象观测站,112.4,23.9,1,B,2025-05-15 00:00:00
广东,珠三角,肇庆,广宁县,坑口镇,G8074,广宁坑口古兴气象观测站,112.4,23.7,1,B,2025-05-15 00:00:00
广东,珠三角,肇庆,广宁县,坑口镇,G8075,广宁坑口赤水气象观测站,112.5,23.8,1,B,2025-05-15 00:00:00
广东,珠三角,肇庆,广宁县,坑口镇,G8076,广宁坑口狮村气象观测站,112.4,23.8,1,B,2025-05-15 00:00:00
广东,珠三角,肇庆,广宁县,赤坑镇,G8077,广宁赤坑汶水气象观测站,112.5,23.8,1,B,2025-05-15 00:00:00
广东,珠三角,肇庆,广宁县,赤坑镇,G8078,广宁赤坑花山气象观测站,112.6,23.8,1,B,2025-05-15 00:00:00
广东,珠三角,肇庆,广宁县,赤坑镇,G8079,广宁赤坑合成气象观测站,112.5,23.8,1,B,2025-05-15 00:00:00
广东,珠三角,肇庆,广宁县,古水镇,G8080,广宁古水街尾气象观测站,112.3,23.8,1,B,2024-12-18 00:00:00
广东,珠三角,肇庆,广宁县,木格镇,G8081,广宁木格坪田矿气象观测站,112.1,23.4,1,B,2025-05-15 00:00:00
广东,珠三角,肇庆,广宁县,南街镇,G8082,广宁第一中学气象观测站,112.4,23.6,1,B,2025-08-21 00:00:00
广东,珠三角,肇庆,广宁县,螺岗镇,G8083,广宁螺岗学校气象观测站,112.6,23.7,1,B,2025-08-21 00:00:00
广东,珠三角,肇庆,广宁县,赤坑镇,G8084,广宁赤坑惠爱气象观测站,112.4,23.9,1,B,2025-08-21 00:00:00
广东,珠三角,肇庆,广宁县,南街镇,G8085,广宁南街扶楼气象观测站,112.4,23.7,1,B,2025-08-29 00:00:00
广东,珠三角,肇庆,广宁县,宾亨镇,G8086,二广高速宾亨石基应用气象观测站（交通）,112.5,23.6,1,"B,U",2026-05-15 00:00:00
广东,珠三角,肇庆,广宁县,赤坑镇,G8100,广宁赤坑社区气象观测站,112.5,23.9,1,B,2020-11-27 00:00:00
广东,珠三角,肇庆,封开县,罗董镇,G8101,封开罗董镇府气象观测站,111.5,23.4,1,"B,X",2007-10-01 00:00:00
广东,珠三角,肇庆,封开县,白垢镇,G8102,封开白垢镇府气象观测站,111.6,23.5,1,B,2007-10-01 00:00:00
广东,珠三角,肇庆,封开县,长岗镇,G8103,封开长岗镇府气象观测站,111.6,23.3,1,"B,X,g",2007-10-01 00:00:00
广东,珠三角,肇庆,封开县,金装镇,G8104,封开金装国家气象观测站,111.8,23.8,1,"B,X",2007-10-01 00:00:00
广东,珠三角,肇庆,封开县,杏花镇,G8105,封开杏花镇府气象观测站,111.7,23.5,1,"B,X",2007-10-01 00:00:00
广东,珠三角,肇庆,封开县,莲都镇,G8106,封开莲都国家气象观测站,111.8,23.6,1,"B,X",2007-10-01 00:00:00
广东,珠三角,肇庆,封开县,都平镇,G8107,封开都平镇府气象观测站,111.8,23.6,1,B,2007-10-01 00:00:00
广东,珠三角,肇庆,封开县,河儿口镇,G8109,封开河儿口深六气象观测站,111.9,23.5,1,B,2007-10-01 00:00:00
广东,珠三角,肇庆,封开县,平凤镇,G8112,封开平凤江川气象观测站,111.4,23.4,1,B,2010-03-11 00:00:00
广东,珠三角,肇庆,封开县,江口镇,G8113,封开江口红卫气象观测站,111.5,23.4,1,B,2012-07-11 00:00:00
广东,珠三角,肇庆,封开县,罗董镇,G8114,封开罗董思寮气象观测站,111.5,23.3,1,B,2013-07-31 00:00:00
广东,珠三角,肇庆,封开县,平凤镇,G8115,封开平凤平岗气象观测站,111.5,23.4,1,B,2013-08-31 00:00:00
广东,珠三角,肇庆,封开县,莲都镇,G8116,封开莲都河口气象观测站,111.9,23.7,1,B,2013-08-31 00:00:00
广东,珠三角,肇庆,封开县,大玉口镇,G8117,封开大玉口镇府气象观测站,111.7,23.7,1,B,2013-08-31 00:00:00
广东,珠三角,肇庆,封开县,河儿口镇,G8118,封开河儿口镇府气象观测站,111.7,23.5,1,B,2013-08-20 00:00:00
广东,珠三角,肇庆,封开县,江口镇,G8119,封开江口贺江电厂气象观测站,111.6,23.5,1,B,2016-12-28 00:00:00
广东,珠三角,肇庆,封开县,大洲镇,G8122,封开大洲镇府气象观测站,111.6,23.4,1,B,2021-01-01 00:00:00
广东,珠三角,肇庆,封开县,河儿口镇,G8123,封开河儿口龙山景区气象观测站,111.8,23.5,1,B,2021-01-01 00:00:00
广东,珠三角,肇庆,封开县,江口镇,G8124,封开水上运动休闲中心气象观测站,111.5,23.6,1,"B,f",2025-04-17 00:00:00
广东,珠三角,肇庆,封开县,江口街道,G8125,封开江口台洞气象观测站,111.5,23.5,1,"B,f",2025-04-17 00:00:00
广东,珠三角,肇庆,封开县,长岗镇,G8126,封开长岗周黎气象观测站,111.6,23.3,1,"B,f",2025-04-17 00:00:00
广东,珠三角,肇庆,封开县,平凤镇,G8127,封开平凤界首气象观测站,111.5,23.4,1,"B,f",2025-04-17 00:00:00
广东,珠三角,肇庆,封开县,渔涝镇,G8128,封开渔涝石便气象观测站,111.7,23.6,1,"B,f",2025-04-17 00:00:00
广东,珠三角,肇庆,封开县,河儿口镇,G8129,封开农科所实验田气象观测站,111.8,23.5,1,"B,f",2025-04-17 00:00:00
广东,珠三角,肇庆,封开县,都平镇,G8130,封开都平清水湾气象观测站,111.8,23.6,1,"B,f",2025-04-17 00:00:00
广东,珠三角,肇庆,封开县,大玉口镇,G8131,封开大玉口赤黎气象观测站,111.8,23.8,1,"B,f",2025-04-17 00:00:00
广东,珠三角,肇庆,封开县,长安镇,G8132,封开长安今宝气象观测站,111.9,23.9,1,"B,f",2025-04-17 00:00:00
广东,珠三角,肇庆,封开县,连都镇,G8133,封开莲都文华气象观测站,111.8,23.6,1,"B,f",2025-04-17 00:00:00
广东,珠三角,肇庆,封开县,河儿口镇,G8134,封开河儿口向阳气象观测站,111.9,23.4,1,"B,f",2025-04-17 00:00:00
广东,珠三角,肇庆,封开县,杏花镇,G8135,封开杏花三联气象观测站,111.8,23.5,1,"B,f",2025-04-17 00:00:00
广东,珠三角,肇庆,封开县,罗董镇,G8136,封开罗董扶塘气象观测站,111.7,23.3,1,"B,f",2025-04-17 00:00:00
广东,珠三角,肇庆,封开县,长岗镇,G8137,封开长岗旺村气象观测站,111.6,23.3,1,"B,f",2025-04-17 00:00:00
广东,珠三角,肇庆,封开县,南丰镇,G8138,封开南丰开明气象观测站,111.9,23.9,1,"B,f",2025-04-17 00:00:00
广东,珠三角,肇庆,封开县,渔涝镇,G8139,封开麒麟山底气象观测站,111.7,23.5,1,"B,f",2025-04-17 00:00:00
广东,珠三角,肇庆,封开县,渔涝镇,G8140,封开麒麟山中气象观测站,111.7,23.5,1,"B,f",2025-04-17 00:00:00
广东,珠三角,肇庆,封开县,白垢镇,G8141,封开麒麟山顶气象观测站,111.7,23.4,1,"B,f",2025-04-17 00:00:00
广东,珠三角,肇庆,德庆县,新圩镇,G8148,德庆德城双鱼山气象观测站,111.8,23.1,1,B,2022-01-25 00:00:00
广东,珠三角,肇庆,德庆县,凤村镇,G8149,德庆凤村匝村气象观测站,112,23.3,1,B,2021-03-03 00:00:00
广东,珠三角,肇庆,德庆县,官圩镇,G8150,德庆官圩贡柑产业园基地气象观测站,111.8,23.3,1,B,2021-01-15 00:00:00
广东,珠三角,肇庆,德庆县,官圩镇,G8151,德庆官圩国家气象观测站,111.8,23.4,1,"B,X",2007-11-30 00:00:00
广东,珠三角,肇庆,德庆县,回龙镇,G8152,德庆回龙气象观测站,111.8,23.3,1,"B,X",2007-11-30 00:00:00
广东,珠三角,肇庆,德庆县,九市镇,G8153,德庆九市气象观测站,111.9,23.1,1,"B,X",2007-11-30 00:00:00
广东,珠三角,肇庆,德庆县,武垄镇,G8154,德庆播植武垄气象观测站,112.3,23.3,1,"B,X",2007-11-30 00:00:00
广东,珠三角,肇庆,德庆县,播植镇,G8155,德庆播植气象观测站,112.1,23.4,1,"B,X",2007-11-30 00:00:00
广东,珠三角,肇庆,德庆县,永丰镇,G8156,德庆永丰气象观测站,112.1,23.3,1,"B,X",2008-11-01 00:00:00
广东,珠三角,肇庆,德庆县,高良镇,G8157,德庆高良茸草水库气象观测站,112,23.4,1,B,2008-11-30 00:00:00
广东,珠三角,肇庆,德庆县,马圩镇,G8158,德庆马圩气象观测站,111.8,23.2,1,"B,X",2008-11-01 00:00:00
广东,珠三角,肇庆,德庆县,三叉顶林场,G8159,德庆莫村三叉顶林场气象观测站,112,23.5,1,B,2008-11-01 00:00:00
广东,珠三角,肇庆,德庆县,德城街道,G8160,德庆德城高街气象观测站,111.8,23.1,1,B,2012-07-17 00:00:00
广东,珠三角,肇庆,德庆县,新圩镇,G8161,德庆德城大同气象观测站,111.9,23.2,1,B,2012-09-30 00:00:00
广东,珠三角,肇庆,德庆县,新圩镇,G8162,德庆新圩格木贡柑示范园自动站,111.8,23.1,1,B,2013-06-08 00:00:00
广东,珠三角,肇庆,德庆县,官圩镇,G8163,德庆官圩气象观测站,111.8,23.3,1,"B,X",2013-07-08 00:00:00
广东,珠三角,肇庆,德庆县,新圩镇,G8164,德庆德城河东气象观测站,111.9,23.1,1,B,2013-07-08 00:00:00
广东,珠三角,肇庆,德庆县,九市镇,G8165,德庆九市留村气象观测站,112,23.1,1,B,2013-09-05 00:00:00
广东,珠三角,肇庆,德庆县,悦城镇,G8166,德庆悦城永增气象观测站,112.1,23.2,1,B,2013-08-08 00:00:00
广东,珠三角,肇庆,德庆县,悦城镇,G8167,德庆悦城云邦气象观测站,112.2,23.2,1,B,2013-09-05 00:00:00
广东,珠三角,肇庆,德庆县,回龙镇,G8168,德庆回龙回龙气象观测站,111.7,23.2,1,B,2016-12-28 00:00:00
广东,珠三角,肇庆,德庆县,悦城镇,G8169,德庆悦城中地气象观测站,112.2,23.1,1,B,2016-12-27 00:00:00
广东,珠三角,肇庆,德庆县,马圩镇,G8170,德庆马圩罗横气象观测站,111.9,23.2,1,B,2025-04-16 00:00:00
广东,珠三角,肇庆,德庆县,高良镇,G8171,德庆高良万星气象观测站,111.9,23.3,1,B,2025-04-16 00:00:00
广东,珠三角,肇庆,德庆县,武垄镇,G8172,德庆播植罗冲气象观测站,112.2,23.3,1,B,2025-04-16 00:00:00
广东,珠三角,肇庆,德庆县,回龙镇,G8173,德庆回龙建发气象观测站,111.6,23.2,1,B,2025-04-16 00:00:00
广东,珠三角,肇庆,德庆县,回龙镇,G8174,德庆回龙宾村气象观测站,111.8,23.2,1,B,2025-04-16 00:00:00
广东,珠三角,肇庆,德庆县,高良镇,G8175,德庆高良江南气象观测站,112,23.3,1,B,2025-04-16 00:00:00
广东,珠三角,肇庆,德庆县,高良镇,G8176,德庆高良官村气象观测站,111.9,23.3,1,B,2025-04-16 00:00:00
广东,珠三角,肇庆,德庆县,莫村镇,G8177,德庆莫村曙光气象观测站,112.2,23.5,1,B,2025-04-16 00:00:00
广东,珠三角,肇庆,德庆县,莫村镇,G8178,德庆莫村大田气象观测站,112.1,23.4,1,B,2025-04-16 00:00:00
广东,珠三角,肇庆,德庆县,永丰镇,G8179,德庆永丰荔枝气象观测站,112,23.4,1,B,2025-04-16 00:00:00
广东,珠三角,肇庆,德庆县,播植镇,G8180,德庆播植新合气象观测站,112.2,23.3,1,B,2025-04-16 00:00:00
广东,珠三角,肇庆,德庆县,凤村镇,G8181,德庆凤村吉利气象观测站,112.1,23.3,1,B,2025-04-16 00:00:00
广东,珠三角,肇庆,德庆县,悦城镇,G8182,德庆悦城洲林气象观测站,112.2,23.2,1,B,2025-04-16 00:00:00
广东,珠三角,肇庆,德庆县,官圩镇,G8183,德庆官圩冲源水库气象观测站,111.7,23.3,1,B,2025-04-16 00:00:00
广东,珠三角,肇庆,四会市,迳口镇,G8188,四会盛科农业养殖场气象观测站,112.8,23.6,1,B,2026-02-14 00:00:00
广东,珠三角,肇庆,四会市,黄田镇,G8189,四会黄田沙糖桔园气象观测站,112.4,23.5,1,B,2025-11-24 00:00:00
广东,珠三角,肇庆,四会市,威整镇,G8190,四会威整大洲气象观测站,112.7,23.7,1,B,2024-12-17 00:00:00
广东,珠三角,肇庆,四会市,江谷镇,G8191,四会江谷新屋气象观测站,112.6,23.6,1,B,2024-12-17 00:00:00
广东,珠三角,肇庆,四会市,石狗镇,G8192,四会石狗程村气象观测站,112.6,23.4,1,B,2024-12-17 00:00:00
广东,珠三角,肇庆,四会市,大沙镇,G8193,四会大沙隆马气象观测站,112.7,23.3,1,B,2024-12-17 00:00:00
广东,珠三角,肇庆,四会市,大沙镇,G8194,四会大沙仁马气象观测站,112.7,23.2,1,B,2024-12-17 00:00:00
广东,珠三角,肇庆,四会市,黄田镇,G8195,四会黄田黎崀气象观测站,112.6,23.5,1,B,2024-12-17 00:00:00
广东,珠三角,肇庆,四会市,黄田镇,G8196,四会黄田江头气象观测站,112.6,23.4,1,B,2024-12-17 00:00:00
广东,珠三角,肇庆,四会市,贞山街道,G8197,四会体育馆气象观测站,112.7,23.4,1,"B,p,r",2024-12-17 00:00:00
广东,珠三角,肇庆,四会市,龙甫镇,G8198,四会龙甫龙头气象观测站,112.7,23.4,1,B,2024-12-17 00:00:00
广东,珠三角,肇庆,四会市,迳口镇,G8199,四会迳口下寮气象观测站,112.8,23.5,1,B,2024-12-17 00:00:00
广东,珠三角,肇庆,四会市,地豆镇,G8200,四会地豆水车气象观测站,112.7,23.5,1,B,2024-12-17 00:00:00
广东,珠三角,肇庆,四会市,威整镇,G8201,四会威整电站气象观测站,112.8,23.6,1,"B,X",2008-11-30 00:00:00
广东,珠三角,肇庆,四会市,地豆镇,G8202,四会地豆气象观测站,112.8,23.6,1,"B,X",2008-11-30 00:00:00
广东,珠三角,肇庆,四会市,石狗镇,G8203,四会石狗气象观测站,112.5,23.4,1,"B,X,g",2008-11-30 00:00:00
广东,珠三角,肇庆,四会市,城中街道,G8204,四会城中气象观测站,112.6,23.3,1,B,2021-01-01 00:00:00
广东,珠三角,肇庆,四会市,罗源镇,G8205,四会罗源气象观测站,112.7,23.5,1,"B,X",2010-02-02 00:00:00
广东,珠三角,肇庆,四会市,贞山街道,G8206,四会贞山综治中心气象观测站,112.8,23.4,1,B,2021-01-01 00:00:00
广东,珠三角,肇庆,四会市,迳口镇,G8207,四会迳口气象观测站,112.7,23.6,1,"B,X",2008-11-30 00:00:00
广东,珠三角,肇庆,四会市,下茆镇,G8208,四会下茆桔子景区气象观测站,112.6,23.4,1,B,2021-01-02 00:00:00
广东,珠三角,肇庆,四会市,下茆镇,G8209,四会下茆气象观测站,112.6,23.3,1,"B,X",2008-11-30 00:00:00
广东,珠三角,肇庆,四会市,龙甫镇,G8211,四会龙甫气象观测站,112.8,23.3,1,B,2010-02-02 00:00:00
广东,珠三角,肇庆,四会市,下茆镇,G8212,四会下茆龙湾学校气象观测站,112.7,23.5,1,B,2012-12-15 00:00:00
广东,珠三角,肇庆,四会市,威整镇,G8213,四会威整政府气象观测站,112.8,23.6,1,B,2013-06-25 00:00:00
广东,珠三角,肇庆,四会市,江谷镇,G8214,四会江谷水库气象观测站,112.7,23.6,1,B,2013-06-08 00:00:00
广东,珠三角,肇庆,四会市,地豆镇,G8215,四会地豆大坑口水库气象观测站,112.7,23.5,1,B,2013-06-08 00:00:00
广东,珠三角,肇庆,四会市,大沙镇,G8216,四会大沙丰乐围气象观测站,112.6,23.4,1,B,2013-06-14 00:00:00
广东,珠三角,肇庆,四会市,石狗镇,G8217,四会石狗讴坑气象观测站,112.5,23.5,1,B,2013-08-22 00:00:00
广东,珠三角,肇庆,四会市,大沙镇,G8219,四会东城黄岗围气象观测站,112.9,23.2,1,B,2016-12-22 00:00:00
广东,珠三角,肇庆,四会市,大沙镇,G8220,四会大沙马房大桥气象观测站,112.7,23.2,1,B,2016-12-20 00:00:00
广东,珠三角,肇庆,四会市,东城街道,G8221,四会东城国家气象观测站,112.8,23.4,1,B,2017-06-16 00:00:00
广东,珠三角,肇庆,四会市,东城街道,G8222,四会华商学院气象观测站,112.8,23.4,1,B,2024-09-21 00:00:00
广东,珠三角,肇庆,四会市,东城街道,G8223,四会中学高中部气象观测站,112.7,23.3,1,B,2024-09-21 00:00:00
广东,珠三角,肇庆,高要区,莲塘镇,G8224,高要莲塘哈哈乐农耕文化园气象观测站,112.6,22.9,1,B,2024-04-04 00:00:00
广东,珠三角,肇庆,高要区,河台镇,G8225,高要河台双保气象观测站,112.3,23.4,1,B,2024-04-04 00:00:00
广东,珠三角,肇庆,高要区,金渡镇,G8226,高要金渡西头社区气象观测站,112.5,23,1,B,2024-10-05 00:00:00
广东,珠三角,肇庆,高要区,乐城镇,G8227,高要乐城思可气象观测站,112.4,23.4,1,B,2024-04-04 00:00:00
广东,珠三角,肇庆,高要区,禄步镇,G8228,高要禄步螺村岗气象观测站,112.4,23.2,1,B,2024-04-04 00:00:00
广东,珠三角,肇庆,高要区,白诸镇,G8229,高要白诸新星气象观测站,112.2,23,1,B,2024-04-04 00:00:00
广东,珠三角,肇庆,高要区,活道镇,G8230,高要活道牛围气象观测站,112.4,22.9,1,B,2024-04-04 00:00:00
广东,珠三角,肇庆,高要区,金利镇,G8231,高要金利振星气象观测站,112.9,23,1,B,2024-04-04 00:00:00
广东,珠三角,肇庆,高要区,南岸街道,G8232,高要南岸科德居民委员会气象观测站,112.5,23,1,B,2024-04-03 00:00:00
广东,珠三角,肇庆,高要区,蛟塘镇,G8233,高要蛟塘龙剑气象观测站,112.7,22.9,1,B,2024-04-04 00:00:00
广东,珠三角,肇庆,高要区,白土镇,G8234,高要白土伟铭虾场气象观测站,112.7,23,1,B,2024-04-04 00:00:00
广东,珠三角,肇庆,高要区,大湾镇,G8235,高要大湾麦溪渔场气象观测站,112.3,23,1,B,2024-04-04 00:00:00
广东,珠三角,肇庆,高要区,白诸镇,G8236,高要白诸上洞气象观测站,112.2,23,1,B,2024-04-04 00:00:00
广东,珠三角,肇庆,高要区,白土镇,G8238,高要白土下山气象观测站,112.6,22.9,1,B,2021-11-09 00:00:00
广东,珠三角,肇庆,高要区,小湘镇,G8239,高要小湘三股气象观测站,112.5,23.2,1,B,2021-11-17 00:00:00
广东,珠三角,肇庆,高要区,水南镇,G8240,高要水南社坑气象观测站,112.4,23.4,1,B,2021-11-10 00:00:00
广东,珠三角,肇庆,高要区,禄步镇,G8241,高要禄步萨米特陶瓷厂气象观测站,112.3,23.2,1,B,2021-11-10 00:00:00
广东,珠三角,佛山,高明区,更合镇,G8242,高明更合奕庆气象观测站,112.5,22.8,1,B,2021-11-10 00:00:00
广东,珠三角,肇庆,高要区,乐城镇,G8243,高要乐城伍村气象观测站,112.4,23.3,1,B,2021-11-10 00:00:00
广东,珠三角,肇庆,高要区,金渡镇,G8244,高要金渡腰岗气象观测站,112.6,23,1,B,2021-11-18 00:00:00
广东,珠三角,肇庆,高要区,回龙镇,G8245,高要回龙猫爪谷旅游景区气象观测站,112.7,22.9,1,B,2021-11-09 00:00:00
广东,珠三角,肇庆,高要区,莲塘镇,G8246,高要莲塘汇龙农业生态园气象观测站,112.5,23,1,B,2021-11-09 00:00:00
广东,珠三角,肇庆,高要区,河台镇,G8247,高要河台廊源气象观测站,112.2,23.4,1,B,2021-11-18 00:00:00
广东,珠三角,肇庆,高要区,蛟塘镇,G8248,高要蛟塘金龙水库国家气象观测站,112.6,23,1,B,2017-01-22 00:00:00
广东,珠三角,肇庆,高要区,白诸镇,G8249,高要白诸气象观测站,112.3,22.9,1,B,2016-12-20 00:00:00
广东,珠三角,肇庆,高要区,蚬岗镇,G8250,高要G80蚬岗服务区气象观测站,112.6,23.1,1,B,2016-12-07 00:00:00
广东,珠三角,肇庆,高要区,白诸镇,G8251,高要白诸杨梅水库气象观测站,112.3,23,1,"B,X",2007-12-31 00:00:00
广东,珠三角,肇庆,高要区,大湾镇,G8252,高要大湾水利会气象观测站,112.4,23,1,"B,X",2007-12-31 00:00:00
广东,珠三角,肇庆,高要区,蚬岗镇,G8253,高要蚬岗水利会气象观测站,112.7,23,1,"B,X",2007-12-31 00:00:00
广东,珠三角,肇庆,高要区,小湘镇,G8254,高要小湘水利会气象观测站,112.4,23.1,1,"B,X",2007-12-31 00:00:00
广东,珠三角,肇庆,高要区,水南镇,G8255,高要水南初级中学气象观测站,112.4,23.2,1,B,2008-10-31 00:00:00
广东,珠三角,肇庆,高要区,莲塘镇,G8256,高要新桥水利会气象观测站,112.5,22.9,1,"B,X",2010-01-13 00:00:00
广东,珠三角,肇庆,高要区,金渡镇,G8257,高要金渡电排站气象观测站,112.6,23.1,1,"B,X",2008-10-31 00:00:00
广东,珠三角,肇庆,高要区,回龙镇,G8258,高要回龙水利会气象观测站,112.7,22.9,1,"B,X",2008-10-31 00:00:00
广东,珠三角,肇庆,高要区,蛟塘镇,G8259,高要蛟塘政府气象观测站,112.6,22.9,1,"B,X",2010-09-18 00:00:00
广东,珠三角,肇庆,高要区,莲塘镇,G8260,高要莲塘水利会气象观测站,112.5,22.9,1,"B,X",2008-10-31 00:00:00
广东,珠三角,肇庆,高要区,乐城镇,G8261,高要乐城国家气象观测站,112.3,23.3,1,"B,X",2008-10-31 00:00:00
广东,珠三角,肇庆,高要区,活道镇,G8262,高要活道明村气象观测站,112.3,22.9,1,B,2013-11-22 00:00:00
广东,珠三角,肇庆,高要区,蚬岗镇,G8263,高要蚬岗神坑水库气象观测站,112.6,23.2,1,B,2013-06-25 00:00:00
广东,珠三角,肇庆,高要区,金利镇,G8264,高要金利山斗气象观测站,112.7,23.1,1,B,2013-08-08 00:00:00
广东,珠三角,肇庆,高要区,回龙镇,G8265,高要回龙刘村气象观测站,112.6,22.9,1,B,2013-08-12 00:00:00
广东,珠三角,肇庆,高要区,南岸街道,G8267,高要一中气象观测站,112.5,23,1,B,2014-08-27 00:00:00
广东,珠三角,肇庆,高要区,乐城镇,G8268,高要区乐城镇肉桂厂,112.2,23.4,1,B,2014-09-15 00:00:00
广东,珠三角,肇庆,高要区,金利镇,G8269,高要金利肇庆高要海事处气象观测站,112.8,23.2,1,B,2016-12-07 00:00:00
广东,珠三角,肇庆,高要区,新桥镇,G8270,高要新桥泵站气象观测站,112.5,23.1,1,B,2024-12-04 00:00:00
广东,珠三角,肇庆,高要区,活道镇,G8271,高要活道水口气象观测站,112.4,22.8,1,B,2024-12-04 00:00:00
广东,珠三角,肇庆,高要区,水南镇,G8272,高要水南分界气象观测站,112.4,23.3,1,B,2024-12-04 00:00:00
广东,珠三角,佛山,高明区,更合镇,G8273,高明更合迳洞气象观测站,112.5,22.8,1,B,2024-12-04 00:00:00
广东,珠三角,肇庆,高要区,白土镇,G8274,高要白土大逻泵站气象观测站,112.6,23,1,B,2024-12-04 00:00:00
广东,珠三角,肇庆,高要区,白诸镇,G8275,高要白诸白沙泵站气象观测站,112.4,22.9,1,B,2024-12-04 00:00:00
广东,珠三角,肇庆,高要区,河台镇,G8276,高要河台三围气象观测站,112.2,23.3,1,B,2024-12-04 00:00:00
广东,珠三角,肇庆,高要区,蚬岗镇,G8277,高要蚬岗古迳气象观测站,112.6,23.1,1,B,2024-12-04 00:00:00
广东,珠三角,肇庆,高要区,金渡镇,G8278,高要金渡气象观测站,112.5,23,1,B,2024-12-04 00:00:00
广东,珠三角,肇庆,高要区,回龙镇,G8279,高要回龙旺洞气象观测站,112.6,22.9,1,B,2025-01-06 00:00:00
广东,珠三角,肇庆,高要区,小湘镇,G8280,高要小湘笋围气象观测站,112.4,23.2,1,B,2024-12-04 00:00:00
广东,珠三角,肇庆,高要区,金利镇,G8281,高要金利北门气象观测站,112.7,23.2,1,B,2024-12-04 00:00:00
广东,珠三角,肇庆,高要区,禄步镇,G8282,高要禄步大中小学气象观测站,112.2,23.1,1,B,2024-12-04 00:00:00
广东,珠三角,肇庆,高要区,乐城镇,G8283,高要乐城金鸡气象观测站,112.4,23.5,1,B,2024-12-04 00:00:00
广东,珠三角,肇庆,高要区,大湾镇,G8284,高要大湾朗第牛鼻咀水库气象观测站,112.3,23.1,1,B,2024-12-24 00:00:00
广东,珠三角,肇庆,高要区,莲塘镇,G8285,莲塘波西罗氏虾场气象观测站,112.6,23,1,B,2024-11-15 00:00:00
广东,珠三角,肇庆,四会市,大沙镇,G8287,四会大沙瓦窑气象观测站,112.7,23.3,1,B,2025-10-24 00:00:00
广东,珠三角,肇庆,四会市,江谷镇,G8289,四会清云高速公路管理中心气象观测站,112.6,23.4,1,"B,U",2025-10-14 00:00:00
广东,粤北,清远,清城区,龙塘镇,G8300,广东清远清城区龙塘镇高新技术区站,113.1,23.6,1,"B,X",2008-12-31 00:00:00
广东,粤北,清远,清城区,横荷街道,G8301,广东清远清城区横荷街道办站,113.1,23.6,1,"B,X",2008-12-31 00:00:00
广东,粤北,清远,清城区,东城街道,G8302,清城区东城街道办,113.1,23.8,1,B,2010-03-29 00:00:00
广东,粤北,清远,清城区,清远市国营银盏林场,G8303,清城区银盏林场管委会,113.2,23.5,1,B,2010-03-31 00:00:00
广东,粤北,清远,清城区,洲心街道,G8304,清城区洲心街,113,23.7,1,"B,X",2011-07-25 00:00:00
广东,粤北,清远,清城区,东城街道,G8306,清城东城白庙气象观测站,113.1,23.8,1,B,2014-08-07 00:00:00
广东,粤北,清远,清城区,飞来峡镇,G8307,清城区飞来峡文洞村气象观测站,113.1,23.7,1,B,2014-07-30 00:00:00
广东,粤北,清远,清城区,飞来峡镇,G8308,清城飞来峡高田气象观测站,113.2,23.9,1,B,2014-07-30 00:00:00
广东,粤北,清远,清城区,迎咀水库,G8311,广东省清远市清城区源潭镇迎咀水库,113.2,23.6,1,"B,X",2015-04-04 00:00:00
广东,粤北,清远,清城区,洲心街道,G8312,广东清远清城区江南水厂航道气象监测站,113.2,23.7,1,"B,g",2022-01-26 00:00:00
广东,粤北,清远,清城区,石角镇,G8313,广东清远水利枢纽航道气象监测站,112.9,23.6,1,"B,g",2022-01-25 00:00:00
广东,粤北,清远,英德市,连江口镇,G8315,清远英德市连江口镇航道气象监测站,113.2,24,1,"B,g",2022-01-25 00:00:00
广东,粤北,清远,阳山县,岭背镇,G8316,阳山县岭背镇犁头村农田小气候观测站,112.8,24.6,1,B,2022-08-11 00:00:00
广东,粤北,清远,阳山县,岭背镇,G8317,阳山县岭背镇犁头村农田小气候观测站,112.8,24.5,1,B,2024-07-12 00:00:00
广东,粤北,清远,清新区,山塘镇,G8320,清新山塘塘湾村气象观测站,112.9,23.6,1,"B,X",2008-12-31 00:00:00
广东,粤北,清远,清新区,太平镇,G8321,清新太平国家气象观测站,112.9,23.6,1,"B,X",2008-12-31 00:00:00
广东,粤北,清远,清新区,太平镇,G8322,清新太平大秦水库气象观测站,112.9,23.6,1,"B,X",2008-12-31 00:00:00
广东,粤北,清远,清新区,龙颈镇,G8323,清新龙颈国家气象观测站,112.8,23.9,1,"B,X",2009-01-01 00:00:00
广东,粤北,清远,清新区,浸潭镇,G8324,清新浸潭国家气象观测站,112.8,24,1,"B,X",2008-12-31 00:00:00
广东,粤北,清远,清新区,石潭镇,G8325,清新石潭新民街气象观测站,112.8,24,1,"B,X",2008-12-31 00:00:00
广东,粤北,清远,清新区,禾云镇,G8326,清新禾云禾云大道气象观测站,112.9,23.8,1,B,2012-08-15 00:00:00
广东,粤北,清远,清新区,笔架山林场,G8327,清新笔架山林场气象观测站,113.1,23.7,1,B,2012-08-15 00:00:00
广东,粤北,清远,清新区,龙颈镇,G8328,清新龙颈珠坑村气象观测站,112.9,23.9,1,B,2012-08-15 00:00:00
广东,粤北,清远,清新区,禾云镇,G8329,清新禾云风云水库气象观测站,113,24,1,B,2013-03-11 00:00:00
广东,粤北,清远,清新区,浸潭镇,G8330,清新浸潭桃源社区气象观测站,112.7,24.1,1,B,2012-08-15 00:00:00
广东,粤北,清远,清新区,龙颈镇,G8331,清新龙颈河洞社区气象观测站,112.9,23.8,1,B,2017-04-28 00:00:00
广东,粤北,清远,清新区,禾云镇,G8332,清新禾云北社村气象观测站,112.8,24,1,B,2017-04-28 00:00:00
广东,粤北,清远,清新区,浸潭镇,G8333,清新浸潭蕉坑村气象观测站,112.7,24,1,B,2018-02-24 00:00:00
广东,粤北,清远,清新区,太和镇,G8334,清新太和万寿村气象观测站,113,23.7,1,B,2018-01-20 00:00:00
广东,粤北,清远,清新区,太平镇,G8335,清新太平龙湾村气象观测站,112.8,23.8,1,B,2018-03-14 00:00:00
广东,粤北,清远,阳山县,杜步镇,G8336,许广上行K1205 000M应用气象观测站（交通站）,112.6,24.3,1,"B,U",2021-12-19 00:00:00
广东,粤北,清远,阳山县,阳城镇,G8337,许广上行K1180 000M应用气象观测站（交通站）,112.6,24.4,1,"B,U",2021-12-19 00:00:00
广东,粤北,清远,连南瑶族自治县,三江镇,G8338,许广下行K1136 650M应用气象观测站(交通站）,112.4,24.8,1,B,2021-12-23 00:00:00
广东,粤北,清远,英德市,沙口镇,G8340,英德沙口冬瓜铺国家气象观测站,113.4,24.4,1,B,2017-08-04 00:00:00
广东,粤北,清远,英德市,东华镇,G8341,英德市东华文策气象观测站,113.5,24.1,1,B,2017-06-14 00:00:00
广东,粤北,清远,英德市,连江口镇,G8342,英德连江口严村国家气象观测站,113.3,24.3,1,B,2017-06-05 00:00:00
广东,粤北,清远,英德市,英红镇,G8347,英德市英红镇省茶科所生态气象观测站,113.4,24.3,1,B,2024-07-12 00:00:00
广东,粤北,清远,英德市,英红镇,G8348,清远英德市英红镇省茶科所农田小气候站（二层）,113.4,24.3,1,B,2024-07-12 00:00:00
广东,粤北,清远,佛冈县,高岗镇,G8350,佛冈县高岗镇高岗居委气象观测站,113.5,24.1,1,"B,X",2007-12-31 00:00:00
广东,粤北,清远,佛冈县,水头镇,G8351,佛冈县水头镇水头居委气象观测站,113.6,23.9,1,"B,X",2007-12-31 00:00:00
广东,粤北,清远,佛冈县,石角镇,G8352,佛冈县石角镇龙塘村,113.4,23.9,1,"B,X",2007-12-31 00:00:00
广东,粤北,清远,佛冈县,龙山镇,G8353,佛冈县龙山镇学田村,113.4,23.7,1,"B,X",2009-04-30 00:00:00
广东,粤北,清远,佛冈县,迳头镇,G8354,佛冈县迳头镇迳头居委气象观测站,113.6,24,1,"B,X",2009-04-30 00:00:00
广东,粤北,清远,佛冈县,石角镇,G8355,佛冈县石角镇县城城东,113.6,23.8,1,"B,X",2010-01-28 00:00:00
广东,粤北,清远,佛冈县,汤塘镇,G8356,佛冈县汤塘镇汤塘居委,113.5,23.7,1,"B,X",2009-12-22 00:00:00
广东,粤北,清远,佛冈县,石角镇,G8357,佛冈县石角镇观山村,113.5,23.9,1,"B,X",2009-12-24 00:00:00
广东,粤北,清远,佛冈县,汤塘镇,G8358,佛冈县汤塘镇广佛产业园气象观测站,113.5,23.7,1,B,2013-04-16 00:00:00
广东,粤北,清远,佛冈县,水头镇,G8360,佛冈县水头镇潭洞村委气象观测站,113.6,23.8,1,B,2014-04-18 00:00:00
广东,粤北,清远,佛冈县,石角镇,G8361,佛冈县石角镇黄花村委气象观测站,113.6,23.9,1,B,2014-04-18 00:00:00
广东,粤北,清远,佛冈县,龙山镇,G8362,佛冈县龙山镇门楼富村气象观测站,113.5,23.8,1,B,2014-04-16 00:00:00
广东,粤北,清远,佛冈县,高岗镇,G8365,佛冈县高岗镇长江村气象观测站,113.5,24,1,B,2018-01-26 00:00:00
广东,粤北,清远,佛冈县,迳头镇,G8366,佛冈县迳头镇湖洋村气象观测站,113.8,23.9,1,B,2018-01-26 00:00:00
广东,粤北,清远,佛冈县,汤塘镇,G8367,佛冈县汤塘镇暖坑村气象观测站,113.5,23.7,1,B,2018-01-25 00:00:00
广东,粤北,清远,佛冈县,高岗镇,G8370,佛冈县高岗镇三江村气象观测站,113.7,24,1,B,2026-07-24 00:00:00
广东,粤北,清远,清城,龙塘,G8371,清远长隆3号应用气象观测站（旅游）,113.2,23.5,1,B,2026-07-17 00:00:00
广东,粤北,清远,连山壮族瑶族自治县,上帅镇,G8400,连山上帅气象观测站,112,24.3,1,"B,X",2007-12-31 00:00:00
广东,粤北,清远,连山壮族瑶族自治县,永和镇,G8401,连山县永和镇永联村,112,24.6,1,"B,X",2007-12-31 00:00:00
广东,粤北,清远,连山壮族瑶族自治县,福堂镇,G8402,连山县福堂镇龙口村,112,24.4,1,"B,X",2007-12-31 00:00:00
广东,粤北,清远,连山壮族瑶族自治县,禾洞农林场,G8403,连山县禾洞镇禾洞农林场,112,24.8,1,"B,X",2009-06-18 00:00:00
广东,粤北,清远,连山壮族瑶族自治县,福堂镇,G8404,连山县福堂镇天鹅湖水库,112.1,24.4,1,"B,X",2009-09-16 00:00:00
广东,粤北,清远,连山壮族瑶族自治县,吉田镇,G8405,连山县三水乡陶金坪水电站,111.9,24.6,1,B,2009-12-24 00:00:00
广东,粤北,清远,连山壮族瑶族自治县,小三江镇,G8406,清远连山小三江镇加田乡那贺三级电站,112.1,24.3,1,B,2013-05-07 00:00:00
广东,粤北,清远,连山壮族瑶族自治县,福堂镇,G8407,广东清远市连山县福堂镇梅洞村站,112,24.5,1,B,2013-05-07 00:00:00
广东,粤北,清远,连山壮族瑶族自治县,永和镇,G8408,广东清远市连山县永和镇上草乡站,111.9,24.6,1,B,2013-05-14 00:00:00
广东,粤北,清远,连山壮族瑶族自治县,永和镇,G8409,广东清远市连山县永和镇大富乡站,112.1,24.6,1,B,2013-05-09 00:00:00
广东,粤北,清远,连山壮族瑶族自治县,太保镇,G8410,广东清远市连山县太保镇黑山村站,112.2,24.7,1,B,2013-05-14 00:00:00
广东,粤北,清远,连山壮族瑶族自治县,太保镇,G8411,广东清远市连山县太保沙坪欧家村站,112.3,24.7,1,B,2016-03-08 00:00:00
广东,粤北,清远,连山壮族瑶族自治县,小三江镇,G8413,广东清远连山小三江加田站,112.2,24.3,1,B,2017-11-22 00:00:00
广东,粤北,清远,连山壮族瑶族自治县,永和镇,G8415,清远连山县永和镇巾子村委会金子山腰站（828米）,112.1,24.6,1,B,2019-06-20 00:00:00
广东,粤北,清远,连山壮族瑶族自治县,永和镇,G8416,清远连山县永和镇巾子村金子山顶站（1365米）,112.1,24.7,1,B,2019-10-29 00:00:00
广东,粤北,清远,连山壮族瑶族自治县,福堂镇,G8418,连山福堂镇德建水库气象观测站,112.1,24.5,1,B,2022-08-03 00:00:00
广东,粤北,清远,阳山县,阳城镇,G8419,阳山阳城城南东气象观测站,112.6,24.4,1,"B,Q",2022-01-25 00:00:00
广东,粤北,清远,连南瑶族自治县,涡水镇,G8420,连南县涡水镇镇区,112.3,24.6,1,"B,X",2008-12-31 00:00:00
广东,粤北,清远,连南瑶族自治县,寨岗镇,G8421,连南县寨岗镇石径村,112.4,24.5,1,"B,X",2008-12-31 00:00:00
广东,粤北,清远,连南瑶族自治县,三江镇,G8422,连南县三江镇大龙村,112.2,24.8,1,"B,X",2008-12-31 00:00:00
广东,粤北,清远,连南瑶族自治县,三排镇,G8423,连南县三排镇镇区,112.3,24.7,1,"B,X",2009-04-30 00:00:00
广东,粤北,清远,连南瑶族自治县,香坪镇,G8424,连南县香坪镇镇区,112.1,24.7,1,"B,X",2009-04-30 00:00:00
广东,粤北,清远,连南瑶族自治县,大麦山镇,G8425,连南县大麦山镇径口电站,112.2,24.5,1,"B,X",2009-04-30 00:00:00
广东,粤北,清远,连南瑶族自治县,三江镇,G8426,连南县三江镇东风路,112.2,24.8,1,"B,X",2009-09-22 00:00:00
广东,粤北,清远,连南瑶族自治县,寨岗镇,G8427,连南县寨岗镇金星小学,112.3,24.6,1,"B,X",2009-12-29 00:00:00
广东,粤北,清远,连南瑶族自治县,三江镇,G8428,连南县三江镇金坑村委,112.2,24.8,1,B,2013-03-04 00:00:00
广东,粤北,清远,连南瑶族自治县,大坪镇,G8429,连南县大坪镇牛路水村委,112.2,24.6,1,B,2013-03-05 00:00:00
广东,粤北,清远,连南瑶族自治县,涡水镇,G8430,连南县涡水镇六联村委,112.1,24.6,1,B,2013-03-07 00:00:00
广东,粤北,清远,连南瑶族自治县,香坪镇,G8431,连南县香坪镇盘石村委,112.1,24.4,1,B,2013-03-05 00:00:00
广东,粤北,清远,连南瑶族自治县,大麦山镇,G8432,连南县大麦山镇塘凼村委,112.3,24.5,1,B,2013-03-13 00:00:00
广东,粤北,清远,连南瑶族自治县,寨岗镇,G8433,连南县寨岗镇白水坑村委,112.4,24.5,1,B,2016-04-14 00:00:00
广东,粤北,清远,连南瑶族自治县,大麦山镇,G8435,连南县大麦山镇黄莲村委,112.1,24.4,1,B,2017-10-09 00:00:00
广东,粤北,清远,清城区,东城街道,G8437,清城区奥体中心气象观测站,113.1,23.7,1,"B,p,r",2022-08-10 00:00:00
广东,粤北,清远,连州市,三水瑶族乡,G8440,连州三水国家气象观测站,112.2,25.2,1,"B,X",2007-12-31 00:00:00
广东,粤北,清远,连州市,大路边镇,G8441,连州大路边气象观测站,112.6,25,1,"B,X",2007-12-31 00:00:00
广东,粤北,清远,连州市,龙坪镇,G8442,连州龙坪气象观测站,112.4,24.9,1,"B,X",2007-12-31 00:00:00
广东,粤北,清远,连州市,保安镇,G8443,连州保安气象观测站,112.3,24.8,1,"B,X",2007-12-31 00:00:00
广东,粤北,清远,连州市,大路边镇,G8444,连州大路边凤头岭国家气象观测站,112.6,25.1,1,"B,X",2009-05-27 00:00:00
广东,粤北,清远,连州市,星子镇,G8445,连州星子潭岭水库国家气象观测站,112.6,25.1,1,"B,X",2009-04-30 00:00:00
广东,粤北,清远,连州市,连州镇,G8446,连州北山社区气象观测站,112.4,24.7,1,"B,X",2009-09-26 00:00:00
广东,粤北,清远,连州市,龙坪镇,G8447,连州龙坪上兰靛水库国家气象观测站,112.6,24.8,1,B,2010-01-14 00:00:00
广东,粤北,清远,连州市,星子镇,G8448,连州大东山管理区气象观测站,112.7,24.9,1,B,2010-01-13 00:00:00
广东,粤北,清远,连州市,东陂镇,G8449,连州东陂气象观测站,112.3,25.1,1,"B,X",2010-01-20 00:00:00
广东,粤北,清远,连州市,瑶安瑶族乡,G8450,连州田心林场气象观测站,112.3,25.1,1,B,2011-11-17 00:00:00
广东,粤北,清远,连州市,三水瑶族乡,G8451,连州南风坳G537国道交通站,112.1,25.2,1,"B,U",2012-05-22 00:00:00
广东,粤北,清远,连州市,西江镇,G8452,连州西江高山村气象观测站,112.5,24.7,1,"B,X",2012-05-22 00:00:00
广东,粤北,清远,连州市,西岸镇,G8453,连州西岸清水气象观测站,112.2,25,1,B,2012-05-22 00:00:00
广东,粤北,清远,连州市,星子镇,G8454,连州星子清江村气象观测站,112.6,25,1,B,2012-11-01 00:00:00
广东,粤北,清远,连州市,大路边镇,G8455,连州大路边山塘村气象观测站,112.7,25.2,1,B,2012-11-14 00:00:00
广东,粤北,清远,连州市,三水瑶族乡,G8456,连州三水新八村气象观测站,112.4,25.2,1,B,2012-11-01 00:00:00
广东,粤北,清远,连州市,龙坪林场,G8457,连州大东山温泉度假村,112.7,24.8,1,B,2012-08-15 00:00:00
广东,粤北,清远,连州市,星子镇,G8458,连州市许广高速连州服务区,112.5,25,1,"B,U",2013-08-07 00:00:00
广东,粤北,清远,连州市,九陂镇,G8460,连州九陂国家气象观测站,112.3,24.7,1,B,2017-01-20 00:00:00
广东,粤北,清远,连州市,西岸镇,G8462,连州西岸榕树坪气象观测站,112.2,24.9,1,B,2017-12-26 00:00:00
广东,粤北,清远,连州市,丰阳镇,G8463,连州丰阳服务区气象观测站,112.2,25.1,1,B,2018-01-22 00:00:00
广东,粤北,清远,连州市,连州镇,G8464,连州昆陂村气象观测站,112.4,24.7,1,B,2018-01-23 00:00:00
广东,粤北,清远,连州市,九陂镇,G8465,连州九陂龙潭村气象观测站,112.4,24.6,1,B,2018-01-22 00:00:00
广东,粤北,清远,连州市,保安镇,G8467,连州保安新塘气象观测站,112.3,24.8,1,B,2018-02-11 00:00:00
广东,粤北,清远,连州市,保安镇,G8468,连州保安万家村气象观测站,112.5,24.9,1,B,2018-02-12 00:00:00
广东,粤北,清远,连州市,西江镇,G8469,连州西江高山农田小气候站,112.5,24.8,1,B,2019-07-22 00:00:00
广东,粤北,清远,阳山县,秤架瑶族乡,G8500,阳山县秤架乡二级电站国家气象观测站,112.9,24.9,1,"B,D",2008-01-03 00:00:00
广东,粤北,清远,阳山县,秤架瑶族乡,G8501,阳山县秤架镇横水,112.9,24.9,1,"B,D",2007-12-31 00:00:00
广东,粤北,清远,阳山县,秤架瑶族乡,G8502,阳山县秤架镇木桐山,113,24.8,1,"B,D",2007-12-31 00:00:00
广东,粤北,清远,阳山县,秤架瑶族乡,G8503,阳山县秤架镇太平洞村,113,24.8,1,"B,D",2007-12-31 00:00:00
广东,粤北,清远,阳山县,秤架瑶族乡,G8504,阳山县秤架镇横岗,112.9,25,1,"B,D",2007-12-31 00:00:00
广东,粤北,清远,阳山县,阳山县与乳源瑶族自治县争议地,G8505,阳山县秤架镇石坑崆,112.9,25,1,"B,D",2007-12-31 00:00:00
广东,粤北,清远,阳山县,太平镇,G8506,阳山县太平镇太平敬老院国家气象观测站,112.5,24.2,1,"B,X",2008-01-01 00:00:00
广东,粤北,清远,阳山县,青莲镇,G8507,阳山县青莲镇人民路,112.8,24.5,1,"B,X",2007-12-31 00:00:00
广东,粤北,清远,阳山县,黄坌镇,G8508,阳山县黄坌镇沿江路,112.7,24.7,1,"B,X",2007-12-31 00:00:00
广东,粤北,清远,阳山县,杜步镇,G8509,阳山县杜步镇俯前路,112.6,24.2,1,"B,X",2007-12-31 00:00:00
广东,粤北,清远,阳山县,江英镇,G8510,阳山县江英镇田心村,113,24.6,1,"B,X",2010-03-10 00:00:00
广东,粤北,清远,阳山县,岭背镇,G8511,阳山县岭背镇曹田坑水库国家气象观测站,112.7,24.7,1,"B,X",2009-12-24 00:00:00
广东,粤北,清远,阳山县,杜步镇,G8512,阳山县杜步镇清连高速阳山南服务站国家气象观测站,112.7,24.2,1,"B,X",2009-12-28 00:00:00
广东,粤北,清远,阳山县,大崀镇,G8513,阳山县大崀镇茶坑水库国家气象观测站,112.6,24.4,1,"B,X",2009-12-22 00:00:00
广东,粤北,清远,阳山县,阳城镇,G8514,阳山县阳城镇范村,112.6,24.5,1,"B,X",2009-12-29 00:00:00
广东,粤北,清远,阳山县,岭背镇,G8515,广东清远市阳山县岭背镇坑口村,112.7,24.7,1,B,2012-11-22 00:00:00
广东,粤北,清远,阳山县,小江镇,G8516,广东清远市阳山县小江镇石螺村,112.6,24.6,1,B,2012-11-22 00:00:00
广东,粤北,清远,阳山县,七拱镇,G8517,广东清远市阳山县七拱镇合上村,112.4,24.4,1,B,2012-11-22 00:00:00
广东,粤北,清远,阳山县,阳城镇,G8518,广东清远市阳山县阳城镇水口村,112.7,24.4,1,B,2012-11-22 00:00:00
广东,粤北,清远,阳山县,太平镇,G8519,阳山县太平镇镇杏棠供水站,112.5,24.2,1,B,2012-11-22 00:00:00
广东,粤北,清远,阳山县,太平镇,G8520,阳山太平白莲气象观测站,112.4,24.2,1,B,2015-04-16 00:00:00
广东,粤北,清远,阳山县,黎埠镇,G8521,黎埠扶村学校,112.5,24.5,1,B,2016-06-07 00:00:00
广东,粤北,清远,阳山县,小江镇,G8523,阳山县小江镇塘楼小学气象观测站,112.6,24.5,1,B,2018-05-21 00:00:00
广东,粤北,清远,阳山县,江英镇,G8524,广东清远市阳山县江英镇长富洞学校,113,24.4,1,B,2017-09-14 00:00:00
广东,粤北,清远,阳山县,太平镇,G8525,广东清远阳山县太平镇牛鼻小学,112.6,24.1,1,B,2018-05-14 00:00:00
广东,粤北,清远,阳山县,青莲镇,G8526,广东清远市阳山县青莲镇高峰卫生院,112.7,24.5,1,B,2017-05-05 00:00:00
广东,粤北,清远,阳山县,阳城镇,G8528,阳山水口农气象站,112.6,24.5,1,B,2019-03-22 00:00:00
广东,粤北,清远,阳山县,阳城镇,G8529,阳山县土壤水分站,112.7,24.4,1,B,2025-05-12 00:00:00
广东,粤北,清远,英德市,连江口镇,G8530,英德市连江口镇气象观测站,113.3,24,1,"B,X",2007-12-31 00:00:00
广东,粤北,清远,英德市,望埠镇,G8531,英德市望埠镇气象观测站,113.6,24.2,1,"B,X",2007-12-31 00:00:00
广东,粤北,清远,英德市,英红镇,G8532,英德市英红镇气象观测站,113.5,24.2,1,"B,X",2007-12-31 00:00:00
广东,粤北,清远,英德市,望埠镇,G8533,英德白石窑气象观测站,113.5,24.4,1,"B,X,g",2007-12-31 00:00:00
广东,粤北,清远,英德市,白沙镇,G8534,英德市白沙镇气象观测站,113.7,24.1,1,"B,X",2007-12-31 00:00:00
广东,粤北,清远,英德市,黎溪镇,G8535,英德黎溪国家气象观测站,113.3,23.9,1,"B,X",2008-01-01 00:00:00
广东,粤北,清远,英德市,大站镇,G8536,英德市大站镇气象观测站,113.4,24.2,1,"B,X",2007-12-31 00:00:00
广东,粤北,清远,英德市,石牯塘镇,G8537,英德市石牯塘镇气象观测站,113.2,24.4,1,"B,X",2007-12-31 00:00:00
广东,粤北,清远,英德市,石灰铺镇,G8538,英德石灰铺气象观测站,113.2,24.3,1,"B,X",2008-12-31 00:00:00
广东,粤北,清远,英德市,横石水镇,G8539,英德横石水气象观测站,113.8,24.5,1,"B,X",2008-12-31 00:00:00
广东,粤北,清远,英德市,水边镇,G8540,英德水边国家气象观测站,113.2,24.1,1,"B,X",2008-12-31 00:00:00
广东,粤北,清远,英德市,大洞镇,G8541,英德大洞气象观测站,113.1,24,1,"B,X",2008-12-31 00:00:00
广东,粤北,清远,英德市,波罗镇,G8542,英德波罗气象观测站,113,24.4,1,"B,X",2008-12-31 00:00:00
广东,粤北,清远,英德市,黄花镇,G8543,英德黄花气象观测站,112.9,24.2,1,"B,X",2008-12-31 00:00:00
广东,粤北,清远,英德市,青塘镇,G8544,英德青塘气象观测站,113.9,24.3,1,"B,X",2008-12-31 00:00:00
广东,粤北,清远,英德市,石牯塘镇,G8545,英德锦潭水库国家气象观测站,113.1,24.4,1,"B,X,d",2008-12-31 00:00:00
广东,粤北,清远,英德市,英城街道,G8546,英德英城气象观测站,113.4,24.2,1,"B,X",2010-01-29 00:00:00
广东,粤北,清远,英德市,横石塘镇,G8547,英德红茶谷国家气象观测站,113.4,24.3,1,"B,X",2009-12-22 00:00:00
广东,粤北,清远,英德市,英红镇,G8548,英德广乐英红服务区气象站,113.4,24.3,1,"B,X",2009-12-23 00:00:00
广东,粤北,清远,英德市,大站镇,G8549,英德长湖气象观测站,113.4,24.1,1,"B,X",2009-12-25 00:00:00
广东,粤北,清远,英德市,横石水镇,G8550,英德上空水库国家气象观测站,113.7,24.4,1,B,2010-04-23 00:00:00
广东,粤北,清远,英德市,东华镇,G8551,英德空子水库国家气象观测站,113.7,24.4,1,B,2011-05-27 00:00:00
广东,粤北,清远,英德市,大站镇,G8552,英德大站波罗坑气象观测站,113.3,24.1,1,"B,X",2009-12-25 00:00:00
广东,粤北,清远,英德市,望埠镇,G8553,英德枫树坪气象观测站,113.4,24.3,1,B,2009-12-25 00:00:00
广东,粤北,清远,英德市,黄花镇,G8554,英德黄花德岗气象观测站,112.8,24.4,1,B,2012-11-26 00:00:00
广东,粤北,清远,英德市,九龙镇,G8555,英德九龙桐油坪气象观测站,112.9,24.1,1,B,2012-11-26 00:00:00
广东,粤北,清远,英德市,大洞镇,G8556,英德大洞庙坑气象观测站,113.1,24,1,B,2012-11-28 00:00:00
广东,粤北,清远,英德市,下太镇,G8557,英德下太沙岗气象观测站,113.4,23.9,1,B,2012-11-27 00:00:00
广东,粤北,清远,英德市,东华镇,G8558,英德东华东升气象观测站,113.7,24.3,1,B,2012-12-05 00:00:00
广东,粤北,清远,英德市,横石塘镇,G8561,英德横石塘石门台气象观测站,113.3,24.5,1,"B,X",2015-11-30 00:00:00
广东,粤北,清远,英德市,波罗镇,G8563,英德波罗前进气象观测站,113.2,24.4,1,B,2017-08-10 00:00:00
广东,粤北,清远,英德市,大湾镇,G8564,英德大湾鸡蓬气象观测站,112.8,24.5,1,B,2017-08-01 00:00:00
广东,粤北,清远,英德市,含光镇,G8565,英德浛洸三江国家气象观测站,113.1,24.3,1,B,2017-08-03 00:00:00
广东,粤北,清远,英德市,西牛镇,G8566,英德西牛树山水库国家气象观测站,113.1,24.1,1,B,2017-07-03 00:00:00
广东,粤北,清远,英德市,石灰铺镇,G8567,英德石灰铺光明气象观测站,113.2,24.3,1,B,2017-06-19 00:00:00
广东,粤北,清远,英德市,英红镇,G8568,英德英红丰盛茶园气象观测站,113.3,24.4,1,B,2017-08-02 00:00:00
广东,粤北,清远,英德市,沙口镇,G8569,英德沙口群英气象观测站,113.5,24.5,1,B,2017-06-14 00:00:00
广东,粤东,揭阳,普宁市,赤岗镇,G8900,普宁赤岗镇东华屿村气象观测站,116.2,23.3,1,B,2012-12-10 00:00:00
广东,粤东,揭阳,普宁市,高埔镇,G8901,普宁高埔镇高埔村气象观测站,116,23.3,1,B,2012-12-07 00:00:00
广东,粤东,揭阳,普宁市,船埔镇,G8902,普宁船埔镇利坑村气象观测站,115.9,23.3,1,B,2012-12-09 00:00:00
广东,粤东,揭阳,普宁市,燎原街道,G8903,普宁市燎原街道渔新村气象观测站,116.1,23.3,1,B,2012-12-10 00:00:00
广东,粤东,揭阳,普宁市,梅林镇,G8904,普宁市梅林镇南阳村气象观测站,115.8,23.3,1,B,2012-12-09 00:00:00
广东,粤东,揭阳,普宁市,里湖镇,G8905,普宁市里湖镇竹林村气象观测站,116,23.3,1,B,2012-12-10 00:00:00
广东,粤东,揭阳,普宁市,鲘溪乡,G8906,普宁市后溪乡半径村气象观测站,115.7,23.1,1,B,2012-12-11 00:00:00
广东,粤东,揭阳,普宁市,云落镇,G8907,普宁市云落镇湖寨村气象观测站,116.1,23.2,1,B,2012-12-10 00:00:00
广东,粤东,揭阳,普宁市,大坪农场,G8908,普宁大坪农场石镜美村气象观测站,115.8,23.1,1,B,2014-02-26 00:00:00
广东,粤东,揭阳,普宁市,大池农场,G8909,普宁大池农场国家气象观测站,115.9,23.3,1,B,2017-05-31 00:00:00
广东,粤东,揭阳,普宁市,大南山街道,G8910,普宁市大南山街道陂沟村气象观测站,116.1,23.2,1,B,2017-07-18 00:00:00
广东,粤东,揭阳,普宁市,燎原街道,G8911,普宁市燎原街道泥沟村气象观测站,116.2,23.4,1,B,2017-12-02 00:00:00
广东,粤东,揭阳,普宁市,南溪镇,G8912,普宁南溪镇新溪村气象观测站,116.3,23.5,1,B,2018-04-25 00:00:00
广东,粤东,揭阳,普宁市,麒麟镇,G8913,普宁麒麟镇堆下村气象观测站,116.3,23.4,1,B,2018-04-28 00:00:00
广东,粤东,揭阳,普宁市,梅塘镇,G8914,普宁梅塘镇大东山村气象观测站,116.1,23.4,1,B,2018-04-29 00:00:00
广东,粤东,揭阳,普宁市,下架山镇,G8915,普宁下架山镇白沙溪水库气象观测站,116.2,23.1,1,B,2020-03-23 00:00:00
广东,粤东,揭阳,普宁市,大坝镇,G8916,普宁市大坝镇锡坑水库气象观测站,116.3,23.3,1,B,2020-03-23 00:00:00
广东,粤东,揭阳,普宁市,南径镇,G8917,普宁市南径镇新楼里水库气象观测站,116.2,23.4,1,B,2020-03-23 00:00:00
广东,粤东,揭阳,普宁市,大池农场,G8918,普宁市大池农场金山洞水库气象观测站,115.9,23.4,1,B,2020-03-23 00:00:00
广东,粤东,揭阳,普宁市,高埔镇,G8919,普宁市高埔镇高埔大道东气象观测站,116,23.2,1,B,2020-03-23 00:00:00
广东,粤东,揭阳,揭西县,南山镇,G8921,揭西大北山国家气象观测站,115.9,23.6,1,B,2017-03-01 00:00:00
广东,粤东,揭阳,揭西县,京溪园镇,G8922,揭西县京溪园镇新洪村,116,23.5,1,B,2017-11-15 00:00:00
广东,粤东,揭阳,揭西县,上砂镇,G8923,揭西县上砂镇社前居委,115.7,23.5,1,B,2018-03-31 00:00:00
广东,粤东,揭阳,揭西县,金和镇,G8924,揭西县金和镇山湖村,116.1,23.5,1,B,2019-07-22 00:00:00
广东,粤东,揭阳,揭西县,坪上镇,G8925,揭西县坪上镇石内村,115.8,23.4,1,B,2019-05-21 00:00:00
广东,粤东,揭阳,揭西县,良田乡,G8926,揭西县良田乡金坑村,115.7,23.5,1,B,2019-07-22 00:00:00
广东,粤东,揭阳,揭西县,五经富镇,G8927,揭西县五经富镇大洋,116,23.7,1,B,2019-07-22 00:00:00
广东,粤东,揭阳,揭西县,棉湖镇,G8928,揭西县棉湖镇鲤鱼沟村,116.2,23.5,1,B,2020-03-04 00:00:00
广东,粤东,揭阳,揭西县,五经富镇,G8929,揭西县五经富镇茶叶产业园,116,23.6,1,B,2020-03-04 00:00:00
广东,粤东,揭阳,揭西县,坪上镇,G8931,揭西县坪上镇石峡村,115.8,23.4,1,B,2020-03-04 00:00:00
广东,粤东,揭阳,揭西县,南山镇,G8932,揭西县南山镇大北山水库,115.9,23.5,1,B,2020-03-04 00:00:00
广东,粤东,揭阳,揭西县,河婆街道,G8933,揭西县河婆街道横江水库,115.7,23.6,1,B,2020-03-04 00:00:00
广东,粤东,揭阳,揭西县,坪上镇,G8934,甬莞高速坪上服务区应用气象观测站（交通）,115.9,23.4,1,"B,U",2021-12-27 00:00:00
广东,粤东,揭阳,揭西县,河婆街道,G8935,汕湛高速东岭隧道口应用气象观测站（交通）,115.9,23.6,1,"B,U",2021-12-26 00:00:00
广东,粤东,揭阳,揭西县,河婆街道,G8936,汕湛高速横江河特大桥应用气象观测站（交通）,115.9,23.5,1,"B,U",2021-12-26 00:00:00
广东,粤东,揭阳,揭西县,坪上镇,G8937,潮惠高速河婆气象观测站,115.9,23.4,1,"B,U",2026-04-24 00:00:00
广东,粤东,揭阳,惠来县,葵潭农场,G8941,惠来县葵潭农场惠民管区,116,23,1,B,2020-04-22 00:00:00
广东,粤东,揭阳,惠来县,东埔农场,G8942,惠来县东埔农场东湖居委尖山队,116.1,23,1,B,2020-04-22 00:00:00
广东,粤东,揭阳,惠来县,侨园镇,G8943,惠来县侨园镇新厝埕村,116.2,23,1,B,2017-11-15 00:00:00
广东,粤东,揭阳,惠来县,葵潭镇,G8944,惠来县葵潭镇陂美水库,116,23,1,B,2020-03-31 00:00:00
广东,粤东,揭阳,惠来县,华湖镇,G8945,惠来县华湖镇白塔水库,116.4,23.2,1,B,2020-03-31 00:00:00
广东,粤东,揭阳,惠来县,靖海镇,G8946,惠来县靖海镇坂美村,116.6,23,1,B,2020-03-31 00:00:00
广东,粤东,揭阳,惠来县,神泉镇,G8947,惠来县神泉镇神泉渔港,116.3,22.9,1,B,2020-03-31 00:00:00
广东,粤东,揭阳,惠来县,鳌江镇,G8948,惠来县鳌江镇三清村,116,22.9,1,B,2020-03-31 00:00:00
广东,粤东,揭阳,惠来县,惠城镇,G8949,惠来县船桥水库,116.1,23.2,1,B,2020-03-31 00:00:00
广东,粤东,揭阳,惠来县,仙庵镇,G8951,惠来县仙庵镇顶溪水库,116.5,23.1,1,B,2020-03-31 00:00:00
广东,粤东,揭阳,惠来县,溪西镇,G8952,惠来县溪西镇鲁阳村,116,23.1,1,B,2020-03-31 00:00:00
广东,粤东,揭阳,惠来县,惠城镇,G8953,惠来县惠城镇五福田村,116.1,23.2,1,B,2021-02-08 00:00:00
广东,粤东,揭阳,惠来县,惠城镇,G8954,惠来县惠城镇蜈蚣岭水库,116.2,23,1,B,2021-02-08 00:00:00
广东,粤东,揭阳,惠来县,东港镇,G8955,惠来县东港镇天子隙水库,116.1,23,1,B,2021-02-08 00:00:00
广东,粤东,揭阳,惠来县,前詹镇,G8956,惠来县前詹镇古杭水库,116.3,23,1,B,2021-02-08 00:00:00
广东,粤东,揭阳,惠来县,仙庵镇,G8957,惠来县仙庵镇塘华村,116.5,23.1,1,B,2021-02-08 00:00:00
广东,粤东,揭阳,惠来县,葵潭镇,G8958,惠来县葵潭镇青坑菠萝基地,116,23.2,1,B,2021-02-08 00:00:00
广东,粤东,揭阳,惠来县,岐石镇,G8959,惠来县岐石镇双梅水库,116,22.9,1,B,2021-02-08 00:00:00
广东,粤东,揭阳,揭东区,玉湖镇,G8960,揭东区玉湖镇玉湖山气象观测站,116.2,23.7,1,B,2020-03-20 00:00:00
广东,粤东,揭阳,揭东区,玉湖镇,G8961,揭东区玉湖镇湖岗村气象观测站,116.2,23.6,1,B,2020-03-19 00:00:00
广东,粤东,揭阳,揭东区,新亨镇,G8962,揭东区新亨镇下坝村气象观测站,116.2,23.6,1,B,2020-03-19 00:00:00
广东,粤东,揭阳,揭东区,曲溪街道,G8963,揭东区曲溪街道滨江路气象观测站,116.4,23.6,1,B,2020-03-19 00:00:00
广东,粤东,揭阳,揭东区,白塔镇,G8964,揭东区白塔镇瑞联村气象观测站,116.2,23.6,1,B,2020-03-19 00:00:00
广东,粤东,揭阳,揭东区,龙尾镇,G8965,揭东区卅岭农场气象观测站,116,23.6,1,B,2020-03-19 00:00:00
广东,粤东,揭阳,榕城区,凤美街道,G8966,榕城区凤美街道凤联村气象观测站,116.4,23.5,1,B,2020-03-19 00:00:00
广东,粤东,揭阳,榕城区,仙桥街道,G8967,榕城区仙桥街道溪头村气象观测站,116.4,23.6,1,B,2020-03-19 00:00:00
广东,粤东,揭阳,榕城区,登岗镇,G8968,榕城区登岗镇大陈村气象观测站,116.5,23.5,1,B,2021-02-02 00:00:00
广东,粤东,揭阳,榕城区,地都镇,G8969,榕城区地都镇土尾村气象观测站,116.6,23.5,1,B,2021-02-02 00:00:00
广东,粤东,揭阳,榕城区,地都镇,G9000,榕城区地都镇光裕村气象观测站,116.5,23.4,1,B,2021-02-02 00:00:00
广东,粤东,揭阳,揭东区,玉湖镇,G9001,揭东区玉湖镇新寮村气象观测站,116.2,23.6,1,B,2021-02-02 00:00:00
广东,粤东,揭阳,揭东区,桂岭镇,G9002,揭东区桂岭镇鸟围村气象观测站,116.3,23.6,1,B,2021-02-02 00:00:00
广东,粤东,揭阳,揭东区,埔田镇,G9003,揭东区翁内水库气象观测站,116.4,23.6,1,B,2022-01-29 00:00:00
广东,粤东,揭阳,榕城区,砲台镇,G9004,榕城区砲台镇石牌村气象观测站,116.6,23.6,1,B,2022-01-27 00:00:00
广东,粤东,揭阳,普宁市,高埔镇,G9011,普宁市高埔镇下营村气象观测站,116,23.2,1,B,2020-03-23 00:00:00
广东,粤东,揭阳,普宁市,云落镇,G9012,普宁市云落镇云落村气象观测站,116,23.3,1,B,2020-03-23 00:00:00
广东,粤东,揭阳,普宁市,鲘溪乡,G9013,普宁市后溪乡仙人草窝村气象观测站,115.8,23.2,1,B,2021-02-02 00:00:00
广东,粤东,揭阳,普宁市,梅林镇,G9014,普宁市梅林镇中段村气象观测站,116,23.4,1,B,2021-02-02 00:00:00
广东,粤东,揭阳,普宁市,占陇镇,G9015,普宁市占陇镇下寨村气象观测站,116.3,23.3,1,B,2021-02-02 00:00:00
广东,粤东,揭阳,普宁市,占陇镇,G9016,普宁市占陇镇四德村气象观测站,116.3,23.3,1,B,2021-02-02 00:00:00
广东,粤东,揭阳,普宁市,麒麟镇,G9017,普宁市麒麟镇东龙潭水库气象观测站,116.3,23.4,1,B,2021-02-02 00:00:00
广东,粤东,揭阳,普宁市,云落镇,G9018,普宁市云落镇中央寨村气象观测站,116.1,23.2,1,B,2021-02-02 00:00:00
广东,粤东,揭阳,普宁市,梅林镇,G9019,普宁市梅林镇凤池村气象观测站,116,23.3,1,B,2021-02-02 00:00:00
广东,粤东,揭阳,普宁市,大南山街道,G9020,普宁大南山街道下湳村气象观测站,116.2,23.3,1,B,2022-01-27 00:00:00
广东,粤东,揭阳,普宁市,南溪镇,G9021,揭普惠高速K70应用气象观测站（交通）,116.2,23.4,1,"B,U",2021-12-27 00:00:00
广东,粤东,揭阳,普宁市,南溪镇,G9022,普宁市南溪镇沂湖村气象观测站,116.1,23.5,1,B,2022-10-26 00:00:00
广东,粤东,揭阳,普宁市,燎原街道,G9023,揭普惠高速泥沟气象观测站,116.1,23.3,1,"B,U",2026-03-08 00:00:00
广东,粤东,揭阳,普宁市,池尾街道,G9024,揭普惠高速池尾气象观测站,116.1,23.2,1,"B,U",2026-03-05 00:00:00
广东,粤东,揭阳,普宁市,高埔镇,G9025,揭普惠高速高柏气象观测站,116,23.2,1,"B,U",2026-03-05 00:00:00
广东,粤东,揭阳,惠来县,溪西镇,G9030,惠来大南海石化区应用气象观测站（海洋）1,116.2,22.9,0,B,2021-02-08 00:00:00
广东,粤东,揭阳,惠来县,隆江镇,G9031,惠来县隆江镇邦山水闸,116.2,23.1,1,B,2021-02-08 00:00:00
广东,粤东,揭阳,惠来县,华湖镇,G9032,惠来县惠城镇镇北水库气象观测站,116.3,23.1,1,B,2022-06-14 00:00:00
广东,粤东,揭阳,惠来县,靖海镇,G9033,惠来石碑山应用气象观测站（海洋）1,116.4,22.9,0,B,2022-06-04 00:00:00
广东,粤东,揭阳,惠来县,靖海镇,G9034,惠来石碑山应用气象观测站（海洋）2,116.5,23,0,B,2022-09-01 00:00:00
广东,粤东,揭阳,惠来县,溪西镇,G9035,惠来大南海石化区应用气象观测站（海洋）2,116.2,23,0,B,2022-07-12 00:00:00
广东,粤东,揭阳,惠来县,溪西镇,G9036,惠来大南海石化区1号应用气象观测站（海洋）1,116.2,22.9,0,B,2023-06-29 00:00:00
广东,粤东,揭阳,惠来县,溪西镇,G9037,惠来大南海石化区1号应用气象观测站（海洋）2,116.2,23,0,B,2023-06-29 00:00:00
广东,粤东,揭阳,惠来县,溪西镇,G9038,惠来大南海石化区2号应用气象观测站（海洋）1,116.3,23,0,B,2023-06-29 00:00:00
广东,粤东,揭阳,惠来县,溪西镇,G9039,惠来大南海石化区2号应用气象观测站（海洋）2,116.3,22.9,0,B,2023-06-29 00:00:00
广东,粤东,揭阳,惠来县,溪西镇,G9040,惠来大南海石化区12号门气象观测站,116.2,23,1,B,2023-06-29 00:00:00
广东,粤东,揭阳,惠来县,溪西镇,G9041,惠来大南海石化区13号门气象观测站,116.1,23,1,B,2023-06-29 00:00:00
广东,粤东,揭阳,惠来县,溪西镇,G9042,惠来大南海石化区液体产品充装站气象观测站,116.2,22.9,1,B,2023-06-29 00:00:00
广东,粤东,揭阳,惠来县,隆江镇,G9043,惠来大南海石化区产品码头气象观测站,116.2,23,1,B,2023-06-29 00:00:00
广东,粤东,揭阳,惠来县,靖海镇,G9044,惠来县靖海镇广石化原油码头气象观测站,116.4,23,1,B,2023-06-29 00:00:00
广东,粤东,揭阳,惠来县,神泉镇,G9046,前詹风电神泉1号升压平台站1,116.2,22.8,0,"B,i",2023-10-04 00:00:00
广东,粤东,揭阳,惠来县,神泉镇,G9047,前詹风电神泉1号升压平台站2,116.2,22.6,0,"B,i",2023-10-14 00:00:00
广东,粤东,揭阳,惠来县,神泉镇,G9048,前詹风电神泉2号升压平台站1,116.4,22.6,0,"B,i",2023-10-04 00:00:00
广东,粤东,揭阳,惠来县,神泉镇,G9049,前詹风电神泉2号升压平台站2,116.5,22.7,0,"B,i",2024-04-12 00:00:00
广东,粤西,湛江,吴川市,,G9050,吴川海洋,111,21.3,0,B,2024-10-25 00:00:00
广东,粤东,揭阳,惠来县,靖海镇,G9051,惠来靖海坂美应用气象观测站（海洋）,116.5,23.1,0,B,2024-11-05 00:00:00
广东,粤东,揭阳,惠来县,神泉镇,G9052,惠来神泉渔港应用气象观测站（海洋）,116.3,22.9,0,B,2024-10-28 00:00:00
广东,粤西,云浮,云城区,高峰街道,G9200,云城区高峰街高峰路气象观测站,111.9,22.9,1,"B,X",2012-12-14 00:00:00
广东,粤西,云浮,云城区,河口街道,G9201,云城区河口街府前路气象观测站,112.2,23,1,"B,X",2012-12-14 00:00:00
广东,粤西,云浮,云城区,云城街道,G9203,云浮市邓发纪念中学,112,22.8,1,"B,p",2017-02-14 00:00:00
广东,粤西,云浮,云城区,高峰街道,G9204,云浮市第一中学,112.1,23,1,B,2017-06-19 00:00:00
广东,粤西,云浮,云城区,高峰街道,G9206,云城区高峰街云硫矿区公园气象观测站,111.9,23,1,B,2024-10-18 00:00:00
广东,粤西,云浮,云城区,云城街道,G9207,云浮市中等专业学校气象观测站,112,22.9,1,"B,p,r",2025-05-16 00:00:00
广东,粤西,云浮,云城区,安塘街道,G9209,广云高速安塘服务区应用气象观测站(交通),112.2,23,1,"B,U",2013-11-25 00:00:00
广东,粤西,云浮,云城区,云城街道,G9210,云城区兴云东路春岗山气象观测站,112.1,23,1,B,2026-05-21 00:00:00
广东,粤西,云浮,云安区,都杨镇,G9220,云安都骑海巡执法大队气象观测站,112.2,23.1,1,"B,g",2021-07-27 00:00:00
广东,粤西,云浮,云安区,石城镇,G9221,云浮市云安区石城镇江罗高速气象观测站,111.9,22.8,1,B,2025-12-22 00:00:00
广东,粤西,云浮,罗定市,泗纶镇,G9240,罗定市泗纶镇鸭脚村,111.3,22.8,1,B,2018-06-05 00:00:00
广东,粤西,云浮,罗定市,附城街道,G9242,罗定市附城街道高峰村,111.6,22.8,1,"B,Z",2024-07-12 00:00:00
广东,粤西,云浮,罗定市,龙湾镇,G9243,罗定市龙湾镇人和村,111.1,22.8,1,B,2020-08-13 00:00:00
广东,粤西,云浮,新兴县,六祖镇,G9260,新兴县六祖镇水湄村气象观测站,112.3,22.5,1,B,2013-02-01 00:00:00
广东,粤西,云浮,新兴县,里洞镇,G9261,新兴洛洞国家气象观测站,112.3,22.4,1,B,2013-10-31 00:00:00
广东,粤西,云浮,新兴县,新城镇,G9262,新兴县新城镇惠中路气象观测站,112.3,22.7,1,B,2017-02-24 00:00:00
广东,粤西,云浮,新兴县,天堂镇,G9263,新兴县天堂镇五一路气象观测站,112,22.5,1,B,2017-03-01 00:00:00
广东,粤西,云浮,新兴县,太平镇,G9264,新兴县太平镇沙村气象观测站,112.3,22.7,1,B,2017-02-24 00:00:00
广东,粤西,云浮,新兴县,新城镇,G9265,新兴县新城镇沿江南路气象观测站,112.2,22.7,1,B,2017-02-24 00:00:00
广东,粤西,云浮,新兴县,稔村镇,G9267,新兴县稔村镇北降村气象观测站,112.4,22.5,1,B,2018-09-03 00:00:00
广东,粤西,云浮,新兴县,太平镇,G9268,新兴县太平镇湴塘村气象观测站,112.3,22.7,1,B,2018-07-09 00:00:00
广东,粤西,云浮,新兴县,太平镇,G9360,新兴县太平镇马林村气象观测站,112.2,22.7,1,B,2018-06-27 00:00:00
广东,粤西,云浮,新兴县,东成镇,G9361,新兴县东成镇三村气象观测站,112.3,22.9,1,B,2018-05-08 00:00:00
广东,粤西,云浮,新兴县,新城镇,G9362,江罗高速新城服务区应用气象观测站（云浮交通）,112.3,22.7,1,"B,U",2022-06-20 00:00:00
广东,粤西,云浮,新兴县,太平镇,G9363,新兴县太平镇象窝山气象观测站,112.3,22.6,1,B,2023-10-26 00:00:00
广东,粤西,云浮,郁南县,都城镇,G9460,郁南县都城镇二环路气象观测站,111.6,23.3,1,B,2017-03-05 00:00:00
广东,粤西,云浮,郁南县,都城镇,G9461,郁南县都城镇城中路气象观测站,111.6,23.2,1,B,2017-01-09 00:00:00
广东,粤西,云浮,郁南县,通门镇,G9462,郁南县通门镇枫木坪村气象观测站,111.4,23,1,B,2017-05-12 00:00:00
广东,粤西,云浮,郁南县,桂圩镇,G9463,郁南县桂圩镇木蔃村气象观测站,111.4,23.2,1,B,2017-06-02 00:00:00
广东,粤西,云浮,郁南县,建城镇,G9467,广昆高速建城服务区应用气象观测站（云浮交通）,111.6,23.2,1,B,2023-08-30 00:00:00
广东,珠三角,广州,海珠区,新港街道,G9470,海珠区素社街基立新村,113.2,23,1,B,2014-04-11 00:00:00
广东,珠三角,广州,海珠区,新港街道,G9471,海珠区昌岗街穗花新村,113.2,23.1,1,B,2014-04-11 00:00:00
广东,珠三角,广州,海珠区,海幢街道,G9472,海珠区南华西街德和新社区,113.3,23,1,B,2014-04-11 00:00:00
广东,珠三角,广州,海珠区,海幢街道,G9473,海珠区龙凤街鹤兴社区,113.3,23.2,1,B,2014-04-11 00:00:00
广东,珠三角,广州,海珠区,江南中街道,G9474,海珠区沙园街广船社区,113.3,23.1,1,B,2014-04-11 00:00:00
广东,珠三角,广州,海珠区,素社街道,G9475,海珠区江南中街杏园社区,113.3,23,1,B,2014-04-11 00:00:00
广东,珠三角,广州,海珠区,滨江街道,G9476,海珠区滨江街万寿北社区,113.3,23.1,1,B,2016-03-30 00:00:00
广东,珠三角,广州,海珠区,瑞宝街道,G9477,海珠区瑞宝街金碧社区,113.3,23.1,1,B,2014-04-11 00:00:00
广东,珠三角,广州,海珠区,赤岗街道,G9478,海珠区赤岗街新鸿社区,113.4,23.2,1,B,2014-04-11 00:00:00
广东,珠三角,广州,从化区,街口街道,G9480,从化第四中学气象观测站,113.7,23.6,1,B,2014-04-11 00:00:00
广东,珠三角,广州,从化区,江埔街道,G9481,从化流溪中学气象观测站,113.6,23.6,1,B,2014-04-11 00:00:00
广东,珠三角,广州,花都区,新雅街道,G9482,花都区新雅街黄冈中学,113.3,23.4,1,B,2016-06-19 00:00:00
广东,珠三角,广州,花都区,新华街道,G9483,花都区新华街云山学校,113.2,23.3,1,B,2016-06-19 00:00:00
广东,珠三角,广州,花都区,狮岭镇,G9484,花都区狮岭镇冯村中学,113.2,23.5,1,B,2016-06-19 00:00:00
广东,珠三角,广州,花都区,秀全街道,G9485,花都区秀全街乐泉小学,113.3,23.4,1,B,2016-05-25 00:00:00
广东,珠三角,广州,花都区,花山镇,G9486,花都区花山镇第一中学,113.3,23.4,1,B,2016-05-25 00:00:00
广东,珠三角,广州,白云区,石门街道,G9487,白云区石门街文笔水闸,113.3,23.3,1,B,2016-05-13 00:00:00
广东,珠三角,广州,白云区,江高镇,G9488,白云区江高镇峡石村,113.2,23.2,1,"B,X",2014-04-11 00:00:00
广东,珠三角,广州,天河区,棠下街道,G9489,天河区棠下街黄埔大道中,113.4,23.1,1,B,2014-04-11 00:00:00
广东,珠三角,广州,天河区,石牌街道,G9491,天河区石牌街黄埔大道西,113.4,23.2,1,B,2017-02-28 00:00:00
广东,珠三角,广州,海珠区,南石头街道,G9498,海珠区南石头街石岗社区,113.2,23.1,1,B,2016-12-24 00:00:00
广东,珠三角,广州,海珠区,官洲街道,G9499,海珠区官洲街赤沙村,113.4,23,1,B,2017-01-12 00:00:00
广东,珠三角,广州,海珠区,华洲街道,G9500,海珠区华洲街龙潭村2,113.3,23.1,1,B,2009-06-08 00:00:00
广东,珠三角,广州,海珠区,华洲街道,G9501,海珠区华洲街龙潭村3,113.2,23.1,1,B,2021-02-01 00:00:00
广东,珠三角,广州,番禺区,化龙镇,G9502,番禺区化龙镇黄埔大桥气象观测站,113.4,23.1,1,"B,K",2017-03-07 00:00:00
广东,珠三角,广州,南沙区,港湾街道,G9503,南沙区港湾街虎门大桥气象观测站,113.6,22.9,1,"B,K",2010-05-07 00:00:00
广东,珠三角,广州,天河区,冼村街道,G9504,天河区冼村街黄埔大道西,113.3,23.1,1,B,2010-04-06 00:00:00
广东,珠三角,广州,天河区,猎德街道,G9505,天河区猎德街珠江西路,113.3,23.1,1,B,2018-02-13 00:00:00
广东,珠三角,广州,天河区,冼村街道,G9506,天河区冼村街珠江东路,113.3,23,1,B,2018-02-12 00:00:00
广东,珠三角,广州,白云区,同和街道,G9507,白云区兴华街白云山名胜风景区,113.2,23.2,1,B,2017-08-25 00:00:00
广东,珠三角,广州,番禺区,南村镇,G9508,番禺区南村镇员岗村气象观测站,113.4,23,1,B,2017-12-21 00:00:00
广东,珠三角,广州,番禺区,石楼镇,G9509,番禺区石楼镇沙北村气象观测站,113.4,22.9,1,B,2017-12-21 00:00:00
广东,珠三角,广州,番禺区,石碁镇,G9510,番禺区石碁镇文边村气象观测站,113.4,22.9,1,B,2017-12-21 00:00:00
广东,珠三角,广州,增城区,中新镇,G9512,增城区中新镇福和大安小学,113.5,23.4,1,"B,K,U",2009-06-08 00:00:00
广东,珠三角,广州,黄埔区,云埔街道,G9513,黄埔区云埔街中海誉城冠层观测站,113.6,23.2,1,"B,D",2010-01-19 00:00:00
广东,珠三角,广州,黄埔区,云埔街道,G9514,黄埔区云埔街宏明路气象观测站,113.5,23,1,"B,D",2009-06-08 00:00:00
广东,珠三角,广州,越秀区,洪桥街道,G9515,越秀区洪桥街解放北路,113.3,23.1,1,B,2009-06-08 00:00:00
广东,珠三角,广州,南沙区,大岗镇,G9517,南沙区大岗镇越山路气象观测站,113.3,22.9,1,B,2018-01-08 00:00:00
广东,珠三角,广州,南沙区,东涌镇,G9518,南沙区东涌镇大同村气象观测站,113.4,22.9,1,B,2009-06-08 00:00:00
广东,珠三角,广州,南沙区,龙穴街道,G9519,南沙区龙穴街龙穴村四涌旧堤气象观测站,113.6,22.7,1,B,2009-06-08 00:00:00
广东,珠三角,广州,南沙区,龙穴街道,G9520,南沙区龙穴街舢舨洲气象观测站,113.7,22.7,1,B,2018-01-28 00:00:00
广东,珠三角,广州,南沙区,万顷沙镇,G9521,南沙区万顷沙镇湿地公园气象观测站,113.7,22.6,1,B,2018-01-08 00:00:00
广东,珠三角,广州,南沙区,珠江街道,G9522,南沙区珠江街五涌东气象观测站,113.5,22.8,1,B,2018-01-08 00:00:00
广东,珠三角,广州,南沙区,榄核镇,G9523,南沙区榄核镇新涌村气象观测站,113.3,22.8,1,B,2009-06-08 00:00:00
广东,珠三角,广州,南沙区,大岗镇,G9524,南沙区大岗镇金源路气象观测站,113.3,22.8,1,B,2009-06-08 00:00:00
广东,珠三角,广州,黄埔区,穗东街道,G9525,黄埔区穗东街南海神庙气象观测站,113.5,23.1,1,B,2009-06-08 00:00:00
广东,珠三角,广州,黄埔区,大沙街道,G9526,黄埔区大沙街黄埔体育中心气象观测站,113.5,23,1,B,2018-05-09 00:00:00
广东,珠三角,广州,黄埔区,鱼珠街道,G9527,黄埔区鱼珠街广州一二三中学气象观测站,113.4,23.1,1,B,2018-05-09 00:00:00
广东,珠三角,广州,黄埔区,联和街道,G9528,黄埔区联和街广州气象卫星地面站气象观测站,113.3,23.3,1,B,2022-01-11 00:00:00
广东,珠三角,广州,从化区,吕田镇,G9530,从化吕田陈禾洞气象观测站,114,23.8,1,B,2018-01-03 00:00:00
广东,珠三角,广州,从化区,温泉镇,G9531,从化温泉三小气象观测站,113.6,23.6,1,B,2018-01-04 00:00:00
广东,珠三角,广州,南沙区,黄阁镇,G9532,南沙区黄阁镇沙仔村汽车码头气象观测站,113.6,22.9,1,"B,K",2018-09-29 00:00:00
广东,珠三角,广州,南沙区,南沙街道,G9533,南沙区南沙街燃料港口气象观测站,113.5,22.8,1,"B,K",2018-09-30 00:00:00
广东,珠三角,广州,南沙区,龙穴街道,G9534,南沙区龙穴街广船国际船运楼气象观测站,113.7,22.8,1,"B,K",2018-09-29 00:00:00
广东,珠三角,广州,南沙区,龙穴街道,G9535,南沙区龙穴街集装箱三期码头边检楼气象观测站,113.6,22.6,1,"B,K",2009-06-08 00:00:00
广东,珠三角,广州,增城区,增江街道,G9536,增城区增江街大埔围水库,113.9,23.3,1,B,2018-12-08 00:00:00
广东,珠三角,广州,荔湾区,逢源街道,G9539,荔湾区逢源街逢源路金升大厦,113.2,23.2,1,B,2018-10-09 00:00:00
广东,珠三角,广州,番禺区,石楼镇,G9540,番禺区石楼镇沙南村气象观测站,113.6,22.9,1,B,2019-08-31 00:00:00
广东,珠三角,广州,番禺区,桥南街道,G9541,番禺区桥南街蚬涌村气象观测站,113.4,23,1,B,2019-08-16 00:00:00
广东,珠三角,广州,南沙区,榄核镇,G9543,南沙区榄核镇绿村四六直涌水闸气象观测站,113.4,22.8,1,B,2009-06-08 00:00:00
广东,珠三角,广州,南沙区,榄核镇,G9544,南沙区榄核镇番禺粮食储备公司气象观测站,113.5,22.9,1,B,2009-06-08 00:00:00
广东,珠三角,广州,南沙区,大岗镇,G9545,南沙区大岗镇东球泵气象观测站,113.5,22.8,1,B,2019-04-19 00:00:00
广东,珠三角,广州,南沙区,大岗镇,G9546,南沙区大岗镇朗口涌水闸气象观测站,113.5,22.9,1,B,2019-04-19 00:00:00
广东,珠三角,广州,南沙区,东涌镇,G9547,南沙区东涌镇石基村沙头水闸气象观测站,113.4,23,1,B,2019-04-19 00:00:00
广东,珠三角,广州,南沙区,东涌镇,G9548,南沙区东涌镇石基村二坭水闸气象观测站,113.3,23,1,B,2019-04-24 00:00:00
广东,珠三角,广州,南沙区,港湾街道,G9549,南沙区港湾街南横水闸气象观测站,113.6,22.7,1,B,2019-04-29 00:00:00
广东,珠三角,广州,南沙区,南沙街道,G9550,南沙区南沙街虎门渡口气象观测站,113.7,22.9,1,B,2019-04-28 00:00:00
广东,珠三角,广州,南沙区,珠江街道,G9551,南沙区珠江街二涌东气象观测站,113.5,22.8,1,B,2009-06-08 00:00:00
广东,珠三角,广州,南沙区,万顷沙镇,G9552,南沙区万顷沙镇十五涌西气象观测站,113.6,22.6,1,B,2019-04-26 00:00:00
广东,珠三角,广州,增城区,小楼镇,G9553,增城区小楼镇江坳村,113.7,23.3,1,B,2009-06-08 00:00:00
广东,珠三角,广州,黄埔区,黄埔街道,G9554,广州市黄埔区大吉沙农田小气候观测站,113.5,23.1,1,"B,Z",2022-06-20 00:00:00
广东,珠三角,广州,黄埔区,龙湖街道,G9555,黄埔区龙湖街老虎窿水库气象观测站,113.4,23.3,1,B,2009-06-08 00:00:00
广东,珠三角,广州,黄埔区,龙湖街道,G9556,黄埔区龙湖街水响水库气象观测站,113.5,23.3,1,B,2021-07-12 00:00:00
广东,珠三角,广州,黄埔区,龙湖街道,G9557,黄埔区龙湖街腰坑水库气象观测站,113.5,23.3,1,B,2022-06-20 00:00:00
广东,珠三角,广州,黄埔区,龙湖街道,G9558,黄埔区龙湖街凤凰湖气象观测站,113.6,23.3,1,B,2020-06-16 00:00:00
广东,珠三角,广州,黄埔区,夏港街道,G9559,黄埔区夏港街开发区中学气象观测站,113.6,23,1,B,2021-06-30 00:00:00
广东,珠三角,广州,黄埔区,龙湖街道,G9560,黄埔区龙湖街平岗气象观测站,113.5,23.3,1,B,2021-06-30 00:00:00
广东,珠三角,广州,黄埔区,新龙镇,G9561,黄埔区新龙镇石门围森林气象观测站,113.5,23.3,1,B,2009-06-08 00:00:00
广东,珠三角,广州,黄埔区,新龙镇,G9562,黄埔区新龙镇政府气象观测站,113.5,23.2,1,B,2022-01-09 00:00:00
广东,珠三角,广州,白云区,嘉禾街道,G9563,白云区嘉禾街长红村,113.3,23.2,1,B,2020-02-27 00:00:00
广东,珠三角,广州,白云区,人和镇,G9564,白云区人和镇岗尾村,113.2,23.3,1,B,2009-06-08 00:00:00
广东,珠三角,广州,白云区,太和镇,G9565,白云区龙归街夏良村,113.3,23.2,1,B,2009-06-08 00:00:00
广东,珠三角,广州,白云区,江高镇,G9566,白云区江高镇郭塘村,113.2,23.2,1,B,2020-02-27 00:00:00
广东,珠三角,广州,白云区,江高镇,G9567,白云区江高镇大田村,113.2,23.4,1,B,2020-02-27 00:00:00
广东,珠三角,广州,白云区,钟落潭镇,G9568,白云区钟落潭镇湴湖村,113.5,23.3,1,B,2020-02-27 00:00:00
广东,珠三角,广州,白云区,钟落潭镇,G9569,白云区钟落潭镇马洞村,113.6,23.4,1,B,2020-02-27 00:00:00
广东,珠三角,广州,白云区,京溪街道,G9570,白云区京溪街沙太路,113.3,23.1,1,B,2020-02-27 00:00:00
广东,珠三角,广州,白云区,江高镇,G9571,白云区江高镇井岗村,113.2,23.3,1,B,2020-02-27 00:00:00
广东,珠三角,广州,白云区,太和镇,G9572,白云区太和镇穗丰村,113.4,23.4,1,B,2020-02-25 00:00:00
广东,珠三角,广州,荔湾区,海龙街道,G9573,荔湾区海龙街龙溪水闸,113.2,23.1,1,B,2020-05-22 00:00:00
广东,珠三角,广州,南沙区,万顷沙镇,G9574,南沙区万顷沙镇十七涌诚一水产气象观测站,113.6,22.6,1,B,2021-06-30 00:00:00
广东,珠三角,广州,番禺区,大石街道,G9575,番禺区大石街植村工业一路,113.4,23,1,"B,V",2021-02-01 00:00:00
广东,珠三角,广州,荔湾区,多宝街道,G9576,荔湾区多宝街永庆坊,113.2,23.2,1,B,2020-07-07 00:00:00
广东,珠三角,广州,天河区,五山街道,G9577,天河区五山街道大丰路省农科院果树研究所,113.3,23.1,1,B,2020-07-20 00:00:00
广东,珠三角,广州,黄埔区,长岭街道,G9578,黄埔区长岭街黄登社区气象观测站,113.4,23.2,1,B,2022-01-03 00:00:00
广东,珠三角,广州,黄埔区,云埔街道,G9579,黄埔区云埔街伴河路气象观测站,113.6,23.1,1,B,2021-06-30 00:00:00
广东,珠三角,广州,黄埔区,联和街道,G9580,黄埔区联和街金峰园社区气象观测站,113.4,23.2,1,B,2021-06-30 00:00:00
广东,珠三角,广州,黄埔区,九佛街道,G9581,黄埔区九佛街京东九龙物流园气象观测站,113.4,23.5,1,B,2021-06-30 00:00:00
广东,珠三角,广州,黄埔区,联和街道,G9582,黄埔区联和街绿地中央广场气象观测站,113.4,23.2,1,B,2021-06-30 00:00:00
广东,珠三角,广州,增城区,石滩镇,G9583,增城区石滩镇黄冈中学,113.7,23.1,1,B,2020-11-23 00:00:00
广东,珠三角,广州,黄埔区,龙湖街道,G9584,黄埔区龙湖街九龙湖气象观测站,113.5,23.3,1,"B,Z",2024-07-12 00:00:00
广东,珠三角,广州,黄埔区,新龙镇,G9585,黄埔区新龙镇九龙二小大坦分校气象观测站,113.7,23.4,1,B,2022-06-20 00:00:00
广东,珠三角,广州,黄埔区,云埔街道,G9586,黄埔区云埔街埔南路气象观测站,113.5,23.1,1,B,2021-02-03 00:00:00
广东,珠三角,广州,白云区,同德街道,G9587,白云区同德街明流春晓,113.1,23.2,1,B,2021-06-30 00:00:00
广东,珠三角,广州,白云区,松洲街道,G9588,白云区松洲街螺涌排洪站,113.2,23.2,1,B,2021-06-30 00:00:00
广东,珠三角,广州,白云区,石门街道,G9589,白云区石门街排洪站,113.1,23.3,1,B,2021-07-20 00:00:00
广东,珠三角,广州,海珠区,官洲街道,G9590,海珠城市生态气象综合观测基地,113.4,23.1,1,B,2021-07-19 00:00:00
广东,珠三角,广州,增城区,新塘镇,G9591,增城区新塘镇南安村,113.6,23.2,1,B,2024-01-09 00:00:00
广东,珠三角,广州,增城区,正果镇,G9592,增城区正果镇岳村,113.8,23.4,1,B,2022-11-17 00:00:00
广东,珠三角,广州,增城区,正果镇,G9593,增城区正果镇东汾村,113.9,23.3,1,B,2023-08-31 00:00:00
广东,珠三角,广州,增城区,朱村街道,G9594,增城区朱村街联兴村,113.6,23.3,1,B,2024-01-08 00:00:00
广东,珠三角,广州,增城区,增江街道,G9595,增城区增江街陆村,114,23.2,1,B,2023-07-10 00:00:00
广东,珠三角,广州,增城区,石滩镇,G9596,增城区石滩镇塘头村,113.8,23.1,1,B,2022-05-20 00:00:00
广东,珠三角,广州,番禺区,石楼镇,G9597,番禺区石楼镇海心村合兴东闸航道气象观测站,113.6,23,1,"B,g",2021-11-05 00:00:00
广东,珠三角,广州,增城区,石滩镇,G9598,增城区石滩镇水龙村,113.9,23.3,1,B,2025-04-16 00:00:00
广东,珠三角,广州,,,G9599,东沙海洋气象浮标站,117.2,21,0,"B,G",2017-06-30 00:00:00
广东,珠三角,广州,白云区,太和镇,G9694,白云区太和镇草庄村自动气象站,113.4,23.3,1,B,2025-12-04 00:00:00
广东,珠三角,广州,白云区,钟落潭镇,G9695,白云区钟落潭镇大纲领村自动气象站,113.3,23.4,1,B,2025-12-04 00:00:00
广东,珠三角,广州,白云区,钟落潭镇,G9696,白云区钟落潭镇安平村自动气象站,113.3,23.5,1,B,2026-01-16 00:00:00
广东,珠三角,广州,白云区,钟落潭镇,G9697,白云区钟落潭镇雄伟村自动气象站,113.4,23.5,1,B,2025-12-04 00:00:00
广东,珠三角,广州,番禺区,大石街道,G9698,番禺区大石街大山村气象观测站,113.3,23,1,B,2026-02-11 00:00:00
广东,珠三角,广州,番禺区,大石街道,G9699,番禺区大石街猛涌村气象观测站,113.4,23.1,1,B,2026-02-11 00:00:00
广东,珠三角,广州,,,G9700,广州船舶自动站,113.8,22.6,0,"B,T",2014-04-11 00:00:00
广东,珠三角,广州,花都区,梯面镇,G9701,花都区梯面镇乐广高速重点交通气象观测站,113.4,23.6,1,"B,U",2021-11-15 00:00:00
广东,珠三角,广州,从化区,吕田镇,G9702,从化区吕田镇吕田服务区重点交通气象观测站（吕田站）,113.8,23.8,1,"B,U",2021-11-12 00:00:00
广东,珠三角,广州,花都区,花山镇,G9703,花都区花山镇肇花高速红群出口交通气象观测站,113.2,23.5,1,"B,U",2021-11-20 00:00:00
广东,珠三角,广州,增城区,中新镇,G9704,增城区中新镇北三环高速心岭村交通气象观测站,113.7,23.3,1,"B,U",2022-01-07 00:00:00
广东,珠三角,广州,从化区,鳌头镇,G9705,从化鳌头广韶高速鳌头出口交通气象站,113.4,23.5,1,"B,U",2022-04-30 00:00:00
广东,珠三角,广州,白云区,金沙街道,G9706,白云区金沙街道北环高速沙贝服务区交通气象站,113.1,23.2,1,"B,U",2021-12-31 00:00:00
广东,珠三角,广州,白云区,人和镇,G9707,白云区人和镇白云机场重点交通气象观测站,113.3,23.3,1,"B,U",2021-11-26 00:00:00
广东,珠三角,广州,越秀区,北京街道,G9708,越秀区北京街道人民公园观测站,113.2,23,1,B,2023-02-28 00:00:00
广东,珠三角,广州,天河区,天园街道,G9709,天河区天园街建业路,113.3,23.1,1,B,2022-11-16 00:00:00
广东,珠三角,广州,番禺区,石壁街道,G9710,番禺区石壁街南站小学应用气象观测站（交通）,113.2,23,1,B,2022-10-20 00:00:00
广东,珠三角,广州,黄埔区,南岗街道,G9711,黄埔区南岗街南岗水闸气象观测站,113.5,23,1,B,2022-06-20 00:00:00
广东,珠三角,广州,黄埔区,云埔街道,G9712,黄埔区云埔街东旋路气象观测站,113.5,23.1,1,B,2022-06-20 00:00:00
广东,珠三角,广州,黄埔区,大沙街道,G9713,黄埔区大沙街姬堂小学气象观测站,113.5,23.2,1,B,2022-06-20 00:00:00
广东,珠三角,广州,黄埔区,鱼珠街道,G9714,黄埔区鱼珠街九沙社区气象观测站,113.5,23.1,1,B,2022-06-20 00:00:00
广东,珠三角,广州,白云区,江高镇,G9715,新楼村农气站,113.2,23.4,1,B,2024-07-12 00:00:00
广东,珠三角,广州,从化区,江埔街道,G9716,从化江埔江村气象观测站,113.6,23.6,1,B,2022-02-21 00:00:00
广东,珠三角,广州,南沙区,黄阁镇,G9717,南沙区黄阁镇石化码头气象观测站,113.5,22.8,1,B,2022-03-01 00:00:00
广东,珠三角,广州,南沙区,万顷沙镇,G9718,南沙区万顷沙镇二十一涌西气象观测站,113.7,22.6,1,B,2022-03-02 00:00:00
广东,珠三角,广州,从化区,鳌头镇,G9719,从化鳌头小坑气象观测站,113.4,23.6,1,B,2022-09-22 00:00:00
广东,珠三角,广州,白云区,同和街道,G9720,白云区同和街白云山鸣春谷滑草场应用气象站,113.2,23.2,1,B,2022-08-31 00:00:00
广东,珠三角,广州,白云区,同和街道,G9721,白云区同和街白云山孖髻岭应用气象站,113.3,23.1,1,B,2022-08-27 00:00:00
广东,珠三角,广州,越秀区,登峰街道,G9722,越秀区登峰街白云山麓湖公园苗圃地应用气象站,113.2,23.2,1,B,2022-08-31 00:00:00
广东,珠三角,广州,白云区,同和街道,G9723,白云区同和街白云山摩星岭碉堡顶应用气象站,113.2,23.2,1,B,2022-08-31 00:00:00
广东,珠三角,广州,白云区,同和街道,G9724,白云区同和街白云山广州界碑应用气象站,113.2,23.1,1,B,2022-08-31 00:00:00
广东,珠三角,广州,白云区,同和街道,G9725,白云区同和街白云山下坑水库应用气象站,113.3,23.2,1,B,2022-08-31 00:00:00
广东,珠三角,广州,荔湾区,沙面街道,G9726,荔湾区沙面街黄沙码头,113.3,23.1,1,B,2022-10-28 00:00:00
广东,珠三角,广州,从化区,吕田镇,G9727,从化吕田鱼洞气象观测站,114.1,23.7,1,B,2022-09-22 00:00:00
广东,珠三角,广州,从化区,吕田镇,G9728,从化吕田桂峰气象观测站,114.1,23.8,1,B,2022-09-22 00:00:00
广东,珠三角,广州,从化区,良口镇,G9729,从化良口联群气象观测站,113.7,23.8,1,B,2022-09-22 00:00:00
广东,珠三角,广州,从化区,良口镇,G9730,从化良口谷星气象观测站,113.9,23.8,1,B,2022-09-22 00:00:00
广东,珠三角,广州,从化区,良口镇,G9731,从化良口从都国际庄园气象观测站,113.6,23.7,1,B,2022-10-24 00:00:00
广东,珠三角,广州,从化区,温泉镇,G9732,从化温泉第二小学气象观测站,113.6,23.6,1,B,2022-10-24 00:00:00
广东,珠三角,广州,从化区,温泉镇,G9733,从化温泉南平气象观测站,113.7,23.6,1,B,2022-10-24 00:00:00
广东,珠三角,广州,从化区,江埔街道,G9734,从化江埔和睦气象观测站,113.6,23.6,1,B,2022-09-22 00:00:00
广东,珠三角,广州,从化区,城郊街道,G9735,从化城郊城康气象观测站,113.6,23.6,1,B,2022-09-28 00:00:00
广东,珠三角,广州,从化区,鳌头镇,G9736,从化鳌头青龙基地气象观测站,113.4,23.7,1,B,2022-10-24 00:00:00
广东,珠三角,广州,从化区,鳌头镇,G9737,从化鳌头爱群气象观测站,113.4,23.6,1,B,2022-09-28 00:00:00
广东,珠三角,广州,从化区,鳌头镇,G9738,从化鳌头宝溪气象观测站,113.4,23.7,1,B,2022-09-28 00:00:00
广东,珠三角,广州,从化区,太平镇,G9739,从化太平石联气象观测站,113.5,23.6,1,B,2022-09-28 00:00:00
广东,珠三角,广州,从化区,太平镇,G9740,从化太平格塘气象观测站,113.5,23.4,1,B,2022-09-28 00:00:00
广东,珠三角,广州,从化区,太平镇,G9741,从化太平秋枫气象观测站,113.6,23.4,1,B,2022-09-28 00:00:00
广东,珠三角,广州,白云区,黄石街道,G9742,白云区黄石街江夏公园站,113.3,23.1,1,"B,p",2023-01-04 00:00:00
广东,珠三角,广州,增城区,荔城街道,G9743,增城区荔城街太平村乡丰农业生态气象站1,113.7,23.2,1,B,2024-07-12 00:00:00
广东,珠三角,广州,增城区,荔城街道,G9744,增城区荔城街太平村乡丰农业生态气象站2,113.8,23.3,1,B,2024-07-12 00:00:00
广东,珠三角,广州,番禺区,小谷围街道,G9745,番禺区小谷围街练溪渡口气象观测站,113.4,23,1,B,2023-02-28 00:00:00
广东,珠三角,广州,番禺区,沙湾镇,G9746,番禺区沙湾街西村坑气象观测站,113.3,22.9,1,B,2023-02-28 00:00:00
广东,珠三角,广州,番禺区,石碁镇,G9747,番禺区石碁镇雁洲村气象观测站,113.3,22.9,1,B,2023-02-28 00:00:00
广东,珠三角,广州,南沙区,龙穴街道,G9748,南沙区龙穴街集装箱三期码头气象观测站,113.8,22.6,1,B,2023-06-12 00:00:00
广东,珠三角,广州,南沙区,龙穴街道,G9749,南沙区龙穴街集装箱一期码头气象观测站,113.6,22.7,1,B,2023-06-12 00:00:00
广东,珠三角,广州,从化区,吕田镇,G9750,从化吕田东坑气象观测站,113.9,24,1,B,2023-04-19 00:00:00
广东,珠三角,广州,从化区,吕田镇,G9751,从化吕田安山气象观测站,114,23.8,1,B,2010-02-01 00:00:00
广东,珠三角,广州,从化区,良口镇,G9752,从化良口联平气象观测站,113.8,23.9,1,B,2023-05-10 00:00:00
广东,珠三角,广州,从化区,良口镇,G9753,从化良口和丰气象观测站,113.6,23.8,1,B,2023-05-10 00:00:00
广东,珠三角,广州,从化区,鳌头镇,G9754,从化鳌头高平气象观测站,113.5,23.7,1,B,2023-05-17 00:00:00
广东,珠三角,广州,从化区,温泉镇,G9755,从化温泉乌土气象观测站,113.8,23.6,1,B,2010-02-01 00:00:00
广东,珠三角,广州,从化区,鳌头镇,G9756,从化鳌头龙星气象观测站,113.5,23.6,1,B,2023-05-18 00:00:00
广东,珠三角,广州,从化区,鳌头镇,G9757,从化鳌头西塘气象观测站,113.5,23.6,1,B,2023-04-14 00:00:00
广东,珠三角,广州,从化区,鳌头镇,G9758,从化鳌头中塘气象观测站,113.4,23.6,1,B,2023-04-14 00:00:00
广东,珠三角,广州,从化区,城郊街道,G9759,从化城郊黄场气象观测站,113.6,23.6,1,B,2010-02-01 00:00:00
广东,珠三角,广州,从化区,街口街道,G9760,从化街口石潭气象观测站,113.6,23.6,1,B,2023-05-18 00:00:00
广东,珠三角,广州,从化区,太平镇,G9761,从化太平三百洞气象观测站,113.5,23.6,1,B,2023-04-24 00:00:00
广东,珠三角,广州,从化区,太平镇,G9762,从化太平共星气象观测站,113.5,23.5,1,B,2023-04-24 00:00:00
广东,珠三角,广州,从化区,太平镇,G9763,从化太平天人山水气象观测站,113.6,23.4,1,B,2023-04-04 00:00:00
广东,珠三角,广州,从化区,江埔街道,G9764,从化江埔上罗气象观测站,113.7,23.5,1,B,2023-04-24 00:00:00
广东,珠三角,广州,南沙区,黄阁镇,G9765,南沙区黄阁镇广州近洋港口码头气象观测站,113.5,22.8,1,B,2023-05-25 00:00:00
广东,珠三角,广州,花都区,花山镇,G9766,花都区花山镇德裕蓝莓基地气象观测站,113.3,23.5,1,B,2023-08-29 00:00:00
广东,珠三角,广州,花都区,梯面镇,G9767,花都区梯面镇高白丈风景区气象观测站,113.3,23.5,1,B,2023-08-29 00:00:00
广东,珠三角,广州,花都区,梯面镇,G9768,花都区梯面镇西坑村蝴蝶谷风景区气象观测站,113.3,23.6,1,B,2023-08-29 00:00:00
广东,珠三角,广州,花都区,梯面镇,G9769,花都区梯面镇五联村气象观测站,113.2,23.6,1,B,2023-08-29 00:00:00
广东,珠三角,广州,白云区,景泰街道,G9770,白云区景泰街白云山云溪公园气象站,113.3,23.1,1,"B,p",2024-07-12 00:00:00
广东,珠三角,广州,白云区,三元里街道,G9771,白云区三元里街白云山雕塑公园气象站,113.3,23.1,1,B,2023-08-31 00:00:00
广东,珠三角,广州,白云区,同和街道,G9772,白云区同和街白云山云萝花园气象站,113.3,23.2,1,B,2023-08-31 00:00:00
广东,珠三角,广州,白云区,黄石街道,G9773,白云区黄石街白云山冷冻厂门岗气象站,113.4,23.3,1,B,2023-08-31 00:00:00
广东,珠三角,广州,黄埔区,长岭街道,G9774,黄埔区长岭街岭头茶园气象观测站,113.4,23.3,1,B,2023-11-03 00:00:00
广东,珠三角,广州,黄埔区,长岭街道,G9775,黄埔区长岭街元贝路气象观测站,113.6,23.2,1,B,2023-11-03 00:00:00
广东,珠三角,广州,黄埔区,新龙镇,G9776,黄埔区新龙镇麦村气象观测站,113.5,23.3,1,B,2023-11-03 00:00:00
广东,珠三角,广州,白云区,云城街道,G9777,白云区云城街萧岗小学气象观测站,113.3,23.3,1,B,2024-01-31 00:00:00
广东,珠三角,广州,白云区,棠景街道,G9778,白云区棠景街远景小学（合益校区）气象观测站,113.3,23.2,1,B,2024-01-31 00:00:00
广东,珠三角,广州,番禺区,石碁镇,G9779,番禺区石碁镇金山村气象观测站,113.3,23,1,B,2023-11-02 00:00:00
广东,珠三角,广州,白云区,太和镇,G9780,白云区太和镇白山村气象观测站,113.4,23.2,1,B,2024-01-31 00:00:00
广东,珠三角,广州,白云区,钟落潭镇,G9781,白云区钟落潭镇白土村气象观测站,113.5,23.3,1,B,2024-01-31 00:00:00
广东,珠三角,广州,白云区,三元里街道,G9782,白云区三元里街市儿童公园气象观测站,113.2,23.1,1,"B,p,r",2024-01-31 00:00:00
广东,珠三角,广州,黄埔区,新龙镇,G9783,黄埔区新龙镇气象分中心气象观测站,113.6,23.4,1,"B,z96",2023-12-28 00:00:00
广东,珠三角,广州,黄埔区,新龙镇,G9784,黄埔区新龙镇气象分中心生态站,113.5,23.3,1,"B,Z",2024-07-12 00:00:00
广东,珠三角,广州,海珠区,华洲街道,G9788,广州海珠区南洲街海珠湖,113.4,23,1,B,2024-04-11 00:00:00
广东,珠三角,广州,番禺区,石楼镇,G9789,番禺区石楼镇赤山东村气象观测站,113.5,23,1,B,2024-02-27 00:00:00
广东,珠三角,广州,荔湾区,冲口街道,G9791,荔湾区冲口街沙涌水闸,113.3,23.1,1,B,2024-06-28 00:00:00
广东,珠三角,广州,荔湾区,东沙街道,G9792,荔湾区东沙街沙洛工业园,113.3,23,1,B,2024-06-28 00:00:00
广东,珠三角,广州,荔湾区,中南街道,G9793,荔湾区中南街珠江钢琴创梦园,113.2,23,1,B,2024-06-28 00:00:00
广东,珠三角,广州,荔湾区,岭南街道,G9794,荔湾区岭南街沙面小学岭南校区,113.3,23.1,1,B,2024-06-28 00:00:00
广东,珠三角,广州,荔湾区,站前街道,G9795,荔湾区站前街西外流花学校,113.2,23.2,1,B,2024-10-11 00:00:00
广东,珠三角,广州,荔湾区,桥中街道,G9796,荔湾区桥中街市一中,113.2,23.2,1,B,2024-10-11 00:00:00
广东,珠三角,广州,荔湾区,桥中街道,G9797,荔湾区桥中街高低塘工业区,113.2,23,1,B,2024-10-11 00:00:00
广东,珠三角,广州,荔湾区,金花街道,G9798,广州市荔湾区金花街南海中学,113.2,23.1,1,B,2024-11-18 00:00:00
广东,珠三角,广州,荔湾区,龙津街道,G9799,广州市荔湾区龙津街区总工会,113.3,23.2,1,B,2024-11-21 00:00:00
广东,珠三角,广州,荔湾区,昌华街道,G9800,荔湾区昌华街多宝路39号,113.1,23.2,1,B,2024-11-18 00:00:00
广东,珠三角,广州,荔湾区,华林街道,G9801,荔湾区华林街市一中十甫学校,113.3,23.1,1,B,2024-10-11 00:00:00
广东,珠三角,广州,荔湾区,石围塘街道,G9802,荔湾区石围塘街塞坝路3号,113.2,23.1,1,B,2024-10-11 00:00:00
广东,珠三角,广州,荔湾区,花地街道,G9803,荔湾区花地街红领巾成长中心,113.3,23.1,1,B,2024-10-11 00:00:00
广东,珠三角,广州,荔湾区,茶滘街道,G9804,荔湾区茶滘街合兴苑小学葵蓬学校,113.2,23.2,1,B,2024-10-11 00:00:00
广东,珠三角,广州,荔湾区,白鹤洞街道,G9805,荔湾区白鹤洞街道办事处,113.3,23.1,1,B,2024-10-11 00:00:00
广东,珠三角,广州,荔湾区,海龙街道,G9806,荔湾区海龙街教科院荔湾实验学校,113.2,23.1,1,B,2024-10-11 00:00:00
广东,珠三角,广州,荔湾区,中南街道,G9807,荔湾区中南街岭南V谷,113.2,23.1,1,B,2024-10-11 00:00:00
广东,珠三角,广州,番禺区,石楼镇,G9808,番禺区石楼镇江鸥村鱼塘水温站,113.4,22.9,1,"B,b",2026-05-22 00:00:00
广东,珠三角,广州,白云区,均禾街道,G9813,白云区均禾街平沙培英学校气象观测站,113.2,23.2,1,B,2024-12-01 00:00:00
广东,珠三角,广州,白云区,钟落潭镇,G9814,白云区钟落潭镇冯坎头水库气象观测站,113.5,23.3,1,B,2024-12-01 00:00:00
广东,珠三角,广州,白云区,石井街道,G9815,白云区石井街同德二涌水闸气象观测站,113.2,23.3,1,B,2024-12-01 00:00:00
广东,珠三角,广州,白云区,钟落潭镇,G9816,白云区钟落潭镇龙岗村果度农场气象观测站,113.5,23.5,1,B,2024-12-06 00:00:00
广东,珠三角,广州,白云区,钟落潭镇,G9817,白云区钟落潭镇虎塘村穗云农场气象观测站,113.3,23.2,1,B,2024-12-01 00:00:00
广东,珠三角,广州,南沙区,万顷沙镇,G9818,南沙区万顷沙镇湾区文体中心气象观测站,113.7,22.5,1,B,2025-05-22 00:00:00
广东,珠三角,广州,南沙区,南沙街道,G9819,南沙区南沙街网球中心气象观测站,113.5,22.7,1,"B,p,r",2025-05-22 00:00:00
广东,珠三角,广州,白云区,钟落潭镇,G9822,白云区钟落潭镇竹一村气象观测站,113.3,23.4,1,B,2024-12-23 00:00:00
广东,珠三角,广州,白云区,钟落潭镇,G9823,白云区钟落潭镇激流回旋中心气象观测站,113.4,23.3,1,"B,p,r",2024-12-23 00:00:00
广东,珠三角,广州,越秀区,大东街道,G9824,越秀区大东街道越秀区疾控中心站,113.2,23.2,1,"B,p,r",2025-01-02 00:00:00
广东,珠三角,广州,越秀区,洪桥街道,G9825,越秀区洪桥街越秀山体育场自动气象站,113.2,23.1,1,"B,p,r",2025-01-24 00:00:00
广东,珠三角,广州,黄埔区,九佛街道,G9826,黄埔区九佛街佛塱村气象观测站,113.5,23.4,1,B,2025-01-10 00:00:00
广东,珠三角,广州,从化区,良口镇,G9827,从化区良口镇御泉大道香港马会从化马场气象观测站,113.6,23.6,1,B,2025-02-28 00:00:00
广东,珠三角,广州,黄埔区,联和街道,G9828,黄埔区联和街道海云路自动气象站,113.4,23.2,1,B,2025-03-10 00:00:00
广东,珠三角,广州,天河区,五山街道,G9829,天河区五山街道华南农业大学经济管理学院自动气象站,113.4,23.1,1,"B,p,r",2025-04-27 00:00:00
广东,珠三角,广州,花都区,狮岭镇,G9832,花都区花山镇紫西村紫西蓝莓基地,113.3,23.5,1,B,2025-10-21 00:00:00
广东,珠三角,广州,花都区,秀全街道,G9833,花都区秀全街荔红社区天马河公园,113.2,23.3,1,B,2025-10-21 00:00:00
广东,珠三角,广州,天河区,天河南街道,G9834,天河体育中心1号通道（主席台右侧）,113.3,23.2,1,"B,z97",2025-10-17 00:00:00
广东,珠三角,广州,天河区,黄村街道,G9835,广州市十五运会气象服务便携式自动气象站,113.4,23.2,1,"B,z97",2025-11-02 00:00:00
广东,珠三角,广州,南沙区,黄阁镇,G9837,南沙区黄阁镇南沙大桥K3+490段气象观测站,113.5,22.8,1,B,2025-12-10 00:00:00
广东,珠三角,广州,番禺区,石楼镇,G9838,番禺区南沙大桥K5 490段气象观测站,113.6,23,1,B,2025-12-09 00:00:00
广东,珠三角,广州,番禺区,石楼镇,G9839,番禺区南沙大桥K7 470段气象观测站,113.6,22.9,1,B,2025-12-11 00:00:00
广东,珠三角,广州,番禺区,石楼镇,G9840,番禺区南沙大桥K9 470段气象观测站,113.6,22.9,1,B,2025-12-11 00:00:00
广东,珠三角,广州,白云区,太和镇,G9841,白云区大源街大源水库自动气象站,113.4,23.3,1,B,2025-11-28 00:00:00
广东,珠三角,广州,白云区,太和镇,G9842,白云区大源街大源村委自动气象站,113.4,23.3,1,B,2025-11-28 00:00:00
广东,珠三角,广州,白云区,大源街道,G9843,白云区大源街石湖村自动气象站,113.4,23.3,1,B,2026-01-16 00:00:00
广东,珠三角,广州,白云区,江高镇,G9844,白云区江高镇珠江村自动气象站,113.1,23.3,1,B,2025-12-04 00:00:00
广东,珠三角,广州,白云区,江高镇,G9845,白云区江高镇蓼江村自动气象站,113.3,23.3,1,B,2025-12-04 00:00:00
广东,珠三角,广州,白云区,江高镇,G9846,白云区江高镇雄丰村自动气象站,113.2,23.2,1,B,2025-12-04 00:00:00
广东,珠三角,广州,白云区,江高镇,G9847,白云区江高镇罗溪村自动气象站,113.2,23.3,1,B,2025-12-04 00:00:00
广东,珠三角,广州,白云区,人和镇,G9848,白云区人和镇太成村自动气象站,113.2,23.4,1,B,2025-12-04 00:00:00
广东,珠三角,广州,白云区,龙归街道,G9849,白云区龙归街南岭村自动气象站,113.3,23.3,1,B,2026-01-16 00:00:00
广东,粤北,韶关,翁源县,龙仙镇,G9850,翁源龙仙会联村气象观测站,114,24.2,1,B,2023-12-06 00:00:00
广东,粤北,韶关,翁源县,龙仙镇,G9851,翁源龙仙青云村气象观测站,114.2,24.4,1,B,2023-12-06 00:00:00
广东,粤北,韶关,翁源县,龙仙镇,G9852,翁源龙仙青山村园洞水库气象观测站,114.1,24.4,1,B,2023-12-06 00:00:00
广东,粤北,韶关,翁源县,龙仙镇,G9853,翁源龙仙石背村气象观测站,114.2,24.3,1,B,2023-12-06 00:00:00
广东,粤北,韶关,翁源县,龙仙镇,G9854,翁源龙仙桂竹村气象观测站,114.1,24.5,1,B,2023-12-06 00:00:00
广东,粤北,韶关,翁源县,龙仙镇,G9855,翁源龙仙贵联村联中气象观测站,114.2,24.4,1,B,2023-12-06 00:00:00
广东,粤北,韶关,翁源县,坝仔镇,G9856,翁源坝仔三坑村气象观测站,114.2,24.4,1,B,2023-12-06 00:00:00
广东,粤北,韶关,翁源县,坝仔镇,G9857,翁源坝仔群辉村气象观测站,114.2,24.4,1,B,2023-12-06 00:00:00
广东,粤北,韶关,翁源县,坝仔镇,G9858,翁源坝仔半溪村气象观测站,114.3,24.6,1,B,2023-12-06 00:00:00
广东,粤北,韶关,翁源县,坝仔镇,G9859,翁源坝仔上洞村气象观测站,114.1,24.6,1,B,2023-12-06 00:00:00
广东,粤北,韶关,翁源县,江尾镇,G9860,翁源江尾联明村气象观测站,114.2,24.4,1,B,2023-12-06 00:00:00
广东,粤北,韶关,翁源县,江尾镇,G9861,翁源江尾长江村气象观测站,114.3,24.4,1,B,2023-12-06 00:00:00
广东,粤北,韶关,翁源县,江尾镇,G9862,翁源江尾仙南村气象观测站,114,24.4,1,B,2023-12-06 00:00:00
广东,粤北,韶关,翁源县,江尾镇,G9863,翁源江尾热水村气象观测站,114,24.5,1,B,2023-12-06 00:00:00
广东,粤北,韶关,翁源县,江尾镇,G9864,翁源江尾东鹊村气象观测站,114,24.6,1,B,2023-12-06 00:00:00
广东,粤北,韶关,翁源县,官渡镇,G9865,翁源官渡下陂村气象观测站,114,24.4,1,B,2023-12-06 00:00:00
广东,粤北,韶关,翁源县,官渡镇,G9866,翁源官渡联盟村气象观测站,114.1,24.3,1,B,2023-12-06 00:00:00
广东,粤北,韶关,翁源县,官渡镇,G9867,翁源官渡坑尾村气象观测站,113.9,24.1,1,B,2023-12-06 00:00:00
广东,粤北,韶关,翁源县,周陂镇,G9868,翁源周陂洪兰村气象观测站,114,24.3,1,B,2023-12-06 00:00:00
广东,粤北,韶关,翁源县,周陂镇,G9869,翁源周陂藤山村气象观测站,113.9,24.3,1,B,2023-12-06 00:00:00
广东,粤北,韶关,翁源县,周陂镇,G9870,翁源周陂龙田村气象观测站,114,24.3,1,B,2023-12-06 00:00:00
广东,粤北,韶关,翁源县,翁城镇,G9871,翁源翁城秀丰村气象观测站,113.7,24.3,1,B,2023-12-06 00:00:00
广东,粤北,韶关,翁源县,翁城镇,G9872,翁源翁城墨岭村气象观测站,113.8,24.4,1,B,2023-12-06 00:00:00
广东,粤北,韶关,翁源县,翁城镇,G9873,翁源翁城上庙村气象观测站,113.9,24.4,1,B,2023-12-06 00:00:00
广东,粤北,韶关,翁源县,翁城镇,G9874,翁源翁城桂湖村气象观测站,113.9,24.3,1,B,2023-12-06 00:00:00
广东,粤北,韶关,翁源县,新江镇,G9875,翁源新江民治村气象观测站,114,24.6,1,B,2023-12-06 00:00:00
广东,粤北,韶关,翁源县,新江镇,G9876,翁源新江油溪村气象观测站,113.9,24.5,1,B,2023-12-06 00:00:00
广东,粤北,韶关,翁源县,新江镇,G9877,翁源新江渔溪村气象观测站,113.9,24.4,1,B,2023-12-06 00:00:00
广东,粤北,韶关,翁源县,新江镇,G9878,翁源新江凉桥村气象观测站,113.7,24.6,1,B,2023-12-06 00:00:00
广东,粤北,韶关,翁源县,铁龙镇,G9879,翁源铁龙龙化村气象观测站,113.8,24.5,1,B,2023-12-06 00:00:00
广东,粤北,韶关,乳源瑶族自治县,大桥镇,G9880,乳源大桥蓝山源气象观测站,113.2,25,1,B,2025-09-08 00:00:00
广东,粤北,韶关,乳源瑶族自治县,一六镇,G9881,乳源一六山城水都气象观测站,113.3,25,1,B,2025-09-08 00:00:00
广东,粤北,韶关,浈江区,新韶镇,G9882,韶关北环上行K27应用气象观测站,113.6,24.8,1,B,2025-08-13 00:00:00
广东,粤北,韶关,乳源瑶族自治县,桂头镇,G9883,乐广上行K76应用气象观测站,113.4,24.9,1,B,2025-08-13 00:00:00
广东,粤北,韶关,乳源瑶族自治县,一六镇,G9884,乐广上行K84应用气象观测站,113.4,24.9,1,B,2025-08-13 00:00:00
广东,粤北,韶关,南雄市,界址镇,G9885,雄信下行K7应用气象观测站,114.8,25.2,1,"B,U",2025-09-22 00:00:00
广东,珠三角,广州,越秀区,梅花村街道,G9966,数据中心楼顶测试站,113.3,23.1,1,B,2026-01-23 00:00:00
广东,珠三角,广州,越秀区,梅花村街道,G9996,测试站1,113.4,23.1,1,"B,z97",2016-07-21 00:00:00
广东,珠三角,广州,增城区,中新镇,GA001,增城区中新镇五联村,113.6,23.3,1,B,2023-07-21 00:00:00
广东,珠三角,广州,增城区,小楼镇,GA002,增城区小楼镇邓山村,113.8,23.4,1,B,2023-07-21 00:00:00
广东,珠三角,广州,黄埔区,穗东街道,GA003,黄埔区穗东街龙头山公园站,113.5,23.1,1,B,2023-06-03 00:00:00
广东,珠三角,广州,黄埔区,萝岗街道,GA004,黄埔区长岭街水声水库站,113.6,23.2,1,B,2023-06-03 00:00:00
广东,珠三角,广州,南沙区,珠江街道,GA005,南沙区珠江街明珠农业园气象观测站,113.5,22.8,1,"B,f",2025-05-23 00:00:00
广东,珠三角,广州,南沙区,东涌镇,GA006,南沙区东涌镇罗非鱼良种场气象观测站,113.5,22.9,1,"B,f",2025-05-23 00:00:00
广东,珠三角,广州,增城区,新塘镇,GA007,增城区新塘镇新墩村气象观测站,113.5,23,1,"B,f",2023-06-11 00:00:00
广东,珠三角,广州,增城区,新塘镇,GA008,增城区新塘镇群星村气象观测站,113.7,23,1,"B,f",2023-06-11 00:00:00
广东,珠三角,广州,增城区,新塘镇,GA009,增城区新塘镇东华村气象观测站,113.7,23.1,1,"B,f",2023-06-11 00:00:00
广东,珠三角,广州,增城区,新塘镇,GA010,增城区新塘镇久裕村气象观测站,113.7,23.1,1,"B,f",2023-06-11 00:00:00
广东,珠三角,广州,增城区,新塘镇,GA011,增城区新塘镇黄沙头村气象观测站,113.6,23.1,1,"B,f",2023-06-11 00:00:00
广东,珠三角,广州,增城区,新塘镇,GA012,增城区新塘镇石下村气象观测站,113.6,23.1,1,"B,f",2023-06-11 00:00:00
广东,珠三角,广州,增城区,新塘镇,GA013,增城区新塘镇瓜岭村气象观测站,113.8,23.1,1,"B,f",2023-06-11 00:00:00
广东,珠三角,广州,增城区,新塘镇,GA014,增城区新塘镇东洲村气象观测站,113.7,23.1,1,"B,f",2023-06-11 00:00:00
广东,珠三角,广州,增城区,新塘镇,GA015,增城区新塘镇坭紫村气象观测站,113.7,23.2,1,"B,f",2023-06-11 00:00:00
广东,珠三角,广州,增城区,新塘镇,GA016,增城区新塘镇新街村气象观测站,113.6,23.1,1,"B,f",2023-06-11 00:00:00
广东,珠三角,广州,增城区,新塘镇,GA017,增城区新塘镇田心村气象观测站,113.7,23.2,1,"B,f",2023-06-11 00:00:00
广东,珠三角,广州,增城区,新塘镇,GA018,增城区新塘镇新何村气象观测站,113.7,23,1,"B,f",2023-06-11 00:00:00
广东,珠三角,广州,增城区,新塘镇,GA019,增城区新塘镇乌石村气象观测站,113.7,23.1,1,"B,f",2023-06-11 00:00:00
广东,珠三角,广州,增城区,新塘镇,GA020,增城区新塘镇塘边村气象观测站,113.6,23.2,1,"B,f",2023-06-11 00:00:00
广东,珠三角,广州,增城区,新塘镇,GA021,增城区新塘镇大敦村气象观测站,113.6,23.1,1,"B,f",2023-06-11 00:00:00
广东,珠三角,广州,增城区,新塘镇,GA022,增城区新塘镇白石村气象观测站,113.6,23.2,1,"B,f",2023-06-15 00:00:00
广东,珠三角,广州,增城区,新塘镇,GA023,增城区新塘镇上邵村气象观测站,113.6,23.1,1,"B,f",2023-06-11 00:00:00
广东,珠三角,广州,增城区,新塘镇,GA024,增城区新塘镇瑶田村气象观测站,113.6,23.1,1,"B,f",2023-06-15 00:00:00
广东,珠三角,广州,增城区,新塘镇,GA025,增城区新塘镇塘美村气象观测站,113.6,23.2,1,"B,f",2023-06-11 00:00:00
广东,珠三角,广州,增城区,新塘镇,GA026,增城区新塘镇三安村气象观测站,113.7,23.2,1,"B,f",2023-06-11 00:00:00
广东,珠三角,广州,增城区,新塘镇,GA027,增城区新塘镇巷口村气象观测站,113.7,23.1,1,"B,f",2023-06-11 00:00:00
广东,珠三角,广州,增城区,新塘镇,GA028,增城区新塘镇长巷村气象观测站,113.6,23.1,1,"B,f",2023-06-11 00:00:00
广东,珠三角,广州,增城区,派潭镇,GA029,增城区派潭镇高村村气象观测站,113.9,23.6,1,"B,f",2023-06-11 00:00:00
广东,珠三角,广州,增城区,派潭镇,GA030,增城区派潭镇围园村气象观测站,113.7,23.4,1,"B,f",2023-06-11 00:00:00
广东,珠三角,广州,增城区,派潭镇,GA031,增城区派潭镇大埔村气象观测站,113.8,23.4,1,"B,f",2023-06-21 00:00:00
广东,珠三角,广州,增城区,正果镇,GA032,增城区派潭镇黄洞村气象观测站,113.9,23.4,1,"B,f",2023-06-11 00:00:00
广东,珠三角,广州,增城区,派潭镇,GA033,增城区派潭镇水口弄村气象观测站,113.9,23.5,1,"B,f",2023-06-11 00:00:00
广东,珠三角,广州,增城区,派潭镇,GA034,增城区派潭镇湴汾村气象观测站,113.8,23.5,1,"B,f",2023-06-11 00:00:00
广东,珠三角,广州,增城区,派潭镇,GA035,增城区派潭镇邓村村气象观测站,113.8,23.5,1,"B,f",2023-06-11 00:00:00
广东,珠三角,广州,增城区,派潭镇,GA036,增城区派潭镇鹅兜村气象观测站,113.7,23.4,1,"B,f",2023-06-11 00:00:00
广东,珠三角,广州,增城区,派潭镇,GA037,增城区派潭镇黄沙氹村气象观测站,113.8,23.5,1,"B,f",2023-06-11 00:00:00
广东,珠三角,广州,南沙区,南沙街道,GA038,南沙区南沙街金沙学校气象观测站,113.5,22.9,1,"B,f",2025-05-23 00:00:00
广东,珠三角,广州,南沙区,万顷沙镇,GA054,南沙区万顷沙东高速服务区气象观测站,113.6,22.6,1,B,2026-07-30 00:00:00
广东,珠三角,深圳,龙华区,观澜街道,GB031,龙华区观澜街道,114.1,22.7,1,"B,p,r",2025-05-28 00:00:00
广东,珠三角,深圳,龙华区,民治街道,GB060,龙华区民治街道龙塘,114,22.7,1,"B,p,r",2025-05-28 00:00:00
广东,粤东,汕头,濠江区,河浦街道,GD201,濠江区河浦街道河东村,116.6,23.3,1,"B,h",2024-11-03 00:00:00
广东,粤东,汕头,潮阳区,海门镇,GD401,潮阳区海门镇洪洞村,116.6,23.2,1,"B,h",2024-11-03 00:00:00
广东,粤东,汕头,潮阳区,铜盂镇,GD402,铜盂镇李仙村气象观测站,116.4,23.4,1,"B,h",2024-11-03 00:00:00
广东,粤东,汕头,潮阳区,谷饶镇,GD403,谷饶镇案前村气象观测站,116.4,23.3,1,"B,h",2024-11-03 00:00:00
广东,粤东,汕头,潮阳区,谷饶镇,GD404,谷饶镇仙波村气象观测站,116.4,23.3,1,"B,h",2024-11-03 00:00:00
广东,粤东,汕头,潮阳区,贵屿镇,GD405,贵屿镇蟹窖水厂气象观测站,116.4,23.4,1,"B,h",2024-11-03 00:00:00
广东,粤东,汕头,潮阳区,关埠镇,GD406,关埠镇下巷村气象观测站,116.4,23.6,1,"B,h",2024-11-03 00:00:00
广东,粤东,汕头,潮阳区,城南街道,GD407,城南街道大南社区气象观测站,116.5,23.3,1,"B,h",2024-11-03 00:00:00
广东,粤东,汕头,潮阳区,西胪镇,GD408,西胪镇里溪村气象观测站,116.5,23.2,1,"B,h",2024-11-03 00:00:00
广东,粤东,汕头,潮阳区,西胪镇,GD409,西胪镇内輋村气象观测站,116.4,23.3,1,"B,h",2024-11-03 00:00:00
广东,粤东,汕头,潮阳区,金浦街道,GD410,金浦街道寨外村气象观测站,116.6,23.2,1,"B,h",2024-11-03 00:00:00
广东,粤东,汕头,澄海区,东里镇,GD501,东里镇塘西村,116.7,23.5,1,"B,h",2024-11-03 00:00:00
广东,粤东,汕头,澄海区,莲华镇,GD502,莲华镇隆北村,116.9,23.5,1,"B,h",2024-11-03 00:00:00
广东,粤东,汕头,澄海区,莲华镇,GD503,莲华镇隆南村,116.9,23.5,1,"B,h",2024-11-03 00:00:00
广东,粤东,汕头,澄海区,隆都镇,GD504,隆都镇后溪村,116.7,23.5,1,"B,h",2024-11-03 00:00:00
广东,粤东,汕头,澄海区,隆都镇,GD505,隆都镇福洋村,116.7,23.5,1,"B,h",2024-11-03 00:00:00
广东,粤东,汕头,澄海区,盐鸿镇,GD506,盐鸿镇鸿一村,116.9,23.6,1,"B,h",2024-11-03 00:00:00
广东,粤东,汕头,澄海区,莲下镇,GD507,莲下镇海后村,116.8,23.4,1,"B,h",2024-11-03 00:00:00
广东,粤东,汕头,澄海区,莲下镇,GD508,莲下镇渡亭村,116.9,23.4,1,"B,h",2024-11-03 00:00:00
广东,粤东,汕头,澄海区,隆都镇,GD509,隆都镇鹊巷村,116.6,23.6,1,"B,h",2024-11-03 00:00:00
广东,粤东,汕头,澄海区,上华镇,GD510,上华镇横陇村,116.6,23.5,1,"B,h",2024-11-03 00:00:00
广东,粤东,汕头,澄海区,莲下镇,GD511,莲下镇程洋岗村,116.8,23.4,1,"B,h",2024-11-03 00:00:00
广东,粤东,汕头,澄海区,凤翔街道,GD512,凤翔街道北港村,116.8,23.5,1,"B,h",2024-11-05 00:00:00
广东,粤东,汕头,澄海区,溪南镇,GD513,溪南镇下岱美村,116.7,23.6,1,"B,h",2024-11-03 00:00:00
广东,粤东,汕头,南澳县,黄花山森林公园管委,GD601,南澳大桥管理中心气象观测站,117,23.5,1,"B,h",2024-11-13 00:00:00
广东,粤东,汕头,南澳县,深澳镇,GD602,深澳后花园气象观测站,117,23.4,1,"B,h",2024-11-13 00:00:00
广东,粤东,汕头,南澳县,深澳镇,GD603,深澳吴平寨气象观测站,117.1,23.5,1,"B,h",2024-11-13 00:00:00
广东,粤东,汕头,南澳县,深澳镇,GD604,深澳松岭气象观测站,117.1,23.5,1,"B,h",2024-11-13 00:00:00
广东,粤东,汕头,潮南区,胪岗镇,GD701,潮南区胪岗镇,116.5,23.3,1,"B,h",2024-11-03 00:00:00
广东,粤东,汕头,潮南区,两英镇,GD702,两英镇秋风水库气象观测站,116.4,23.3,1,"B,h",2024-11-03 00:00:00
广东,珠三角,佛山,禅城区,祖庙街道,GE001,禅城区祖庙街道永红村永红村委气象观测站,113,22.9,1,"B,f",2023-06-03 00:00:00
广东,珠三角,佛山,禅城区,祖庙街道,GE002,禅城区祖庙街道永新村永新村委气象观测站,113.1,22.9,1,"B,f",2023-02-23 00:00:00
广东,珠三角,佛山,禅城区,祖庙街道,GE003,禅城区祖庙街道镇安村镇安村委气象观测站,113.2,23,1,"B,f,p",2023-06-03 00:00:00
广东,珠三角,佛山,禅城区,祖庙街道,GE004,禅城区祖庙街道朝东村朝东村委气象观测站,113,23.1,1,"B,f",2023-02-23 00:00:00
广东,珠三角,佛山,禅城区,张槎街道,GE005,禅城区张槎街道大富村大富村委气象观测站,113,22.9,1,"B,f",2023-02-23 00:00:00
广东,珠三角,佛山,禅城区,张槎街道,GE006,禅城区张槎街道村尾村东方村尾学校气象观测站,113.1,23.1,1,"B,f",2023-06-03 00:00:00
广东,珠三角,佛山,禅城区,张槎街道,GE007,禅城区张槎街道上朗村上朗村委气象观测站,113,23.1,1,"B,f",2023-03-07 00:00:00
广东,珠三角,佛山,禅城区,张槎街道,GE008,禅城区张槎街道古灶村张槎中心小学气象观测站,113,23.1,1,"B,f",2023-02-23 00:00:00
广东,珠三角,佛山,禅城区,张槎街道,GE009,禅城区张槎街道大江村大江村委气象观测站,113,23,1,"B,f",2023-02-23 00:00:00
广东,珠三角,佛山,禅城区,张槎街道,GE010,禅城区张槎街道白坭村白坭文化中心气象观测站,113.1,23.1,1,"B,f",2023-02-23 00:00:00
广东,珠三角,佛山,禅城区,石湾镇街道,GE011,禅城区石湾街道河宕村河宕村委气象观测站,113.2,23.1,1,"B,f",2023-02-23 00:00:00
广东,珠三角,佛山,禅城区,石湾镇街道,GE012,禅城区石湾街道番村番村委气象观测站,113.1,23.1,1,"B,f",2023-02-23 00:00:00
广东,珠三角,佛山,禅城区,石湾镇街道,GE013,禅城区石湾街道塘头村塘头村委气象观测站,113.1,22.9,1,"B,f",2023-02-23 00:00:00
广东,珠三角,佛山,禅城区,石湾镇街道,GE014,禅城区石湾街道沙岗村沙岗村委气象观测站,113.1,23,1,"B,f",2023-02-23 00:00:00
广东,珠三角,佛山,禅城区,石湾镇街道,GE015,禅城区石湾街道黎冲村黎冲村委气象观测站,113.1,23,1,"B,f",2023-02-23 00:00:00
广东,珠三角,佛山,禅城区,石湾镇街道,GE016,禅城区石湾街道深村深村小学气象观测站,113.1,23.1,1,"B,f",2023-02-23 00:00:00
广东,珠三角,佛山,禅城区,南庄镇,GE017,禅城区南庄镇紫南村清湖公园气象观测站,113,23,1,"B,f",2023-02-23 00:00:00
广东,珠三角,佛山,禅城区,南庄镇,GE018,禅城区南庄镇湖涌村湖涌村文化中心气象观测站,113.1,23.1,1,"B,f",2023-02-23 00:00:00
广东,珠三角,佛山,禅城区,南庄镇,GE019,禅城区南庄镇东村东村村委气象观测站,113,23,1,"B,f",2023-02-23 00:00:00
广东,珠三角,佛山,禅城区,南庄镇,GE020,禅城区南庄镇杏头村杏头村委气象观测站,112.9,22.9,1,"B,f",2023-02-23 00:00:00
广东,珠三角,佛山,禅城区,祖庙街道,GE021,禅城区祖庙街道东升村村委制衣厂气象观测站,113,23.1,1,"B,f",2025-02-27 00:00:00
广东,珠三角,佛山,禅城区,祖庙街道,GE022,禅城区祖庙街道郊边村委气象观测站,113.1,23,1,"B,f",2025-02-27 00:00:00
广东,珠三角,佛山,禅城区,张槎街道,GE023,禅城区张槎街道东鄱村委气象观测站,113.1,23,1,"B,f",2025-02-27 00:00:00
广东,珠三角,佛山,禅城区,张槎街道,GE024,禅城区张槎街道弼唐村加德公馆气象观测站,113,23.1,1,"B,f",2025-02-27 00:00:00
广东,珠三角,佛山,禅城区,张槎街道,GE025,禅城区张槎街道海口村海口小学气象观测站,113.1,23,1,"B,f",2025-02-27 00:00:00
广东,珠三角,佛山,禅城区,南庄镇,GE026,禅城区南庄镇堤田村委气象观测站,113,23.1,1,"B,f",2025-02-27 00:00:00
广东,珠三角,佛山,禅城区,南庄镇,GE027,禅城区南庄镇吉利村吉利购物广场气象观测站,113.1,22.9,1,"B,f",2025-02-27 00:00:00
广东,珠三角,佛山,禅城区,南庄镇,GE028,禅城区南庄镇河滘村委气象观测站,113.1,23,1,"B,f",2025-02-27 00:00:00
广东,珠三角,佛山,禅城区,石湾镇街道,GE029,禅城区石湾镇街道石梁村禅城海事处码头气象观测站,113.1,23,1,"B,f,p",2025-02-27 00:00:00
广东,珠三角,佛山,禅城区,石湾镇街道,GE030,禅城区石湾镇街道文华公园电视塔34米应用气象观测站,113.2,23,1,"B,f",2025-02-28 00:00:00
广东,珠三角,佛山,禅城区,石湾镇街道,GE031,禅城区石湾镇街道文华公园电视塔118米应用气象观测站,113.1,23,1,"B,f",2025-02-28 00:00:00
广东,珠三角,佛山,禅城区,石湾镇街道,GE032,禅城区石湾镇街道文华公园电视塔186米应用气象观测站,113.2,23,1,"B,f",2025-02-27 00:00:00
广东,珠三角,佛山,南海区,西樵镇,GE101,南海区西樵镇西岸应用气象观测站（农业）,112.9,22.8,1,B,2025-03-26 00:00:00
广东,珠三角,佛山,顺德区,大良街道,GE201,顺德区大良街道古鉴村凤翔小学气象观测站,113.2,22.8,1,"B,f",2023-06-03 00:00:00
广东,珠三角,佛山,顺德区,北滘镇,GE202,顺德区北滘镇北滘镇高村高村小学气象观测站,113.2,22.9,1,"B,f",2023-06-03 00:00:00
广东,珠三角,佛山,顺德区,北滘镇,GE203,顺德区北滘镇三桂村新开涌水闸气象观测站,113.2,22.9,1,"B,f",2023-06-03 00:00:00
广东,珠三角,佛山,顺德区,北滘镇,GE204,顺德区北滘镇上僚村上僚水利枢纽气象观测站,113.2,22.9,1,"B,f",2023-06-03 00:00:00
广东,珠三角,佛山,顺德区,北滘镇,GE205,顺德区北滘镇黄龙村西河水闸气象观测站,113.2,22.9,1,"B,f",2023-06-03 00:00:00
广东,珠三角,佛山,顺德区,陈村镇,GE206,顺德区陈村镇石洲村拔萃实验学校气象观测站,113.2,23.1,1,"B,f",2023-06-03 00:00:00
广东,珠三角,佛山,顺德区,陈村镇,GE207,顺德区陈村镇赤花居委顺联机械城气象观测站,113.2,23,1,"B,f",2023-06-03 00:00:00
广东,珠三角,佛山,顺德区,龙江镇,GE208,顺德区龙江镇东头村里海学校气象观测站,113.1,22.9,1,"B,f",2023-06-03 00:00:00
广东,珠三角,佛山,顺德区,龙江镇,GE209,顺德区龙江镇官田村官田小学气象观测站,113.1,22.8,1,"B,f",2023-06-03 00:00:00
广东,珠三角,佛山,顺德区,龙江镇,GE210,顺德区龙江镇新华西村华东小学气象观测站,113.1,23,1,"B,f",2023-06-03 00:00:00
广东,珠三角,佛山,顺德区,勒流街道,GE211,顺德区勒流街道富裕村富裕幼儿园气象观测站,113.3,22.9,1,"B,f",2023-08-25 00:00:00
广东,珠三角,佛山,顺德区,龙江镇,GE212,顺德区龙江镇西庆村叶霖佳小学气象观测站,113.1,22.9,1,"B,f",2023-06-03 00:00:00
广东,珠三角,佛山,顺德区,陈村镇,GE213,顺德区陈村镇永兴居委陈村镇初级中学气象观测站,113.2,23,1,"B,f",2023-06-03 00:00:00
广东,珠三角,佛山,顺德区,勒流街道,GE214,顺德区勒流街道上涌村上江小学气象观测站,113.2,23,1,"B,f",2023-06-03 00:00:00
广东,珠三角,佛山,顺德区,容桂街道,GE215,顺德区容桂街道穗香村委气象观测站,113.3,22.8,1,"B,f",2023-06-03 00:00:00
广东,珠三角,佛山,顺德区,伦教街道,GE216,顺德区伦教街道新塘村翁祐实验学校气象观测站,113.2,23,1,"B,f",2023-06-03 00:00:00
广东,珠三角,佛山,顺德区,乐从镇,GE217,顺德区乐从镇劳村劳村小学气象观测站,113.1,23,1,"B,f",2023-06-03 00:00:00
广东,珠三角,佛山,顺德区,乐从镇,GE218,顺德区乐从镇水藤村水藤小学气象观测站,113.2,22.9,1,"B,f",2023-06-03 00:00:00
广东,珠三角,佛山,顺德区,乐从镇,GE219,顺德区乐从镇新隆村明德小学气象观测站,113.2,23,1,"B,f",2023-06-03 00:00:00
广东,珠三角,佛山,顺德区,乐从镇,GE220,顺德区乐从镇路洲村桂凤初级中学气象观测站,113.2,22.9,1,"B,f",2023-06-03 00:00:00
广东,珠三角,佛山,顺德区,大良街道,GE221,顺德区大良街道近良居委梁开中学气象观测站,113.2,22.8,1,"B,f",2023-06-03 00:00:00
广东,珠三角,佛山,顺德区,大良街道,GE222,顺德区大良街道南江居委成美中学气象观测站,113.2,22.8,1,"B,f",2023-06-03 00:00:00
广东,珠三角,佛山,顺德区,容桂街道,GE223,顺德区容桂街道马岗村马岗小学气象观测站,113.2,22.7,1,"B,f",2023-06-03 00:00:00
广东,珠三角,佛山,顺德区,容桂街道,GE224,顺德区容桂街道小黄圃社区东逸湾中学气象观测站,113.4,22.8,1,"B,f",2023-06-03 00:00:00
广东,珠三角,佛山,顺德区,容桂街道,GE225,顺德区容桂街道红星社区狮山公园气象观测站,113.3,22.7,1,"B,f",2023-06-03 00:00:00
广东,珠三角,佛山,顺德区,容桂街道,GE226,顺德区容桂街道四基社区四基初级中学气象观测站,113.2,22.8,1,"B,f",2023-06-03 00:00:00
广东,珠三角,佛山,顺德区,杏坛镇,GE227,顺德区杏坛镇南华村顺德新港气象观测站,113.1,22.9,1,"B,f",2023-06-03 00:00:00
广东,珠三角,佛山,顺德区,杏坛镇,GE228,顺德区杏坛镇马东村东马宁小学气象观测站,113.1,22.8,1,"B,f",2023-06-03 00:00:00
广东,珠三角,佛山,顺德区,杏坛镇,GE229,顺德区杏坛镇昌教村昌教小学气象观测站,113.1,22.8,1,"B,f",2023-06-03 00:00:00
广东,珠三角,佛山,顺德区,杏坛镇,GE230,顺德区杏坛镇西北村杏坛梁銶琚中学气象观测站,113.2,22.7,1,"B,f",2023-06-03 00:00:00
广东,珠三角,佛山,顺德区,均安镇,GE231,顺德区均安镇沙头社区均安职业技术学校气象观测站,113.2,22.8,1,"B,f",2023-06-03 00:00:00
广东,珠三角,佛山,顺德区,均安镇,GE232,顺德区均安镇天连村天连小学气象观测站,113.1,22.7,1,"B,f",2023-06-03 00:00:00
广东,珠三角,佛山,顺德区,均安镇,GE233,顺德区均安镇沙浦村文田中学气象观测站,113.1,22.7,1,"B,f",2023-06-03 00:00:00
广东,珠三角,佛山,顺德区,勒流街道,GE234,顺德区勒流街道江义村江义中学气象观测站,113.1,22.9,1,"B,f",2023-06-03 00:00:00
广东,珠三角,佛山,顺德区,勒流街道,GE235,顺德区勒流街道扶闾村扶闾小学气象观测站,113,22.9,1,"B,f",2023-06-03 00:00:00
广东,珠三角,佛山,顺德区,勒流街道,GE236,顺德区勒流街道勒流居委会育贤实验学校气象观测站,113.1,22.9,1,"B,f",2023-06-03 00:00:00
广东,珠三角,佛山,顺德区,勒流街道,GE237,顺德区勒流街道裕源村裕源小学气象观测站,113.2,22.8,1,"B,f",2023-06-03 00:00:00
广东,珠三角,佛山,顺德区,伦教街道,GE238,顺德区伦教街道鸡洲村文德学校气象观测站,113.2,22.9,1,"B,f",2023-06-03 00:00:00
广东,珠三角,佛山,顺德区,伦教街道,GE239,顺德区伦教街道霞石村霞石村委气象观测站,113.3,22.8,1,"B,f",2023-06-03 00:00:00
广东,珠三角,佛山,顺德区,乐从镇,GE240,顺德区乐从镇葛岸村乐从小学气象观测站,113.2,22.9,1,"B,f",2023-06-03 00:00:00
广东,珠三角,佛山,高明区,更合镇,GE301,高明区更合镇白石村白石村委会气象观测站,112.5,22.7,1,"B,f",2023-06-03 00:00:00
广东,珠三角,佛山,高明区,更合镇,GE302,高明区更合镇平塘村深埗水水库气象观测站,112.6,22.7,1,"B,f",2023-06-03 00:00:00
广东,珠三角,佛山,高明区,更合镇,GE303,高明区更合镇平塘村福山泉水厂气象观测站,112.6,22.6,1,"B,f",2023-06-03 00:00:00
广东,珠三角,佛山,高明区,更合镇,GE304,高明区更合镇巨泉村巨泉村委会气象观测站,112.5,22.9,1,"B,f",2023-06-03 00:00:00
广东,珠三角,佛山,高明区,更合镇,GE305,高明区更合镇高村村高村村委会气象观测站,112.4,22.7,1,"B,f",2023-06-03 00:00:00
广东,珠三角,佛山,高明区,更合镇,GE306,高明区更合镇小洞村小洞村委会气象观测站,112.6,22.8,1,"B,f",2023-06-03 00:00:00
广东,珠三角,佛山,高明区,更合镇,GE307,高明区更合镇大幕村大幕卫生站气象观测站,112.6,22.8,1,"B,f",2023-06-03 00:00:00
广东,珠三角,佛山,高明区,荷城街道,GE308,高明区荷城街道阮埇村高明区新体育馆气象观测站,112.9,22.9,1,"B,f,p,r",2023-06-03 00:00:00
广东,珠三角,佛山,高明区,荷城街道,GE309,高明区荷城街道孔堂村孔堂村委会气象观测站,112.8,22.8,1,"B,f",2023-06-03 00:00:00
广东,珠三角,佛山,高明区,荷城街道,GE310,高明区荷城街道仙村仙村村委会气象观测站,112.9,22.8,1,"B,f",2023-06-03 00:00:00
广东,珠三角,佛山,高明区,荷城街道,GE311,高明区荷城街道尼教村尼教村委会气象观测站,112.8,23,1,"B,f",2023-06-03 00:00:00
广东,珠三角,佛山,高明区,荷城街道,GE312,高明区荷城街道铁岗村龙舟训练基地气象观测站,112.9,22.9,1,"B,f",2023-06-03 00:00:00
广东,珠三角,佛山,高明区,荷城街道,GE313,高明区荷城街道南洲村盈香生态园气象观测站,112.8,22.9,1,"B,f",2023-06-03 00:00:00
广东,珠三角,佛山,高明区,荷城街道,GE314,高明区荷城街道泰兴村泰兴村委会气象观测站,112.8,22.9,1,"B,f",2023-06-03 00:00:00
广东,珠三角,佛山,高明区,荷城街道,GE315,高明区荷城街道河江高明纪念中学气象观测站,112.8,22.8,1,"B,f",2023-06-03 00:00:00
广东,珠三角,佛山,高明区,荷城街道,GE316,高明区荷城街道育才佛山市高级中学气象观测站,112.9,22.9,1,"B,f",2023-06-03 00:00:00
广东,珠三角,佛山,高明区,荷城街道,GE317,高明区荷城街道阮埇村官窦水闸气象观测站,112.8,22.9,1,"B,f",2023-06-03 00:00:00
广东,珠三角,佛山,高明区,明城镇,GE318,高明区明城镇新岗村东陂水库气象观测站,112.8,22.9,1,"B,f",2023-06-03 00:00:00
广东,珠三角,佛山,高明区,明城镇,GE319,高明区明城镇罗稳村峰江水闸气象观测站,112.6,22.9,1,"B,f",2023-06-03 00:00:00
广东,珠三角,佛山,高明区,明城镇,GE320,高明区明城镇明阳村明阳村委会气象观测站,112.6,22.9,1,"B,f",2023-06-03 00:00:00
广东,珠三角,佛山,高明区,明城镇,GE321,高明区明城镇潭朗村潭朗村委会气象观测站,112.8,23,1,"B,f",2023-06-03 00:00:00
广东,珠三角,佛山,高明区,明城镇,GE322,高明区明城镇文典村文典村旧礼堂气象观测站,112.6,22.8,1,"B,f",2023-06-03 00:00:00
广东,珠三角,佛山,高明区,明城镇,GE323,高明区明城镇石塘村官迳水库气象观测站,112.6,22.9,1,"B,f",2023-06-03 00:00:00
广东,珠三角,佛山,高明区,杨和镇,GE324,高明区杨和镇清泰村清泰村委会气象观测站,112.9,22.9,1,"B,f",2023-06-03 00:00:00
广东,珠三角,佛山,高明区,杨和镇,GE325,高明区杨和镇对川村高明区公路养护站气象观测站,112.8,22.8,1,"B,f",2023-06-03 00:00:00
广东,珠三角,佛山,三水区,南山镇,GE401,三水区南山镇蓝眼泪景区气象观测站,112.7,23.4,1,B,2026-04-29 00:00:00
广东,粤北,韶关,浈江区,犁市镇,GF000,浈江犁市内腾村气象观测站,113.5,25.1,1,"B,h",2024-11-03 00:00:00
广东,粤北,韶关,浈江区,犁市镇,GF001,浈江犁市大岭村气象观测站,113.6,24.9,1,"B,h",2024-11-03 00:00:00
广东,粤北,韶关,浈江区,十里亭镇,GF002,浈江十里亭湾头村气象观测站,113.6,24.8,1,"B,h",2024-11-03 00:00:00
广东,粤北,韶关,武江区,重阳镇,GF003,武江重阳水口村气象观测站,113.5,24.9,1,"B,h",2024-11-03 00:00:00
广东,粤北,韶关,武江区,江湾镇,GF004,武江江湾湖洋村气象观测站,113.2,24.5,1,"B,h",2024-11-03 00:00:00
广东,粤北,韶关,武江区,西联镇,GF005,武江西联甘棠村气象观测站,113.4,24.8,1,"B,h",2024-11-03 00:00:00
广东,粤北,韶关,武江区,西河镇,GF006,武江西河村头村气象观测站,113.6,24.7,1,"B,h",2024-11-03 00:00:00
广东,粤北,韶关,武江区,龙归镇,GF007,武江龙归坳头村气象观测站,113.4,24.7,1,"B,h",2024-11-03 00:00:00
广东,粤北,韶关,翁源县,周陂镇,GF091,韶新下行K49应用气象观测站,114,24.2,1,"B,h",2024-11-03 00:00:00
广东,粤北,韶关,武江区,江湾镇,GF092,武江江湾胡屋村气象观测站,113.1,24.6,1,"B,h",2024-11-03 00:00:00
广东,粤北,韶关,仁化县,城口镇,GF093,武深上行K652应用气象观测站,113.6,25.3,1,"B,h",2024-11-03 00:00:00
广东,粤北,韶关,始兴县,司前镇,GF094,武深上行K746应用气象观测站,114.1,24.7,1,"B,h",2024-11-03 00:00:00
广东,粤北,韶关,乐昌市,大源镇,GF095,乐广下行K40应用气象观测站,113.3,25.2,1,"B,h",2024-11-03 00:00:00
广东,粤北,韶关,乐昌市,梅花镇,GF096,乐广上行K17应用气象观测站,113,25.3,1,"B,h",2024-11-03 00:00:00
广东,粤北,韶关,乐昌市,坪石镇,GF097,京珠下行K1856应用气象观测站,113,25.3,1,"B,h",2024-11-03 00:00:00
广东,粤北,韶关,乐昌市,云岩镇,GF098,京珠下行K1878应用气象观测站,113.1,25.2,1,"B,h",2024-11-03 00:00:00
广东,粤北,韶关,乳源瑶族自治县,大桥镇,GF099,京珠上行K1897应用气象观测站,113.2,24.9,1,"B,h",2024-11-03 00:00:00
广东,粤北,韶关,曲江区,樟市镇,GF100,曲江樟市流坑气象观测站,113.5,24.6,1,"B,h",2024-11-03 00:00:00
广东,粤北,韶关,曲江区,马坝镇,GF101,曲江马坝松山下气象观测站,113.6,24.7,1,"B,h",2024-11-03 00:00:00
广东,粤北,韶关,曲江区,白土镇,GF102,曲江白土由坪村气象观测站,113.4,24.6,1,"B,h",2024-11-03 00:00:00
广东,粤北,韶关,曲江区,大塘镇,GF103,曲江大塘左村气象观测站,113.8,24.8,1,"B,h",2024-11-03 00:00:00
广东,粤北,韶关,曲江区,乌石镇,GF104,曲江乌石展如气象观测站,113.6,24.6,1,"B,h",2024-11-03 00:00:00
广东,粤北,韶关,乐昌市,乐城街道,GF200,乐昌乐城张滩水电站气象观测站,113.3,25.1,1,"B,h",2024-11-03 00:00:00
广东,粤北,韶关,乐昌市,廊田镇,GF201,乐昌廊田平富村气象观测站,113.5,25.2,1,"B,h",2024-11-03 00:00:00
广东,粤北,韶关,乐昌市,长来镇,GF202,乐昌长来金竹山村气象观测站,113.5,25,1,"B,h",2024-11-03 00:00:00
广东,粤北,韶关,乐昌市,北乡镇,GF203,乐昌北乡下西坑村气象观测站,113.4,25.2,1,"B,h",2024-11-03 00:00:00
广东,粤北,韶关,乐昌市,大源镇,GF204,乐昌大源小滩村气象观测站,113.2,25.3,1,"B,h",2024-11-03 00:00:00
广东,粤北,韶关,乐昌市,九峰镇,GF205,乐昌九峰横坑村气象观测站,113.3,25.4,1,"B,h",2024-11-03 00:00:00
广东,粤北,韶关,乐昌市,九峰镇,GF206,乐昌九峰上廊村气象观测站,113.4,25.4,1,"B,h",2024-11-03 00:00:00
广东,粤北,韶关,乐昌市,坪石镇,GF207,乐昌坪石京口村气象观测站,113.1,25.4,1,"B,h",2024-11-03 00:00:00
广东,粤北,韶关,乐昌市,三溪镇,GF208,乐昌三溪石村气象观测站,113,25.3,1,"B,h",2024-11-03 00:00:00
广东,粤北,韶关,乐昌市,秀水镇,GF209,乐昌秀水黄金洞村气象观测站,113,25.1,1,"B,h",2024-11-03 00:00:00
广东,粤北,韶关,乐昌市,庆云镇,GF210,乐昌庆云袄田村气象观测站,113.2,25.4,1,"B,h",2024-11-03 00:00:00
广东,粤北,韶关,乐昌市,黄圃镇,GF211,乐昌黄圃东村气象观测站,113.2,25.5,1,"B,h",2024-11-03 00:00:00
广东,粤北,韶关,乐昌市,白石镇,GF212,乐昌白石涧水村气象观测站,113.3,25.5,1,"B,h",2024-11-03 00:00:00
广东,粤北,韶关,仁化县,丹霞街道,GF300,仁化丹霞新东村气象观测站,113.8,25.1,1,"B,h",2024-11-03 00:00:00
广东,粤北,韶关,仁化县,闻韶镇,GF301,仁化闻韶下徐村气象观测站,113.9,25.2,1,"B,h",2024-11-03 00:00:00
广东,粤北,韶关,仁化县,扶溪镇,GF302,仁化扶溪古夏村气象观测站,113.9,25.2,1,"B,h",2024-11-03 00:00:00
广东,粤北,韶关,仁化县,董塘镇,GF303,仁化董塘高宅村气象观测站,113.7,25.1,1,"B,h",2024-11-03 00:00:00
广东,粤北,韶关,仁化县,大桥镇,GF304,仁化大桥共和村气象观测站,113.7,24.9,1,"B,h",2024-11-03 00:00:00
广东,粤北,韶关,仁化县,周田镇,GF305,仁化周田雷坑村气象观测站,114,25,1,"B,h",2024-11-03 00:00:00
广东,粤北,韶关,仁化县,长江镇,GF306,仁化长江学堂垇村气象观测站,113.9,25.3,1,"B,h",2024-11-03 00:00:00
广东,粤北,韶关,仁化县,城口镇,GF307,仁化城口东罗村气象观测站,113.8,25.3,1,"B,h",2024-11-03 00:00:00
广东,粤北,韶关,仁化县,石塘镇,GF308,仁化石塘上中坌村气象观测站,113.6,25.2,1,"B,h",2024-11-03 00:00:00
广东,粤北,韶关,仁化县,黄坑镇,GF309,仁化黄坑曰庄村气象观测站,113.8,25,1,"B,h",2024-11-03 00:00:00
广东,粤北,韶关,仁化县,周田镇,GF310,仁化周田上坪村气象观测站,113.9,24.9,1,"B,h",2024-11-03 00:00:00
广东,粤北,韶关,仁化县,长江镇,GF311,仁化长江石是村气象观测站,114,25.5,1,"B,h",2024-11-03 00:00:00
广东,粤北,韶关,仁化县,董塘镇,GF312,仁化董塘坪岗村气象观测站,113.6,25.1,1,"B,h",2024-11-03 00:00:00
广东,粤北,韶关,南雄市,雄州街道,GF400,南雄雄州观新村气象观测站,114.3,25.1,1,"B,h",2024-11-03 00:00:00
广东,粤北,韶关,南雄市,澜河镇,GF401,南雄澜河上矽村气象观测站,114,25.3,1,"B,h",2024-11-03 00:00:00
广东,粤北,韶关,南雄市,界址镇,GF402,南雄界址百罗村气象观测站,114.6,25.3,1,"B,h",2024-11-03 00:00:00
广东,粤北,韶关,南雄市,邓坊镇,GF403,南雄邓坊茶头背村气象观测站,114.5,25.4,1,"B,h",2024-11-03 00:00:00
广东,粤北,韶关,南雄市,油山镇,GF404,南雄油山孔村气象观测站,114.6,25.3,1,"B,h",2024-11-03 00:00:00
广东,粤北,韶关,南雄市,江头镇,GF405,南雄江头元甫村气象观测站,114.4,25.1,1,"B,h",2024-11-03 00:00:00
广东,粤北,韶关,南雄市,珠玑镇,GF406,南雄珠玑罗田村气象观测站,114.4,25.2,1,"B,h",2024-11-03 00:00:00
广东,粤北,韶关,南雄市,坪田镇,GF407,南雄坪田中坪村气象观测站,114.7,25.2,1,"B,h",2024-11-03 00:00:00
广东,粤北,韶关,南雄市,南亩镇,GF408,南雄南亩长洞村气象观测站,114.6,25.2,1,"B,h",2024-11-03 00:00:00
广东,粤北,韶关,南雄市,主田镇,GF409,南雄主田塘山村气象观测站,114.3,25,1,"B,h",2024-11-03 00:00:00
广东,粤北,韶关,南雄市,帽子峰镇,GF410,南雄帽子峰富竹村气象观测站,114.2,25.2,1,"B,h",2024-11-03 00:00:00
广东,粤北,韶关,南雄市,百顺镇,GF411,南雄百顺朱安村气象观测站,114.1,25.3,1,"B,h",2024-11-03 00:00:00
广东,粤北,韶关,南雄市,古市镇,GF412,南雄古市气象观测站,114.1,25.1,1,"B,h",2024-11-03 00:00:00
广东,粤北,韶关,始兴县,太平镇,GF500,始兴太平纱帽岗村气象观测站,114.2,25,1,"B,h",2024-11-03 00:00:00
广东,粤北,韶关,始兴县,深渡水瑶族乡,GF501,始兴深渡水横岭村气象观测站,114.1,24.7,1,"B,h",2024-11-03 00:00:00
广东,粤北,韶关,始兴县,城南镇,GF502,始兴城南胆源村气象观测站,114.1,24.9,1,"B,h",2024-11-03 00:00:00
广东,粤北,韶关,始兴县,城南镇,GF503,始兴城南东南村气象观测站,114.2,24.9,1,"B,h",2024-11-03 00:00:00
广东,粤北,韶关,始兴县,澄江镇,GF504,始兴澄江四村村气象观测站,114.2,25,1,"B,h",2024-11-03 00:00:00
广东,粤北,韶关,始兴县,顿岗镇,GF505,始兴顿岗寨头村气象观测站,114.1,24.9,1,"B,h",2024-11-03 00:00:00
广东,粤北,韶关,始兴县,太平镇,GF506,始兴太平上台村气象观测站,113.9,25,1,"B,h",2024-11-03 00:00:00
广东,粤北,韶关,始兴县,马市镇,GF507,始兴马市侯陂村气象观测站,114.1,25.1,1,"B,h",2024-11-03 00:00:00
广东,粤北,韶关,始兴县,沈所镇,GF508,始兴沈所群丰村气象观测站,113.9,25,1,"B,h",2024-11-03 00:00:00
广东,粤北,韶关,翁源县,官渡镇,GF600,翁源官渡东三村气象观测站,113.9,24.3,1,"B,h",2024-11-03 00:00:00
广东,粤北,韶关,翁源县,江尾镇,GF601,翁源江尾仙北村气象观测站,114,24.5,1,"B,h",2024-11-03 00:00:00
广东,粤北,韶关,翁源县,江尾镇,GF602,翁源江尾联益村气象观测站,114.1,24.5,1,"B,h",2024-11-03 00:00:00
广东,粤北,韶关,翁源县,坝仔镇,GF603,翁源坝仔良星村气象观测站,114.1,24.4,1,"B,h",2024-11-03 00:00:00
广东,粤北,韶关,翁源县,龙仙镇,GF604,翁源龙仙田心村气象观测站,114,24.2,1,"B,h",2024-11-03 00:00:00
广东,粤北,韶关,翁源县,翁城镇,GF605,翁源翁城定南村气象观测站,113.9,24.4,1,"B,h",2024-11-03 00:00:00
广东,粤北,韶关,翁源县,新江镇,GF606,翁源新江民光村气象观测站,113.9,24.5,1,"B,h",2024-11-03 00:00:00
广东,粤北,韶关,翁源县,龙仙镇,GF607,翁源龙仙新岭村气象观测站,114,24.3,1,"B,h",2024-11-03 00:00:00
广东,粤北,韶关,乳源瑶族自治县,大布镇,GF700,乳源大布白坑村气象观测站,113.1,24.6,1,"B,h",2024-11-03 00:00:00
广东,粤北,韶关,乳源瑶族自治县,大布镇,GF701,乳源大布坪山村气象观测站,113.1,24.6,1,"B,h",2024-11-03 00:00:00
广东,粤北,韶关,乳源瑶族自治县,东坪镇,GF702,乳源东坪长溪村气象观测站,113.1,24.9,1,"B,h",2024-11-03 00:00:00
广东,粤北,韶关,乳源瑶族自治县,桂头镇,GF703,乳源桂头罗腿村气象观测站,113.4,25.1,1,"B,h",2024-11-03 00:00:00
广东,粤北,韶关,乳源瑶族自治县,一六镇,GF704,乳源一六东七村气象观测站,113.4,24.7,1,"B,h",2024-11-03 00:00:00
广东,粤北,韶关,乳源瑶族自治县,洛阳镇,GF705,乳源洛阳深洞村气象观测站,112.9,24.9,1,"B,h",2024-11-03 00:00:00
广东,粤北,韶关,乳源瑶族自治县,洛阳镇,GF706,乳源洛阳月坪村气象观测站,112.9,24.6,1,"B,h",2024-11-03 00:00:00
广东,粤北,韶关,乳源瑶族自治县,游溪镇,GF707,乳源游溪大村气象观测站,113.2,24.9,1,"B,h",2024-11-03 00:00:00
广东,粤北,韶关,新丰县,丰城街道,GF800,新丰丰城横坑村气象观测站,114.3,24.2,1,"B,h",2024-11-03 00:00:00
广东,粤北,韶关,新丰县,丰城街道,GF801,新丰丰城长陂村气象观测站,114.2,24.1,1,"B,h",2024-11-03 00:00:00
广东,粤北,韶关,新丰县,黄磜镇,GF802,新丰黄磜黄沙坑村气象观测站,114.1,24.1,1,"B,h",2024-11-03 00:00:00
广东,粤北,韶关,新丰县,回龙镇,GF803,新丰回龙合子村气象观测站,114,24.1,1,"B,h",2024-11-03 00:00:00
广东,粤北,韶关,新丰县,回龙镇,GF804,新丰回龙官坪村气象观测站,113.8,24.2,1,"B,h",2024-11-03 00:00:00
广东,粤北,韶关,新丰县,马头镇,GF805,新丰马头张田坑村气象观测站,114.4,24.2,1,"B,h",2024-11-03 00:00:00
广东,粤北,韶关,新丰县,马头镇,GF806,新丰马头秀田村气象观测站,114.4,24.1,1,"B,h",2024-11-03 00:00:00
广东,粤北,韶关,新丰县,梅坑镇,GF807,新丰梅坑张田村气象观测站,114.2,23.9,1,"B,h",2024-11-03 00:00:00
广东,粤北,韶关,新丰县,梅坑镇,GF808,新丰梅坑长江村气象观测站,114.1,24.1,1,"B,h",2024-11-03 00:00:00
广东,粤北,韶关,新丰县,沙田镇,GF809,新丰沙田羊石村气象观测站,113.8,24,1,"B,h",2024-11-03 00:00:00
广东,粤北,韶关,新丰县,遥田镇,GF810,新丰遥田高石村气象观测站,113.9,24,1,"B,h",2024-11-03 00:00:00
广东,粤北,韶关,新丰县,遥田镇,GF811,新丰遥田石教村气象观测站,113.8,24,1,"B,h",2024-11-03 00:00:00
广东,粤西,湛江,麻章区,麻章镇,GG001,麻章区麻章镇华锐教育基地气象观测站,110.3,21.3,1,"B,h",2024-11-03 00:00:00
广东,粤西,湛江,霞山区,友谊街道,GG002,霞山区友谊街道南月谷气象观测站,110.4,21.2,1,"B,h",2024-11-03 00:00:00
广东,粤西,湛江,霞山区,海头街道,GG003,霞山区海头街道西厅工业园气象观测站,110.3,21.2,1,"B,h",2024-11-03 00:00:00
广东,粤西,湛江,坡头区,南三镇,GG004,坡头区南三镇莫村气象观测站,110.6,21.3,1,"B,h",2024-11-03 00:00:00
广东,粤西,湛江,坡头区,官渡镇,GG005,坡头区官渡镇山嘴村委会气象观测站,110.4,21.4,1,"B,h",2024-11-03 00:00:00
广东,粤西,湛江,麻章区,麻章镇,GG006,赤坎区南桥街道瑞云湖公园气象观测站,110.2,21.2,1,"B,h",2024-11-03 00:00:00
广东,粤西,湛江,麻章区,麻章镇,GG007,麻章区麻章镇合流水库气象观测站,110.2,21.2,1,"B,h",2024-11-03 00:00:00
广东,粤西,湛江,麻章区,东山街道,GG008,东海岛东简街道巴斯夫厂区气象观测站,110.4,21.1,0,"B,h",2024-11-03 00:00:00
广东,粤西,湛江,麻章区,东简街道,GG009,东海岛东简街道恒兴种子基地气象观测站,110.5,21.1,0,"B,h",2024-11-03 00:00:00
广东,粤西,湛江,麻章区,湖光镇,GG010,麻章区湖光镇湖光岩风景区气象观测站,110.3,21.2,1,"B,h",2024-11-03 00:00:00
广东,粤西,湛江,麻章区,麻章镇,GG011,麻章区麻章镇志满水库气象观测站,110.1,21.2,1,"B,h",2024-11-03 00:00:00
广东,粤西,湛江,麻章区,湖光镇,GG012,麻章区湖光镇新坡水库气象观测站,110.3,21.2,1,"B,h",2024-11-03 00:00:00
广东,粤西,湛江,吴川市,黄坡镇,GG013,吴川市黄坡镇塘基村气象观测站,110.7,21.3,1,"B,h",2024-11-03 00:00:00
广东,粤西,湛江,徐闻县,下桥镇,GG101,徐闻县下桥镇勇士农场十四队气象观测站,110.2,20.5,1,"B,h",2024-11-03 00:00:00
广东,粤西,湛江,徐闻县,曲界镇,GG102,徐闻县曲界镇红星农场生产中心气象观测站,110.4,20.5,1,"B,h",2024-11-03 00:00:00
广东,粤西,湛江,徐闻县,下桥镇,GG103,徐闻县下桥镇南华农场二十四队气象观测站,110.1,20.4,1,"B,h",2024-11-03 00:00:00
广东,粤西,湛江,徐闻县,下桥镇,GG104,徐闻县下桥镇南华农场九队气象观测站,110.2,20.5,1,"B,h",2024-11-03 00:00:00
广东,粤西,湛江,徐闻县,角尾乡,GG105,徐闻县角尾乡徐闻盐场灯楼工区气象观测站,109.9,20.3,1,"B,h",2024-11-03 00:00:00
广东,粤西,湛江,徐闻县,西连镇,GG106,徐闻县西连镇徐闻盐场许家工区气象观测站,110,20.3,1,"B,h",2024-11-03 00:00:00
广东,粤西,湛江,徐闻县,曲界镇,GG107,徐闻县曲界镇海鸥农场十队气象观测站,110.3,20.5,1,"B,h",2024-11-03 00:00:00
广东,粤西,湛江,徐闻县,南山镇,GG108,徐闻县南山镇实验中学气象观测站,110.3,20.3,1,"B,h",2024-11-03 00:00:00
广东,粤西,湛江,徐闻县,曲界镇,GG109,徐闻县曲界镇红星农场二十队气象观测站,110.3,20.5,1,"B,h",2024-11-03 00:00:00
广东,粤西,湛江,徐闻县,龙塘镇,GG110,徐闻县龙塘镇友好农场四组气象观测站,110.3,20.4,1,"B,h",2024-11-03 00:00:00
广东,粤西,湛江,徐闻县,城北乡,GG111,徐闻县城北乡后坡寮小学气象观测站,110.2,20.3,1,"B,h",2024-11-03 00:00:00
广东,粤西,湛江,雷州市,覃斗镇,GG201,雷州市覃斗镇铺前村气象观测站,109.9,20.6,1,"B,h",2024-11-03 00:00:00
广东,粤西,湛江,雷州市,雷高镇,GG202,雷州市雷高镇南光农场十九队气象观测站,110.3,20.9,1,"B,h",2024-11-03 00:00:00
广东,粤西,湛江,雷州市,唐家镇,GG203,雷州市唐家镇火炬农场十八队气象观测站,109.9,20.8,1,"B,h",2024-11-03 00:00:00
广东,粤西,湛江,雷州市,英利镇,GG204,雷州市英利镇东方红10队气象观测站,110.1,20.5,1,"B,h",2024-11-03 00:00:00
广东,粤西,湛江,雷州市,企水镇,GG205,雷州市企水镇山下仔村气象观测站,109.7,20.7,1,"B,h",2024-11-03 00:00:00
广东,粤西,湛江,雷州市,英利镇,GG206,雷州市英利镇东方红五队气象观测站,110.2,20.5,1,"B,h",2024-11-03 00:00:00
广东,粤西,湛江,雷州市,龙门镇,GG207,雷州市龙门镇火炬农场七队气象观测站,109.9,20.7,1,"B,h",2024-11-03 00:00:00
广东,粤西,湛江,雷州市,乌石镇,GG208,雷州市乌石镇乌石终端基地气象观测站,109.8,20.5,1,"B,h",2024-11-03 00:00:00
广东,粤西,湛江,雷州市,北和镇,GG209,雷州市北和镇吴逢村气象观测站,109.7,20.6,1,"B,h",2024-11-03 00:00:00
广东,粤西,湛江,雷州市,纪家镇,GG210,雷州市纪家镇北仔村气象观测站,109.6,20.9,1,"B,h",2024-11-03 00:00:00
广东,粤西,湛江,雷州市,杨家镇,GG211,雷州市杨家镇调乃村气象观测站,109.8,21,1,"B,h",2024-11-03 00:00:00
广东,粤西,湛江,雷州市,客路镇,GG212,雷州市客路镇塘活小学气象观测站,110,21.1,1,"B,h",2024-11-03 00:00:00
广东,粤西,湛江,雷州市,唐家镇,GG213,雷州市唐家镇土乐水库气象观测站,109.7,20.9,1,"B,h",2024-11-03 00:00:00
广东,粤西,湛江,雷州市,客路镇,GG214,雷州市奋勇华侨农场三队气象观测站,110,21,1,"B,h",2024-11-03 00:00:00
广东,粤西,湛江,雷州市,客路镇,GG215,雷州市奋勇高新区东腾饲料公司气象观测站,110.1,21,1,"B,h",2024-11-03 00:00:00
广东,粤西,湛江,雷州市,雷高镇,GG216,雷州市雷高镇迈生水库气象观测站,110.3,20.8,1,"B,h",2024-11-03 00:00:00
广东,粤西,湛江,雷州市,松竹镇,GG217,雷州市松竹镇南渡河南岸送水泵站气象观测站,110.1,20.8,1,"B,h",2024-11-03 00:00:00
广东,粤西,湛江,雷州市,调风镇,GG218,雷州市调风镇园林队气象观测站,110.1,20.6,1,"B,h",2024-11-03 00:00:00
广东,粤西,湛江,雷州市,东里镇,GG219,雷州市东里镇三吉小学气象观测站,110.3,20.7,1,"B,h",2024-11-03 00:00:00
广东,粤西,湛江,遂溪县,广前公司,GG301,遂溪县乌塘镇森林公园气象观测站,110,21.3,1,"B,h",2024-11-03 00:00:00
广东,粤西,湛江,遂溪县,建新镇,GG302,遂溪县建新镇纪念公园气象观测站,110.3,21.1,1,"B,h",2024-11-03 00:00:00
广东,粤西,湛江,遂溪县,黄略镇,GG303,遂溪县黄略镇水泥厂气象观测站,110.3,21.3,1,"B,h",2024-11-03 00:00:00
广东,粤西,湛江,遂溪县,城月镇,GG304,遂溪县城月镇水果优品基地气象观测站,110.1,21.3,1,"B,h",2024-11-03 00:00:00
广东,粤西,湛江,遂溪县,广前公司,GG305,遂溪县洋青镇畔塘分公司气象观测站,110.1,21.3,1,"B,h",2024-11-03 00:00:00
广东,粤西,湛江,遂溪县,洋青镇,GG306,遂溪县洋青镇克须村委会气象观测站,110.1,21.4,1,"B,h",2024-11-03 00:00:00
广东,粤西,湛江,遂溪县,洋青镇,GG307,遂溪县洋青镇正大食品总公司气象观测站,110.2,21.4,1,"B,h",2024-11-03 00:00:00
广东,粤西,湛江,遂溪县,洋青镇,GG308,遂溪县界炮镇山内仔村委会气象观测站,110,21.4,1,"B,h",2024-11-03 00:00:00
广东,粤西,湛江,遂溪县,北坡镇,GG309,遂溪县北坡镇大昌村委会气象观测站,109.8,21.3,1,"B,h",2024-11-03 00:00:00
广东,粤西,湛江,遂溪县,港门镇,GG310,遂溪县港门镇北灶仔村乐民河气象观测站,109.7,21.1,1,"B,h",2024-11-03 00:00:00
广东,粤西,湛江,遂溪县,遂城镇,GG311,遂溪县附城镇四九初中气象观测站,110.3,21.4,1,"B,h",2024-11-03 00:00:00
广东,粤西,湛江,遂溪县,江洪镇,GG312,遂溪县江洪镇江洪中心小学气象观测站,109.6,21,1,"B,h",2024-11-03 00:00:00
广东,粤西,湛江,遂溪县,城月镇,GG313,遂溪县城月镇官田水库气象观测站,110.1,21.1,1,"B,h",2024-11-03 00:00:00
广东,粤西,湛江,遂溪县,城月镇,GG314,遂溪县城月镇农业示范区气象观测站,110,21.2,1,"B,h",2024-11-03 00:00:00
广东,粤西,湛江,遂溪县,杨柑镇,GG315,遂溪县杨柑镇杨柑村委会气象观测站,109.8,21.3,1,"B,h",2024-11-03 00:00:00
广东,粤西,湛江,遂溪县,杨柑镇,GG316,遂溪县杨柑镇布政村火龙果基地气象观测站,109.9,21.3,1,"B,h",2024-11-03 00:00:00
广东,粤西,湛江,遂溪县,河头镇,GG317,遂溪县河头镇遂溪西南地区革命史馆气象观测站,109.9,21,1,"B,h",2024-11-03 00:00:00
广东,粤西,湛江,遂溪县,草潭镇,GG318,遂溪县草潭镇角头沙风景旅游区气象观测站,109.7,21.3,1,"B,h",2024-11-03 00:00:00
广东,粤西,湛江,廉江市,石城镇,GG401,廉江市石城镇田园寨景区气象观测站,110.3,21.7,1,"B,h",2024-11-03 00:00:00
广东,粤西,湛江,廉江市,石岭镇,GG402,廉江市石岭镇东升农场气象观测站,110.1,21.7,1,"B,h",2024-11-03 00:00:00
广东,粤西,湛江,廉江市,长山镇,GG403,廉江市长山镇长青水库管理局气象观测站,110,21.8,1,"B,h",2024-11-03 00:00:00
广东,粤西,湛江,廉江市,长山镇,GG404,廉江市长山镇长青水库仙人域管理所气象观测站,109.9,21.7,1,"B,h",2024-11-03 00:00:00
广东,粤西,湛江,廉江市,车板镇,GG405,廉江市车板镇核电厂气象观测站,109.7,21.7,1,"B,h",2024-11-03 00:00:00
广东,粤西,湛江,廉江市,长山镇,GG406,廉江市长山镇谷邦村气象观测站,110,21.8,1,"B,h",2024-11-03 00:00:00
广东,粤西,湛江,廉江市,石岭镇,GG407,廉江市石岭镇玉湛高速气象观测站,110.1,21.6,1,"B,h",2024-11-03 00:00:00
广东,粤西,湛江,廉江市,石城镇,GG408,廉江市石城镇玉湛高速气象观测站,110.3,21.5,1,"B,h",2024-11-03 00:00:00
广东,粤西,湛江,廉江市,塘蓬镇,GG409,廉江市塘蓬镇上山村气象观测站,110,21.8,1,"B,h",2024-11-03 00:00:00
广东,粤西,湛江,廉江市,石颈镇,GG410,廉江市石颈镇东埇村气象观测站,110.1,21.6,1,"B,h",2024-11-03 00:00:00
广东,粤西,湛江,廉江市,青平镇,GG411,廉江市青平镇长青水库香山管理所气象观测站,110,21.6,1,"B,h",2024-11-03 00:00:00
广东,粤西,湛江,廉江市,车板镇,GG412,廉江市车板镇红江农场16队气象观测站,109.8,21.5,1,"B,h",2024-11-03 00:00:00
广东,粤西,湛江,廉江市,青平镇,GG413,廉江市青平镇红江农场41队气象观测站,109.9,21.7,1,"B,h",2024-11-03 00:00:00
广东,粤西,湛江,廉江市,良垌镇,GG414,廉江市良垌镇篁竹村气象观测站,110.3,21.4,1,"B,h",2024-11-03 00:00:00
广东,粤西,湛江,廉江市,车板镇,GG415,廉江市车板镇新村仔村气象观测站,109.9,21.6,1,"B,h",2024-11-03 00:00:00
广东,粤西,湛江,廉江市,城南街道,GG416,廉江市城南街道九洲广场气象观测站,110.3,21.7,1,"B,h",2024-11-03 00:00:00
广东,粤西,湛江,廉江市,和寮镇,GG417,廉江市和寮镇凤飞村气象观测站,110.1,22,1,"B,h",2024-11-03 00:00:00
广东,粤西,湛江,廉江市,和寮镇,GG418,廉江市和寮镇横江坡小学气象观测站,110.2,21.9,1,"B,h",2024-11-03 00:00:00
广东,粤西,湛江,廉江市,和寮镇,GG419,廉江市和寮镇老虎塘森林公园气象观测站,110.2,21.8,1,"B,h",2024-11-03 00:00:00
广东,粤西,湛江,廉江市,良垌镇,GG420,廉江市良垌镇黎明农场气象观测站,110.4,21.5,1,"B,h",2024-11-12 00:00:00
广东,粤西,湛江,廉江市,石岭镇,GG421,廉江市石岭镇许村气象观测站,110.1,21.6,1,"B,h",2024-11-03 00:00:00
广东,粤西,湛江,吴川市,覃巴镇,GG501,吴川市覃巴镇新村气象观测站,110.8,21.5,1,"B,h",2024-10-17 00:00:00
广东,粤西,湛江,吴川市,覃巴镇,GG502,吴川市覃巴镇那梧村气象观测站,110.8,21.5,1,"B,h",2024-10-17 00:00:00
广东,粤西,湛江,吴川市,黄坡镇,GG503,吴川市黄坡镇稳村气象观测站,110.7,21.2,1,"B,h",2024-11-03 00:00:00
广东,粤西,湛江,吴川市,吴阳镇,GG504,吴川市吴阳镇合和信生态园气象观测站,110.8,21.4,1,"B,h",2024-10-17 00:00:00
广东,粤西,湛江,吴川市,覃巴镇,GG505,吴川市覃巴镇第三小学气象观测站,110.9,21.5,1,"B,h",2024-11-04 00:00:00
广东,粤西,湛江,吴川市,覃巴镇,GG506,吴川市覃巴镇鼎龙湾度假区气象观测站,110.8,21.4,1,"B,h",2024-10-17 00:00:00
广东,粤西,湛江,吴川市,覃巴镇,GG507,吴川市覃巴镇下山村气象观测站,110.8,21.5,1,"B,h",2024-11-03 00:00:00
广东,珠三角,肇庆,封开县,渔涝镇,GH300,封开渔涝中学校区气象观测站,111.7,23.6,1,"B,h",2024-11-06 00:00:00
广东,珠三角,肇庆,封开县,江口镇,GH301,封开江口六角泉景区气象观测站,111.5,23.6,1,"B,h",2024-11-21 00:00:00
广东,珠三角,肇庆,封开县,长岗镇,GH302,封开长岗华润厂区气象观测站,111.5,23.3,1,"B,h",2024-11-06 00:00:00
广东,珠三角,肇庆,封开县,白垢镇,GH303,封开白垢望楼药材基地气象观测站,111.6,23.4,1,"B,h",2024-11-06 00:00:00
广东,珠三角,肇庆,封开县,金装镇,GH304,封开怀郁高速金装服务区气象观测站,111.9,23.7,1,"B,h",2024-11-06 00:00:00
广东,珠三角,肇庆,封开县,南丰镇,GH305,封开南丰勒竹气象观测站,111.9,23.8,1,"B,h",2024-11-06 00:00:00
广东,珠三角,肇庆,封开县,罗董镇,GH306,封开罗董五星气象观测站,111.6,23.5,1,"B,h",2024-11-06 00:00:00
广东,珠三角,江门,新会区,崖门镇,GJ100,新会区崖门镇黄冲村委会站,113,22.3,1,"B,f",2023-06-11 00:00:00
广东,珠三角,江门,新会区,崖门镇,GJ101,新会区崖门镇京背村委会站,113,22.2,1,"B,f",2023-06-11 00:00:00
广东,珠三角,江门,新会区,崖门镇,GJ102,新会区崖门镇京梅村委会站,113.1,22.2,1,"B,f",2023-06-11 00:00:00
广东,珠三角,江门,新会区,崖门镇,GJ103,新会区崖门镇南合村委会站,113.1,22.3,1,"B,f",2023-06-15 00:00:00
广东,珠三角,江门,新会区,崖门镇,GJ104,新会区崖门镇洞南村委会站,113,22.3,1,"B,f",2023-06-11 00:00:00
广东,珠三角,江门,新会区,崖门镇,GJ105,新会区崖门镇水背村委会站,113,22.3,1,"B,f",2023-06-11 00:00:00
广东,珠三角,江门,新会区,崖门镇,GJ106,新会区崖门镇交贝石村委会站,113,22.2,1,"B,f",2023-06-11 00:00:00
广东,珠三角,江门,新会区,崖门镇,GJ107,新会区崖门镇田南村委会站,113,22.3,1,"B,f",2023-06-11 00:00:00
广东,珠三角,江门,新会区,崖门镇,GJ108,新会区崖门镇龙旺村委会站,113,22.3,1,"B,f",2023-06-11 00:00:00
广东,珠三角,江门,恩平市,那吉镇,GJ200,恩平那吉七星塘村,112.2,22.1,1,"B,f",2023-06-11 00:00:00
广东,珠三角,江门,恩平市,那吉镇,GJ201,恩平那吉黄角村,112.1,22.2,1,"B,f",2023-06-11 00:00:00
广东,珠三角,江门,恩平市,横陂镇,GJ202,恩平市横陂镇元山村气象观测站,112.5,22,1,"B,h",2024-10-19 00:00:00
广东,珠三角,江门,恩平市,君堂镇,GJ203,恩平市君堂镇杨屋村气象观测站,112.5,22.2,1,"B,h",2024-10-19 00:00:00
广东,珠三角,江门,恩平市,沙湖镇,GJ204,恩平市沙湖镇东岸村气象观测站,112.4,22.4,1,"B,h",2024-10-19 00:00:00
广东,珠三角,江门,恩平市,沙湖镇,GJ205,恩平市沙湖镇关村气象观测站,112.5,22.4,1,"B,h",2024-10-19 00:00:00
广东,珠三角,江门,恩平市,那吉镇,GJ206,恩平市那吉镇潭角村气象观测站,112.2,22.1,1,"B,h",2024-10-19 00:00:00
广东,珠三角,江门,开平市,三埠街道,GJ500,开平市三埠街道思始村气象观测站,112.7,22.3,1,"B,f,h",2024-10-15 00:00:00
广东,珠三角,江门,开平市,三埠街道,GJ501,开平市三埠街道三围村气象观测站,112.8,22.4,1,"B,f,h",2024-10-15 00:00:00
广东,珠三角,江门,开平市,月山镇,GJ502,开平市月山镇钱岗村气象观测站,112.8,22.6,1,"B,f,h",2024-10-15 00:00:00
广东,珠三角,江门,开平市,月山镇,GJ503,开平市月山镇北一村气象观测站,112.7,22.6,1,"B,f,h",2024-10-16 00:00:00
广东,珠三角,江门,开平市,大沙镇,GJ504,开平市大沙镇星山村气象观测站,112.2,22.5,1,"B,f,h",2024-10-30 00:00:00
广东,珠三角,江门,开平市,赤水镇,GJ505,开平市赤水镇长塘村气象观测站,112.6,22.1,1,"B,f,h",2024-10-15 00:00:00
广东,珠三角,江门,开平市,大沙镇,GJ506,开平市大沙镇沃富村气象观测站,112.4,22.5,1,"B,f,h",2024-10-15 00:00:00
广东,珠三角,江门,开平市,沙塘镇,GJ507,开平市沙塘镇丽新村气象观测站,112.7,22.6,1,"B,f,h",2024-10-15 00:00:00
广东,粤西,茂名,茂南区,公馆镇,GK001,茂名市茂南区公馆镇周坑村气象观测站,110.8,21.7,1,"B,f,h",2024-09-25 00:00:00
广东,粤西,茂名,茂南区,公馆镇,GK002,茂名市茂南区公馆镇坡塘村气象观测站,110.8,21.7,1,"B,f,h",2024-10-11 00:00:00
广东,粤西,茂名,电白区,博贺镇,GK003,茂名市滨海新区博贺镇港口村气象观测站,111.1,21.4,1,"B,f,h",2024-10-11 00:00:00
广东,粤西,茂名,化州市,那务镇,GK201,化州市那务镇高红村气象观测站,110.6,22,1,"B,h",2024-11-03 00:00:00
广东,粤西,茂名,化州市,平定镇,GK202,化州市平定镇红揽村气象观测站,110.5,21.9,1,"B,h",2024-11-03 00:00:00
广东,粤西,茂名,化州市,宝圩镇,GK203,化州市宝圩镇大塘村气象观测站,110.7,22.1,1,"B,h",2024-11-03 00:00:00
广东,粤西,茂名,化州市,那务镇,GK204,化州市那务镇沙垌村气象观测站,110.5,21.9,1,"B,h",2024-11-03 00:00:00
广东,粤西,茂名,化州市,平定镇,GK205,化州市平定镇陆赠村气象观测站,110.4,22.1,1,"B,h",2024-11-03 00:00:00
广东,粤西,茂名,化州市,平定镇,GK206,化州市平定镇下双村气象观测站,110.5,22,1,"B,h",2024-11-03 00:00:00
广东,粤西,茂名,化州市,文楼镇,GK207,化州市文楼镇新德村气象观测站,110.4,22.2,1,"B,h",2024-11-03 00:00:00
广东,粤西,茂名,化州市,宝圩镇,GK208,化州市宝圩镇调马村气象观测站,110.6,22.2,1,"B,h",2024-11-03 00:00:00
广东,粤西,茂名,化州市,合江镇,GK209,化州市合江镇塘乐村气象观测站,110.4,22,1,"B,h",2024-11-03 00:00:00
广东,粤西,茂名,化州市,东山街道,GK210,化州市鉴江街道林科所气象观测站,110.7,21.7,1,"B,h",2024-11-03 00:00:00
广东,粤西,茂名,化州市,良光镇,GK211,化州市良光镇茅山村气象观测站,110.4,21.4,1,"B,h",2024-11-03 00:00:00
广东,粤西,茂名,化州市,林尘镇,GK212,化州市林尘镇塘墩村气象观测站,110.7,21.8,1,"B,h",2024-11-03 00:00:00
广东,粤西,茂名,化州市,新安镇,GK213,化州市新安镇波萝垌村气象观测站,110.4,21.6,1,"B,h",2024-11-03 00:00:00
广东,粤西,茂名,化州市,中垌镇,GK214,化州市中垌镇马路头村气象观测站,110.5,21.9,1,"B,h",2024-11-03 00:00:00
广东,粤西,茂名,化州市,中垌镇,GK215,化州市中垌镇三合水库气象观测站,110.3,21.7,1,"B,h",2024-11-03 00:00:00
广东,粤西,茂名,化州市,那务镇,GK216,化州市那务镇六村气象观测站,110.7,22,1,"B,h",2024-11-03 00:00:00
广东,粤西,茂名,化州市,下郭街道,GK217,化州市下郭街道官田村气象观测站,110.6,21.5,1,"B,h",2024-11-03 00:00:00
广东,粤西,茂名,化州市,新安镇,GK218,化州市新安镇梨垌村气象观测站,110.4,21.7,1,"B,h",2024-11-03 00:00:00
广东,粤西,茂名,化州市,播扬镇,GK219,化州市播扬镇水尾水库气象观测站,110.6,22.1,1,"B,h",2024-11-03 00:00:00
广东,粤西,茂名,化州市,河西街道,GK220,化州市河西街道化一中气象观测站,110.7,21.6,1,"B,h",2024-11-03 00:00:00
广东,粤西,茂名,化州市,同庆镇,GK221,化州市同庆镇良种场气象观测站,110.8,21.7,1,"B,h",2024-11-03 00:00:00
广东,粤西,茂名,化州市,杨梅镇,GK222,化州市杨梅镇工业园气象观测站,110.7,21.5,1,"B,h",2024-11-03 00:00:00
广东,粤西,茂名,化州市,合江镇,GK223,化州市合江镇大埇村气象观测站,110.5,21.8,1,"B,h",2024-11-03 00:00:00
广东,粤西,茂名,化州市,官桥镇,GK224,化州市官桥镇三角车村气象观测站,110.4,21.8,1,"B,h",2024-11-03 00:00:00
广东,粤西,茂名,化州市,官桥镇,GK225,化州市官桥镇上村气象观测站,110.5,21.7,1,"B,h",2024-11-03 00:00:00
广东,粤西,茂名,化州市,石湾街道,GK226,化州市石湾镇中火岭村气象观测站,110.4,21.7,1,"B,h",2024-11-03 00:00:00
广东,粤西,茂名,高州市,新垌镇,GK400,高州新垌国家气象观测站,111.1,21.9,1,"B,f",2023-06-11 00:00:00
广东,粤西,茂名,高州市,沙田镇,GK401,高州市沙田镇曹岭村气象观测站,110.8,21.9,1,"B,h",2024-11-03 00:00:00
广东,粤西,茂名,高州市,沙田镇,GK402,高州市沙田镇山曜村气象观测站,110.6,21.9,1,"B,h",2024-11-03 00:00:00
广东,粤西,茂名,高州市,云潭镇,GK403,高州市云潭镇读岗村气象观测站,111.3,21.9,1,"B,h",2024-11-03 00:00:00
广东,粤西,茂名,高州市,东岸镇,GK404,高州市东岸镇谈朋村气象观测站,111,22.1,1,"B,h",2024-11-03 00:00:00
广东,粤西,茂名,高州市,潭头镇,GK405,高州市潭头镇高灯堡村气象观测站,110.7,22.3,1,"B,h",2024-11-03 00:00:00
广东,粤西,茂名,高州市,荷塘镇,GK406,高州市荷塘镇六双村气象观测站,110.6,22.1,1,"B,h",2024-11-03 00:00:00
广东,粤西,茂名,高州市,宝光街道,GK407,高州市宝光街道下汉村气象观测站,110.9,21.9,1,"B,h",2024-11-03 00:00:00
广东,粤西,茂名,高州市,长坡镇,GK408,高州市长坡镇云霄村气象观测站,111,22.1,1,"B,h",2024-11-03 00:00:00
广东,粤西,茂名,高州市,长坡镇,GK409,高州市长坡镇旺沙村气象观测站,111,22.1,1,"B,h",2024-11-03 00:00:00
广东,粤西,茂名,高州市,大坡镇,GK410,高州市大坡镇白马村气象观测站,111.2,22.1,1,"B,h",2024-11-03 00:00:00
广东,粤西,茂名,高州市,马贵镇,GK411,高州市马贵镇马坑村气象观测站,111.2,22.2,1,"B,h",2024-11-03 00:00:00
广东,粤西,茂名,高州市,南塘镇,GK412,高州市南塘镇丰垌村气象观测站,110.7,22,1,"B,h",2024-11-03 00:00:00
广东,粤西,茂名,高州市,石鼓镇,GK413,高州市石鼓镇门前坡村气象观测站,110.8,21.9,1,"B,h",2024-11-03 00:00:00
广东,粤西,茂名,高州市,根子镇,GK414,高州市根子镇中间堂村气象观测站,111,21.9,1,"B,h",2024-11-03 00:00:00
广东,粤西,茂名,高州市,南塘镇,GK415,高州市南塘镇大石垌村气象观测站,110.8,21.9,1,"B,h",2024-11-03 00:00:00
广东,粤西,茂名,高州市,镇江镇,GK416,高州市镇江镇官冲村气象观测站,110.7,21.8,1,"B,h",2024-11-03 00:00:00
广东,粤西,茂名,高州市,新垌镇,GK417,高州市新垌镇流垌村气象观测站,111.1,21.9,1,"B,h",2024-11-03 00:00:00
广东,粤西,茂名,高州市,大坡镇,GK418,高州市大坡镇新田村气象观测站,111.2,21.9,1,"B,h",2024-11-03 00:00:00
广东,粤西,茂名,高州市,沙田镇,GK419,高州市沙田镇沙田村气象观测站,110.7,21.8,1,"B,h",2024-11-03 00:00:00
广东,粤西,茂名,高州市,曹江镇,GK420,高州市曹江镇华坑村气象观测站,111,22,1,"B,h",2024-11-03 00:00:00
广东,粤西,茂名,高州市,镇江镇,GK421,高州市镇江镇含屋村气象观测站,110.6,21.8,1,"B,h",2024-11-03 00:00:00
广东,粤西,茂名,高州市,根子镇,GK422,高州市根子镇南邦村气象观测站,111.1,21.8,1,"B,h,p",2024-11-03 00:00:00
广东,粤西,茂名,高州市,根子镇,GK423,高州市根子镇柏桥村气象观测站,111.1,21.8,1,"B,h",2024-11-03 00:00:00
广东,粤西,茂名,高州市,根子镇,GK424,高州市根子镇高科村气象观测站,111.1,21.8,1,"B,h",2024-11-03 00:00:00
广东,粤西,茂名,高州市,根子镇,GK425,高州市根子镇上坑村气象观测站,111.1,21.9,1,"B,h",2024-11-03 00:00:00
广东,粤西,茂名,高州市,大井镇,GK426,高州市大井镇天堂村气象观测站,111,22,1,"B,h",2024-11-03 00:00:00
广东,粤西,茂名,高州市,谢鸡镇,GK427,高州市谢鸡镇官庄村气象观测站,111,21.8,1,"B,h",2024-11-03 00:00:00
广东,粤西,茂名,高州市,深镇镇,GK428,高州市深镇镇大田村气象观测站,111.2,22.2,1,"B,h",2024-11-03 00:00:00
广东,粤西,茂名,高州市,石板镇,GK429,高州市石板镇高章村气象观测站,110.7,22.3,1,"B,h",2024-11-03 00:00:00
广东,粤西,茂名,高州市,荷花镇,GK430,高州市荷花镇平棉村气象观测站,110.6,22.2,1,"B,h",2024-11-03 00:00:00
广东,粤西,茂名,高州市,东岸镇,GK431,高州市东岸镇礼垌村气象观测站,111,22.1,1,"B,h",2024-11-03 00:00:00
广东,粤西,茂名,高州市,曹江镇,GK432,高州市曹江镇里村气象观测站,111,22.1,1,"B,h",2024-11-03 00:00:00
广东,粤西,茂名,高州市,潭头镇,GK433,高州市潭头镇潭头村气象观测站,110.9,22.2,1,"B,h",2024-11-03 00:00:00
广东,粤西,茂名,高州市,平山镇,GK434,高州市平山镇玉坑塘村气象观测站,111,22,1,"B,h",2024-11-03 00:00:00
广东,粤西,茂名,高州市,古丁镇,GK435,高州市古丁镇龙湾村气象观测站,111.2,22,1,"B,h",2024-11-03 00:00:00
广东,粤西,茂名,高州市,南塘镇,GK436,高州市南塘镇车垌村气象观测站,110.8,22.1,1,"B,h",2024-11-03 00:00:00
广东,粤西,茂名,信宜市,东镇街道,GK601,信宜市东镇街道垌尾气象观测站,111,22.5,1,"B,h",2024-11-03 00:00:00
广东,粤西,茂名,信宜市,茶山镇,GK602,信宜市茶山镇渤垌气象观测站,111.1,22.6,1,"B,h",2024-11-03 00:00:00
广东,粤西,茂名,信宜市,洪冠镇,GK603,信宜市洪冠镇扶曹气象观测站,111.2,22.6,1,"B,h",2024-11-03 00:00:00
广东,粤西,茂名,信宜市,洪冠镇,GK604,信宜市洪冠镇蓝村气象观测站,111.1,22.4,1,"B,h",2024-11-03 00:00:00
广东,粤西,茂名,信宜市,朱砂镇,GK605,信宜市朱砂镇石根气象观测站,111,22.6,1,"B,h",2024-11-03 00:00:00
广东,粤西,茂名,信宜市,金垌镇,GK606,信宜市金垌镇平地气象观测站,110.7,22.5,1,"B,h",2024-11-03 00:00:00
广东,粤西,茂名,信宜市,大成镇,GK607,信宜市大成镇北梭气象观测站,111.2,22.3,1,"B,h",2024-11-03 00:00:00
广东,粤西,茂名,信宜市,白石镇,GK608,信宜市白石镇细寨气象观测站,111.2,22.4,1,"B,h",2024-11-03 00:00:00
广东,粤西,茂名,信宜市,东镇街道,GK609,信宜市玉都街道高城气象观测站,111,22.4,1,"B,h",2024-11-03 00:00:00
广东,粤西,茂名,信宜市,平塘镇,GK610,信宜市平塘镇云茂高速服务区气象观测站,111.4,22.5,1,"B,h",2024-11-03 00:00:00
广东,粤西,茂名,信宜市,镇隆镇,GK611,信宜市镇隆镇云茂高速服务区气象观测站,110.7,22.3,1,"B,h",2024-11-03 00:00:00
广东,粤西,茂名,信宜市,池洞镇,GK612,信宜市池洞镇莲花湖景区气象观测站,110.9,22.5,1,"B,h",2024-11-03 00:00:00
广东,粤西,茂名,信宜市,合水镇,GK613,信宜市合水镇横水气象观测站,111.4,22.4,1,"B,h",2024-11-03 00:00:00
广东,粤西,茂名,信宜市,茶山镇,GK614,信宜市茶山镇榕垌气象观测站,111.2,22.5,1,"B,h",2024-11-03 00:00:00
广东,粤西,茂名,信宜市,水口镇,GK615,信宜市水口镇红旗农场气象观测站,111,22.2,1,"B,h",2024-11-03 00:00:00
广东,粤西,茂名,信宜市,北界镇,GK616,信宜市北界镇结坡气象观测站,110.9,22.4,1,"B,h",2024-11-03 00:00:00
广东,粤西,茂名,信宜市,北界镇,GK617,信宜市北界镇明堂气象观测站,110.8,22.3,1,"B,h",2024-11-03 00:00:00
广东,粤西,茂名,信宜市,金垌镇,GK618,信宜市金垌镇环球气象观测站,110.8,22.6,1,"B,h",2024-11-03 00:00:00
广东,粤西,茂名,信宜市,东镇街道,GK619,信宜市玉都街道白坡气象观测站,110.9,22.4,1,"B,h",2024-11-03 00:00:00
广东,粤西,茂名,信宜市,平塘镇,GK620,信宜市平塘镇马安气象观测站,111.4,22.4,1,"B,h",2024-11-03 00:00:00
广东,粤西,茂名,信宜市,大成镇,GK621,信宜市大成镇城垌气象观测站,111,22.2,1,"B,h",2024-11-03 00:00:00
广东,粤西,茂名,电白区,岭门镇,GK801,电白区岭门镇新丰村气象观测站,111.4,21.7,1,"B,h",2024-10-26 00:00:00
广东,粤西,茂名,电白区,霞洞镇,GK802,电白区霞洞镇敬老院气象观测站,111.1,21.8,1,"B,h",2024-10-26 00:00:00
广东,粤西,茂名,电白区,沙琅镇,GK803,电白区沙琅镇坡富村气象观测站,111.1,21.7,1,"B,h",2024-10-26 00:00:00
广东,粤西,茂名,电白区,黄岭镇,GK804,电白区黄岭镇大村村气象观测站,111.1,21.8,1,"B,h",2024-10-26 00:00:00
广东,粤西,茂名,电白区,那霍镇,GK805,电白区那霍镇三渡村气象观测站,111.2,21.9,1,"B,h",2024-10-26 00:00:00
广东,粤西,茂名,电白区,小良镇,GK806,电白区小良镇秦村村气象观测站,110.9,21.6,1,"B,h",2024-10-26 00:00:00
广东,粤西,茂名,电白区,林头镇,GK807,电白区林头镇石民村气象观测站,111.1,21.7,1,"B,h",2024-11-09 00:00:00
广东,粤西,茂名,电白区,林头镇,GK808,电白区林头镇槟榔村气象观测站,111.1,21.5,1,"B,h",2024-10-26 00:00:00
广东,粤西,茂名,电白区,马踏镇,GK809,电白区马踏镇龙湾村气象观测站,111.3,21.6,1,"B,h",2024-11-03 00:00:00
广东,粤西,茂名,电白区,罗坑镇,GK810,电白区罗坑镇黄沙村气象观测站,111.3,21.8,1,"B,h",2024-10-26 00:00:00
广东,粤西,茂名,电白区,小良镇,GK811,电白区小良龙山村气象观测站,110.8,21.5,1,"B,h",2024-11-03 00:00:00
广东,珠三角,惠州,博罗县,湖镇镇,GL251,湖镇下边村,114.2,23.2,1,"B,f",2023-06-11 00:00:00
广东,珠三角,惠州,博罗县,湖镇镇,GL252,湖镇塘下村,114.4,23.3,1,"B,f",2023-06-11 00:00:00
广东,珠三角,惠州,博罗县,湖镇镇,GL253,湖镇大丰村,114.3,23.3,1,"B,f",2023-06-11 00:00:00
广东,珠三角,惠州,博罗县,湖镇镇,GL254,湖镇坪山村,114.2,23.3,1,"B,f",2023-06-11 00:00:00
广东,珠三角,惠州,博罗县,湖镇镇,GL255,湖镇上前村,114.3,23.3,1,"B,f",2023-06-11 00:00:00
广东,珠三角,惠州,博罗县,湖镇镇,GL256,湖镇黎光村,114.3,23.3,1,"B,f",2023-06-11 00:00:00
广东,珠三角,惠州,博罗县,湖镇镇,GL257,湖镇黄塘村,114.2,23.2,1,"B,f",2023-06-11 00:00:00
广东,珠三角,惠州,惠东县,白盆珠镇,GL501,惠东白盆珠公山,115.1,23.1,1,"B,f",2023-06-21 00:00:00
广东,珠三角,惠州,惠东县,黄埠镇,GL502,惠东县黄埠镇西冲村观测站,114.9,22.7,1,"B,h",2024-11-03 00:00:00
广东,珠三角,惠州,惠东县,黄埠镇,GL503,惠东县黄埠镇三洲村观测站,115.1,22.7,1,"B,h",2024-11-03 00:00:00
广东,珠三角,惠州,惠东县,平山街道,GL504,惠东县平山街道西枝江枢纽观测站,114.6,23,1,"B,h",2024-11-03 00:00:00
广东,珠三角,惠州,惠东县,平山街道,GL505,惠东县平山街道坣陂村观测站,114.7,22.9,1,"B,h",2024-11-03 00:00:00
广东,珠三角,惠州,惠东县,大岭镇,GL506,惠东县大岭街道澄溪村观测站,114.7,23,1,"B,h",2024-11-03 00:00:00
广东,珠三角,惠州,惠东县,多祝镇,GL507,惠东县多祝镇大径村观测站,114.8,23.1,1,"B,h",2024-11-03 00:00:00
广东,珠三角,惠州,惠东县,梁化镇,GL508,惠东县梁化镇马安岭村观测站,114.8,23.2,1,"B,h",2024-11-03 00:00:00
广东,珠三角,惠州,惠东县,白花镇,GL509,惠东县白花镇凌坑村观测站,114.8,22.8,1,"B,h",2024-11-03 00:00:00
广东,珠三角,惠州,惠东县,平海镇,GL510,惠东县巽寮管委会榄涌村观测站,114.8,22.7,1,"B,h",2024-11-03 00:00:00
广东,珠三角,惠州,惠东县,平海镇,GL511,惠东县港口管委会港尾村观测站,114.8,22.5,1,"B,h",2024-11-03 00:00:00
广东,珠三角,惠州,惠东县,稔山镇,GL512,惠东县稔山镇船澳村观测站,114.8,22.8,1,"B,h",2024-11-03 00:00:00
广东,珠三角,惠州,惠东县,铁涌镇,GL513,惠东县铁涌镇黄坑村观测站,114.9,22.6,1,"B,h",2024-11-03 00:00:00
广东,珠三角,惠州,惠东县,安墩镇,GL514,惠东县安墩镇石塘村观测站,115,23.4,1,"B,h",2024-11-03 00:00:00
广东,珠三角,惠州,惠东县,高潭镇,GL515,惠东县高潭镇中洞村观测站,115.3,23.2,1,"B,h",2024-11-03 00:00:00
广东,珠三角,惠州,惠东县,吉隆镇,GL516,惠东县吉隆镇埔仔村观测站,114.8,22.8,1,"B,h",2024-11-03 00:00:00
广东,珠三角,惠州,龙门县,永汉镇,GL701,惠州市龙门县永汉镇洋陂村,113.8,23.5,1,"B,f",2023-06-11 00:00:00
广东,珠三角,惠州,龙门县,龙江镇,GL702,龙门县龙江镇石前村气象观测站,114.3,23.6,1,"B,h",2024-11-03 00:00:00
广东,珠三角,惠州,龙门县,平陵镇,GL703,龙门县平陵街道翁坑村气象观测站,114.4,23.7,1,"B,h",2024-11-03 00:00:00
广东,珠三角,惠州,龙门县,蓝田瑶族乡,GL704,龙门县蓝田乡小洞村气象观测站,114.3,23.9,1,"B,h",2024-11-03 00:00:00
广东,珠三角,惠州,龙门县,龙华镇,GL705,龙门县龙华镇龙石头村气象观测站,114.3,23.5,1,"B,h",2024-11-03 00:00:00
广东,珠三角,惠州,龙门县,龙华镇,GL706,龙门县龙华镇西族村气象观测站,114.1,23.5,1,"B,h",2024-11-03 00:00:00
广东,珠三角,惠州,龙门县,龙华镇,GL707,龙门县龙华镇双东村气象观测站,114.2,23.6,1,"B,h",2024-11-03 00:00:00
广东,珠三角,惠州,龙门县,龙潭镇,GL708,龙门县龙潭镇马岭村气象观测站,114,23.6,1,"B,h",2024-11-03 00:00:00
广东,珠三角,惠州,龙门县,永汉镇,GL709,龙门县永汉镇蕉坑村气象观测站,114,23.6,1,"B,h",2024-11-03 00:00:00
广东,珠三角,惠州,龙门县,永汉镇,GL710,龙门县永汉镇梅州村气象观测站,113.9,23.5,1,"B,h",2024-11-03 00:00:00
广东,粤北,梅州,梅江区,西阳镇,GM001,梅江区西阳镇鲤溪村气象观测站,116.3,24.2,1,"B,h",2024-12-07 00:00:00
广东,粤北,梅州,梅江区,西阳镇,GM002,梅江区西阳镇桃坪村气象观测站,116.3,24.2,1,"B,h",2024-12-07 00:00:00
广东,粤北,梅州,梅江区,西阳镇,GM003,梅江区西阳镇秀竹村气象观测站,116.2,24.3,1,"B,h",2024-12-07 00:00:00
广东,粤北,梅州,梅江区,西阳镇,GM004,梅江区西阳镇清凉村气象观测站,116.2,24.1,1,"B,h",2024-12-07 00:00:00
广东,粤北,梅州,梅江区,长沙镇,GM005,梅江区长沙镇江屋气象观测站,116.2,24.2,1,"B,h",2024-12-07 00:00:00
广东,粤北,梅州,梅江区,金山街道,GM006,梅江区金山街道金丰村气象观测站,116.3,24.4,1,"B,h",2024-12-07 00:00:00
广东,粤北,梅州,梅县区,大坪镇,GM101,梅县区大坪镇秀湖村气象观测站,116,24.3,1,"B,h",2024-11-29 00:00:00
广东,粤北,梅州,梅县区,石坑镇,GM102,梅县区石坑镇岭村桂清小学气象观测站,115.8,24.3,1,"B,h",2024-11-29 00:00:00
广东,粤北,梅州,梅县区,松源镇,GM103,梅县区松源镇宝坑小学气象观测站,116.5,24.7,1,"B,h",2024-12-01 00:00:00
广东,粤北,梅州,梅县区,梅西镇,GM104,梅县区梅西镇盛塘村气象观测站,115.8,24.5,1,"B,h",2024-12-01 00:00:00
广东,粤北,梅州,梅县区,城东镇,GM105,梅县区城东镇玉水村气象观测站,116.2,24.3,1,"B,h",2024-11-29 00:00:00
广东,粤北,梅州,梅县区,城东镇,GM106,梅县区城东镇谢田村气象观测站,116.1,24.3,1,"B,h",2024-11-29 00:00:00
广东,粤北,梅州,梅县区,石扇镇,GM107,梅县区石扇镇西南村气象观测站,116.1,24.4,1,"B,h",2024-11-29 00:00:00
广东,粤北,梅州,梅县区,石扇镇,GM108,梅县区石扇镇科艺农业柚子园气象观测站,116.1,24.4,1,"B,h",2024-11-29 00:00:00
广东,粤北,梅州,梅县区,南口镇,GM109,梅县区南口镇农科所气象观测站,116,24.3,1,"B,h",2024-11-29 00:00:00
广东,粤北,梅州,梅县区,梅州市梅南林场,GM110,梅县区梅南镇梅南林场气象观测站,116.2,24.1,1,"B,h",2024-11-29 00:00:00
广东,粤北,梅州,梅县区,松口镇,GM111,梅县区松口镇到车村气象观测站,116.3,24.6,1,"B,h",2024-11-29 00:00:00
广东,粤北,梅州,梅县区,松口镇,GM112,梅县区松口镇松口中学气象观测站,116.5,24.4,1,"B,h",2024-11-29 00:00:00
广东,粤北,梅州,梅县区,松口镇,GM113,梅县区松口镇车田村气象观测站,116.3,24.5,1,"B,h",2024-11-29 00:00:00
广东,粤北,梅州,梅县区,桃尧镇,GM114,梅县区桃尧镇螺江村气象观测站,116.4,24.7,1,"B,h",2024-11-29 00:00:00
广东,粤北,梅州,梅县区,水车镇,GM115,梅县区水车镇小立村气象观测站,116.1,24.2,1,"B,h",2024-12-01 00:00:00
广东,粤北,梅州,梅县区,南口镇,GM116,梅县区南口镇七贤村气象观测站,115.9,24.2,1,"B,h",2024-11-29 00:00:00
广东,粤北,梅州,梅县区,松源镇,GM117,梅县区松源镇湾溪村公路气象观测站,116.4,24.8,1,"B,h",2024-11-29 00:00:00
广东,粤北,梅州,梅县区,松口镇,GM118,梅县区松口镇上井村气象观测站,116.5,24.7,1,"B,h",2024-11-29 00:00:00
广东,粤北,梅州,梅县区,松口镇,GM119,梅县区松口镇南下村气象观测站,116.4,24.4,1,"B,h",2024-11-29 00:00:00
广东,粤北,梅州,梅县区,松口镇,GM120,梅县区松口镇上畲村气象观测站,116.4,24.6,1,"B,h",2024-11-29 00:00:00
广东,粤北,梅州,梅县区,松口镇,GM121,梅县区松口镇桃宝村气象观测站,116.4,24.6,1,"B,h",2024-11-29 00:00:00
广东,粤北,梅州,兴宁市,坭陂镇,GM251,兴宁市坭陂镇东山村东湖水库气象观测站,115.8,24,1,"B,h",2024-11-19 00:00:00
广东,粤北,梅州,兴宁市,径南镇,GM252,兴宁市径南镇宝山村气象观测站,115.9,24.2,1,"B,h",2024-11-19 00:00:00
广东,粤北,梅州,兴宁市,新陂镇,GM253,兴宁市新陂镇新金村气象观测站,115.7,24.1,1,"B,h",2024-11-19 00:00:00
广东,粤北,梅州,兴宁市,宁中镇,GM254,兴宁市宁中镇文一村气象观测站,115.8,24.2,1,"B,h",2024-11-19 00:00:00
广东,粤北,梅州,兴宁市,叶塘镇,GM255,兴宁市叶塘镇莲池村气象观测站,115.5,24.1,1,"B,h",2024-11-19 00:00:00
广东,粤北,梅州,兴宁市,合水镇,GM256,兴宁市合水镇罗英村气象观测站,115.7,24.4,1,"B,h",2024-11-19 00:00:00
广东,粤北,梅州,兴宁市,大坪镇,GM257,兴宁市大坪镇双红村气象观测站,115.6,24.5,1,"B,h",2024-11-19 00:00:00
广东,粤北,梅州,兴宁市,罗岗镇,GM258,兴宁市罗岗镇溪庄村热水水库气象观测站,115.7,24.6,1,"B,h",2024-11-19 00:00:00
广东,粤北,梅州,兴宁市,罗浮镇,GM259,兴宁市罗浮镇焦坑村气象观测站,115.7,24.7,1,"B,h",2024-11-19 00:00:00
广东,粤北,梅州,兴宁市,龙田镇,GM260,兴宁市龙田镇羊岭村气象观测站,115.8,24.3,1,"B,h",2024-11-19 00:00:00
广东,粤北,梅州,兴宁市,水口镇,GM261,兴宁市水口镇松陂村气象观测站,116,23.9,1,"B,h",2024-11-19 00:00:00
广东,粤北,梅州,兴宁市,黄槐镇,GM262,兴宁市黄槐镇国防教育基地气象观测站,115.9,24.6,1,"B,h",2024-11-19 00:00:00
广东,粤北,梅州,五华县,华城镇,GM401,五华县华城镇新一村气象观测站,115.6,24.2,1,"B,h",2024-11-16 00:00:00
广东,粤北,梅州,五华县,梅林镇,GM402,五华县梅林镇福塘村气象观测站,115.6,23.8,1,"B,h",2024-11-16 00:00:00
广东,粤北,梅州,五华县,棉洋镇,GM403,五华县棉洋镇棉洋服务区气象观测站,115.7,23.5,1,"B,h",2024-11-16 00:00:00
广东,粤北,梅州,五华县,双华镇,GM404,五华县双华镇九霖生态农场气象观测站,115.9,23.9,1,"B,h",2024-11-16 00:00:00
广东,粤北,梅州,五华县,潭下镇,GM405,五华县潭下镇金石村清闲农业气象观测站,115.4,24,1,"B,h",2024-11-16 00:00:00
广东,粤北,梅州,五华县,转水镇,GM406,五华县转水镇汉光超顺农旅园气象观测站,115.7,24,1,"B,h",2024-11-16 00:00:00
广东,粤北,梅州,五华县,双华镇,GM407,五华县双华镇竹山村气象观测站,115.8,23.8,1,"B,h",2024-11-16 00:00:00
广东,粤北,梅州,五华县,周江镇,GM408,五华县周江镇增洞村气象观测站,115.5,23.7,1,"B,h",2024-11-16 00:00:00
广东,粤北,梅州,五华县,安流镇,GM409,五华县安流镇长江村气象观测站,115.8,23.7,1,"B,h",2024-11-16 00:00:00
广东,粤北,梅州,五华县,岐岭镇,GM410,五华县岐岭镇双头居委会气象观测站,115.6,24.1,1,"B,h",2024-11-16 00:00:00
广东,粤北,梅州,平远县,石正镇,GM551,平远县石正镇下丰村公王顶气象观测站,115.8,24.4,1,"B,h",2024-11-20 00:00:00
广东,粤北,梅州,平远县,东石镇,GM552,平远县东石镇茅坪村气象观测站,116.1,24.6,1,"B,h",2024-11-20 00:00:00
广东,粤北,梅州,平远县,八尺镇,GM553,平远县八尺镇筀竹村气象观测站,115.9,24.7,1,"B,h",2024-11-20 00:00:00
广东,粤北,梅州,平远县,仁居镇,GM554,平远县仁居镇六吉村李氏农场气象观测站,116,24.9,1,"B,h",2024-11-20 00:00:00
广东,粤北,梅州,平远县,上举镇,GM555,平远县上举镇畲脑村气象观测站,115.9,24.8,1,"B,h",2024-11-20 00:00:00
广东,粤北,梅州,平远县,泗水镇,GM556,平远县泗水镇文贵村气象观测站,116.1,24.9,1,"B,h",2024-11-20 00:00:00
广东,粤北,梅州,平远县,大柘镇,GM557,平远县大柘镇乔庄村气象观测站,115.8,24.6,1,"B,h",2024-11-20 00:00:00
广东,粤北,梅州,蕉岭县,蕉城镇,GM651,蕉岭县蕉城镇丝苗米产业园气象观测站,116.1,24.6,1,"B,h",2024-11-15 00:00:00
广东,粤北,梅州,蕉岭县,长潭镇,GM652,蕉岭县长潭镇四季耕耘农场气象观测站,116.1,24.5,1,"B,h",2024-11-15 00:00:00
广东,粤北,梅州,蕉岭县,长潭镇,GM653,蕉岭县三圳镇东岭村气象观测站,116.1,24.6,1,"B,h",2024-11-15 00:00:00
广东,粤北,梅州,蕉岭县,新铺镇,GM654,蕉岭县新铺镇金沙村气象观测站,116.2,24.5,1,"B,h",2024-11-26 00:00:00
广东,粤北,梅州,蕉岭县,蓝坊镇,GM655,蕉岭县蓝坊镇程官村气象观测站,116.3,24.5,1,"B,h",2024-11-15 00:00:00
广东,粤北,梅州,蕉岭县,华侨农场,GM656,蕉岭县蕉华管理区水口水库气象观测站,116.2,24.7,1,"B,h",2024-11-15 00:00:00
广东,粤北,梅州,蕉岭县,南礤镇,GM657,蕉岭县南磜镇岭背村气象观测站,116.3,24.9,1,"B,h",2024-11-15 00:00:00
广东,粤北,梅州,蕉岭县,新铺镇,GM658,蕉岭县新铺镇黄坑村气象观测站,116,24.7,1,"B,h",2024-11-15 00:00:00
广东,粤北,梅州,蕉岭县,南磜镇,GM659,蕉岭县南磜镇多宝水库气象观测站,116.4,24.8,1,"B,h",2024-11-15 00:00:00
广东,粤北,梅州,丰顺县,汤坑镇,GM751,丰顺县汤坑镇吉坪村油茶基地气象观测站,116.2,23.8,1,"B,h",2024-11-22 00:00:00
广东,粤北,梅州,丰顺县,埔寨镇,GM752,丰顺县埔寨农场气象观测站,116,23.6,1,"B,h",2024-11-22 00:00:00
广东,粤北,梅州,丰顺县,潭江镇,GM753,丰顺县潭江镇官下村顺兴茶业气象观测站,116.7,24,1,"B,h",2024-11-26 00:00:00
广东,粤北,梅州,丰顺县,龙岗镇,GM754,丰顺县龙岗镇马图村马山茶叶气象观测站,116.2,24,1,"B,h",2024-11-25 00:00:00
广东,粤北,梅州,丰顺县,大龙华镇,GM755,丰顺县砂田镇铜鼓峰生态农业气象观测站,116.3,24.3,1,"B,h",2024-11-22 00:00:00
广东,粤北,梅州,丰顺县,留隍镇,GM756,丰顺县留隍镇茶背村气象观测站,116.5,23.7,1,"B,h",2024-11-22 00:00:00
广东,粤北,梅州,丰顺县,黄金镇,GM757,丰顺县黄金镇径双村气象观测站,116.3,24.1,1,"B,h",2024-11-22 00:00:00
广东,粤北,梅州,丰顺县,北斗镇,GM758,丰顺县北斗镇桐新村福稻生态科技气象观测站,116.1,23.9,1,"B,h",2024-11-22 00:00:00
广东,粤北,梅州,丰顺县,埔寨镇,GM759,丰顺县埔寨镇茅园村气象观测站,116.2,23.7,1,"B,h",2024-11-22 00:00:00
广东,粤北,梅州,丰顺县,八乡山镇,GM760,丰顺县八乡山镇贵人村鸿图嶂气象观测站,115.9,23.8,1,"B,h",2024-11-22 00:00:00
广东,粤北,梅州,丰顺县,潘田镇,GM761,丰顺县潘田镇新联村气象观测站,116.4,23.9,1,"B,h",2024-11-22 00:00:00
广东,粤北,梅州,丰顺县,龙岗镇,GM762,丰顺县龙岗镇坪丰村龙丰农业气象观测站,116.3,23.9,1,"B,h",2024-11-22 00:00:00
广东,粤北,梅州,丰顺县,潭江镇,GM763,丰顺县潭江镇官上村鸿发农业气象观测站,116.7,23.9,1,"B,h",2024-11-26 00:00:00
广东,粤北,梅州,丰顺县,龙岗镇,GM764,丰顺县龙岗镇马图村马图茶叶气象观测站,116.3,24.2,1,"B,h",2024-11-22 00:00:00
广东,粤北,梅州,大埔县,湖寮镇,GM881,大埔县湖寮镇西岭小学气象观测站,116.7,24.3,1,"B,h",2024-12-05 00:00:00
广东,粤北,梅州,大埔县,银江镇,GM882,大埔县银江镇坪上村气象观测站,116.4,24.3,1,"B,h",2024-12-05 00:00:00
广东,粤北,梅州,大埔县,银江镇,GM883,大埔县银江镇胜坑村气象观测站,116.3,24.3,1,"B,h",2024-12-05 00:00:00
广东,粤北,梅州,大埔县,三河镇,GM884,大埔县三河镇陈金村气象观测站,116.6,24.3,1,"B,h",2024-12-05 00:00:00
广东,粤北,梅州,大埔县,大麻镇,GM885,大埔县大麻镇裕州村气象观测站,116.5,24.4,1,"B,h",2024-12-05 00:00:00
广东,粤北,梅州,大埔县,大麻镇,GM886,大埔县大麻镇桃石村气象观测站,116.4,24.5,1,"B,h",2024-12-05 00:00:00
广东,粤北,梅州,大埔县,洲瑞林场,GM887,大埔县洲瑞镇陂营村气象观测站,116.4,24.1,1,"B,h",2024-12-04 00:00:00
广东,粤北,梅州,大埔县,百侯镇,GM888,大埔县百侯镇曹鲇村气象观测站,116.7,24.3,1,"B,h",2024-12-05 00:00:00
广东,粤北,梅州,大埔县,百侯镇,GM889,大埔县百侯镇新乐村气象观测站,116.8,24.4,1,"B,h",2024-12-05 00:00:00
广东,粤北,梅州,大埔县,西河镇,GM890,大埔县西河镇和平村气象观测站,116.9,24.4,1,"B,h",2024-12-05 00:00:00
广东,粤北,梅州,大埔县,高陂镇,GM891,大埔县高陂镇三洲村气象观测站,116.6,24.2,1,"B,h",2024-12-05 00:00:00
广东,粤北,梅州,大埔县,青溪镇,GM892,大埔县青溪镇蕉坑村气象观测站,116.6,24.5,1,"B,h",2024-12-05 00:00:00
广东,粤北,梅州,大埔县,青溪镇,GM893,大埔县青溪镇桃林村气象观测站,116.5,24.6,1,"B,h",2024-12-05 00:00:00
广东,粤北,梅州,大埔县,洲瑞镇,GM894,大埔县洲瑞镇南村村气象观测站,116.5,24.3,1,"B,h",2024-12-05 00:00:00
广东,粤北,梅州,大埔县,大东镇,GM895,大埔县大东镇家荣村气象观测站,117,24.4,1,"B,h",2024-12-05 00:00:00
广东,粤北,梅州,大埔县,三河镇,GM896,大埔县三河镇小坑村气象观测站,116.5,24.5,1,"B,h",2024-12-05 00:00:00
广东,粤北,梅州,大埔县,西河镇,GM897,大埔县西河镇石涵村气象观测站,116.8,24.4,1,"B,h",2024-12-05 00:00:00
广东,粤北,梅州,大埔县,光德镇,GM898,大埔县光德镇澄坑村气象观测站,116.7,24.2,1,"B,h",2024-12-05 00:00:00
广东,粤北,梅州,大埔县,高陂镇,GM899,大埔县高陂镇陂寨村气象观测站,116.6,24.3,1,"B,h",2024-12-05 00:00:00
广东,粤北,梅州,大埔县,高陂镇,GM900,大埔县高陂镇大塘坝村气象观测站,116.5,24.2,1,"B,h",2024-12-05 00:00:00
广东,粤东,汕尾,海丰县,梅陇镇,GN001,海丰梅陇梅陇村气象站,115.2,22.9,1,"B,f",2023-06-11 00:00:00
广东,粤东,汕尾,海丰县,梅陇镇,GN002,海丰梅陇梅西村气象站,115.2,23,1,"B,f",2023-06-11 00:00:00
广东,粤东,汕尾,海丰县,梅陇镇,GN003,海丰梅陇屿岭村气象站,115.1,22.9,1,"B,f",2023-06-11 00:00:00
广东,粤东,汕尾,海丰县,梅陇镇,GN004,海丰梅陇永红村气象站,115.1,22.8,1,"B,f",2023-06-11 00:00:00
广东,粤东,汕尾,海丰县,梅陇镇,GN005,海丰梅陇梅联村气象站,115.1,22.9,1,"B,f",2023-06-11 00:00:00
广东,粤东,汕尾,海丰县,梅陇镇,GN006,海丰梅陇石安村气象站,115.1,22.8,1,"B,f",2023-06-11 00:00:00
广东,粤东,汕尾,海丰县,梅陇镇,GN007,海丰梅陇石南村气象站,115.2,22.8,1,"B,f",2023-06-11 00:00:00
广东,粤东,汕尾,海丰县,梅陇镇,GN008,海丰梅陇新寮村气象站,115.3,22.9,1,"B,f",2023-06-11 00:00:00
广东,粤东,汕尾,海丰县,梅陇镇,GN009,海丰梅陇新兴村气象站,115.3,22.8,1,"B,f",2023-06-11 00:00:00
广东,粤东,汕尾,海丰县,梅陇镇,GN010,海丰梅陇高中村气象站,115.2,22.8,1,"B,f",2023-06-11 00:00:00
广东,粤东,汕尾,海丰县,梅陇农场,GN011,海丰梅陇新渔村气象站,115.3,22.8,1,"B,f",2023-06-11 00:00:00
广东,粤东,汕尾,海丰县,梅陇镇,GN012,海丰梅陇东港村气象站,115.2,22.9,1,"B,f",2023-06-11 00:00:00
广东,粤东,汕尾,海丰县,梅陇镇,GN013,海丰梅陇东联村气象站,115.2,22.8,1,"B,f",2023-06-11 00:00:00
广东,粤东,汕尾,海丰县,梅陇镇,GN014,海丰梅陇联兴村气象站,115.2,22.9,1,"B,f",2023-06-11 00:00:00
广东,粤东,汕尾,海丰县,梅陇镇,GN015,海丰梅陇月池村气象站,115.2,22.8,1,"B,f",2023-06-19 00:00:00
广东,粤东,汕尾,海丰县,梅陇镇,GN016,海丰梅陇云路村气象站,115.2,23,1,"B,f",2023-06-11 00:00:00
广东,粤东,汕尾,海丰县,梅陇镇,GN017,海丰梅陇东家亚村气象站,115.3,22.9,1,"B,f",2023-06-11 00:00:00
广东,粤东,汕尾,海丰县,可塘镇,GN018,海丰可塘陇东村气象站,115.5,22.9,1,"B,f",2023-06-11 00:00:00
广东,粤东,汕尾,海丰县,可塘镇,GN019,海丰可塘上达村气象站,115.4,22.9,1,"B,f",2023-06-11 00:00:00
广东,粤东,汕尾,海丰县,可塘镇,GN020,海丰可塘下达村气象站,115.4,22.9,1,"B,f",2023-06-11 00:00:00
广东,粤东,汕尾,海丰县,可塘镇,GN021,海丰可塘埔陇村气象站,115.3,22.9,1,"B,f",2023-06-11 00:00:00
广东,粤东,汕尾,海丰县,可塘镇,GN022,海丰可塘罗北村气象站,115.4,23,1,"B,f",2023-06-11 00:00:00
广东,粤东,汕尾,海丰县,可塘镇,GN023,海丰可塘溪头村气象站,115.4,22.9,1,"B,f",2023-06-11 00:00:00
广东,粤东,汕尾,海丰县,可塘镇,GN024,海丰可塘下可塘村气象站,115.5,22.9,1,"B,f",2023-06-11 00:00:00
广东,粤东,汕尾,陆丰市,八万镇,GN025,陆丰八万石溪气象观测站,115.7,23,1,"B,f",2023-06-11 00:00:00
广东,粤东,汕尾,陆丰市,八万镇,GN026,陆丰八万高塘气象观测站,115.8,23,1,"B,f",2023-06-11 00:00:00
广东,粤东,汕尾,城区,遮浪街道,GN027,汕尾城区遮浪街道桂林村湖尾水库气象观测站,115.5,22.8,1,"B,h",2024-11-03 00:00:00
广东,粤东,汕尾,城区,田墘街道,GN028,汕尾城区田墘街道金狮水闸气象观测站,115.6,22.8,1,"B,h",2024-11-03 00:00:00
广东,粤东,汕尾,城区,东洲街道,GN029,汕尾城区东洲街道东二村变电站气象观测站,115.5,22.6,1,"B,h",2024-11-03 00:00:00
广东,粤东,汕尾,城区,红草镇,GN030,汕尾城区红草镇晨洲村气象观测站,115.3,22.8,1,"B,h",2024-11-03 00:00:00
广东,粤东,汕尾,海丰县,陶河镇,GN031,海丰陶河杨北村气象站,115.5,22.9,1,"B,h",2024-11-03 00:00:00
广东,粤东,汕尾,城区,东涌镇,GN032,汕尾城区东涌镇深汕中心学校气象观测站,115.4,22.9,1,"B,h",2024-11-12 00:00:00
广东,粤东,汕尾,城区,新港街道,GN033,汕尾城区新港街道新港村沙舌气象观测站,115.3,22.7,1,"B,h",2024-11-03 00:00:00
广东,粤东,汕尾,海丰县,赤坑镇,GN034,海丰赤坑大化村气象站,115.6,22.9,1,"B,f,h",2024-10-31 00:00:00
广东,粤东,汕尾,陆河县,水唇镇,GN035,陆河县水唇镇南跃村,115.8,23.3,1,"B,h",2024-11-03 00:00:00
广东,粤东,汕尾,海丰县,黄羌镇,GN036,海丰黄羌角仔埔村绿舜生态农业气象站,115.3,23.2,1,"B,f,h",2024-10-31 00:00:00
广东,粤东,汕尾,海丰县,海城镇,GN037,海丰海城埔仔洞村气象站,115.2,23.1,1,"B,f,h",2024-10-31 00:00:00
广东,粤东,汕尾,海丰县,黄羌镇,GN038,海丰黄羌麻竹村瞭望塔气象站,115.4,23.2,1,"B,f,h",2024-10-31 00:00:00
广东,粤东,汕尾,海丰县,黄羌镇,GN039,海丰黄羌石山村气象站,115.4,23.1,1,"B,f,h",2024-10-31 00:00:00
广东,粤东,汕尾,海丰县,梅陇镇,GN040,海丰梅陇围领头村平安洞水库气象观测站,115.1,22.9,1,"B,f,h",2024-10-31 00:00:00
广东,粤东,汕尾,海丰县,平东镇,GN041,海丰平东九龙村平龙水库气象站,115.4,23,1,"B,f,h",2024-10-31 00:00:00
广东,粤东,汕尾,陆丰市,甲西镇,GN042,陆丰甲西博社气象观测站,116.1,22.9,1,"B,h",2024-11-03 00:00:00
广东,粤东,汕尾,陆丰市,湖东镇,GN043,陆丰湖东圭润气象观测站,115.8,22.8,1,"B,h",2024-11-03 00:00:00
广东,粤东,汕尾,陆丰市,八万镇,GN044,陆丰八万坪林气象观测站,115.8,23,1,"B,h",2024-11-03 00:00:00
广东,粤东,汕尾,陆丰市,碣石镇,GN045,陆丰碣石飞鹅行水库气象观测站,115.9,22.8,1,"B,h",2024-11-03 00:00:00
广东,粤东,汕尾,陆丰市,潭西镇,GN046,陆丰潭西箖投围水库气象观测站,115.6,22.9,1,"B,h",2024-11-03 00:00:00
广东,粤东,汕尾,陆丰市,星都经济开发试验区,GN047,陆丰星都凯南气象观测站,115.5,22.9,1,"B,h",2024-11-03 00:00:00
广东,粤东,汕尾,陆丰市,大安镇,GN048,陆丰大安三溪水水库气象观测站,115.8,23,1,"B,h",2024-11-03 00:00:00
广东,粤东,汕尾,陆丰市,博美镇,GN049,陆丰博美图美气象观测站,115.8,22.9,1,"B,h",2024-11-03 00:00:00
广东,粤东,汕尾,陆河县,上护镇,GN050,陆河县上护镇富溪村,115.5,23.3,1,"B,h",2024-11-03 00:00:00
广东,粤东,汕尾,陆河县,上护镇,GN051,陆河县上护镇护径村,115.6,23.3,1,"B,h",2024-11-03 00:00:00
广东,粤东,汕尾,陆河县,河口镇,GN052,陆河县河口镇河口村,115.6,23.3,1,"B,h",2024-11-03 00:00:00
广东,粤东,汕尾,陆河县,新田镇,GN053,陆河县新田镇联安村,115.5,23.1,1,"B,h",2024-11-03 00:00:00
广东,粤东,汕尾,陆河县,南万镇,GN054,陆河县南万镇罗庚坝村,115.6,23.2,1,"B,h",2024-11-03 00:00:00
广东,粤东,汕尾,陆河县,螺溪镇,GN055,陆河县螺溪镇金坑村,115.5,23.4,1,"B,h",2024-11-03 00:00:00
广东,粤东,汕尾,陆河县,螺溪镇,GN056,陆河县螺溪镇书村村,115.6,23.4,1,"B,h",2024-11-03 00:00:00
广东,粤北,河源,紫金县,临江镇,GP001,紫金县东江林场七寨管护站国家气象观测站,114.7,23.5,1,"B,h",2024-11-19 00:00:00
广东,粤北,河源,紫金县,古竹镇,GP002,紫金县古竹镇上洞村国家气象观测站,114.7,23.6,1,"B,h",2024-11-19 00:00:00
广东,粤北,河源,紫金县,古竹镇,GP003,紫金县古竹镇雅色村国家气象观测站,114.8,23.6,1,"B,h",2024-11-19 00:00:00
广东,粤北,河源,源城区,埔前镇,GP004,河源市源城区埔前镇赤岭村气象观测站,114.7,23.6,1,"B,h",2024-11-19 00:00:00
广东,粤北,河源,源城区,源南镇,GP005,源城区源南镇塔坑村国家气象观测站,114.6,23.8,1,"B,h",2024-11-19 00:00:00
广东,粤北,河源,源城区,源西街道,GP006,源城区源西街道白岭头村香车茶园国家气象观测站,114.8,23.8,1,"B,h",2024-11-19 00:00:00
广东,粤北,河源,连平县,忠信镇,GP101,忠信镇柘陂村,114.8,24.1,1,"B,h",2024-12-06 00:00:00
广东,粤北,河源,连平县,高莞镇,GP102,高莞水库,114.7,24.2,1,"B,h",2024-11-19 00:00:00
广东,粤北,河源,连平县,油溪镇,GP103,油溪镇小溪村,114.6,24.3,1,"B,h",2024-12-06 00:00:00
广东,粤北,河源,连平县,隆街镇,GP104,隆街镇沐河小学,114.3,24.3,1,"B,h",2024-12-06 00:00:00
广东,粤北,河源,连平县,溪山镇,GP105,溪山镇东罗村,114.3,24.3,1,"B,h",2024-12-06 00:00:00
广东,粤北,河源,连平县,陂头镇,GP106,陂头镇腊溪村,114.3,24.4,1,"B,h",2024-12-06 00:00:00
广东,粤北,河源,连平县,陂头镇,GP107,陂头镇李坑村,114.4,24.4,1,"B,h",2024-12-06 00:00:00
广东,粤北,河源,连平县,陂头镇,GP108,陂头镇花山村,114.4,24.5,1,"B,h",2024-12-06 00:00:00
广东,粤北,河源,连平县,上坪镇,GP109,上坪镇中村小学,114.7,24.6,1,"B,h",2024-12-06 00:00:00
广东,粤北,河源,连平县,上坪镇,GP110,上坪镇三洞村,114.6,24.4,1,"B,h",2024-12-06 00:00:00
广东,粤北,河源,连平县,内莞镇,GP111,内莞镇朝天马,114.6,24.4,1,"B,h",2024-12-06 00:00:00
广东,粤北,河源,连平县,元善镇,GP112,元善镇白沙潭,114.4,24.3,1,"B,h",2024-12-06 00:00:00
广东,粤北,河源,连平县,元善镇,GP113,元善镇锅洞村,114.4,24.5,1,"B,h",2024-12-06 00:00:00
广东,粤北,河源,连平县,元善镇,GP114,元善镇醒狮村,114.4,24.4,1,"B,h",2024-12-06 00:00:00
广东,粤北,河源,连平县,陂头镇,GP115,昆汕高速连平西服务区,114.3,24.3,1,"B,h",2024-12-06 00:00:00
广东,粤北,河源,东源县,新回龙镇,GP200,东源县新回龙镇十洞村国家天气站,114.5,23.7,1,"B,f",2023-06-11 00:00:00
广东,粤北,河源,东源县,新回龙镇,GP201,东源县新回龙镇泥岭村国家天气站,114.5,23.8,1,"B,f",2023-06-11 00:00:00
广东,粤北,河源,东源县,新回龙镇,GP202,东源县新回龙镇革命山林场国家天气站,114.5,23.7,1,"B,f",2023-06-11 00:00:00
广东,粤北,河源,东源县,新回龙镇,GP203,东源县新回龙镇立中村国家天气站,114.3,23.9,1,"B,f",2023-06-11 00:00:00
广东,粤北,河源,东源县,涧头镇,GP204,东源县涧头镇乐平村国家天气站,114.8,24,1,"B,h",2024-11-07 00:00:00
广东,粤北,河源,东源县,涧头镇,GP205,东源县涧头镇洋潭村国家天气站,114.7,24.1,1,"B,h",2024-11-07 00:00:00
广东,粤北,河源,东源县,锡场镇,GP206,东源县锡场镇长江村国家天气站,114.5,23.8,1,"B,h",2024-11-07 00:00:00
广东,粤北,河源,东源县,蓝口镇,GP207,东源县蓝口镇礤头村国家天气站,115.1,24.1,1,"B,h",2024-11-07 00:00:00
广东,粤北,河源,东源县,双江镇,GP208,东源县新港镇斗背村国家天气站,114.6,23.9,1,"B,h",2024-11-07 00:00:00
广东,粤北,河源,东源县,半江镇,GP209,东源县半江镇左拔村国家天气站,114.6,24,1,"B,h",2024-11-07 00:00:00
广东,粤北,河源,东源县,锡场镇,GP210,东源县锡场镇新岛村国家天气站,114.6,24,1,"B,h",2024-11-07 00:00:00
广东,粤北,河源,东源县,双江镇,GP211,东源县双江镇下林村气象观测站,114.8,24,1,"B,h",2024-11-07 00:00:00
广东,粤北,河源,东源县,双江镇,GP212,东源县双江镇兰溪村国家天气站,114.8,23.9,1,"B,h",2024-11-07 00:00:00
广东,粤北,河源,东源县,新港镇,GP213,东源县新港镇李田村国家天气站,114.8,23.8,1,"B,h",2024-11-07 00:00:00
广东,粤北,河源,东源县,新港镇,GP214,东源县新港镇青溪村国家天气站,114.6,23.9,1,"B,h",2024-11-07 00:00:00
广东,粤北,河源,东源县,顺天镇,GP215,东源县顺天镇金史村国家天气站,114.7,24.2,1,"B,h",2024-11-07 00:00:00
广东,粤北,河源,东源县,漳溪畲族乡,GP216,东源县漳溪乡黄龙岩景区国家天气站,114.8,24.1,1,"B,h",2024-11-07 00:00:00
广东,粤北,河源,东源县,曾田镇,GP217,东源县曾田镇池田村国家天气站,115,24,1,"B,h",2024-11-07 00:00:00
广东,粤北,河源,东源县,灯塔镇,GP218,东源县灯塔镇黄埔地村气象观测站,114.8,24.1,1,"B,h",2024-11-07 00:00:00
广东,粤北,河源,东源县,骆湖镇,GP219,东源县骆湖镇致富村国家天气站,114.9,24.2,1,"B,h",2024-11-07 00:00:00
广东,粤北,河源,东源县,上莞镇,GP220,东源县上莞镇下寨村国家天气站,115,24,1,"B,h",2024-11-07 00:00:00
广东,粤北,河源,东源县,蓝口镇,GP221,东源县蓝口镇鹊坝村国家天气站,115.1,23.9,1,"B,h",2024-11-07 00:00:00
广东,粤北,河源,东源县,柳城镇,GP222,东源县柳城镇黄洞村国家天气站,115,23.9,1,"B,h",2024-11-07 00:00:00
广东,粤北,河源,和平县,大坝镇,GP300,和平县大坝镇石井村气象观测站,114.9,24.5,1,"B,h",2024-11-03 00:00:00
广东,粤北,河源,和平县,优胜镇,GP301,和平县优胜镇新联村气象观测站,115.2,24.5,1,"B,h",2024-11-03 00:00:00
广东,粤北,河源,和平县,阳明镇,GP302,和平县阳明镇均通村气象观测站,115,24.5,1,"B,h",2024-11-03 00:00:00
广东,粤北,河源,和平县,热水镇,GP303,和平县热水镇南湖村气象观测站,114.8,24.3,1,"B,h",2024-11-03 00:00:00
广东,粤北,河源,和平县,公白镇,GP304,和平县公白镇新石村气象观测站,114.8,24.3,1,"B,h",2024-11-03 00:00:00
广东,粤北,河源,和平县,青州镇,GP305,和平县青州镇片田小学气象观测站,114.8,24.4,1,"B,h",2024-11-03 00:00:00
广东,粤北,河源,和平县,礼士镇,GP306,和平县礼士镇龙水村气象观测站,115.1,24.2,1,"B,h",2024-11-03 00:00:00
广东,粤北,河源,和平县,上陵镇,GP307,和平县上陵镇羊石村气象观测站,115,24.5,1,"B,h",2024-11-03 00:00:00
广东,粤北,河源,和平县,彭寨镇,GP308,和平县彭寨镇公和村气象观测站,115.1,24.3,1,"B,h",2024-11-03 00:00:00
广东,粤北,河源,和平县,彭寨镇,GP309,和平县彭寨镇兴隆村气象观测站,115.1,24.4,1,"B,h",2024-11-03 00:00:00
广东,粤北,河源,和平县,长塘镇,GP310,和平县长塘镇龙陂村气象观测站,115,24.6,1,"B,h",2024-11-03 00:00:00
广东,粤北,河源,和平县,下车镇,GP311,和平县下车镇云峰村气象观测站,115,24.6,1,"B,h",2024-11-03 00:00:00
广东,粤北,河源,和平县,上陵镇,GP312,和平县上陵镇寨西村气象观测站,114.9,24.7,1,"B,h",2024-11-03 00:00:00
广东,粤北,河源,和平县,浰源镇,GP313,和平县浰源镇山下村气象观测站,114.8,24.6,1,"B,h",2024-11-03 00:00:00
广东,粤北,河源,和平县,林寨镇,GP314,和平县林寨镇明星村气象观测站,115.1,24.2,1,"B,h",2024-11-03 00:00:00
广东,粤北,河源,龙川县,紫市镇,GP400,龙川县紫市镇民乐西村,115.4,23.9,1,"B,h",2024-12-06 00:00:00
广东,粤北,河源,龙川县,鹤市镇,GP408,龙川县鹤市镇社坑村,115.3,24,1,"B,h",2024-12-07 00:00:00
广东,粤北,河源,龙川县,登云镇,GP424,龙川县登云镇梅花村,115.3,24,1,"B,h",2024-12-07 00:00:00
广东,粤北,河源,龙川县,铁场镇,GP440,龙川县铁场镇周塘村,115.5,24.3,1,"B,h",2024-12-07 00:00:00
广东,粤北,河源,龙川县,黄石镇,GP444,龙川县黄石镇新德村,115.2,24.3,1,"B,h",2024-12-07 00:00:00
广东,粤北,河源,龙川县,黄石镇,GP445,龙川县黄石镇黄沙村,115.1,24.3,1,"B,h",2024-12-07 00:00:00
广东,粤北,河源,龙川县,黎咀镇,GP448,龙川县黎咀镇满村,115.3,24.4,1,"B,h",2024-12-07 00:00:00
广东,粤北,河源,龙川县,黎咀镇,GP449,龙川县黎咀镇和围村,115.4,24.2,1,"B,h",2024-12-07 00:00:00
广东,粤北,河源,龙川县,龙母镇,GP452,龙川县龙母镇小庙村,115.3,24.2,1,"B,h",2024-12-07 00:00:00
广东,粤北,河源,龙川县,龙母镇,GP453,龙川县龙母镇永光村,115.4,24.2,1,"B,h",2024-12-07 00:00:00
广东,粤北,河源,龙川县,龙母镇,GP456,龙川县田心镇松林村,115.4,24.3,1,"B,h",2024-12-07 00:00:00
广东,粤北,河源,龙川县,车田镇,GP460,龙川县车田镇增坑村,115.3,24.5,1,"B,h",2024-12-07 00:00:00
广东,粤北,河源,龙川县,回龙镇,GP468,龙川县廻龙镇万塘村,115.5,24.2,1,"B,h",2024-12-07 00:00:00
广东,粤北,河源,龙川县,岩镇镇,GP476,龙川县岩镇郑坑村,115.5,24.5,1,"B,h",2024-12-07 00:00:00
广东,粤北,河源,龙川县,贝岭镇,GP480,龙川县贝岭镇米贝村,115.4,24.6,1,"B,h",2024-12-07 00:00:00
广东,粤北,河源,龙川县,贝岭镇,GP481,龙川县贝岭镇石马村,115.4,24.5,1,"B,h",2024-12-07 00:00:00
广东,粤北,河源,紫金县,瓦溪镇,GP500,紫金县瓦溪镇九树村气象观测站,115.2,23.4,1,"B,h",2024-11-19 00:00:00
广东,粤北,河源,紫金县,敬梓镇,GP501,紫金县敬梓镇柑坑村气象观测站,115.3,23.7,1,"B,h",2024-11-19 00:00:00
广东,粤北,河源,紫金县,龙窝镇,GP502,紫金县龙窝镇梅园村气象观测站,115.4,23.5,1,"B,h",2024-11-19 00:00:00
广东,粤北,河源,紫金县,紫城镇,GP503,紫金县紫城镇上庄村气象观测站,115.3,23.6,1,"B,h",2024-11-19 00:00:00
广东,粤北,河源,紫金县,紫城镇,GP504,紫金县紫城镇紫金东高速出口气象观测站,115.2,23.7,1,"B,h",2024-11-20 00:00:00
广东,粤北,河源,紫金县,黄塘镇,GP505,紫金县黄塘镇嶂拔村气象观测站,115.1,23.7,1,"B,h",2024-11-20 00:00:00
广东,粤北,河源,紫金县,九和镇,GP506,紫金县九和镇御临门气象观测站,115.1,23.5,1,"B,h",2024-11-19 00:00:00
广东,粤北,河源,紫金县,九和镇,GP507,紫金县九和镇高速服务中心气象观测站,115,23.5,1,"B,h",2024-11-19 00:00:00
广东,粤北,河源,紫金县,瓦溪镇,GP508,紫金县瓦溪镇上东村气象观测站,115,23.5,1,"B,h",2024-11-19 00:00:00
广东,粤北,河源,紫金县,黄塘镇,GP509,紫金县黄塘镇车前村气象观测站,114.9,23.7,1,"B,h",2024-11-19 00:00:00
广东,粤北,河源,紫金县,柏埔镇,GP510,紫金县柏埔镇洋坑村气象观测站,114.9,23.8,1,"B,h",2024-11-19 00:00:00
广东,粤北,河源,紫金县,龙窝镇,GP511,紫金县龙窝镇庆丰村气象观测站,115.4,23.4,1,"B,h",2024-11-19 00:00:00
广东,粤北,河源,紫金县,水墩镇,GP512,紫金县水墩镇陂湖村气象观测站,115.4,23.4,1,"B,h",2024-11-19 00:00:00
广东,粤北,河源,紫金县,龙窝镇,GP513,紫金县龙窝镇官田村气象观测站,115.1,23.4,1,"B,h",2024-11-19 00:00:00
广东,粤北,河源,紫金县,义容镇,GP514,紫金县义容镇安全村气象观测站,114.8,23.6,1,"B,h",2024-11-19 00:00:00
广东,粤西,阳江,江城区,平冈镇,GQ001,江城平冈大魁气象观测站,111.9,21.6,1,"B,f",2023-06-11 00:00:00
广东,粤西,阳江,江城区,平冈镇,GQ002,江城平冈松中气象观测站,111.8,21.7,1,"B,f",2023-06-11 00:00:00
广东,粤西,阳江,江城区,平冈镇,GQ003,江城平冈五羊气象观测站,111.8,21.8,1,"B,f",2023-06-11 00:00:00
广东,粤西,阳江,江城区,平冈镇,GQ004,江城平冈石庙气象观测站,111.9,21.8,1,"B,f",2023-06-11 00:00:00
广东,粤西,阳江,阳东区,大八镇,GQ005,阳东大八大八村气象观测站,111.9,22.1,1,"B,f",2023-06-11 00:00:00
广东,粤西,阳江,阳东区,大八镇,GQ006,阳东大八古城气象观测站,111.9,22,1,"B,f",2023-06-11 00:00:00
广东,粤西,阳江,阳东区,大八镇,GQ007,阳东大八大岗塘气象观测站,112,22.1,1,"B,f",2023-06-11 00:00:00
广东,粤西,阳江,江城区,闸坡镇,GQ008,海陵岛红树林湿地公园气象观测站,112,21.6,1,"B,h",2024-11-03 00:00:00
广东,粤西,阳江,阳东区,大沟镇,GQ009,阳东大沟马岗水库气象观测站,112.2,21.8,1,"B,h",2024-11-03 00:00:00
广东,粤西,阳江,阳东区,大沟镇,GQ010,阳东大沟那金气象观测站,112.1,21.8,1,"B,h",2024-11-03 00:00:00
广东,粤西,阳江,阳东区,红丰镇,GQ011,阳东红五月农场气象观测站,111.9,21.9,1,"B,h",2024-11-03 00:00:00
广东,粤西,阳江,阳东区,新洲镇,GQ012,阳东新洲夏水水库气象观测站,112.3,21.9,1,"B,h",2024-11-03 00:00:00
广东,粤西,阳江,阳西县,程村镇,GQ013,阳西程村竹排地气象观测站,111.7,21.8,1,"B,h",2024-11-03 00:00:00
广东,粤西,阳江,阳西县,程村镇,GQ014,阳西织篢公路养护所气象观测站,111.6,21.7,1,"B,h",2024-11-03 00:00:00
广东,粤西,阳江,阳春市,潭水镇,GQ015,阳春潭水盘新气象观测站,111.7,22,1,"B,h",2024-11-03 00:00:00
广东,粤西,阳江,阳春市,八甲镇,GQ016,阳春八甲抽水蓄能气象观测站,111.3,21.9,1,"B,h",2024-11-03 00:00:00
广东,粤西,阳江,阳春市,春城街道,GQ017,阳春春城头堡气象观测站,111.8,22.2,1,"B,h",2024-11-03 00:00:00
广东,粤西,阳江,江城区,白沙街道,GQ018,江城白沙文笔洲水闸气象观测站,111.8,21.9,1,"B,h",2024-11-03 00:00:00
广东,粤西,阳江,阳东区,那龙镇,GQ019,阳东那龙东湖水库气象观测站,112.2,22,1,"B,h",2024-11-03 00:00:00
广东,粤西,阳江,阳东区,东城镇,GQ020,阳东东城燕山湖气象观测站,112,21.9,1,"B,h",2024-11-03 00:00:00
广东,粤西,阳江,阳西县,织镇,GQ021,阳西织篢鸡乸朗气象观测站,111.8,21.8,1,"B,h",2024-11-03 00:00:00
广东,粤西,阳江,阳西县,塘口镇,GQ022,阳西塘口下垌气象观测站,111.6,21.9,1,"B,h",2024-11-03 00:00:00
广东,粤西,阳江,阳西县,程村镇,GQ023,阳西程村陇石道班气象观测站,111.7,21.9,1,"B,h",2024-11-03 00:00:00
广东,粤西,阳江,阳西县,新墟镇,GQ024,阳西新墟马车气象观测站,111.5,21.7,1,"B,h",2024-11-03 00:00:00
广东,粤西,阳江,阳西县,新圩镇,GQ025,阳西新墟沙河气象观测站,111.4,21.8,1,"B,h",2024-11-03 00:00:00
广东,粤西,阳江,阳西县,沙扒镇,GQ026,阳西沙扒后坑水库气象观测站,111.5,21.6,1,"B,h",2024-11-03 00:00:00
广东,粤西,阳江,阳西县,上洋镇,GQ027,阳西上洋大元岭水库气象观测站,111.5,21.6,1,"B,h",2024-11-03 00:00:00
广东,粤西,阳江,阳西县,上洋镇,GQ028,阳西上洋三坑水库气象观测站,111.6,21.5,1,"B,h",2024-11-03 00:00:00
广东,粤西,阳江,阳西县,上洋镇,GQ029,阳西上洋西门坑水库气象观测站,111.5,21.5,1,"B,h",2024-11-03 00:00:00
广东,粤西,阳江,阳西县,儒洞镇,GQ030,阳西儒洞边海气象观测站,111.4,21.5,1,"B,h",2024-11-03 00:00:00
广东,粤西,阳江,阳春市,圭岗镇,GQ031,阳春圭岗大河水库气象观测站,111.7,22.4,1,"B,h",2024-11-03 00:00:00
广东,粤西,阳江,阳春市,圭岗镇,GQ032,阳春圭岗大朗气象观测站,111.7,22.4,1,"B,h",2024-11-03 00:00:00
广东,粤西,阳江,阳春市,河朗镇,GQ033,阳春凌霄岩气象观测站,111.9,22.6,1,"B,h",2024-11-06 00:00:00
广东,粤西,阳江,阳春市,石望镇,GQ034,阳春石望潭必塘气象观测站,111.8,22.6,1,"B,h",2024-11-03 00:00:00
广东,粤西,阳江,阳春市,马水镇,GQ035,阳春马水砂底坑水库气象观测站,111.7,22.1,1,"B,h",2024-11-03 00:00:00
广东,粤西,阳江,阳春市,岗美镇,GQ036,阳春岗美灵山气象观测站,111.7,22.1,1,"B,h",2024-11-03 00:00:00
广东,粤西,阳江,阳春市,圭岗镇,GQ037,阳春圭岗花滩林场气象观测站,111.6,22.3,1,"B,h",2024-11-03 00:00:00
广东,粤西,阳江,阳春市,河口镇,GQ038,阳春河口石龙岭水库气象观测站,111.7,22.1,1,"B,h",2024-11-03 00:00:00
广东,粤西,阳江,阳东区,大八镇,GQ039,阳东大八上水水库气象站,112,21.9,1,"B,h",2024-10-01 00:00:00
广东,粤西,阳江,阳东区,红丰镇,GQ040,阳江双捷拦河坝气象观测站,111.7,21.9,1,"B,h",2024-11-03 00:00:00
广东,粤西,阳江,阳春市,河西街道,GQ041,阳春河西莲花仔气象观测站,111.8,22.2,1,"B,h",2024-11-03 00:00:00
广东,粤西,阳江,阳春市,河朗镇,GQ042,阳春河朗白岭仔气象观测站,111.9,22.5,1,"B,h",2024-11-03 00:00:00
广东,粤西,阳江,阳春市,永宁镇,GQ043,阳春永宁新沙气象观测站,111.4,22.4,1,"B,h",2024-11-03 00:00:00
广东,粤西,阳江,阳春市,永宁镇,GQ044,阳春永宁棠梨气象观测站,111.6,22.2,1,"B,h",2024-11-03 00:00:00
广东,粤西,阳江,阳春市,马水镇,GQ045,阳春马水黄九垌气象观测站,111.7,22.2,1,"B,h",2024-11-03 00:00:00
广东,粤西,阳江,阳春市,岗美镇,GQ046,阳春岗美黄塘气象观测站,111.8,22,1,"B,h",2024-11-03 00:00:00
广东,粤西,阳江,阳春市,河口镇,GQ047,阳春河口响水仔水库气象观测站,111.6,22.1,1,"B,h",2024-11-03 00:00:00
广东,粤西,阳江,阳春市,圭岗镇,GQ048,阳春圭岗羊笪水库气象观测站,111.8,22.6,1,"B,h",2024-11-03 00:00:00
广东,粤西,阳江,阳春市,三甲镇,GQ049,阳春三甲大新气象观测站,111.5,22.1,1,"B,h",2024-11-03 00:00:00
广东,粤西,阳江,阳春市,岗美镇,GQ050,阳春市岗美屋面塘气象观测站,111.8,22,1,"B,h",2024-11-03 00:00:00
广东,粤西,阳江,阳东区,大沟镇,GQ051,阳东鸡山农场气象观测站,112.1,21.9,1,"B,h",2024-11-03 00:00:00
广东,粤西,阳江,江城区,城北街道,GQ052,江城鱿鱼头桥气象观测站,112,22,1,"B,h",2024-11-03 00:00:00
广东,粤西,阳江,阳西县,塘口镇,GQ053,阳西塘口茅垌水库气象观测站,111.5,21.7,1,"B,h",2024-11-03 00:00:00
广东,粤西,阳江,阳西县,塘口镇,GQ054,阳西塘口公路养护所气象观测站,111.6,21.8,1,"B,h",2024-11-03 00:00:00
广东,粤西,阳江,江城区,城西街道,GQ055,阳江市第一中学气象观测站,112,21.9,1,"B,h",2024-11-03 00:00:00
广东,粤西,阳江,阳春市,陂面镇,GQ056,阳春陂面潭潦气象观测站,111.9,22.4,1,"B,h",2024-11-03 00:00:00
广东,粤西,阳江,阳春市,双滘镇,GQ057,阳春双滘永水气象观测站,111.5,22,1,"B,h",2024-11-03 00:00:00
广东,粤西,阳江,阳春市,岗美镇,GQ058,阳春岗美黄村气象观测站,111.7,22,1,"B,h",2024-11-03 00:00:00
广东,粤西,阳江,阳春市,马水镇,GQ059,阳春马水新风气象观测站,111.6,22.1,1,"B,h",2024-11-03 00:00:00
广东,粤西,阳江,阳春市,永宁镇,GQ060,阳春永宁信蓬气象观测站,111.6,22.2,1,"B,h",2024-11-03 00:00:00
广东,粤北,清远,佛冈县,羊角山林场,GR001,佛冈县石角镇大白洞气象观测站,113.7,23.9,1,"B,h",2024-11-03 00:00:00
广东,粤北,清远,连山壮族瑶族自治县,永和镇,GR002,广东清远连山永和镇鹰扬关气象观测站,111.9,24.6,1,"B,f,h",2024-09-10 00:00:00
广东,粤北,清远,连山壮族瑶族自治县,小三江镇,GR003,广东清远连山小三江镇加平村委气象观测站,112.1,24.2,1,"B,f,h",2024-08-30 00:00:00
广东,粤北,清远,阳山县,岭背镇,GR004,阳山岭背服务区气象站,112.7,24.5,1,"B,h",2024-11-03 00:00:00
广东,粤北,清远,阳山县,黎埠镇,GR005,阳山黎埠水井气象观测站,112.4,24.5,1,"B,h",2024-11-03 00:00:00
广东,粤北,清远,阳山县,岭背镇,GR006,阳山岭背大册洞气象观测站,112.8,24.5,1,"B,h",2024-11-03 00:00:00
广东,粤北,清远,阳山县,小江镇,GR007,阳山小江水槽气象观测站,112.7,24.6,1,"B,h",2024-08-21 00:00:00
广东,粤北,清远,阳山县,小江镇,GR008,阳山小江坦塘气象观测站,112.5,24.5,1,"B,h",2024-11-03 00:00:00
广东,粤北,清远,阳山县,杨梅镇,GR009,阳山杨梅大氹气象观测站,112.5,24,1,"B,h",2024-11-03 00:00:00
广东,粤北,清远,阳山县,黄坌镇,GR010,阳山黄坌高陂气象观测站,112.7,24.8,1,"B,h",2024-11-03 00:00:00
广东,粤北,清远,阳山县,秤架瑶族乡,GR011,阳山秤架茅坪气象观测站,112.7,24.7,1,"B,h",2024-11-03 00:00:00
广东,粤北,清远,阳山县,黄坌镇,GR012,阳山黄坌大坪气象观测站,112.7,24.7,1,"B,h",2024-11-03 00:00:00
广东,粤北,清远,连州市,连州镇,GR013,连州连州沙子岗村气象观测站,112.4,24.9,1,"B,h",2024-11-03 00:00:00
广东,粤北,清远,连州市,连州镇,GR014,连州连州协民村气象观测站,112.4,24.7,1,"B,h",2024-11-03 00:00:00
广东,粤北,清远,连州市,丰阳镇,GR015,连州丰阳丰阳村气象观测站,112.3,25,1,"B,h",2024-11-03 00:00:00
广东,粤北,清远,连州市,西岸镇,GR016,连州西岸冲口村气象观测站,112.2,25,1,"B,h",2024-11-03 00:00:00
广东,粤北,清远,连州市,西岸镇,GR017,连州西岸石马村气象观测站,112.2,25,1,"B,h",2024-11-03 00:00:00
广东,粤北,清远,连州市,九陂镇,GR018,连州九陂白石村气象观测站,112.3,24.7,1,"B,h",2024-11-03 00:00:00
广东,粤北,清远,连州市,九陂镇,GR019,连州九陂爱民村气象观测站,112.3,24.6,1,"B,h",2024-11-03 00:00:00
广东,粤北,清远,连州市,龙坪镇,GR020,连州龙坪太平村气象观测站,112.5,24.8,1,"B,h",2024-11-03 00:00:00
广东,粤北,清远,连州市,龙坪镇,GR021,连州龙坪朝天村气象观测站,112.5,24.9,1,"B,h",2024-11-03 00:00:00
广东,粤北,清远,连州市,星子镇,GR022,连州星子昌黎村气象观测站,112.6,25,1,"B,h",2024-11-03 00:00:00
广东,粤北,清远,连州市,瑶安瑶族乡,GR023,连州瑶安田心村气象观测站,112.4,25.1,1,"B,h",2024-11-03 00:00:00
广东,粤北,清远,佛冈县,石角镇,GR024,佛冈县石角镇科旺村气象观测站,113.4,23.8,1,"B,h",2024-11-03 00:00:00
广东,粤北,清远,佛冈县,石角镇,GR025,佛冈县石角镇山湖村气象观测站,113.5,23.9,1,"B,h",2024-11-03 00:00:00
广东,粤北,清远,佛冈县,高岗镇,GR026,佛冈县高岗镇墩下村气象观测站,113.5,24.1,1,"B,h",2024-11-03 00:00:00
广东,粤北,清远,佛冈县,迳头镇,GR027,佛冈县迳头镇楼下村气象观测站,113.7,24.1,1,"B,h",2024-11-03 00:00:00
广东,粤北,清远,佛冈县,迳头镇,GR028,佛冈县迳头镇社坪村气象观测站,113.6,24.1,1,"B,h",2024-11-03 00:00:00
广东,粤北,清远,清城区,飞来峡镇,GR029,清城飞来峡黄口气象观测站,113.4,23.7,1,"B,h",2024-11-09 00:00:00
广东,粤北,清远,清城区,飞来峡镇,GR030,清城飞来峡一中气象观测站,113.2,23.7,1,"B,h",2024-11-09 00:00:00
广东,粤北,清远,清城区,源潭镇,GR031,清城源潭踵头气象观测站,113.3,23.6,1,"B,h",2024-11-09 00:00:00
广东,粤北,清远,清城区,石角镇,GR032,清城石角界牌气象观测站,113,23.6,1,"B,h",2024-11-09 00:00:00
广东,粤北,清远,清城区,石角镇,GR033,清城石角七星气象观测站,113.1,23.4,1,"B,h",2024-11-09 00:00:00
广东,粤北,清远,英德市,含光镇,GR034,英德浛洸镇白米庄村气象观测站,113.1,24.2,1,"B,h",2024-09-24 00:00:00
广东,粤北,清远,英德市,含光镇,GR035,英德浛洸镇燕石村气象观测站,113,24.4,1,"B,h",2024-09-24 00:00:00
广东,粤北,清远,英德市,英城街道,GR036,英德英城街岩前村气象观测站,113.4,24.1,1,"B,h",2024-10-12 00:00:00
广东,粤北,清远,英德市,大站镇,GR037,英德大站镇景头村气象观测站,113.4,24.2,1,"B,h",2024-10-01 00:00:00
广东,粤北,清远,英德市,大站镇,GR038,英德大站镇菜洲村气象观测站,113.4,24.3,1,"B,h",2024-10-01 00:00:00
广东,粤北,清远,英德市,下太镇,GR039,英德下太镇高洞村气象观测站,113.4,23.9,1,"B,h",2024-10-12 00:00:00
广东,粤北,清远,英德市,连江口镇,GR040,英德连江口镇下步村气象观测站,113.3,24.1,1,"B,h",2024-10-12 00:00:00
广东,粤北,清远,英德市,黎溪镇,GR041,英德黎溪镇黎新村气象观测站,113.3,23.9,1,"B,h",2024-11-03 00:00:00
广东,粤北,清远,英德市,石灰铺镇,GR042,英德石灰铺镇保安村气象观测站,113.1,24.2,1,"B,h",2024-11-03 00:00:00
广东,粤北,清远,英德市,九龙镇,GR043,英德九龙镇太平村气象观测站,112.9,24,1,"B,h",2024-10-12 00:00:00
广东,粤北,清远,英德市,黄花镇,GR044,英德黄花镇岩背村气象观测站,112.8,24.2,1,"B,h",2024-11-03 00:00:00
广东,粤北,清远,英德市,东华镇,GR045,英德高新技术产业开发区气象观测站,113.7,24.2,1,"B,h",2024-11-03 00:00:00
广东,粤北,清远,连南瑶族自治县,大坪镇,GR046,连南涡水儿童福利院气象观测站,112.3,24.6,1,"B,h",2024-11-03 00:00:00
广东,粤北,清远,连南瑶族自治县,寨岗镇,GR047,连南寨岗廻龙工业园气象观测站,112.3,24.6,1,"B,h",2024-11-03 00:00:00
广东,粤北,清远,连南瑶族自治县,寨岗镇,GR048,连南寨岗金光工业园气象观测站,112.3,24.6,1,"B,h",2024-11-03 00:00:00
广东,粤北,清远,连南瑶族自治县,三排镇,GR049,连南三排牛头岭村气象观测站,112.4,24.6,1,"B,h",2024-11-03 00:00:00
广东,粤北,清远,连南瑶族自治县,三江镇,GR050,连南三江内田村气象观测站,112.3,24.9,1,"B,h",2024-11-03 00:00:00
广东,粤北,清远,连南瑶族自治县,三排镇,GR051,连南三排蚕桑基地气象观测站,112.3,24.7,1,"B,h",2024-11-03 00:00:00
广东,粤北,清远,连南瑶族自治县,寨岗镇,GR052,连南寨岗沙木塘水库气象观测站,112.4,24.3,1,"B,h",2024-11-03 00:00:00
广东,粤北,清远,连南瑶族自治县,三排镇,GR053,连南三排石漠公园气象观测站,112.2,24.7,1,"B,h",2024-11-03 00:00:00
广东,粤北,清远,连南瑶族自治县,寨岗镇,GR054,连南寨岗田湖水库气象观测站,112.4,24.3,1,"B,h",2024-11-03 00:00:00
广东,粤北,清远,连南瑶族自治县,寨岗镇,GR055,连南寨岗称架村气象观测站,112.3,24.5,1,"B,h",2024-11-03 00:00:00
广东,粤北,清远,阳山县,江英镇,GR056,阳山江英立夏气象观测站,112.7,24.4,1,"B,h",2024-11-03 00:00:00
广东,粤北,清远,阳山县,阳城镇,GR057,阳山阳城五爱国家气象站,112.6,24.4,1,"B,h",2024-11-03 00:00:00
广东,粤北,清远,阳山县,阳城镇,GR058,阳山阳城大莲塘气象观测站,112.7,24.4,1,"B,h",2024-11-03 00:00:00
广东,粤北,清远,阳山县,七拱镇,GR059,阳山七拱和平国家气象站,112.6,24.2,1,"B,h",2024-11-03 00:00:00
广东,粤北,清远,佛冈县,汤塘镇,GR060,佛冈县汤塘镇升平村气象观测站,113.4,23.8,1,"B,h",2024-11-03 00:00:00
广东,粤北,清远,佛冈县,羊角山林场,GR061,佛冈县羊角山山地公园气象观测站,113.6,23.9,1,"B,h",2024-11-03 00:00:00
广东,粤北,清远,佛冈县,龙山镇,GR062,佛冈县龙山镇下岳村气象观测站,113.2,23.8,1,"B,h",2024-11-03 00:00:00
广东,粤北,清远,清新区,石潭镇,GR063,清新石潭中所村气象观测站,112.8,24.1,1,"B,h",2024-11-08 00:00:00
广东,粤北,清远,清新区,龙颈镇,GR064,清新龙颈龙东村气象观测站,112.9,23.8,1,"B,h",2024-11-08 00:00:00
广东,粤北,清远,清新区,龙颈镇,GR065,清新龙颈西潭村气象观测站,112.7,23.9,1,"B,h",2024-11-08 00:00:00
广东,粤北,清远,清新区,三坑镇,GR066,清新三坑明联瑶族新村气象观测站,112.8,23.7,1,"B,h",2024-11-08 00:00:00
广东,粤北,清远,清新区,三坑镇,GR067,清新三坑陂头村气象观测站,112.8,23.6,1,"B,h",2024-11-08 00:00:00
广东,粤北,清远,清新区,石潭镇,GR068,清新石潭北安村气象观测站,112.8,24.3,1,"B,h",2024-11-08 00:00:00
广东,粤北,清远,清新区,笔架林场,GR069,清新古龙峡气象观测站,113,23.8,1,"B,h",2024-11-08 00:00:00
广东,粤北,清远,清新区,山塘镇,GR070,清新山塘马安村气象观测站,112.9,23.5,1,"B,h",2024-11-08 00:00:00
广东,粤北,清远,清新区,龙颈镇,GR071,清新龙颈南田村气象观测站,112.7,23.8,1,"B,h",2024-11-08 00:00:00
广东,粤北,清远,英德市,沙口镇,GR072,英德沙口镇官坪村气象观测站,113.6,24.5,1,"B,h",2024-11-03 00:00:00
广东,粤北,清远,英德市,西牛镇,GR073,英德西牛镇新区气象观测站,113,24.1,1,"B,h",2024-11-03 00:00:00
广东,粤北,清远,英德市,英城街道,GR074,英德宝晶宫气象观测站,113.3,24.1,1,"B,h",2024-11-03 00:00:00
广东,粤北,清远,英德市,黎溪镇,GR075,英德乐广高速黎溪服务区气象观测站,113.3,24,1,"B,h",2024-11-03 00:00:00
广东,粤北,清远,佛冈县,汤塘镇,GR076,佛冈县汤塘镇汤塘服务区气象观测站,113.5,23.8,1,"B,h",2024-11-03 00:00:00
广东,粤北,清远,佛冈县,龙山镇,GR077,佛冈县广连高速龙山服务区气象观测站,113.3,23.8,1,"B,h",2024-11-03 00:00:00
广东,粤北,清远,佛冈县,高岗镇,GR078,佛冈县高岗镇三联村气象观测站,113.6,24.1,1,"B,h",2024-11-03 00:00:00
广东,粤北,清远,连州市,西江镇,GR079,连州市西江镇铁坑村渔水,112.6,24.7,1,"B,h",2026-05-19 00:00:00
广东,粤北,清远,连州市,三水瑶族乡,GR080,连州市三水瑶族乡新八村英桃坪,112.2,25.1,1,"B,h",2026-05-15 00:00:00
广东,粤北,清远,连州市,西岸镇,GR081,连州市西岸镇三水村梅水村,112.1,25.1,1,"B,h",2026-05-26 00:00:00
广东,粤北,清远,连州市,九陂镇,GR082,连州市九陂镇双塘村,112.2,24.6,1,"B,h",2026-05-22 00:00:00
广东,粤北,清远,连州市,保安镇,GR083,连州市保安镇大冲村,112.3,24.9,1,"B,h",2026-06-04 00:00:00
广东,粤北,清远,连州市,九陂镇,GR084,连州市九陂镇岩头村,112.3,24.7,1,"B,h",2026-05-15 00:00:00
广东,粤北,清远,连州市,连州镇,GR085,连州市连州镇城南村,112.3,24.9,1,"B,h",2026-05-15 00:00:00
广东,粤北,清远,连州市,西岸镇,GR086,连州市西岸镇河田村,112.2,25,1,"B,h",2026-04-25 00:00:00
广东,粤北,清远,连州市,大路边镇,GR087,连州市大路边镇大塘村坑头冲,112.7,25.1,1,"B,h",2026-05-15 00:00:00
广东,粤北,清远,连州市,九陂镇,GR088,连州市九陂镇深冲村,112.4,24.8,1,"B,h",2026-05-20 00:00:00
广东,粤北,清远,连州市,连州镇,GR089,连州市连州镇共和村龙凤迳,112.4,24.8,1,"B,h",2026-04-25 00:00:00
广东,粤北,清远,连州市,丰阳镇,GR090,连州市丰阳镇夏炉村半迳,112.4,25,1,"B,h",2026-05-15 00:00:00
广东,粤北,清远,连州市,连州镇,GR091,连州市连州镇龙咀村坭潭,112.3,24.7,1,"B,h",2026-04-25 00:00:00
广东,粤北,清远,连州市,连州镇,GR092,连州市连州镇良江村龙岩头,112.4,24.7,1,"B,h",2026-04-25 00:00:00
广东,粤北,清远,连州市,连州镇,GR093,连州市连州镇石角村楼陂,112.3,24.9,1,"B,h",2026-04-25 00:00:00
广东,粤北,清远,连州市,西江镇,GR094,连州市西江镇大岭村,112.7,24.9,1,"B,h",2026-05-22 00:00:00
广东,粤北,清远,连州市,九陂镇,GR095,连州市九陂镇四联村,112.5,24.8,1,"B,h",2026-04-25 00:00:00
广东,粤北,清远,连州市,龙坪镇,GR096,连州市龙坪镇垦区村老芒坪,112.4,25,1,"B,h",2026-05-15 00:00:00
广东,粤北,清远,连州市,西江镇,GR097,连州市西江镇斜磅村,112.5,24.7,1,"B,h",2026-05-19 00:00:00
广东,粤北,清远,连州市,九陂镇,GR098,连州市九陂镇四联村肥田洞,112.3,24.7,1,"B,h",2026-05-14 00:00:00
广东,粤北,清远,连州市,瑶安瑶族乡,GR099,连州市瑶安瑶族乡清源村清水,112.4,25.1,1,"B,h",2026-05-21 00:00:00
广东,粤北,清远,连州市,龙坪镇,GR100,连州市龙坪镇石桥村松山脚,112.7,24.8,1,"B,h",2026-05-15 00:00:00
广东,粤北,清远,连州市,龙坪镇,GR101,连州市龙坪镇垦区村丘泉,112.5,24.9,1,"B,h",2026-06-04 00:00:00
广东,粤北,清远,连州市,九陂镇,GR102,连州市九陂镇联一村大灌塘,112.4,24.7,1,"B,h",2026-05-15 00:00:00
广东,粤北,清远,连州市,西江镇,GR103,连州市西江镇宝珠村,112.4,24.8,1,"B,h",2026-05-23 00:00:00
广东,粤北,清远,连州市,连州镇,GR104,连州市连州镇半岭村徐屋,112.5,24.7,1,"B,h",2026-05-21 00:00:00
广东,粤北,清远,连州市,龙坪镇,GR105,连州市龙坪镇孔围村,112.6,24.8,1,"B,h",2026-05-19 00:00:00
广东,粤北,清远,连州市,龙坪镇,GR106,连州市龙坪镇黄芒村胡屋,112.6,24.9,1,"B,h",2026-06-04 00:00:00
广东,粤北,清远,连州市,九陂镇,GR107,连州市九陂镇四联村张屋,112.3,24.8,1,"B,h",2026-04-25 00:00:00
广东,粤北,清远,连州市,东陂镇,GR108,连州市东陂镇塘联村新铺,112.3,24.9,1,"B,h",2026-05-20 00:00:00
广东,粤北,清远,连州市,大路边镇,GR109,连州市大路边镇山洲村田源岭,112.7,25.2,1,"B,h",2026-05-15 00:00:00
广东,粤北,清远,连州市,大路边镇,GR110,连州市大路边镇东峉塘村,112.5,25,1,"B,h",2026-05-15 00:00:00
广东,粤北,清远,连州市,龙坪镇,GR111,连州市龙坪镇元壁村,112.4,24.8,1,"B,h",2026-05-15 00:00:00
广东,粤北,清远,连州市,九陂镇,GR112,连州市九陂镇南石塘村,112.5,24.7,1,"B,h",2026-05-21 00:00:00
广东,粤北,清远,连州市,大路边镇,GR113,连州市大路边镇东坪村,112.5,25.1,1,"B,h",2026-05-20 00:00:00
广东,粤北,清远,连州市,西江镇,GR114,连州市西江镇大岭村谷车,112.7,24.8,1,"B,h",2026-05-21 00:00:00
广东,粤北,清远,连州市,西岸镇,GR115,连州市西岸镇三水村,112.2,24.9,1,"B,h",2026-05-26 00:00:00
广东,粤北,清远,连州市,连州镇,GR116,连州市连州镇满地村黄竹迳,112.3,24.7,1,"B,h",2026-04-29 00:00:00
广东,粤北,清远,连州市,大路边镇,GR117,连州市大路边镇黄太村黄禾塘,112.7,25.1,1,"B,h",2026-05-20 00:00:00
广东,粤北,清远,连州市,龙坪镇,GR118,连州市龙坪镇凤凰村,112.5,25,1,"B,h",2026-05-15 00:00:00
广东,粤北,清远,连州市,星子镇,GR119,连州市星子镇潭源村长岭脚,112.8,24.9,1,"B,h",2026-05-15 00:00:00
广东,粤北,清远,连州市,丰阳镇,GR120,连州市丰阳镇柯木湾村沙铺,112.2,25.1,1,"B,h",2026-05-21 00:00:00
广东,粤北,清远,连州市,大路边镇,GR121,连州市大路边镇荒塘村,112.5,25.1,1,"B,h",2026-05-20 00:00:00
广东,粤北,清远,连州市,保安镇,GR122,连州市保安镇良塘村,112.3,24.9,1,"B,h",2026-05-15 00:00:00
广东,粤北,清远,连州市,星子镇,GR123,连州市星子镇潭岭村洞尾,112.7,25,1,"B,h",2026-05-21 00:00:00
广东,粤北,清远,连州市,星子镇,GR124,连州市星子镇赤塘村新赤冲,112.5,24.9,1,"B,h",2026-05-15 00:00:00
广东,粤北,清远,连州市,大路边镇,GR125,连州市大路边镇浦东村六公里,112.6,25,1,"B,h",2026-05-19 00:00:00
广东,粤北,清远,连州市,大路边镇,GR126,连州市大路边镇油田村半冲,112.6,25,1,"B,h",2026-05-20 00:00:00
广东,粤北,清远,连州市,龙坪镇,GR127,连州市龙坪镇袁屋村,112.5,24.9,1,"B,h",2026-05-15 00:00:00
广东,粤北,清远,连州市,西岸镇,GR128,连州市西岸镇奎池村青冲,112.3,24.9,1,"B,h",2026-05-15 00:00:00
广东,粤北,清远,连州市,星子镇,GR129,连州市星子镇内洞村石洞,112.4,25.1,1,"B,h",2026-05-15 00:00:00
广东,粤北,清远,连州市,大路边镇,GR130,连州市大路边镇浦东村潭下,112.5,24.9,1,"B,h",2026-05-19 00:00:00
广东,粤北,清远,连州市,星子镇,GR131,连州市星子镇潭岭村堆头,112.6,25,1,"B,h",2026-05-15 00:00:00
广东,粤北,清远,连州市,东陂镇,GR132,连州市东陂镇香花村松山脚,112.3,25,1,"B,h",2026-05-15 00:00:00
广东,粤北,清远,连州市,东陂镇,GR133,连州市东陂镇香花村,112.3,25,1,"B,h",2026-05-15 00:00:00
广东,粤北,清远,连州市,连州镇,GR134,连州市连州镇巾峰村,112.4,24.8,1,"B,h",2026-04-25 00:00:00
广东,粤北,清远,连州市,保安镇,GR135,连州市保安镇子沟村,112.4,25,1,"B,h",2026-05-27 00:00:00
广东,粤北,清远,连州市,星子镇,GR136,连州市星子镇潭源村,112.6,25,1,"B,h",2026-05-15 00:00:00
广东,粤北,清远,连州市,星子镇,GR137,连州市星子镇东红村黄家流,112.5,24.9,1,"B,h",2026-05-19 00:00:00
广东,粤北,清远,连州市,东陂镇,GR138,连州市东陂镇香花村新屋,112.4,25,1,"B,h",2026-05-15 00:00:00
广东,粤北,清远,连州市,星子镇,GR139,连州市星子镇内洞村恩头村,112.6,25.1,1,"B,h",2026-05-15 00:00:00
广东,粤北,清远,连州市,星子镇,GR140,连州市星子镇四方村,112.6,25.1,1,"B,h",2026-05-15 00:00:00
广东,粤北,清远,连州市,星子镇,GR141,连州市星子镇上联村,112.4,25,1,"B,h",2026-05-19 00:00:00
广东,粤北,清远,连州市,大路边镇,GR142,连州市大路边镇观头洞村,112.6,25.2,1,"B,h",2026-05-20 00:00:00
广东,粤北,清远,连州市,大路边镇,GR143,连州市大路边镇大坳村,112.6,25.2,1,"B,h",2026-05-20 00:00:00
广东,粤北,清远,连州市,大路边镇,GR144,连州市大路边镇大塘村厚冲,112.7,25.1,1,"B,h",2026-05-15 00:00:00
广东,粤北,清远,连州市,三水瑶族乡,GR145,连州市三水瑶族乡左里村陈家岭,112.2,25.1,1,"B,h",2026-05-15 00:00:00
广东,粤北,清远,连州市,瑶安瑶族乡,GR146,连州市瑶安乡九龙村乌龙坑,112.5,24.9,1,"B,h",2026-05-21 00:00:00
广东,粤北,清远,连州市,星子镇,GR147,连州市星子镇唐家村大岭脚,112.5,25,1,"B,h",2026-05-15 00:00:00
广东,粤北,清远,连州市,大路边镇,GR148,连州市大路边镇东大村,112.7,25,1,"B,h",2026-05-15 00:00:00
广东,粤北,清远,连州市,连州镇,GR149,连州市连州镇满地村泽梓潭,112.3,24.8,1,"B,h",2026-05-20 00:00:00
广东,粤北,清远,连州市,龙坪镇,GR150,连州市龙坪镇东村,112.5,24.9,1,"B,h",2026-05-15 00:00:00
广东,粤北,清远,连州市,东陂镇,GR151,连州市东陂镇大江村西河,112.2,25,1,"B,h",2026-05-27 00:00:00
广东,粤北,清远,连州市,星子镇,GR152,连州市星子镇清江村冲头,112.6,25.1,1,"B,h",2026-05-20 00:00:00
广东,粤北,清远,连州市,三水瑶族乡,GR153,连州市三水瑶族乡沙坪村,112.3,25.2,1,"B,h",2026-05-20 00:00:00
广东,粤北,清远,连州市,西岸镇,GR154,连州市西岸镇清水村新田,112.2,24.9,1,"B,h",2026-05-19 00:00:00
广东,粤北,清远,连州市,丰阳镇,GR155,连州市丰阳镇柯木湾村黄竹冲,112.2,25,1,"B,h",2026-05-15 00:00:00
广东,粤北,清远,连州市,星子镇,GR156,连州市星子镇沈家村,112.4,25,1,"B,h",2026-05-20 00:00:00
广东,粤北,清远,连州市,瑶安瑶族乡,GR157,连州市瑶安瑶族乡瑶安村天光山,112.5,25.1,1,"B,h",2026-05-15 00:00:00
广东,粤北,清远,连州市,保安镇,GR158,连州市保安镇卿罡村,112.3,24.9,1,"B,h",2026-05-15 00:00:00
广东,粤北,清远,连州市,龙坪镇,GR159,连州市龙坪镇大东山温泉,112.7,25,1,"B,h",2026-05-15 00:00:00
广东,粤北,清远,连州市,龙坪镇,GR160,连州市龙坪镇东村东田冲下村,112.4,24.9,1,"B,h",2026-05-15 00:00:00
广东,粤北,清远,连州市,大路边镇,GR161,连州市大路边镇汛塘村,112.5,25.1,1,"B,h",2026-05-20 00:00:00
广东,粤北,清远,连州市,丰阳镇,GR162,连州市丰阳镇大富头村茶亭,112.3,25,1,"B,h",2026-05-15 00:00:00
广东,粤北,清远,连州市,西岸镇,GR163,连州市西岸镇东江村东田,112.4,24.9,1,"B,h",2026-05-20 00:00:00
广东,粤北,清远,连州市,西岸镇,GR164,连州市西岸镇溪塘村,112.4,25,1,"B,h",2026-05-15 00:00:00
广东,粤北,清远,连州市,连州镇,GR165,连州市连州镇白云村船潭,112.3,24.8,1,"B,h",2026-05-15 00:00:00
广东,粤北,清远,连州市,九陂镇,GR166,连州市九陂镇新民村,112.4,24.6,1,"B,h",2026-05-20 00:00:00
广东,粤北,清远,连州市,三水瑶族乡,GR167,连州市三水瑶族乡左里村,112.1,25.1,1,"B,h",2026-05-15 00:00:00
广东,粤北,清远,连州市,东陂镇,GR168,连州市东陂镇东塘村马踢山,112.4,24.9,1,"B,h",2026-05-15 00:00:00
广东,粤北,清远,连州市,星子镇,GR169,连州市星子镇姜联村,112.6,25,1,"B,h",2026-05-15 00:00:00
广东,粤北,清远,连州市,西江镇,GR170,连州市西江镇井塘村,112.7,24.8,1,"B,h",2026-05-15 00:00:00
广东,粤北,清远,连州市,保安镇,GR171,连州市保安镇种田村,112.6,24.9,1,"B,h",2026-05-20 00:00:00
广东,粤北,清远,连州市,大路边镇,GR172,连州市大路边镇黎水村,112.5,25.1,1,"B,h",2026-05-15 00:00:00
广东,粤北,清远,连州市,西江镇,GR173,连州市西江镇耙田村,112.7,24.6,1,"B,h",2026-05-22 00:00:00
广东,粤北,清远,连州市,龙坪镇,GR174,连州市龙坪镇青石村谢屋湾,112.5,24.9,1,"B,h",2026-06-12 00:00:00
广东,粤北,清远,连州市,丰阳镇,GR175,连州市丰阳镇大富头村众屋,112.2,25,1,"B,h",2026-05-19 00:00:00
广东,粤北,清远,连州市,龙坪镇,GR176,连州市龙坪镇东村扬塘,112.5,24.9,1,"B,h",2026-05-20 00:00:00
广东,粤北,清远,连州市,丰阳镇,GR177,连州市丰阳镇新立村黄土坪,112.1,25,1,"B,h",2026-05-21 00:00:00
广东,粤北,清远,连州市,保安镇,GR178,连州市保安镇麻北村,112.5,24.9,1,"B,h",2026-05-15 00:00:00
广东,粤北,清远,连州市,西江镇,GR179,连州市西江镇山塘村,112.6,24.9,1,"B,h",2026-06-04 00:00:00
广东,粤北,清远,连州市,西岸镇,GR180,连州市西岸镇清水村豆地坪,112.2,25.1,1,"B,h",2026-05-19 00:00:00
广东,粤北,清远,连州市,丰阳镇,GR181,连州市丰阳镇陂岭村架枧岭,112.1,25,1,"B,h",2026-04-25 00:00:00
广东,粤北,清远,连州市,东陂镇,GR182,连州市东陂镇塘联村其王岭,112.2,25,1,"B,h",2026-05-19 00:00:00
广东,粤北,清远,连州市,三水瑶族乡,GR183,连州市三水瑶族乡云雾村,112.2,25,1,"B,h",2026-05-15 00:00:00
广东,粤北,清远,连州市,西岸镇,GR184,连州市西岸镇小带村,112.2,25,1,"B,h",2026-05-26 00:00:00
广东,粤北,清远,连州市,保安镇,GR185,连州市保安镇本公洞村,112.5,25,1,"B,h",2026-05-15 00:00:00
广东,粤北,清远,连州市,瑶安瑶族乡,GR186,连州市瑶安瑶族乡田心村蚊子冲,112.4,25.1,1,"B,h",2026-05-15 00:00:00
广东,粤北,清远,连州市,星子镇,GR187,连州市星子镇新村老塝塘,112.5,25,1,"B,h",2026-05-19 00:00:00
广东,粤北,清远,连州市,丰阳镇,GR188,连州市丰阳镇陂岭村牛塘,112.1,25.1,1,"B,h",2026-04-25 00:00:00
广东,粤北,清远,连州市,连州镇,GR189,连州市连州镇满地村枫树脚,112.3,24.7,1,"B,h",2026-04-29 00:00:00
广东,粤北,清远,连州市,三水瑶族乡,GR190,连州市三水瑶族乡云雾村右里,112.2,25.1,1,"B,h",2026-05-15 00:00:00
广东,粤北,清远,连州市,星子镇,GR191,连州市星子镇潭岭村连坪,112.7,25,1,"B,h",2026-05-15 00:00:00
广东,粤北,清远,连州市,丰阳镇,GR192,连州市丰阳镇湖江村,112.2,25,1,"B,h",2026-05-19 00:00:00
广东,粤北,清远,连州市,瑶安瑶族乡,GR193,连州市瑶安瑶族乡新九村盘石里,112.4,25.2,1,"B,h",2026-05-21 00:00:00
广东,粤北,清远,连州市,龙坪镇,GR194,连州市龙坪林场亚记账,112.6,24.9,1,"B,h",2026-06-06 00:00:00
广东,粤北,清远,连州市,西岸镇,GR195,连州市西岸镇石马村白莲塘,112.2,24.9,1,"B,h",2026-05-15 00:00:00
广东,粤北,清远,连州市,大路边镇,GR196,连州市大路边镇黄太村长冲,112.8,25,1,"B,h",2026-05-15 00:00:00
广东,粤北,清远,连州市,星子镇,GR197,连州市星子镇马水村,112.6,25,1,"B,h",2026-06-06 00:00:00
广东,粤北,清远,连州市,丰阳镇,GR198,连州市丰阳镇新立村江西冲,112.3,25.1,1,"B,h",2026-05-21 00:00:00
广东,粤北,清远,连州市,东陂镇,GR199,连州市东陂镇西塘村车头,112.3,25,1,"B,h",2026-05-19 00:00:00
广东,粤北,清远,连州市,西江镇,GR200,连州市西江镇大田村,112.5,24.8,1,"B,h",2026-05-15 00:00:00
广东,粤北,清远,连州市,星子镇,GR201,连州市星子镇周联村,112.6,25.1,1,"B,h",2026-05-19 00:00:00
广东,粤北,清远,连州市,西岸镇,GR202,连州市西岸镇石马村荣村,112.2,25,1,"B,h",2026-05-26 00:00:00
广东,粤北,清远,连州市,九陂镇,GR203,连州市九陂镇高相村仙人塘,112.5,24.6,1,"B,h",2026-05-15 00:00:00
广东,粤北,清远,连州市,三水瑶族乡,GR204,连州市三水瑶族乡左里村大坦,112.2,25.1,1,"B,h",2026-05-15 00:00:00
广东,粤北,清远,连州市,瑶安瑶族乡,GR205,连州市瑶安瑶族乡新九村大定坑,112.4,25.2,1,"B,h",2026-06-30 00:00:00
广东,粤北,清远,连州市,西江镇,GR206,连州市西江镇外塘村,112.6,24.7,1,"B,h",2026-05-22 00:00:00
广东,粤北,清远,连州市,连州镇,GR207,连州市连州镇满地村麻地坪,112.4,24.9,1,"B,h",2026-05-20 00:00:00
广东,粤北,清远,连州市,丰阳镇,GR208,连州市丰阳镇梁家村飞水洞,112.2,25.2,1,"B,h",2026-05-15 00:00:00
广东,粤北,清远,连州市,连州镇,GR209,连州市连州镇龙口村,112.2,24.7,1,"B,h",2026-05-15 00:00:00
广东,粤北,清远,连州市,瑶安瑶族乡,GR210,连州市瑶安瑶族乡盘东村,112.3,25.1,1,"B,h",2026-05-27 00:00:00
广东,粤北,清远,连州市,瑶安瑶族乡,GR211,连州市瑶安瑶族乡新九村激水尾,112.3,25.1,1,"B,h",2026-05-21 00:00:00
广东,粤北,清远,连州市,丰阳镇,GR212,连州市丰阳镇湖江村横江山,112.2,25,1,"B,h",2026-05-19 00:00:00
广东,粤北,清远,连州市,瑶安瑶族乡,GR213,连州市瑶安瑶族乡田心村板辽,112.5,25.1,1,"B,h",2026-05-27 00:00:00
广东,粤北,清远,连州市,西岸镇,GR214,连州市西岸镇冲口村陵田,112.2,24.9,1,"B,h",2026-05-26 00:00:00
广东,粤北,清远,连州市,三水瑶族乡,GR215,连州市三水瑶族乡新八村老屋洞,112.3,25.2,1,"B,h",2026-06-04 00:00:00
广东,粤北,清远,连州市,龙坪镇,GR216,连州市龙坪镇沙坳村,112.4,24.7,1,"B,h",2026-05-19 00:00:00
广东,粤北,清远,连州市,大路边镇,GR217,连州市大路边镇东联村辛家,112.6,24.9,1,"B,h",2026-06-02 00:00:00
广东,珠三角,东莞,东莞市,高埗镇,GS001,东莞高埗镇塘厦村气象观测站,113.8,23.1,1,"B,f",2023-06-11 00:00:00
广东,珠三角,东莞,东莞市,高埗镇,GS002,东莞高埗镇草墩村气象观测站,113.8,23.2,1,"B,f",2023-06-11 00:00:00
广东,珠三角,东莞,东莞市,高埗镇,GS003,东莞高埗镇宝莲村气象观测站,113.8,23.1,1,"B,f",2023-06-11 00:00:00
广东,珠三角,东莞,东莞市,高埗镇,GS004,东莞高埗镇护安围村气象观测站,113.8,23.2,1,"B,f",2023-06-11 00:00:00
广东,珠三角,东莞,东莞市,高埗镇,GS005,东莞高埗镇洗沙村委会气象观测站,113.7,23,1,"B,f",2023-06-11 00:00:00
广东,珠三角,东莞,东莞市,高埗镇,GS006,东莞高埗镇横滘头村气象观测站,113.6,23.2,1,"B,f",2023-06-11 00:00:00
广东,珠三角,东莞,东莞市,高埗镇,GS007,东莞高埗镇保安围村气象观测站,113.6,23.1,1,"B,f",2023-06-11 00:00:00
广东,珠三角,东莞,东莞市,高埗镇,GS008,东莞高埗镇三联村气象观测站,113.7,23.2,1,"B,f",2023-06-11 00:00:00
广东,珠三角,东莞,东莞市,高埗镇,GS009,东莞高埗镇朱磡村气象观测站,113.7,23.1,1,"B,f",2023-06-11 00:00:00
广东,珠三角,东莞,东莞市,高埗镇,GS010,东莞高埗镇芦村村气象观测站,113.6,23.1,1,"B,f",2023-06-11 00:00:00
广东,珠三角,东莞,东莞市,高埗镇,GS011,东莞高埗镇欧邓村强昱塑胶公司气观测站,113.7,23.2,1,"B,f",2023-06-11 00:00:00
广东,珠三角,东莞,东莞市,高埗镇,GS012,东莞高埗镇新联村气象观测站,113.7,23.1,1,"B,f",2023-06-11 00:00:00
广东,珠三角,东莞,东莞市,高埗镇,GS013,东莞高埗镇上江城村兴华燃气国家气象观测站,113.8,23,1,"B,f",2023-06-11 00:00:00
广东,珠三角,东莞,东莞市,高埗镇,GS014,东莞高埗镇下江城村国家气象观测站,113.8,23.2,1,"B,f",2023-06-11 00:00:00
广东,珠三角,东莞,东莞市,高埗镇,GS015,东莞高埗镇凌屋村国家气象观测站,113.8,23,1,"B,f",2023-06-11 00:00:00
广东,粤东,潮州,潮安区,凤凰镇,GU000,潮安区凤凰镇万峰山省级保护区,116.5,23.8,1,"B,h",2024-11-03 00:00:00
广东,粤东,潮州,潮安区,古巷镇,GU001,潮安区古巷镇东南应急救援基地,116.6,23.7,1,"B,h",2024-11-03 00:00:00
广东,粤东,潮州,潮安区,赤凤镇,GU002,潮安区赤凤镇松水村,116.6,23.8,1,"B,h",2024-11-03 00:00:00
广东,粤东,潮州,潮安区,凤凰镇,GU003,潮安区凤凰镇南溪村,116.7,23.9,1,"B,h",2024-11-03 00:00:00
广东,粤东,潮州,潮安区,归湖镇,GU004,潮安区归湖镇白藤坑村,116.7,23.7,1,"B,h",2024-11-03 00:00:00
广东,粤东,潮州,潮安区,登塘镇,GU005,潮安区登塘镇登塘小学,116.6,23.6,1,"B,h",2024-11-03 00:00:00
广东,粤东,潮州,潮安区,古巷镇,GU006,潮安区古巷镇东岗村,116.5,23.7,1,"B,h",2024-11-03 00:00:00
广东,粤东,潮州,潮安区,凤塘镇,GU007,潮安区凤塘镇新乡村,116.5,23.5,1,"B,h",2024-11-03 00:00:00
广东,粤东,潮州,潮安区,浮洋镇,GU008,潮安区浮洋镇实验学校,116.6,23.6,1,"B,h",2024-11-03 00:00:00
广东,粤东,潮州,潮安区,浮洋镇,GU009,潮安区浮洋镇松昌中学,116.7,23.6,1,"B,h",2024-11-03 00:00:00
广东,粤东,潮州,湘桥区,官塘镇,GU010,湘桥区官塘镇官塘中学,116.7,23.5,1,"B,h",2024-11-03 00:00:00
广东,粤东,潮州,潮安区,彩塘镇,GU011,潮安区沙溪镇沙溪一村,116.5,23.5,1,"B,h",2024-11-03 00:00:00
广东,粤东,潮州,潮安区,沙溪镇,GU012,潮安区沙溪镇刘畔村,116.6,23.6,1,"B,h",2024-11-03 00:00:00
广东,粤东,潮州,潮安区,归湖镇,GU013,潮安区归湖镇彭厝村,116.7,23.8,1,"B,h",2024-11-03 00:00:00
广东,粤东,潮州,潮安区,彩塘镇,GU014,潮安区彩塘镇宏安六村,116.7,23.5,1,"B,h",2024-11-21 00:00:00
广东,粤东,潮州,潮安区,东凤镇,GU015,潮安区东凤镇庄西陇村,116.6,23.6,1,"B,h",2024-11-03 00:00:00
广东,粤东,潮州,潮安区,庵埠镇,GU016,潮安区庵埠镇实验学校,116.8,23.5,1,"B,h",2024-11-03 00:00:00
广东,粤东,潮州,潮安区,江东镇,GU017,潮安区江东镇龙口村,116.7,23.6,1,"B,h",2024-11-03 00:00:00
广东,粤东,潮州,潮安区,枫溪镇,GU018,潮安区枫溪镇益盛小学,116.6,23.7,1,"B,h",2024-11-03 00:00:00
广东,粤东,潮州,湘桥区,桥东街道,GU019,湘桥区桥东街道桥东污水处理厂,116.7,23.6,1,"B,h",2024-11-03 00:00:00
广东,粤东,潮州,湘桥区,凤新街道,GU020,湘桥区凤新街道绵德小学,116.5,23.6,1,"B,h",2024-11-03 00:00:00
广东,粤东,潮州,湘桥区,意溪镇,GU021,湘桥区意溪镇意溪中学,116.7,23.7,1,"B,h",2024-11-03 00:00:00
广东,粤东,潮州,湘桥区,意溪镇,GU022,湘桥区意溪镇滩地公园,116.7,23.6,1,"B,h",2024-11-03 00:00:00
广东,粤东,潮州,湘桥区,意溪镇,GU023,湘桥区意溪镇兴业陶瓷,116.6,23.7,1,"B,h",2024-11-03 00:00:00
广东,粤东,潮州,湘桥区,意溪镇,GU024,湘桥区意溪镇紫莲森林度假村,116.7,23.8,1,"B,h",2024-11-03 00:00:00
广东,粤东,潮州,湘桥区,磷溪镇,GU025,湘桥区磷溪镇英山村,116.8,23.8,1,"B,h",2024-11-03 00:00:00
广东,粤东,潮州,湘桥区,官塘镇,GU026,湘桥区官塘镇佛手果文旅生态园,116.7,23.6,1,"B,h",2024-11-04 00:00:00
广东,粤东,潮州,潮安区,登塘镇,GU027,潮安区登塘镇横田水库,116.6,23.8,1,"B,h",2024-11-03 00:00:00
广东,粤东,潮州,潮安区,凤凰镇,GU028,潮安区凤凰镇凤翔峡景区,116.6,23.8,1,"B,h",2024-11-03 00:00:00
广东,粤东,潮州,潮安区,登塘镇,GU029,潮安区登塘镇绿太阳景区,116.4,23.7,1,"B,h",2024-11-03 00:00:00
广东,粤东,潮州,潮安区,凤塘镇,GU030,潮安区凤塘镇吉林村,116.7,23.7,1,"B,h",2024-11-03 00:00:00
广东,粤东,潮州,潮安区,凤凰镇,GU031,潮安区凤凰镇正盛茶业,116.8,24,1,"B,h",2024-11-03 00:00:00
广东,粤东,潮州,潮安区,金石镇,GU032,潮安区金石镇实验学校,116.7,23.5,1,"B,h",2024-11-03 00:00:00
广东,粤东,潮州,潮安区,庵埠镇,GU033,潮安区庵埠镇华博实验学校,116.7,23.6,1,"B,h",2024-11-03 00:00:00
广东,粤东,潮州,潮安区,凤凰镇,GU034,潮安区凤凰镇凤溪水库,116.8,24,1,"B,h",2024-11-03 00:00:00
广东,粤东,潮州,潮安区,金石镇,GU035,潮安区金石镇金石中学,116.5,23.5,1,"B,h",2024-11-03 00:00:00
广东,粤东,潮州,潮安区,归湖镇,GU036,潮安区归湖镇山犁村,116.7,23.8,1,"B,h",2024-11-03 00:00:00
广东,粤东,潮州,湘桥区,铁铺镇,GU037,湘桥区铁铺镇桂林村,116.7,23.6,1,"B,h",2024-11-03 00:00:00
广东,粤东,潮州,湘桥区,磷溪镇,GU038,湘桥区磷溪镇仙河村,116.6,23.6,1,"B,h",2024-11-03 00:00:00
广东,粤东,潮州,潮安区,庵埠镇,GU039,潮安区庵埠镇潘陇村,116.7,23.6,1,"B,h",2024-11-03 00:00:00
广东,粤东,潮州,饶平县,新圩镇,GU051,饶平县新圩镇永盛村,117,23.9,1,"B,h",2024-11-03 00:00:00
广东,粤东,潮州,湘桥区,铁铺镇,GU052,湘桥区铁铺镇明园大道,116.8,23.7,1,"B,h",2024-11-03 00:00:00
广东,粤东,潮州,饶平县,饶洋镇,GU053,饶平县饶洋镇山前村,116.9,24.1,1,"B,h",2024-11-03 00:00:00
广东,粤东,潮州,饶平县,饶洋镇,GU054,饶平县饶洋镇石北村,117,24,1,"B,h",2024-11-03 00:00:00
广东,粤东,潮州,饶平县,三饶镇,GU055,饶平县三饶镇燕坑村,116.8,24,1,"B,h",2024-11-03 00:00:00
广东,粤东,潮州,饶平县,海山镇,GU056,饶平县海山镇欧石村,116.9,23.6,1,"B,h",2024-11-03 00:00:00
广东,粤东,潮州,饶平县,海山镇,GU057,饶平县海山镇蓬莱村,116.9,23.5,1,"B,h",2024-11-03 00:00:00
广东,粤东,潮州,饶平县,高堂镇,GU058,饶平县高堂镇高二村,117,23.8,1,"B,h",2024-11-03 00:00:00
广东,粤东,潮州,饶平县,高堂镇,GU059,饶平县高堂镇军寨村,117,23.7,1,"B,h",2024-11-03 00:00:00
广东,粤东,潮州,饶平县,黄冈镇,GU060,饶平县黄冈镇仙春小学,117.1,23.8,1,"B,h",2024-11-03 00:00:00
广东,粤东,潮州,饶平县,浮滨镇,GU061,饶平县浮滨镇坪溪水库,116.8,23.8,1,"B,h",2024-11-03 00:00:00
广东,粤东,潮州,饶平县,钱东镇,GU062,饶平县钱东镇钱塘村,116.8,23.8,1,"B,h",2024-11-03 00:00:00
广东,粤东,潮州,饶平县,新丰镇,GU063,饶平县新丰镇三中村,116.8,24.2,1,"B,h",2024-11-03 00:00:00
广东,粤东,潮州,饶平县,浮滨镇,GU064,饶平县浮滨镇大榕村,116.8,23.7,1,"B,h",2024-11-03 00:00:00
广东,粤东,潮州,饶平县,新圩镇,GU065,饶平县新圩镇幸福水库,117,23.7,1,"B,h",2024-11-03 00:00:00
广东,粤东,潮州,饶平县,所城镇,GU066,饶平县所城镇所城社区,117.2,23.6,1,"B,h",2024-11-03 00:00:00
广东,粤东,潮州,饶平县,新丰镇,GU067,饶平县新丰镇白石寺,116.7,24.1,1,"B,h",2024-11-03 00:00:00
广东,粤东,潮州,饶平县,联饶镇,GU068,饶平县联饶镇新陂村,117,23.7,1,"B,h",2024-11-03 00:00:00
广东,粤东,潮州,饶平县,建饶镇,GU069,饶平县建饶镇卓村,116.9,24,1,"B,h",2024-11-03 00:00:00
广东,粤东,潮州,饶平县,东山镇,GU070,饶平县东山镇双罗村,117,23.9,1,"B,h",2024-11-03 00:00:00
广东,粤东,潮州,饶平县,东山镇,GU071,饶平县东山镇水美村,116.9,24,1,"B,h",2024-11-03 00:00:00
广东,粤东,潮州,饶平县,钱东镇,GU072,饶平县钱东镇施厝村,116.9,23.7,1,"B,h",2024-11-03 00:00:00
广东,粤东,潮州,饶平县,新塘镇,GU073,饶平县新塘镇新塘村,116.9,23.8,1,"B,h",2024-11-03 00:00:00
广东,粤东,潮州,饶平县,新塘镇,GU074,饶平县新塘镇百花山,116.7,24,1,"B,h",2024-11-03 00:00:00
广东,粤东,揭阳,惠来县,惠城镇,GV000,惠来惠城新风气象观测站,116.3,23.1,1,"B,f",2023-06-11 00:00:00
广东,粤东,揭阳,惠来县,葵潭镇,GV001,惠来葵潭闇藤水库气象观测站,115.9,23.1,1,"B,h",2024-11-03 00:00:00
广东,粤东,揭阳,惠来县,华湖镇,GV002,惠来华湖石井水库气象观测站,116.4,23.1,1,"B,h",2024-11-03 00:00:00
广东,粤东,揭阳,惠来县,东陇镇,GV003,惠来东陇钓石气象观测站,116.3,23.1,1,"B,h",2024-11-03 00:00:00
广东,粤东,揭阳,惠来县,隆江镇,GV004,惠来隆江海埕气象观测站,116.3,23,1,"B,h",2024-11-03 00:00:00
广东,粤东,揭阳,惠来县,神泉镇,GV005,惠来神泉横山气象观测站,116.4,23,1,"B,h",2024-11-03 00:00:00
广东,粤东,揭阳,惠来县,靖海镇,GV006,惠来靖海南山气象观测站,116.5,23,1,"B,h",2024-11-03 00:00:00
广东,粤东,揭阳,惠来县,前詹镇,GV007,惠来前詹华林气象观测站,116.5,23,1,"B,h",2024-11-03 00:00:00
广东,粤东,揭阳,惠来县,仙庵镇,GV008,惠来仙庵华园气象观测站,116.4,23,1,"B,h",2024-11-03 00:00:00
广东,粤东,揭阳,惠来县,岐石镇,GV009,惠来岐石气象观测站,116.2,22.9,1,"B,h",2024-11-03 00:00:00
广东,粤东,揭阳,惠来县,葵潭镇,GV010,惠来葵潭溪口气象观测站,116.1,23.2,1,"B,h",2024-11-03 00:00:00
广东,粤东,揭阳,惠来县,鳌江镇,GV011,惠来鳌江虎仔水库气象观测站,115.9,22.9,1,"B,h",2024-11-03 00:00:00
广东,粤东,揭阳,惠来县,周田镇,GV012,惠来周田兴岗气象观测站,116.4,23.1,1,"B,h",2024-11-03 00:00:00
广东,粤东,揭阳,惠来县,靖海镇,GV013,惠来靖海资深气象观测站,116.5,23,1,"B,h",2024-11-03 00:00:00
广东,粤东,揭阳,惠来县,东港镇,GV014,惠来东港完斗水库气象观测站,116,22.9,1,"B,h",2024-11-03 00:00:00
广东,粤东,揭阳,惠来县,侨园镇,GV015,惠来侨园桃园水库气象观测站,116.1,23,1,"B,h",2024-11-03 00:00:00
广东,粤东,揭阳,榕城区,进贤门街道,GV101,榕城进贤门新风气象观测站,116.3,23.5,1,"B,h",2024-10-09 00:00:00
广东,粤东,揭阳,揭东区,埔田镇,GV102,揭东埔田湖下气象观测站,116.5,23.7,1,"B,h",2024-10-01 00:00:00
广东,粤东,揭阳,揭东区,月城镇,GV103,揭东月城刘畔气象观测站,116.3,23.6,1,"B,h",2024-10-10 00:00:00
广东,粤东,揭阳,揭东区,新亨镇,GV104,揭东新亨坪埔气象观测站,116.3,23.7,1,"B,h",2024-10-09 00:00:00
广东,粤东,揭阳,揭东区,锡场镇,GV105,揭东锡场石洋气象观测站,116.3,23.5,1,"B,h",2024-10-01 00:00:00
广东,粤东,揭阳,揭东区,曲溪街道,GV106,揭东曲溪五堆气象观测站,116.5,23.6,1,"B,h",2024-10-08 00:00:00
广东,粤东,揭阳,揭东区,云路镇,GV107,揭东云路月浦气象观测站,116.4,23.6,1,"B,h",2024-10-10 00:00:00
广东,粤东,揭阳,普宁市,流沙南街道,GV201,普宁流沙南马栅气象观测站,116.3,23.3,1,"B,h",2024-11-03 00:00:00
广东,粤东,揭阳,普宁市,大坝镇,GV202,普宁大坝半径气象观测站,116.1,23.3,1,"B,h",2024-11-03 00:00:00
广东,粤东,揭阳,普宁市,池尾街道,GV203,普宁池尾东山气象观测站,116.2,23.4,1,"B,h",2024-11-03 00:00:00
广东,粤东,揭阳,普宁市,高埔镇,GV204,普宁高埔车上气象观测站,115.9,23.1,1,"B,h",2024-11-03 00:00:00
广东,粤东,揭阳,普宁市,池尾街道,GV205,普宁池尾山湖气象观测站,116,23.3,1,"B,h",2024-11-03 00:00:00
广东,粤东,揭阳,普宁市,梅塘镇,GV206,普宁梅塘大宅气象观测站,116.1,23.4,1,"B,h",2024-11-03 00:00:00
广东,粤东,揭阳,普宁市,占陇镇,GV207,普宁占陇定厝寮气象观测站,116.2,23.4,1,"B,h",2024-11-03 00:00:00
广东,粤东,揭阳,普宁市,洪阳镇,GV208,普宁洪阳崑安气象观测站,116.3,23.5,1,"B,h",2024-11-03 00:00:00
广东,粤东,揭阳,普宁市,里湖镇,GV209,普宁里湖寨洋气象观测站,115.9,23.3,1,"B,h",2024-11-03 00:00:00
广东,粤东,揭阳,普宁市,下架山镇,GV210,普宁下架山横溪气象观测站,116.2,23.3,1,"B,h",2024-11-03 00:00:00
广东,粤东,揭阳,普宁市,大南山街道,GV211,普宁大南山风吹函水库气象观测站,116.2,23.2,1,"B,h",2024-11-03 00:00:00
广东,粤东,揭阳,普宁市,梅林镇,GV212,普宁梅林华寮气象观测站,116,23.2,1,"B,h",2024-11-03 00:00:00
广东,粤东,揭阳,普宁市,大坪镇,GV213,普宁大坪甲湖气象观测站,115.9,23.2,1,"B,h",2024-11-03 00:00:00
广东,粤东,揭阳,普宁市,云落镇,GV214,普宁云落九岭气象观测站,116,23.3,1,"B,h",2024-11-03 00:00:00
广东,粤东,揭阳,普宁市,南径镇,GV215,普宁南径南径气象观测站,116.2,23.3,1,"B,h",2024-11-03 00:00:00
广东,粤东,揭阳,普宁市,麒麟镇,GV216,普宁麒麟南陇气象观测站,116.3,23.5,1,"B,h",2024-11-03 00:00:00
广东,粤东,揭阳,普宁市,梅塘镇,GV217,普宁梅塘涂洋气象观测站,116.2,23.3,1,"B,h",2024-11-03 00:00:00
广东,粤东,揭阳,普宁市,占陇镇,GV218,普宁占陇下村气象观测站,116.2,23.3,1,"B,h",2024-11-03 00:00:00
广东,粤东,揭阳,普宁市,南溪镇,GV219,普宁南溪北溪气象观测站,116.3,23.5,1,"B,h",2024-11-03 00:00:00
广东,粤东,揭阳,揭西县,钱坑镇,GV301,揭西钱坑红光气象观测站,116,23.4,1,"B,h",2024-11-03 00:00:00
广东,粤东,揭阳,揭西县,凤江镇,GV302,揭西凤江新厝气象观测站,116.1,23.5,1,"B,h",2024-11-03 00:00:00
广东,粤东,揭阳,揭西县,大溪镇,GV303,揭西大溪杨林气象观测站,115.9,23.4,1,"B,h",2024-11-03 00:00:00
广东,粤东,揭阳,揭西县,灰寨镇,GV304,揭西灰寨马路气象观测站,116,23.5,1,"B,h",2024-11-03 00:00:00
广东,粤东,揭阳,揭西县,大溪镇,GV305,揭西大溪井美气象观测站,115.9,23.5,1,"B,h",2024-11-03 00:00:00
广东,粤东,揭阳,揭西县,河婆街道,GV306,揭西河婆下滩气象观测站,115.7,23.4,1,"B,h",2024-11-03 00:00:00
广东,粤东,揭阳,揭西县,金和镇,GV307,揭西金和仙坡气象观测站,116.1,23.4,1,"B,h",2024-11-03 00:00:00
广东,粤东,揭阳,揭西县,京溪园镇,GV308,揭西京溪园蛇头气象观测站,116.1,23.6,1,"B,h",2024-11-03 00:00:00
广东,粤东,揭阳,揭西县,良田乡,GV309,揭西良田河新气象观测站,115.9,23.6,1,"B,h",2024-11-03 00:00:00
广东,粤东,揭阳,揭西县,龙潭镇,GV310,揭西龙潭南福田气象观测站,115.8,23.4,1,"B,h",2024-11-03 00:00:00
广东,粤东,揭阳,揭西县,棉湖镇,GV311,揭西棉湖新湖气象观测站,116.2,23.4,1,"B,h",2024-11-03 00:00:00
广东,粤东,揭阳,揭西县,五云镇,GV312,揭西五云富厚气象观测站,115.8,23.4,1,"B,h",2024-11-03 00:00:00
广东,粤东,揭阳,揭西县,坪上镇,GV313,揭西坪上下坑气象观测站,115.8,23.5,1,"B,h",2024-11-03 00:00:00
广东,粤东,揭阳,揭西县,上砂镇,GV314,揭西上砂高速服务区气象观测站,115.7,23.5,1,"B,h",2024-11-03 00:00:00
广东,粤东,揭阳,揭西县,塔头镇,GV315,揭西塔头潭新气象观测站,116.2,23.4,1,"B,h",2024-11-03 00:00:00
广东,粤东,揭阳,揭西县,五经富镇,GV316,揭西五经富新其气象观测站,115.9,23.6,1,"B,h",2024-11-03 00:00:00
广东,粤东,揭阳,揭西县,南山镇,GV317,揭西南山西友气象观测站,115.9,23.5,1,"B,h",2024-11-03 00:00:00
广东,粤西,云浮,云城区,河口街道,GW001,云城区河口街道田心村委气象观测站,112,22.9,1,"B,h",2024-11-07 00:00:00
广东,粤西,云浮,云城区,云城街道,GW002,云城区云城街道云楼村委气象观测站,112,22.9,1,"B,h",2024-11-07 00:00:00
广东,粤西,云浮,云城区,云城街道,GW003,云城区云城街道罗沙村委污水厂气象观测站,112.2,23,1,"B,h",2024-11-07 00:00:00
广东,粤西,云浮,云城区,河口街道,GW004,云城区河口街道布务村委污水厂气象观测站,112,23,1,"B,h",2024-11-07 00:00:00
广东,粤西,云浮,云安区,白石镇,GW100,云安区白石镇石底村委气象观测站,111.8,22.7,1,"B,h",2024-11-03 00:00:00
广东,粤西,云浮,云安区,白石镇,GW101,云安区白石镇西圳村委气象观测站,111.7,22.7,1,"B,h",2024-11-03 00:00:00
广东,粤西,云浮,云安区,镇安镇,GW102,云安区镇安镇幌伞村委气象观测站,111.9,22.8,1,"B,h",2024-11-03 00:00:00
广东,粤西,云浮,云安区,镇安镇,GW103,云安区镇安镇永星村委气象观测站,111.9,22.9,1,"B,h",2024-11-03 00:00:00
广东,粤西,云浮,云安区,富林镇,GW104,云安区富林镇东路村委气象观测站,112,22.6,1,"B,h",2024-11-03 00:00:00
广东,粤西,云浮,云安区,富林镇,GW105,云安区富林镇界石村委气象观测站,111.8,22.7,1,"B,h",2024-11-03 00:00:00
广东,粤西,云浮,云安区,富林镇,GW106,云安区富林镇庙山村委气象观测站,111.9,22.6,1,"B,h",2024-11-03 00:00:00
广东,粤西,云浮,云安区,石城镇,GW107,云安区石城镇云雾山村委气象观测站,112,22.7,1,"B,h",2024-11-03 00:00:00
广东,粤西,云浮,云安区,高村镇,GW108,云安区高村镇白梅村委气象观测站,112,22.8,1,"B,h",2024-11-03 00:00:00
广东,粤西,云浮,云安区,都杨镇,GW109,云安区都杨镇降水村委气象观测站,112.1,23.2,1,"B,h",2024-11-07 00:00:00
广东,粤西,云浮,云安区,六都镇,GW110,云安区六都镇下四村委西江水厂气象观测站,112,23.2,1,"B,h",2024-11-07 00:00:00
广东,粤西,云浮,新兴县,水台镇,GW200,新兴县水台镇布茅村九朗水库气象观测站,112.5,22.6,1,"B,h",2024-11-03 00:00:00
广东,粤西,云浮,新兴县,水台镇,GW201,新兴县水台镇杜村气象观测站,112.5,22.5,1,"B,h",2024-11-03 00:00:00
广东,粤西,云浮,新兴县,里洞镇,GW202,新兴县里洞镇鹅石村气象观测站,112.3,22.5,1,"B,h",2024-11-03 00:00:00
广东,粤西,云浮,新兴县,河头镇,GW203,新兴县河头镇湾中村气象观测站,112.1,22.7,1,"B,h",2024-11-06 00:00:00
广东,粤西,云浮,新兴县,簕竹镇,GW204,新兴县簕竹镇非雷村气象观测站,112.1,22.6,1,"B,h",2024-11-03 00:00:00
广东,粤西,云浮,新兴县,天堂镇,GW205,新兴县天堂镇黄京田村气象观测站,112,22.4,1,"B,h",2024-11-03 00:00:00
广东,粤西,云浮,新兴县,簕竹镇,GW206,新兴县簕竹镇永安村桃花驿站气象观测站,112.1,22.8,1,"B,h",2024-11-03 00:00:00
广东,粤西,云浮,新兴县,里洞镇,GW207,新兴县里洞镇梧洞村气象观测站,112.3,22.5,1,"B,h",2024-11-03 00:00:00
广东,粤西,云浮,新兴县,稔村镇,GW208,新兴县稔村镇云礼村气象观测站,112.5,22.7,1,"B,h",2024-11-03 00:00:00
广东,粤西,云浮,新兴县,稔村镇,GW209,新兴县稔村镇皮村气象观测站,112.4,22.7,1,"B,h",2024-11-03 00:00:00
广东,粤西,云浮,新兴县,里洞镇,GW210,新兴县里洞镇里江村气象观测站,112.2,22.4,1,"B,h",2024-11-03 00:00:00
广东,粤西,云浮,新兴县,大江镇,GW211,新兴县大江镇梭朗村气象观测站,112,22.4,1,"B,h",2024-11-03 00:00:00
广东,粤西,云浮,新兴县,东成镇,GW212,新兴县东成镇森村气象观测站,112.3,22.8,1,"B,h",2024-11-03 00:00:00
广东,粤西,云浮,新兴县,六祖镇,GW213,新兴县六祖镇塘窝水村气象观测站,112.2,22.6,1,"B,h",2024-11-03 00:00:00
广东,粤西,云浮,新兴县,车岗镇,GW214,新兴县车岗镇云卓面村气象观测站,112.3,22.9,1,"B,h",2024-11-03 00:00:00
广东,粤西,云浮,新兴县,河头镇,GW215,新兴县河头镇河西村气象观测站,112.1,22.6,1,"B,h",2024-11-03 00:00:00
广东,粤西,云浮,新兴县,东成镇,GW216,新兴县东成镇扶桂村气象观测站,112.2,22.8,1,"B,h",2024-11-03 00:00:00
广东,粤西,云浮,新兴县,簕竹镇,GW217,新兴县簕竹镇红光居委气象观测站,112,22.7,1,"B,h",2024-11-03 00:00:00
广东,粤西,云浮,新兴县,太平镇,GW218,新兴县太平镇上沙村气象观测站,112.3,22.6,1,"B,h",2024-11-03 00:00:00
广东,粤西,云浮,郁南县,都城镇,GW401,郁南县都城镇新建村气象观测站,111.4,23.2,1,"B,h",2024-11-03 00:00:00
广东,粤西,云浮,郁南县,平台镇,GW402,郁南县平台镇康顺村气象观测站,111.5,23.2,1,"B,h",2024-11-03 00:00:00
广东,粤西,云浮,郁南县,平台镇,GW403,郁南县平台镇新乐村气象观测站,111.4,23.3,1,"B,h",2024-11-03 00:00:00
广东,粤西,云浮,郁南县,平台镇,GW404,郁南县平台镇万洞村气象观测站,111.4,23.3,1,"B,h",2024-11-03 00:00:00
广东,粤西,云浮,郁南县,桂圩镇,GW405,郁南县桂圩镇江咀村气象观测站,111.5,23.1,1,"B,h",2024-11-03 00:00:00
广东,粤西,云浮,郁南县,桂圩镇,GW406,郁南县桂圩镇岗罗村气象观测站,111.5,23.2,1,"B,h",2024-11-03 00:00:00
广东,粤西,云浮,郁南县,连滩镇,GW407,郁南县连滩镇兴盛社区气象观测站,111.7,22.9,1,"B,h",2024-11-03 00:00:00
广东,粤西,云浮,郁南县,宋桂镇,GW408,郁南县宋桂镇宁波村气象观测站,111.7,23,1,"B,h",2024-11-03 00:00:00
广东,粤西,云浮,郁南县,河口镇,GW409,郁南县河口镇南龙村气象观测站,111.8,22.8,1,"B,h",2024-11-03 00:00:00
广东,粤西,云浮,郁南县,南江口镇,GW410,郁南县南江口镇古蓬村气象观测站,111.7,23,1,"B,h",2024-11-03 00:00:00
广东,粤西,云浮,郁南县,千官镇,GW411,郁南县千官镇双龙村气象观测站,111.7,22.8,1,"B,h",2024-11-03 00:00:00
广东,粤西,云浮,郁南县,历洞镇,GW412,郁南县历洞镇中和村气象观测站,111.7,22.9,1,"B,h",2024-11-03 00:00:00
广东,粤西,云浮,郁南县,建城镇,GW413,郁南县建城镇格木村气象观测站,111.6,23.2,1,"B,h",2024-11-03 00:00:00
广东,粤西,云浮,郁南县,历洞镇,GW414,郁南县历洞镇黄梅村气象观测站,111.8,23,1,"B,h",2024-11-03 00:00:00
广东,粤西,云浮,郁南县,建城镇,GW415,郁南县建城镇大沥村气象观测站,111.7,23.1,1,"B,h",2024-11-03 00:00:00
广东,粤西,云浮,罗定市,双东街道,GW600,罗定市双东街道双东工业园气象观测站,111.6,22.7,1,"B,h",2024-11-03 00:00:00
广东,粤西,云浮,罗定市,素龙街道,GW601,罗定市素龙街道大榄村委气象观测站,111.6,22.8,1,"B,h",2024-11-03 00:00:00
广东,粤西,云浮,罗定市,素龙街道,GW602,罗定市素龙街道石牛山公园气象观测站,111.5,22.7,1,"B,h",2024-11-03 00:00:00
广东,粤西,云浮,罗定市,榃滨镇,GW603,罗定市榃滨镇梅竹村气象观测站,111.4,22.9,1,"B,h",2024-11-03 00:00:00
广东,粤西,云浮,罗定市,附城街道,GW604,罗定市附城街道沙口村气象观测站,111.5,22.9,1,"B,h",2024-11-03 00:00:00
广东,粤西,云浮,罗定市,罗镜镇,GW605,罗定市太平镇太北村气象观测站,111.5,22.6,1,"B,h",2024-11-03 00:00:00
广东,粤西,云浮,罗定市,船步镇,GW606,罗定市船步镇机场新村气象观测站,111.6,22.6,1,"B,h",2024-11-03 00:00:00
广东,粤西,云浮,罗定市,罗镜镇,GW607,罗定市罗镜镇盈科农业发展有限公司气象观测站,111.4,22.5,1,"B,h",2024-11-03 00:00:00
广东,粤西,云浮,罗定市,连州镇,GW608,罗定市连州镇平北小学气象观测站,111.4,22.7,1,"B,h",2024-11-03 00:00:00
广东,粤西,云浮,罗定市,黎少镇,GW609,罗定市黎少镇榃泽迳村气象观测站,111.4,22.6,1,"B,h",2024-11-03 00:00:00
广东,粤西,云浮,罗定市,加益镇,GW610,罗定市加益镇大榕树气象观测站,111.2,22.6,1,"B,h",2024-11-03 00:00:00
广东,粤西,云浮,罗定市,加益镇,GW611,罗定市加益镇红星村气象观测站,111.2,22.8,1,"B,h",2024-11-03 00:00:00
广东,粤西,云浮,罗定市,苹塘镇,GW612,罗定市苹塘镇大埇水库气象观测站,111.8,22.8,1,"B,h",2024-11-03 00:00:00
广东,粤西,云浮,罗定市,苹塘镇,GW613,罗定市苹塘镇大虾夏至水库气象观测站,111.8,22.8,1,"B,h",2024-11-03 00:00:00
广东,粤西,云浮,罗定市,华石镇,GW614,罗定市华石镇雅言村气象观测站,111.7,22.9,1,"B,h",2024-11-03 00:00:00
广东,粤西,云浮,罗定市,分界镇,GW615,罗定市分界镇罗星村大塘教学点气象观测站,111.4,22.5,1,"B,h",2024-11-03 00:00:00
广东,粤西,云浮,罗定市,罗平镇,GW616,罗定市罗平镇长岗坡党员教育基地气象观测站,111.5,22.6,1,"B,h",2024-11-03 00:00:00
广东,粤西,云浮,罗定市,榃滨镇,GW617,罗定市榃滨镇肉桂公园气象观测站,111.4,22.8,1,"B,h",2024-11-03 00:00:00
广东,粤西,云浮,罗定市,金鸡镇,GW618,罗定市金鸡镇狮子头水库气象观测站,111.8,22.6,1,"B,h",2024-11-03 00:00:00
广东,粤西,云浮,罗定市,朗塘镇,GW619,罗定市朗塘镇润康自来水厂气象观测站,111.6,22.7,1,"B,h",2024-11-03 00:00:00
广东,粤西,云浮,罗定市,罗平镇,GW620,罗定市罗平镇实验场气象观测站,111.6,22.6,1,"B,h",2024-11-03 00:00:00
广东,粤西,云浮,罗定市,连州镇,GW621,罗定市连州镇油茶主题公园气象观测站,111.4,22.7,1,"B,h",2024-11-03 00:00:00
广东,珠三角,深圳,宝安区,新安街道,M0003,深圳前海万豪酒店,114,22.5,1,B,2025-11-17 00:00:00
广东,珠三角,深圳,宝安区,新安街道,M0004,深圳前海卓越广场,113.9,22.5,1,B,2025-11-17 00:00:00
广东,珠三角,深圳,宝安区,新安街道,M9988,移动气象站C,113.9,22.6,1,B,2025-11-19 00:00:00
